node_id,parameter_name,value_t_per_year
NDPRJ_1,concrete_demand,20618
NDPRJ_2,concrete_demand,9313.4636
NDPRJ_3,concrete_demand,33304
NDPRJ_4,concrete_demand,5236.77924
NDPRJ_5,concrete_demand,2168.25777
NDPRJ_6,concrete_demand,57448.40088
NDPRJ_7,concrete_demand,7319.655
NDPRJ_8,concrete_demand,28865.2
NDPRJ_9,concrete_demand,4850.65098
NDPRJ_10,concrete_demand,3958.0002
NDPRJ_11,concrete_demand,177597.9595
NDPRJ_12,concrete_demand,22664.4768
NDPRJ_13,concrete_demand,19059.831
NDPRJ_14,concrete_demand,28201.32
NDPRJ_15,concrete_demand,7921.746
NDPRJ_16,concrete_demand,53058.2676
NDPRJ_17,concrete_demand,3012.16671
NDPRJ_18,concrete_demand,270816.4716
NDPRJ_19,concrete_demand,68223.95172
NDPRJ_20,concrete_demand,37596.923
NDPRJ_21,concrete_demand,27332.5928
NDPRJ_22,concrete_demand,37114.27776
NDPRJ_23,concrete_demand,38264.9462
NDPRJ_24,concrete_demand,426607.5535
NDPRJ_25,concrete_demand,5515.1775
NDPRJ_26,concrete_demand,49870.8184
NDPRJ_27,concrete_demand,28315.035
NDPRJ_28,concrete_demand,47880
NDPRJ_29,concrete_demand,98213.85
NDPRJ_30,concrete_demand,54472.756
NDPRJ_31,concrete_demand,152828.2558
NDPRJ_32,concrete_demand,17787.6664
NDPRJ_33,concrete_demand,11509.9985
NDPRJ_34,concrete_demand,117933.4195
NDPRJ_35,concrete_demand,28803.69828
NDPRJ_36,concrete_demand,20346.8733
NDPRJ_37,concrete_demand,22427.21943
NDPRJ_38,concrete_demand,9550.2576
NDPRJ_39,concrete_demand,438.64795
NDPRJ_40,concrete_demand,81721.8048
NDPRJ_41,concrete_demand,59998.08087
NDPRJ_42,concrete_demand,9973.9575
NDPRJ_43,concrete_demand,9298.718
NDPRJ_44,concrete_demand,28188.31106
NDPRJ_45,concrete_demand,164269.5852
NDPRJ_46,concrete_demand,34457.91497
NDPRJ_47,concrete_demand,72667.15281
NDPRJ_48,concrete_demand,51659.95566
NDPRJ_49,concrete_demand,33660.9468
NDPRJ_50,concrete_demand,52028.20345
NDPRJ_51,concrete_demand,88435.7565
NDPRJ_52,concrete_demand,473392.3727
NDPRJ_53,concrete_demand,3904.894
NDPRJ_54,concrete_demand,3343.7216
NDPRJ_55,concrete_demand,12781.566
NDPRJ_56,concrete_demand,3638.88
NDPRJ_57,concrete_demand,554933.47
NDPRJ_58,concrete_demand,30164.4
NDPRJ_59,concrete_demand,4390.6031
NDPRJ_60,concrete_demand,22585.28709
NDPRJ_61,concrete_demand,497924.7
NDPRJ_62,concrete_demand,23890.70754
NDPRJ_63,concrete_demand,5307.96483
NDPRJ_64,concrete_demand,59909.85
NDPRJ_65,concrete_demand,33143.733
NDPRJ_66,concrete_demand,11855.35
NDPRJ_67,concrete_demand,16803.67
NDPRJ_68,concrete_demand,57296.3911
NDPRJ_69,concrete_demand,12370.8
NDPRJ_70,concrete_demand,61471.4227
NDPRJ_71,concrete_demand,6870.9485
NDPRJ_72,concrete_demand,15772.77
NDPRJ_73,concrete_demand,597922
NDPRJ_74,concrete_demand,14432.6
NDPRJ_75,concrete_demand,117522.6
NDPRJ_76,concrete_demand,11482.821
NDPRJ_77,concrete_demand,166853.2268
NDPRJ_78,concrete_demand,93515.79258
NDPRJ_79,concrete_demand,434318.17
NDPRJ_80,concrete_demand,389370.93
NDPRJ_81,concrete_demand,1735.65
NDPRJ_82,concrete_demand,3792.02418
NDPRJ_83,concrete_demand,353083.25
NDPRJ_84,concrete_demand,603282.68
NDPRJ_85,concrete_demand,90714.70528
NDPRJ_86,concrete_demand,2958.3855
NDPRJ_87,concrete_demand,143540.24
NDPRJ_88,concrete_demand,65184.8379
NDPRJ_89,concrete_demand,45880.10141
NDPRJ_90,concrete_demand,127558.5146
NDPRJ_91,concrete_demand,3989.601
NDPRJ_92,concrete_demand,14432.6
NDPRJ_93,concrete_demand,5206.95
NDPRJ_94,concrete_demand,5689.49661
NDPRJ_95,concrete_demand,306177.3
NDPRJ_96,concrete_demand,27531.98858
NDPRJ_97,concrete_demand,169207.92
NDPRJ_98,concrete_demand,23492.62125
NDPRJ_99,concrete_demand,15635.86648
NDPRJ_100,concrete_demand,8492.715
NDPRJ_101,concrete_demand,9524.529
NDPRJ_102,concrete_demand,2500.24572
NDPRJ_103,concrete_demand,6694.821
NDPRJ_104,concrete_demand,26783.5932
NDPRJ_105,concrete_demand,34788.411
NDPRJ_106,concrete_demand,61682.607
NDPRJ_107,concrete_demand,48649.71735
NDPRJ_108,concrete_demand,29132.2031
NDPRJ_109,concrete_demand,63387.9792
NDPRJ_110,concrete_demand,69182.67384
NDPRJ_111,concrete_demand,25892.0844
NDPRJ_112,concrete_demand,17950.212
NDPRJ_113,concrete_demand,17579.25731
NDPRJ_114,concrete_demand,611871.1079
NDPRJ_115,concrete_demand,11359.5781
NDPRJ_116,concrete_demand,37071.09
NDPRJ_117,concrete_demand,10577.18388
NDPRJ_118,concrete_demand,64390.014
NDPRJ_119,concrete_demand,28365.2135
NDPRJ_120,concrete_demand,17965.12662
NDPRJ_121,concrete_demand,53783.9631
NDPRJ_122,concrete_demand,6865.92018
NDPRJ_123,concrete_demand,56399.5081
NDPRJ_124,concrete_demand,132670.6446
NDPRJ_125,concrete_demand,46517.50688
NDPRJ_126,concrete_demand,59506.6407
NDPRJ_127,concrete_demand,103090
NDPRJ_128,concrete_demand,116031.8361
NDPRJ_129,concrete_demand,1207.142664
NDPRJ_130,concrete_demand,17654.66764
NDPRJ_131,concrete_demand,1514.049796
NDPRJ_132,concrete_demand,60468.21459
NDPRJ_133,concrete_demand,80897.8157
NDPRJ_134,concrete_demand,3151.701
NDPRJ_135,concrete_demand,2775.8884
NDPRJ_136,concrete_demand,90972
NDPRJ_137,concrete_demand,28564.17472
NDPRJ_138,concrete_demand,16964.84112
NDPRJ_139,concrete_demand,73871.70231
NDPRJ_140,concrete_demand,17509.13549
NDPRJ_141,concrete_demand,3830.4
NDPRJ_142,concrete_demand,44960.4
NDPRJ_143,concrete_demand,90393.96136
NDPRJ_144,concrete_demand,103991.74
NDPRJ_145,concrete_demand,48727.24892
NDPRJ_146,concrete_demand,3129.57688
NDPRJ_147,concrete_demand,79148.6212
NDPRJ_148,concrete_demand,49580.43079
NDPRJ_149,concrete_demand,248139.8946
NDPRJ_150,concrete_demand,54535.3
NDPRJ_151,concrete_demand,21280.17362
NDPRJ_152,concrete_demand,534962.3019
NDPRJ_153,concrete_demand,682732
NDPRJ_154,concrete_demand,7605.21818
NDPRJ_155,concrete_demand,280772.9688
NDPRJ_156,concrete_demand,14986.8
NDPRJ_157,concrete_demand,2812.85424
NDPRJ_158,concrete_demand,73372.20892
NDPRJ_159,concrete_demand,2299.0779
NDPRJ_160,concrete_demand,43534.907
NDPRJ_161,concrete_demand,188175.926
NDPRJ_162,concrete_demand,27834.3
NDPRJ_163,concrete_demand,10253.502
NDPRJ_164,concrete_demand,8765.631
NDPRJ_165,concrete_demand,21285.93042
NDPRJ_166,concrete_demand,21888.56363
NDPRJ_167,concrete_demand,22267.22092
NDPRJ_168,concrete_demand,59834.49783
NDPRJ_169,concrete_demand,14794.40466
NDPRJ_170,concrete_demand,159201
NDPRJ_171,concrete_demand,16146.10013
NDPRJ_172,concrete_demand,40147.38
NDPRJ_173,concrete_demand,103670.3967
NDPRJ_174,concrete_demand,18000.5449
NDPRJ_175,concrete_demand,9158.6
NDPRJ_176,concrete_demand,10312.06739
NDPRJ_177,concrete_demand,68609.646
NDPRJ_178,concrete_demand,47020.27869
NDPRJ_179,concrete_demand,63277.6
NDPRJ_180,concrete_demand,1611.162
NDPRJ_181,concrete_demand,58282
NDPRJ_182,concrete_demand,36871.3107
NDPRJ_183,concrete_demand,67108.4973
NDPRJ_184,concrete_demand,1570.464
NDPRJ_185,concrete_demand,156390.9048
NDPRJ_186,concrete_demand,499560
NDPRJ_187,concrete_demand,8297.604
NDPRJ_188,concrete_demand,148872.5934
NDPRJ_189,concrete_demand,110368.0509
NDPRJ_190,concrete_demand,175345.56
NDPRJ_191,concrete_demand,2155.797
NDPRJ_192,concrete_demand,2584.72344
NDPRJ_193,concrete_demand,49956
NDPRJ_194,concrete_demand,19676.0032
NDPRJ_195,concrete_demand,132950.79
NDPRJ_196,concrete_demand,27563.75586
NDPRJ_197,concrete_demand,42798.9704
NDPRJ_198,concrete_demand,102935.365
NDPRJ_199,concrete_demand,84243.663
NDPRJ_200,concrete_demand,122010.2531
NDPRJ_201,concrete_demand,586453.4664
NDPRJ_202,concrete_demand,63810.464
NDPRJ_203,concrete_demand,60946.32
NDPRJ_204,concrete_demand,249780
NDPRJ_205,concrete_demand,42841.10099
NDPRJ_206,concrete_demand,6523.23105
NDPRJ_207,concrete_demand,117396.6
NDPRJ_208,concrete_demand,151533.2
NDPRJ_209,concrete_demand,70402.62446
NDPRJ_210,concrete_demand,41350.94535
NDPRJ_211,concrete_demand,25321.8168
NDPRJ_212,concrete_demand,160666.128
NDPRJ_213,concrete_demand,78004.6288
NDPRJ_214,concrete_demand,120305.7044
NDPRJ_215,concrete_demand,1671.8608
NDPRJ_216,concrete_demand,10657.28
NDPRJ_217,concrete_demand,89024.9224
NDPRJ_218,concrete_demand,56750.0141
NDPRJ_219,concrete_demand,180407.5
NDPRJ_220,concrete_demand,742960.6188
NDPRJ_221,concrete_demand,179009
NDPRJ_222,concrete_demand,214243.1666
NDPRJ_223,concrete_demand,97725.1964
NDPRJ_224,concrete_demand,67868.5564
NDPRJ_225,concrete_demand,3673.73664
NDPRJ_226,concrete_demand,4856.36067
NDPRJ_227,concrete_demand,63441
NDPRJ_228,concrete_demand,119083.545
NDPRJ_229,concrete_demand,38201.0304
NDPRJ_230,concrete_demand,58836.92682
NDPRJ_231,concrete_demand,7172.424
NDPRJ_232,concrete_demand,89002.62537
NDPRJ_233,concrete_demand,9736.8505
NDPRJ_234,concrete_demand,36727.6512
NDPRJ_235,concrete_demand,53509.8954
NDPRJ_236,concrete_demand,40362.64958
NDPRJ_237,concrete_demand,43961.28
NDPRJ_238,concrete_demand,49077.90972
NDPRJ_239,concrete_demand,18429.10144
NDPRJ_240,concrete_demand,20226.06872
NDPRJ_241,concrete_demand,57146.3336
NDPRJ_242,concrete_demand,55713.41322
NDPRJ_243,concrete_demand,7396.305449
NDPRJ_244,concrete_demand,59791.37528
NDPRJ_245,concrete_demand,213167.2476
NDPRJ_246,concrete_demand,40279.05
NDPRJ_247,concrete_demand,61690.6644
NDPRJ_248,concrete_demand,43212.13221
NDPRJ_249,concrete_demand,126560.9407
NDPRJ_250,concrete_demand,45200.5155
NDPRJ_251,concrete_demand,5056.33149
NDPRJ_252,concrete_demand,19183.104
NDPRJ_253,concrete_demand,20588.4
NDPRJ_254,concrete_demand,5745.6
NDPRJ_255,concrete_demand,105346.9494
NDPRJ_256,concrete_demand,33304
NDPRJ_257,concrete_demand,4560.57
NDPRJ_258,concrete_demand,25199.244
NDPRJ_259,concrete_demand,10299.21543
NDPRJ_260,concrete_demand,20837.00493
NDPRJ_261,concrete_demand,119693.62
NDPRJ_262,concrete_demand,201028.5927
NDPRJ_263,concrete_demand,83033.67555
NDPRJ_264,concrete_demand,548435.2852
NDPRJ_265,concrete_demand,86001.91236
NDPRJ_266,concrete_demand,200186.3474
NDPRJ_267,concrete_demand,55197.261
NDPRJ_268,concrete_demand,19786.0637
NDPRJ_269,concrete_demand,186196.0032
NDPRJ_270,concrete_demand,496316.9064
NDPRJ_271,concrete_demand,30205.37
NDPRJ_272,concrete_demand,24687.05967
NDPRJ_273,concrete_demand,68099.80779
NDPRJ_274,concrete_demand,43971.795
NDPRJ_275,concrete_demand,73916.1864
NDPRJ_276,concrete_demand,82248.3837
NDPRJ_277,concrete_demand,203987
NDPRJ_278,concrete_demand,60097.068
NDPRJ_279,concrete_demand,308062
NDPRJ_280,concrete_demand,104907.6
NDPRJ_281,concrete_demand,47822.57474
NDPRJ_282,concrete_demand,6763.05
NDPRJ_283,concrete_demand,65599.191
NDPRJ_284,concrete_demand,8096.2024
NDPRJ_285,concrete_demand,171780.2072
NDPRJ_286,concrete_demand,577304
NDPRJ_287,concrete_demand,85877.69967
NDPRJ_288,concrete_demand,321383.6
NDPRJ_289,concrete_demand,5248.7104
NDPRJ_290,concrete_demand,297501.3016
NDPRJ_291,concrete_demand,63800.3392
NDPRJ_292,concrete_demand,71140.3472
NDPRJ_293,concrete_demand,155115.4954
NDPRJ_294,concrete_demand,13293.882
NDPRJ_295,concrete_demand,44857.5517
NDPRJ_296,concrete_demand,53094.16436
NDPRJ_297,concrete_demand,5553.231502
NDPRJ_298,concrete_demand,173981.7279
NDPRJ_299,concrete_demand,110517.6588
NDPRJ_300,concrete_demand,132829.6736
NDPRJ_301,concrete_demand,150867.12
NDPRJ_302,concrete_demand,75792.57712
NDPRJ_303,concrete_demand,135214.24
NDPRJ_304,concrete_demand,140830.1103
NDPRJ_305,concrete_demand,19642.6992
NDPRJ_306,concrete_demand,21442.72
NDPRJ_307,concrete_demand,108024.6213
NDPRJ_308,concrete_demand,199824
NDPRJ_309,concrete_demand,13713.7546
NDPRJ_310,concrete_demand,113233.6
NDPRJ_311,concrete_demand,399263.3388
NDPRJ_312,concrete_demand,5994.72
NDPRJ_313,concrete_demand,37285.4932
NDPRJ_314,concrete_demand,25655.39676
NDPRJ_315,concrete_demand,12912.039
NDPRJ_316,concrete_demand,83745.711
NDPRJ_317,concrete_demand,11656.4
NDPRJ_318,concrete_demand,178114.5545
NDPRJ_319,concrete_demand,13881.8484
NDPRJ_320,concrete_demand,72054.86337
NDPRJ_321,concrete_demand,56588.6538
NDPRJ_322,concrete_demand,466256
NDPRJ_323,concrete_demand,97720.686
NDPRJ_324,concrete_demand,4783.212
NDPRJ_325,concrete_demand,141600.282
NDPRJ_326,concrete_demand,35373.8436
NDPRJ_327,concrete_demand,588270.2662
NDPRJ_328,concrete_demand,99902.0088
NDPRJ_329,concrete_demand,99902.0088
NDPRJ_330,concrete_demand,223201.7928
NDPRJ_331,concrete_demand,88289.22039
NDPRJ_332,concrete_demand,75146.52948
NDPRJ_333,concrete_demand,115989.3
NDPRJ_334,concrete_demand,532864
NDPRJ_335,concrete_demand,2334.15
NDPRJ_336,concrete_demand,228024.162
NDPRJ_337,concrete_demand,2434.88271
NDPRJ_338,concrete_demand,28308.4
NDPRJ_339,concrete_demand,368841.8
NDPRJ_340,concrete_demand,61699.93956
NDPRJ_341,concrete_demand,139876.8
NDPRJ_342,concrete_demand,51527.259
NDPRJ_343,concrete_demand,140352.4144
NDPRJ_344,concrete_demand,134321.6928
NDPRJ_345,concrete_demand,58652.90665
NDPRJ_346,concrete_demand,116564
NDPRJ_347,concrete_demand,32184.9856
NDPRJ_348,concrete_demand,138867.6888
NDPRJ_349,concrete_demand,29682.93069
NDPRJ_350,concrete_demand,10205.91
NDPRJ_351,concrete_demand,19834.81332
NDPRJ_352,concrete_demand,19994.30618
NDPRJ_353,concrete_demand,160740.342
NDPRJ_354,concrete_demand,11901.1844
NDPRJ_355,concrete_demand,207.10781
NDPRJ_356,concrete_demand,15386.448
NDPRJ_357,concrete_demand,15611.25
NDPRJ_358,concrete_demand,141019.1272
NDPRJ_359,concrete_demand,3591
NDPRJ_360,concrete_demand,28931.1309
NDPRJ_361,concrete_demand,40287.36915
NDPRJ_362,concrete_demand,10354.05
NDPRJ_363,concrete_demand,1867.32
NDPRJ_364,concrete_demand,277643.2254
NDPRJ_365,concrete_demand,109319.6973
NDPRJ_366,concrete_demand,234983.0328
NDPRJ_367,concrete_demand,38556.0408
NDPRJ_368,concrete_demand,222152.6668
NDPRJ_369,concrete_demand,265370.0853
NDPRJ_370,concrete_demand,87861.48046
NDPRJ_371,concrete_demand,105325.6485
NDPRJ_372,concrete_demand,1018.647
NDPRJ_373,concrete_demand,26618.55504
NDPRJ_374,concrete_demand,363536.6726
NDPRJ_375,concrete_demand,158478.7992
NDPRJ_376,concrete_demand,33813.52
NDPRJ_377,concrete_demand,32816.37744
NDPRJ_378,concrete_demand,13321.6
NDPRJ_379,concrete_demand,27531
NDPRJ_380,concrete_demand,170341.7924
NDPRJ_381,concrete_demand,49861.035
NDPRJ_382,concrete_demand,76557.76191
NDPRJ_383,concrete_demand,63230.80788
NDPRJ_384,concrete_demand,16380.68166
NDPRJ_385,concrete_demand,29642.05868
NDPRJ_386,concrete_demand,77048.55422
NDPRJ_387,concrete_demand,7264.593
NDPRJ_388,concrete_demand,166520
NDPRJ_389,concrete_demand,26643.2
NDPRJ_390,concrete_demand,91363.81236
NDPRJ_391,concrete_demand,21099.519
NDPRJ_392,concrete_demand,91586
NDPRJ_393,concrete_demand,232794.96
NDPRJ_394,concrete_demand,126342.2875
NDPRJ_395,concrete_demand,22641.255
NDPRJ_396,concrete_demand,532096.909
NDPRJ_397,concrete_demand,28267.155
NDPRJ_398,concrete_demand,113663.529
NDPRJ_399,concrete_demand,126072.828
NDPRJ_400,concrete_demand,74099.7348
NDPRJ_401,concrete_demand,115809.75
NDPRJ_402,concrete_demand,86343.201
NDPRJ_403,concrete_demand,43298.10927
NDPRJ_404,concrete_demand,91541.6523
NDPRJ_405,concrete_demand,49436.1
NDPRJ_406,concrete_demand,774.459
NDPRJ_407,concrete_demand,43776.4428
NDPRJ_408,concrete_demand,31014.89952
NDPRJ_409,concrete_demand,23148.42811
NDPRJ_410,concrete_demand,1288.0322
NDPRJ_411,concrete_demand,82022.031
NDPRJ_412,concrete_demand,159090.876
NDPRJ_413,concrete_demand,67715.487
NDPRJ_414,concrete_demand,116937.5543
NDPRJ_415,concrete_demand,50626.7559
NDPRJ_416,concrete_demand,11286.46512
NDPRJ_417,concrete_demand,670085
NDPRJ_418,concrete_demand,59792.3364
NDPRJ_419,concrete_demand,146026.3836
NDPRJ_420,concrete_demand,1598.781574
NDPRJ_421,concrete_demand,64265.2751
NDPRJ_422,concrete_demand,119894.4
NDPRJ_423,concrete_demand,124358.4979
NDPRJ_424,concrete_demand,134640.954
NDPRJ_425,concrete_demand,24507.378
NDPRJ_426,concrete_demand,151876.2312
NDPRJ_427,concrete_demand,3368.434823
NDPRJ_428,concrete_demand,3464.896136
NDPRJ_429,concrete_demand,4550.402909
NDPRJ_430,concrete_demand,7422.48
NDPRJ_431,concrete_demand,3298.88
NDPRJ_432,concrete_demand,3400.9391
NDPRJ_433,concrete_demand,70205.29826
NDPRJ_434,concrete_demand,23890.6244
NDPRJ_435,concrete_demand,12560.80329
NDPRJ_436,concrete_demand,207944.3978
NDPRJ_437,concrete_demand,4063.187912
NDPRJ_438,concrete_demand,14343.651
NDPRJ_439,concrete_demand,178366.0829
NDPRJ_440,concrete_demand,392154.6
NDPRJ_441,concrete_demand,74288.40653
NDPRJ_442,concrete_demand,304503.401
NDPRJ_443,concrete_demand,6770.45342
NDPRJ_444,concrete_demand,25743.992
NDPRJ_445,concrete_demand,221974.94
NDPRJ_446,concrete_demand,48721.491
NDPRJ_447,concrete_demand,45495.576
NDPRJ_448,concrete_demand,66612.9956
NDPRJ_449,concrete_demand,15112.994
NDPRJ_450,concrete_demand,6943.03092
NDPRJ_451,concrete_demand,35703.45765
NDPRJ_452,concrete_demand,85714.42887
NDPRJ_453,concrete_demand,104612.8596
NDPRJ_454,concrete_demand,113773.2167
NDPRJ_455,concrete_demand,73919.8932
NDPRJ_456,concrete_demand,43424.0234
NDPRJ_457,concrete_demand,437809.3884
NDPRJ_458,concrete_demand,21874.87575
NDPRJ_459,concrete_demand,401479.72
NDPRJ_460,concrete_demand,740554.4048
NDPRJ_461,concrete_demand,180515.6414
NDPRJ_462,concrete_demand,399746.2468
NDPRJ_463,concrete_demand,5485.851
NDPRJ_464,concrete_demand,343890.7147
NDPRJ_465,concrete_demand,716036
NDPRJ_466,concrete_demand,198423.2837
NDPRJ_467,concrete_demand,36134.54523
NDPRJ_468,concrete_demand,1611.162
NDPRJ_469,concrete_demand,166819.2071
NDPRJ_470,concrete_demand,41236
NDPRJ_471,concrete_demand,352486.7052
NDPRJ_472,concrete_demand,39174.2
NDPRJ_473,concrete_demand,68932.2375
NDPRJ_474,concrete_demand,118697.826
NDPRJ_475,concrete_demand,99152.21973
NDPRJ_476,concrete_demand,51563.169
NDPRJ_477,concrete_demand,59614.16
NDPRJ_478,concrete_demand,98232.84249
NDPRJ_479,concrete_demand,56984.7411
NDPRJ_480,concrete_demand,11339.9
NDPRJ_481,concrete_demand,69155.756
NDPRJ_482,concrete_demand,17568.02652
NDPRJ_483,concrete_demand,24315.2504
NDPRJ_484,concrete_demand,932.463
NDPRJ_485,concrete_demand,182093.4574
NDPRJ_486,concrete_demand,66027.717
NDPRJ_487,concrete_demand,22759.6383
NDPRJ_488,concrete_demand,78093.7677
NDPRJ_489,concrete_demand,736161.6072
NDPRJ_490,concrete_demand,35550.24165
NDPRJ_491,concrete_demand,228132.4
NDPRJ_492,concrete_demand,166520
NDPRJ_493,concrete_demand,103441.5369
NDPRJ_494,concrete_demand,10315.746
NDPRJ_495,concrete_demand,88255.6
NDPRJ_496,concrete_demand,61097.58677
NDPRJ_497,concrete_demand,52383.38931
NDPRJ_498,concrete_demand,352076.5664
NDPRJ_499,concrete_demand,59093.496
NDPRJ_500,concrete_demand,30802.2611
NDPRJ_501,concrete_demand,60562.40814
NDPRJ_502,concrete_demand,75873.32928
NDPRJ_503,concrete_demand,35107.2995
NDPRJ_504,concrete_demand,88901.6976
NDPRJ_505,concrete_demand,43616.50034
NDPRJ_506,concrete_demand,4422.95091
NDPRJ_507,concrete_demand,68328.42312
NDPRJ_508,concrete_demand,122041.0347
NDPRJ_509,concrete_demand,64368.1962
NDPRJ_510,concrete_demand,8416.107
NDPRJ_511,concrete_demand,76475.04921
NDPRJ_512,concrete_demand,36331.344
NDPRJ_513,concrete_demand,59085.117
NDPRJ_514,concrete_demand,20388.7088
NDPRJ_515,concrete_demand,28009.8
NDPRJ_516,concrete_demand,47556.81
NDPRJ_517,concrete_demand,39571.56315
NDPRJ_518,concrete_demand,172948.6711
NDPRJ_519,concrete_demand,49077
NDPRJ_520,concrete_demand,46067.758
NDPRJ_521,concrete_demand,166.52
NDPRJ_522,concrete_demand,79216.9812
NDPRJ_523,concrete_demand,23254.119
NDPRJ_524,concrete_demand,42409.71
NDPRJ_525,concrete_demand,120032.766
NDPRJ_526,concrete_demand,95760
NDPRJ_527,concrete_demand,125736.0896
NDPRJ_528,concrete_demand,52950.0296
NDPRJ_529,concrete_demand,127322.6241
NDPRJ_530,concrete_demand,33492.06
NDPRJ_531,concrete_demand,32319
NDPRJ_532,concrete_demand,104241.5153
NDPRJ_533,concrete_demand,55018.78249
NDPRJ_534,concrete_demand,159899.7368
NDPRJ_535,concrete_demand,75721.023
NDPRJ_536,concrete_demand,9627.68684
NDPRJ_537,concrete_demand,88106.92065
NDPRJ_538,concrete_demand,6185.4
NDPRJ_539,concrete_demand,17179.344
NDPRJ_540,concrete_demand,152534.634
NDPRJ_541,concrete_demand,15561
NDPRJ_542,concrete_demand,26798.436
NDPRJ_543,concrete_demand,3425.814
NDPRJ_544,concrete_demand,4437.09945
NDPRJ_545,concrete_demand,46541.0114
NDPRJ_546,concrete_demand,158517.513
NDPRJ_547,concrete_demand,10680.52619
NDPRJ_548,concrete_demand,1719.319
NDPRJ_549,concrete_demand,14305.23364
NDPRJ_550,concrete_demand,28346.157
NDPRJ_551,concrete_demand,316388
NDPRJ_552,concrete_demand,150622.3356
NDPRJ_553,concrete_demand,78164.1
NDPRJ_554,concrete_demand,9220.33539
NDPRJ_555,concrete_demand,74456.7525
NDPRJ_556,concrete_demand,104780.676
NDPRJ_557,concrete_demand,120146.2405
NDPRJ_558,concrete_demand,2697.624
NDPRJ_559,concrete_demand,72995.7072
NDPRJ_560,concrete_demand,131529.2357
NDPRJ_561,concrete_demand,43014.62592
NDPRJ_562,concrete_demand,66690.69383
NDPRJ_563,concrete_demand,396870.4464
NDPRJ_564,concrete_demand,98574.74449
NDPRJ_565,concrete_demand,138335.8536
NDPRJ_566,concrete_demand,146529.558
NDPRJ_567,concrete_demand,3969.758793
NDPRJ_568,concrete_demand,5286.810176
NDPRJ_569,concrete_demand,74108.3083
NDPRJ_570,concrete_demand,225613.4959
NDPRJ_571,concrete_demand,190580.4748
NDPRJ_572,concrete_demand,39532.68459
NDPRJ_573,concrete_demand,10580.25906
NDPRJ_574,concrete_demand,17734.5727
NDPRJ_575,concrete_demand,6816.41389
NDPRJ_576,concrete_demand,34979.4679
NDPRJ_577,concrete_demand,41933.9193
NDPRJ_578,concrete_demand,5985
NDPRJ_579,concrete_demand,108139.0389
NDPRJ_580,concrete_demand,58282
NDPRJ_581,concrete_demand,117248.9467
NDPRJ_582,concrete_demand,69779.87296
NDPRJ_583,concrete_demand,49418.68992
NDPRJ_584,concrete_demand,586483.44
NDPRJ_585,concrete_demand,107704.3084
NDPRJ_586,concrete_demand,124057.4
NDPRJ_587,concrete_demand,16691.09967
NDPRJ_588,concrete_demand,40651.68588
NDPRJ_589,concrete_demand,674069.6296
NDPRJ_590,concrete_demand,183099.1475
NDPRJ_591,concrete_demand,44695.11699
NDPRJ_592,concrete_demand,16159.5
NDPRJ_593,concrete_demand,66075.58503
NDPRJ_594,concrete_demand,7877.9358
NDPRJ_595,concrete_demand,29265.62058
NDPRJ_596,concrete_demand,33305.6652
NDPRJ_597,concrete_demand,65059.344
NDPRJ_598,concrete_demand,78509.1844
NDPRJ_599,concrete_demand,22388.688
NDPRJ_600,concrete_demand,10900.40868
NDPRJ_601,concrete_demand,9805.36914
NDPRJ_602,concrete_demand,70922.25
NDPRJ_603,concrete_demand,26324.1846
NDPRJ_604,concrete_demand,1752.53
NDPRJ_605,concrete_demand,51682.66639
NDPRJ_606,concrete_demand,27566.98763
NDPRJ_607,concrete_demand,117976.5594
NDPRJ_608,concrete_demand,50935.47007
NDPRJ_609,concrete_demand,85607.932
NDPRJ_610,concrete_demand,1845.774
NDPRJ_611,concrete_demand,59246.712
NDPRJ_612,concrete_demand,78265.845
NDPRJ_613,concrete_demand,209614.7932
NDPRJ_614,concrete_demand,1365464
NDPRJ_615,concrete_demand,1197
NDPRJ_616,concrete_demand,76599.2
NDPRJ_617,concrete_demand,325634.5226
NDPRJ_618,concrete_demand,638937.24
NDPRJ_619,concrete_demand,489402.28
NDPRJ_620,concrete_demand,603301.96
NDPRJ_621,concrete_demand,87922.56
NDPRJ_622,concrete_demand,5417.79186
NDPRJ_623,concrete_demand,4387.06485
NDPRJ_624,concrete_demand,22348.53264
NDPRJ_625,concrete_demand,1851645.783
NDPRJ_626,concrete_demand,106128.1916
NDPRJ_627,concrete_demand,591693.1579
NDPRJ_628,concrete_demand,59900.4445
NDPRJ_629,concrete_demand,142501.9711
NDPRJ_630,concrete_demand,113899.68
NDPRJ_631,concrete_demand,311392.4
NDPRJ_632,concrete_demand,543061.102
NDPRJ_633,concrete_demand,34085.772
NDPRJ_634,concrete_demand,52644.14558
NDPRJ_635,concrete_demand,24910.5594
NDPRJ_636,concrete_demand,28795.032
NDPRJ_637,concrete_demand,43225.2616
NDPRJ_638,concrete_demand,42349.3664
NDPRJ_639,concrete_demand,11243.4304
NDPRJ_640,concrete_demand,70707.63914
NDPRJ_641,concrete_demand,8274.3788
NDPRJ_642,concrete_demand,17786.223
NDPRJ_643,concrete_demand,122390.856
NDPRJ_644,concrete_demand,179971.4856
NDPRJ_645,concrete_demand,3959.12538
NDPRJ_646,concrete_demand,20733.90732
NDPRJ_647,concrete_demand,36269.1
NDPRJ_648,concrete_demand,212284.359
NDPRJ_649,concrete_demand,48804.00184
NDPRJ_650,concrete_demand,5686.80336
NDPRJ_651,concrete_demand,78952.1276
NDPRJ_652,concrete_demand,23582.5624
NDPRJ_653,concrete_demand,471273.8732
NDPRJ_654,concrete_demand,39692.52
NDPRJ_655,concrete_demand,50908.41
NDPRJ_656,concrete_demand,6595.8572
NDPRJ_657,concrete_demand,94323.6
NDPRJ_658,concrete_demand,122784.669
NDPRJ_659,concrete_demand,8992.08
NDPRJ_660,concrete_demand,39793.2844
NDPRJ_661,concrete_demand,199824
NDPRJ_662,concrete_demand,99768.4402
NDPRJ_663,concrete_demand,6216.69116
NDPRJ_664,concrete_demand,115804.6688
NDPRJ_665,concrete_demand,8813.511
NDPRJ_666,concrete_demand,48875.904
NDPRJ_667,concrete_demand,20176.632
NDPRJ_668,concrete_demand,137911.864
NDPRJ_669,concrete_demand,141759.513
NDPRJ_670,concrete_demand,84306.94015
NDPRJ_671,concrete_demand,77758.5564
NDPRJ_672,concrete_demand,33524.14637
NDPRJ_673,concrete_demand,2277.55584
NDPRJ_674,concrete_demand,100043.6905
NDPRJ_675,concrete_demand,32118.3776
NDPRJ_676,concrete_demand,2061.8
NDPRJ_677,concrete_demand,54423.7316
NDPRJ_678,concrete_demand,98146.888
NDPRJ_679,concrete_demand,6850.3113
NDPRJ_680,concrete_demand,133750.5292
NDPRJ_681,concrete_demand,158585.1435
NDPRJ_682,concrete_demand,15561
NDPRJ_683,concrete_demand,96206.93
NDPRJ_684,concrete_demand,29130.192
NDPRJ_685,concrete_demand,83324.2473
NDPRJ_686,concrete_demand,143803.989
NDPRJ_687,concrete_demand,221499.9084
NDPRJ_688,concrete_demand,233280.5323
NDPRJ_689,concrete_demand,249190.6191
NDPRJ_690,concrete_demand,99287.4635
NDPRJ_691,concrete_demand,55833.96924
NDPRJ_692,concrete_demand,49789.215
NDPRJ_693,concrete_demand,10655.694
NDPRJ_694,concrete_demand,51785.40588
NDPRJ_695,concrete_demand,20138.328
NDPRJ_696,concrete_demand,7602.147
NDPRJ_697,concrete_demand,19558.92015
NDPRJ_698,concrete_demand,9890.4546
NDPRJ_699,concrete_demand,3463.616
NDPRJ_700,concrete_demand,7987.281668
NDPRJ_701,concrete_demand,270425.5218
NDPRJ_702,concrete_demand,69490.9072
NDPRJ_703,concrete_demand,47618.0592
NDPRJ_704,concrete_demand,6645.49067
NDPRJ_705,concrete_demand,71828.379
NDPRJ_706,concrete_demand,83235.789
NDPRJ_707,concrete_demand,30314.966
NDPRJ_708,concrete_demand,106427.3947
NDPRJ_709,concrete_demand,62782.65
NDPRJ_710,concrete_demand,26322.03
NDPRJ_711,concrete_demand,11012.4
NDPRJ_712,concrete_demand,54482.652
NDPRJ_713,concrete_demand,3591.13167
NDPRJ_714,concrete_demand,162173.3904
NDPRJ_715,concrete_demand,61989.19461
NDPRJ_716,concrete_demand,10599.49756
NDPRJ_717,concrete_demand,3711.24
NDPRJ_718,concrete_demand,47761.597
NDPRJ_719,concrete_demand,2402.98947
NDPRJ_720,concrete_demand,60715.64646
NDPRJ_721,concrete_demand,62322.77457
NDPRJ_722,concrete_demand,33480.5112
NDPRJ_723,concrete_demand,21647.6
NDPRJ_724,concrete_demand,120538.4494
NDPRJ_725,concrete_demand,53574.14656
NDPRJ_726,concrete_demand,92312.0272
NDPRJ_727,concrete_demand,436385.1245
NDPRJ_728,concrete_demand,303742.4712
NDPRJ_729,concrete_demand,60425.34553
NDPRJ_730,concrete_demand,120778.1822
NDPRJ_731,concrete_demand,24193.10798
NDPRJ_732,concrete_demand,22561.07876
NDPRJ_733,concrete_demand,234309.8487
NDPRJ_734,concrete_demand,3651.4478
NDPRJ_735,concrete_demand,154079.448
NDPRJ_736,concrete_demand,11703.35864
NDPRJ_737,concrete_demand,2593.032788
NDPRJ_738,concrete_demand,2171.358
NDPRJ_739,concrete_demand,14501.6703
NDPRJ_740,concrete_demand,30173.976
NDPRJ_741,concrete_demand,6364.449
NDPRJ_742,concrete_demand,36843.57621
NDPRJ_743,concrete_demand,37107
NDPRJ_744,concrete_demand,8893.71
NDPRJ_745,concrete_demand,29070.73701
NDPRJ_746,concrete_demand,34897.338
NDPRJ_747,concrete_demand,13113.26449
NDPRJ_748,concrete_demand,1498680
NDPRJ_749,concrete_demand,48555.39
NDPRJ_750,concrete_demand,54659.808
NDPRJ_751,concrete_demand,4464.67833
NDPRJ_752,concrete_demand,24356.35576
NDPRJ_753,concrete_demand,128120.895
NDPRJ_754,concrete_demand,1343.034
NDPRJ_755,concrete_demand,121749.4328
NDPRJ_756,concrete_demand,500445.8864
NDPRJ_757,concrete_demand,915610.22
NDPRJ_758,concrete_demand,39615.4252
NDPRJ_759,concrete_demand,925185.12
NDPRJ_760,concrete_demand,97014.552
NDPRJ_761,concrete_demand,185441.3346
NDPRJ_762,concrete_demand,3754.40247
NDPRJ_763,concrete_demand,233191.6398
NDPRJ_764,concrete_demand,20345.409
NDPRJ_765,concrete_demand,29199.18067
NDPRJ_766,concrete_demand,47199.30201
NDPRJ_767,concrete_demand,5209.344
NDPRJ_768,concrete_demand,77265.28
NDPRJ_769,concrete_demand,28694.58605
NDPRJ_770,concrete_demand,3546.711
NDPRJ_771,concrete_demand,249780
NDPRJ_772,concrete_demand,43297.8
NDPRJ_773,concrete_demand,30357.9432
NDPRJ_774,concrete_demand,9065.054206
NDPRJ_775,concrete_demand,30054.276
NDPRJ_776,concrete_demand,133882.08
NDPRJ_777,concrete_demand,63216.82918
NDPRJ_778,concrete_demand,3247.335
NDPRJ_779,concrete_demand,68858.622
NDPRJ_780,concrete_demand,124140.66
NDPRJ_781,concrete_demand,27528.606
NDPRJ_782,concrete_demand,76349.448
NDPRJ_783,concrete_demand,64274.56686
NDPRJ_784,concrete_demand,4039.18074
NDPRJ_785,concrete_demand,756.8631
NDPRJ_786,concrete_demand,758.20374
NDPRJ_787,concrete_demand,58282
NDPRJ_788,concrete_demand,33138.945
NDPRJ_789,concrete_demand,84381.7968
NDPRJ_790,concrete_demand,835663.968
NDPRJ_791,concrete_demand,19982.4
NDPRJ_792,concrete_demand,71442.8749
NDPRJ_793,concrete_demand,8600.445
NDPRJ_794,concrete_demand,9225.279
NDPRJ_795,concrete_demand,22297.716
NDPRJ_796,concrete_demand,18858.39
NDPRJ_797,concrete_demand,58290.27148
NDPRJ_798,concrete_demand,128852.191
NDPRJ_799,concrete_demand,23506.38593
NDPRJ_800,concrete_demand,31499.055
NDPRJ_801,concrete_demand,99401.91594
NDPRJ_802,concrete_demand,1919.051277
NDPRJ_803,concrete_demand,7939.523732
NDPRJ_804,concrete_demand,3849.552
NDPRJ_805,concrete_demand,6626.6252
NDPRJ_806,concrete_demand,46503.45
NDPRJ_807,concrete_demand,156491.7102
NDPRJ_808,concrete_demand,6900.705
NDPRJ_809,concrete_demand,6240.9186
NDPRJ_810,concrete_demand,70098.714
NDPRJ_811,concrete_demand,14364
NDPRJ_812,concrete_demand,46106.72829
NDPRJ_813,concrete_demand,70630.182
NDPRJ_814,concrete_demand,9165.429
NDPRJ_815,concrete_demand,8019.9
NDPRJ_816,concrete_demand,11371.5
NDPRJ_817,concrete_demand,11552.247
NDPRJ_818,concrete_demand,148159.8241
NDPRJ_819,concrete_demand,12038.229
NDPRJ_820,concrete_demand,5230.32741
NDPRJ_821,concrete_demand,33799.689
NDPRJ_822,concrete_demand,60455.75382
NDPRJ_823,concrete_demand,116805.454
NDPRJ_824,concrete_demand,418136.7156
NDPRJ_825,concrete_demand,2789.476432
NDPRJ_826,concrete_demand,6697.0953
NDPRJ_827,concrete_demand,4788
NDPRJ_828,concrete_demand,309325.8868
NDPRJ_829,concrete_demand,27681.822
NDPRJ_830,concrete_demand,3608.15
NDPRJ_831,concrete_demand,20051.005
NDPRJ_832,concrete_demand,23808.33
NDPRJ_833,concrete_demand,123650.1
NDPRJ_834,concrete_demand,63257.859
NDPRJ_835,concrete_demand,451552.689
NDPRJ_836,concrete_demand,12370.8
NDPRJ_837,concrete_demand,8142.2334
NDPRJ_838,concrete_demand,26622.9925
NDPRJ_839,concrete_demand,73184.40541
NDPRJ_840,concrete_demand,24338.9717
NDPRJ_841,concrete_demand,207137.5584
NDPRJ_842,concrete_demand,14432.6
NDPRJ_843,concrete_demand,10836.88847
NDPRJ_844,concrete_demand,2897.448
NDPRJ_845,concrete_demand,712146.0928
NDPRJ_846,concrete_demand,47464.55347
NDPRJ_847,concrete_demand,818.748
NDPRJ_848,concrete_demand,89236.35
NDPRJ_849,concrete_demand,34277.47155
NDPRJ_850,concrete_demand,140702.562
NDPRJ_851,concrete_demand,13286.7
NDPRJ_852,concrete_demand,42493.5
NDPRJ_853,concrete_demand,1666.11627
NDPRJ_854,concrete_demand,5418.97461
NDPRJ_855,concrete_demand,44842.57659
NDPRJ_856,concrete_demand,114416.4983
NDPRJ_857,concrete_demand,23940
NDPRJ_858,concrete_demand,5985
NDPRJ_859,concrete_demand,14034.71727
NDPRJ_860,concrete_demand,69426
NDPRJ_861,concrete_demand,5239.0338
NDPRJ_862,concrete_demand,3447.36
NDPRJ_863,concrete_demand,67835.187
NDPRJ_864,concrete_demand,47648.3805
NDPRJ_865,concrete_demand,432423.3758
NDPRJ_866,concrete_demand,14020.461
NDPRJ_867,concrete_demand,26515.7789
NDPRJ_868,concrete_demand,88228.5456
NDPRJ_869,concrete_demand,131670
NDPRJ_870,concrete_demand,59431.385
NDPRJ_871,concrete_demand,250412.776
NDPRJ_872,concrete_demand,10426.85154
NDPRJ_873,concrete_demand,11559.4817
NDPRJ_874,concrete_demand,2177.941194
NDPRJ_875,concrete_demand,205149.1
NDPRJ_876,concrete_demand,118246.2196
NDPRJ_877,concrete_demand,11078.97714
NDPRJ_878,concrete_demand,422385.39
NDPRJ_879,concrete_demand,422385.39
NDPRJ_880,concrete_demand,30534.2271
NDPRJ_881,concrete_demand,29338.3831
NDPRJ_882,concrete_demand,14432.6
NDPRJ_883,concrete_demand,16048.5381
NDPRJ_884,concrete_demand,13127.92992
NDPRJ_885,concrete_demand,34222.23
NDPRJ_886,concrete_demand,35311.5
NDPRJ_887,concrete_demand,2521.7199
NDPRJ_888,concrete_demand,5446.35
NDPRJ_889,concrete_demand,7848.729
NDPRJ_890,concrete_demand,71820
NDPRJ_891,concrete_demand,87381
NDPRJ_892,concrete_demand,132913.683
NDPRJ_893,concrete_demand,1338.246
NDPRJ_894,concrete_demand,5084.856
NDPRJ_895,concrete_demand,116169.0056
NDPRJ_896,concrete_demand,74214
NDPRJ_897,concrete_demand,133531.2153
NDPRJ_898,concrete_demand,598.5
NDPRJ_899,concrete_demand,87231.87148
NDPRJ_900,concrete_demand,95760
NDPRJ_901,concrete_demand,55854.162
NDPRJ_902,concrete_demand,11278.046
NDPRJ_903,concrete_demand,57965.16686
NDPRJ_904,concrete_demand,51417.1684
NDPRJ_905,concrete_demand,61724.75337
NDPRJ_906,concrete_demand,36478.3965
NDPRJ_907,concrete_demand,72262.9973
NDPRJ_908,concrete_demand,23026.1824
NDPRJ_909,concrete_demand,79768.69172
NDPRJ_910,concrete_demand,58348.21837
NDPRJ_911,concrete_demand,14364
NDPRJ_912,concrete_demand,3107.63943
NDPRJ_913,concrete_demand,15816.78693
NDPRJ_914,concrete_demand,33127.21894
NDPRJ_915,concrete_demand,81449.9276
NDPRJ_916,concrete_demand,6344.1
NDPRJ_917,concrete_demand,60524.34167
NDPRJ_918,concrete_demand,65066.526
NDPRJ_919,concrete_demand,22324.5371
NDPRJ_920,concrete_demand,29775.89706
NDPRJ_921,concrete_demand,55225.15836
NDPRJ_922,concrete_demand,64474.13544
NDPRJ_923,concrete_demand,11401.42458
NDPRJ_924,concrete_demand,308842.9788
NDPRJ_925,concrete_demand,58282
NDPRJ_926,concrete_demand,58424.63634
NDPRJ_927,concrete_demand,44690.13354
NDPRJ_928,concrete_demand,62117.92142
NDPRJ_929,concrete_demand,121514.3732
NDPRJ_930,concrete_demand,16562.0792
NDPRJ_931,concrete_demand,93251.2
NDPRJ_932,concrete_demand,79909.50104
NDPRJ_933,concrete_demand,88943.085
NDPRJ_934,concrete_demand,16589.88804
NDPRJ_935,concrete_demand,43092
NDPRJ_936,concrete_demand,23341.5
NDPRJ_937,concrete_demand,96911.3096
NDPRJ_938,concrete_demand,105624.9182
NDPRJ_939,concrete_demand,159201
NDPRJ_940,concrete_demand,14402.304
NDPRJ_941,concrete_demand,21976.7262
NDPRJ_942,concrete_demand,118829.105
NDPRJ_943,concrete_demand,62884.9
NDPRJ_944,concrete_demand,28031.346
NDPRJ_945,concrete_demand,28404.81
NDPRJ_946,concrete_demand,47285.0192
NDPRJ_947,concrete_demand,4214.11302
NDPRJ_948,concrete_demand,166520
NDPRJ_949,concrete_demand,40458.6
NDPRJ_950,concrete_demand,25615.8
NDPRJ_951,concrete_demand,31288.74281
NDPRJ_952,concrete_demand,92839.16291
NDPRJ_953,concrete_demand,37262.1804
NDPRJ_954,concrete_demand,133216
NDPRJ_955,concrete_demand,47939.77776
NDPRJ_956,concrete_demand,9638.1776
NDPRJ_957,concrete_demand,194811.2348
NDPRJ_958,concrete_demand,30522.00032
NDPRJ_959,concrete_demand,17955
NDPRJ_960,concrete_demand,354269.6348
NDPRJ_961,concrete_demand,76872.72852
NDPRJ_962,concrete_demand,61340.87983
NDPRJ_963,concrete_demand,7378.87059
NDPRJ_964,concrete_demand,2997.36
NDPRJ_965,concrete_demand,3177.86742
NDPRJ_966,concrete_demand,193662.76
NDPRJ_967,concrete_demand,389656.8
NDPRJ_968,concrete_demand,21546
NDPRJ_969,concrete_demand,56018.8818
NDPRJ_970,concrete_demand,2367.666
NDPRJ_971,concrete_demand,33147.4452
NDPRJ_972,concrete_demand,6451.83
NDPRJ_973,concrete_demand,30819.80468
NDPRJ_974,concrete_demand,85893.5571
NDPRJ_975,concrete_demand,65807.0388
NDPRJ_976,concrete_demand,317638.5652
NDPRJ_977,concrete_demand,59417.883
NDPRJ_978,concrete_demand,56926.298
NDPRJ_979,concrete_demand,54099.28403
NDPRJ_980,concrete_demand,19818.0216
NDPRJ_981,concrete_demand,551.29032
NDPRJ_982,concrete_demand,23401.43
NDPRJ_983,concrete_demand,323984.4925
NDPRJ_984,concrete_demand,206916.0868
NDPRJ_985,concrete_demand,13762.515
NDPRJ_986,concrete_demand,16971.7067
NDPRJ_987,concrete_demand,146920.8458
NDPRJ_988,concrete_demand,263193.6856
NDPRJ_989,concrete_demand,43557.5868
NDPRJ_990,concrete_demand,10823.8
NDPRJ_991,concrete_demand,71027.45334
NDPRJ_992,concrete_demand,4485.023231
NDPRJ_993,concrete_demand,75333.63604
NDPRJ_994,concrete_demand,86934.79431
NDPRJ_995,concrete_demand,40969.9584
NDPRJ_996,concrete_demand,20154.54735
NDPRJ_997,concrete_demand,121241.5635
NDPRJ_998,concrete_demand,126115.92
NDPRJ_999,concrete_demand,133236.873
NDPRJ_1000,concrete_demand,151051.9572
NDPRJ_1001,concrete_demand,80619.84205
NDPRJ_1002,concrete_demand,32133.18123
NDPRJ_1003,concrete_demand,92899.59302
NDPRJ_1004,concrete_demand,79040.14421
NDPRJ_1005,concrete_demand,82265.82
NDPRJ_1006,concrete_demand,50930.18155
NDPRJ_1007,concrete_demand,73193.9
NDPRJ_1008,concrete_demand,19838.6396
NDPRJ_1009,concrete_demand,37661.8697
NDPRJ_1010,concrete_demand,25353.657
NDPRJ_1011,concrete_demand,97766.172
NDPRJ_1012,concrete_demand,24947.94582
NDPRJ_1013,concrete_demand,38481.156
NDPRJ_1014,concrete_demand,15976.26324
NDPRJ_1015,concrete_demand,18907.52472
NDPRJ_1016,concrete_demand,33432.82047
NDPRJ_1017,concrete_demand,19238.0556
NDPRJ_1018,concrete_demand,77317.5
NDPRJ_1019,concrete_demand,13791.16975
NDPRJ_1020,concrete_demand,7468.422
NDPRJ_1021,concrete_demand,21436.61916
NDPRJ_1022,concrete_demand,26047.0584
NDPRJ_1023,concrete_demand,61497.70102
NDPRJ_1024,concrete_demand,155649.501
NDPRJ_1025,concrete_demand,19830.66043
NDPRJ_1026,concrete_demand,18625.262
NDPRJ_1027,concrete_demand,239765.4872
NDPRJ_1028,concrete_demand,43691.68412
NDPRJ_1029,concrete_demand,2720.781
NDPRJ_1030,concrete_demand,263680.331
NDPRJ_1031,concrete_demand,25843.904
NDPRJ_1032,concrete_demand,18233.901
NDPRJ_1033,concrete_demand,8311.0132
NDPRJ_1034,concrete_demand,36418.725
NDPRJ_1035,concrete_demand,118863.4913
NDPRJ_1036,concrete_demand,48701.7778
NDPRJ_1037,concrete_demand,37767.27923
NDPRJ_1038,concrete_demand,64133.5842
NDPRJ_1039,concrete_demand,8721.414
NDPRJ_1040,concrete_demand,33516
NDPRJ_1041,concrete_demand,628470.6587
NDPRJ_1042,concrete_demand,1736.847
NDPRJ_1043,concrete_demand,1577.5263
NDPRJ_1044,concrete_demand,114898.8
NDPRJ_1045,concrete_demand,15238.7638
NDPRJ_1046,concrete_demand,7716.2865
NDPRJ_1047,concrete_demand,19632.708
NDPRJ_1048,concrete_demand,18167.99808
NDPRJ_1049,concrete_demand,180420.6955
NDPRJ_1050,concrete_demand,13450.27005
NDPRJ_1051,concrete_demand,60274.935
NDPRJ_1052,concrete_demand,99912
NDPRJ_1053,concrete_demand,4662.56
NDPRJ_1054,concrete_demand,3290.189513
NDPRJ_1055,concrete_demand,4985.505
NDPRJ_1056,concrete_demand,28728
NDPRJ_1057,concrete_demand,45486
NDPRJ_1058,concrete_demand,25824.045
NDPRJ_1059,concrete_demand,24427.72188
NDPRJ_1060,concrete_demand,911.69505
NDPRJ_1061,concrete_demand,4783.39155
NDPRJ_1062,concrete_demand,83047.44838
NDPRJ_1063,concrete_demand,48509.47836
NDPRJ_1064,concrete_demand,1519883.568
NDPRJ_1065,concrete_demand,2007.44082
NDPRJ_1066,concrete_demand,107072.36
NDPRJ_1067,concrete_demand,92549.00181
NDPRJ_1068,concrete_demand,11292.498
NDPRJ_1069,concrete_demand,17154.48231
NDPRJ_1070,concrete_demand,79695.80592
NDPRJ_1071,concrete_demand,3710.41528
NDPRJ_1072,concrete_demand,5620.05
NDPRJ_1073,concrete_demand,119506.1818
NDPRJ_1074,concrete_demand,32755.8166
NDPRJ_1075,concrete_demand,34626.25341
NDPRJ_1076,concrete_demand,39067.60689
NDPRJ_1077,concrete_demand,43295.2
NDPRJ_1078,concrete_demand,92484.1008
NDPRJ_1079,concrete_demand,14785.37991
NDPRJ_1080,concrete_demand,10557.368
NDPRJ_1081,concrete_demand,122492.5689
NDPRJ_1082,concrete_demand,136487.352
NDPRJ_1083,concrete_demand,89235.153
NDPRJ_1084,concrete_demand,74868.0816
NDPRJ_1085,concrete_demand,503357.5219
NDPRJ_1086,concrete_demand,113033.776
NDPRJ_1087,concrete_demand,88874.856
NDPRJ_1088,concrete_demand,65835
NDPRJ_1089,concrete_demand,18110.22696
NDPRJ_1090,concrete_demand,73231.48287
NDPRJ_1091,concrete_demand,180908.5174
NDPRJ_1092,concrete_demand,451768.76
NDPRJ_1093,concrete_demand,99912
NDPRJ_1094,concrete_demand,60758.21901
NDPRJ_1095,concrete_demand,4231.5147
NDPRJ_1096,concrete_demand,98311.37646
NDPRJ_1097,concrete_demand,12968.5776
NDPRJ_1098,concrete_demand,17531.94164
NDPRJ_1099,concrete_demand,33304
NDPRJ_1100,concrete_demand,25242.6174
NDPRJ_1101,concrete_demand,68133.72735
NDPRJ_1102,concrete_demand,22058.17171
NDPRJ_1103,concrete_demand,15659.0912
NDPRJ_1104,concrete_demand,119052.5748
NDPRJ_1105,concrete_demand,51080.01
NDPRJ_1106,concrete_demand,81836.254
NDPRJ_1107,concrete_demand,1157.03217
NDPRJ_1108,concrete_demand,33170.784
NDPRJ_1109,concrete_demand,12575.1741
NDPRJ_1110,concrete_demand,3646.70474
NDPRJ_1111,concrete_demand,27512.19513
NDPRJ_1112,concrete_demand,27447.7125
NDPRJ_1113,concrete_demand,39159.855
NDPRJ_1114,concrete_demand,416300
NDPRJ_1115,concrete_demand,13548.843
NDPRJ_1116,concrete_demand,21647.6
NDPRJ_1117,concrete_demand,2234.49975
NDPRJ_1118,concrete_demand,742582.6184
NDPRJ_1119,concrete_demand,164886.7718
NDPRJ_1120,concrete_demand,82052.4237
NDPRJ_1121,concrete_demand,195930.3961
NDPRJ_1122,concrete_demand,1378.602428
NDPRJ_1123,concrete_demand,21288.645
NDPRJ_1124,concrete_demand,55390.257
NDPRJ_1125,concrete_demand,18720.1131
NDPRJ_1126,concrete_demand,4744.40526
NDPRJ_1127,concrete_demand,62188.0116
NDPRJ_1128,concrete_demand,25747.47
NDPRJ_1129,concrete_demand,13322.41348
NDPRJ_1130,concrete_demand,3632.27306
NDPRJ_1131,concrete_demand,90015.0953
NDPRJ_1132,concrete_demand,5658.6978
NDPRJ_1133,concrete_demand,9452.60127
NDPRJ_1134,concrete_demand,8850.45042
NDPRJ_1135,concrete_demand,106917.7317
NDPRJ_1136,concrete_demand,8817.102
NDPRJ_1137,concrete_demand,153213.0538
NDPRJ_1138,concrete_demand,721031.6
NDPRJ_1139,concrete_demand,35804.1879
NDPRJ_1140,concrete_demand,77317.5
NDPRJ_1141,concrete_demand,6864.795
NDPRJ_1142,concrete_demand,90636.728
NDPRJ_1143,concrete_demand,56321.1597
NDPRJ_1144,concrete_demand,175952.5123
NDPRJ_1145,concrete_demand,24315.2504
NDPRJ_1146,concrete_demand,333040
NDPRJ_1147,concrete_demand,40772.32209
NDPRJ_1148,concrete_demand,20408.7273
NDPRJ_1149,concrete_demand,3285.4396
NDPRJ_1150,concrete_demand,6527.584
NDPRJ_1151,concrete_demand,66192.4993
NDPRJ_1152,concrete_demand,20979.8548
NDPRJ_1153,concrete_demand,49131.726
NDPRJ_1154,concrete_demand,198501.8312
NDPRJ_1155,concrete_demand,9275.739239
NDPRJ_1156,concrete_demand,123604.3746
NDPRJ_1157,concrete_demand,95316.048
NDPRJ_1158,concrete_demand,162133.9631
NDPRJ_1159,concrete_demand,96234.58897
NDPRJ_1160,concrete_demand,4744.40526
NDPRJ_1161,concrete_demand,10150.56
NDPRJ_1162,concrete_demand,19587.1
NDPRJ_1163,concrete_demand,52813.007
NDPRJ_1164,concrete_demand,217711.5784
NDPRJ_1165,concrete_demand,243868.157
NDPRJ_1166,concrete_demand,44414.2144
NDPRJ_1167,concrete_demand,58282
NDPRJ_1168,concrete_demand,11656.4
NDPRJ_1169,concrete_demand,54941.8155
NDPRJ_1170,concrete_demand,117051.4787
NDPRJ_1171,concrete_demand,152512.3769
NDPRJ_1172,concrete_demand,64264.2442
NDPRJ_1173,concrete_demand,6399.61686
NDPRJ_1174,concrete_demand,115441.6552
NDPRJ_1175,concrete_demand,16743.636
NDPRJ_1176,concrete_demand,608076
NDPRJ_1177,concrete_demand,89775
NDPRJ_1178,concrete_demand,212065.0517
NDPRJ_1179,concrete_demand,19029.3831
NDPRJ_1180,concrete_demand,29241.4785
NDPRJ_1181,concrete_demand,36987.3
NDPRJ_1182,concrete_demand,147683.141
NDPRJ_1183,concrete_demand,140462.9504
NDPRJ_1184,concrete_demand,127750.8802
NDPRJ_1185,concrete_demand,224425.7814
NDPRJ_1186,concrete_demand,188376.516
NDPRJ_1187,concrete_demand,115483.102
NDPRJ_1188,concrete_demand,895185.6095
NDPRJ_1189,concrete_demand,393320.24
NDPRJ_1190,concrete_demand,177876.664
NDPRJ_1191,concrete_demand,2635.06383
NDPRJ_1192,concrete_demand,345334.5
NDPRJ_1193,concrete_demand,182040.9795
NDPRJ_1194,concrete_demand,378966.3825
NDPRJ_1195,concrete_demand,733420.688
NDPRJ_1196,concrete_demand,58114.6474
NDPRJ_1197,concrete_demand,916.592688
NDPRJ_1198,concrete_demand,204433.6554
NDPRJ_1199,concrete_demand,6813.52749
NDPRJ_1200,concrete_demand,78987.05286
NDPRJ_1201,concrete_demand,23697.09212
NDPRJ_1202,concrete_demand,18335.74204
NDPRJ_1203,concrete_demand,8715.774977
NDPRJ_1204,concrete_demand,16584.39757
NDPRJ_1205,concrete_demand,1690676
NDPRJ_1206,concrete_demand,555202.5349
NDPRJ_1207,concrete_demand,4194.24012
NDPRJ_1208,concrete_demand,92325.47622
NDPRJ_1209,concrete_demand,7022.21247
NDPRJ_1210,concrete_demand,18973.07244
NDPRJ_1211,concrete_demand,131407.4261
NDPRJ_1212,concrete_demand,4134.225344
NDPRJ_1213,concrete_demand,170644.8587
NDPRJ_1214,concrete_demand,126555.2
NDPRJ_1215,concrete_demand,11715.21486
NDPRJ_1216,concrete_demand,338650.0588
NDPRJ_1217,concrete_demand,163788.5863
NDPRJ_1218,concrete_demand,411064.2615
NDPRJ_1219,concrete_demand,104907.6
NDPRJ_1220,concrete_demand,104907.6
NDPRJ_1221,concrete_demand,71815.3317
NDPRJ_1222,concrete_demand,116594.79
NDPRJ_1223,concrete_demand,92698.98638
NDPRJ_1224,concrete_demand,370795.9455
NDPRJ_1225,concrete_demand,360815
NDPRJ_1226,concrete_demand,7578.640732
NDPRJ_1227,concrete_demand,616124
NDPRJ_1228,concrete_demand,80572.13407
NDPRJ_1229,concrete_demand,86034.59046
NDPRJ_1230,concrete_demand,149155.3277
NDPRJ_1231,concrete_demand,791434.1245
NDPRJ_1232,concrete_demand,51348.72645
NDPRJ_1233,concrete_demand,237624.04
NDPRJ_1234,concrete_demand,237624.04
NDPRJ_1235,concrete_demand,33304
NDPRJ_1236,concrete_demand,802934.4287
NDPRJ_1237,concrete_demand,98610.99589
NDPRJ_1238,concrete_demand,4312.718132
NDPRJ_1239,concrete_demand,4515.34734
NDPRJ_1240,concrete_demand,32916.9015
NDPRJ_1241,concrete_demand,10294.2
NDPRJ_1242,concrete_demand,5985
NDPRJ_1243,concrete_demand,2888.458092
NDPRJ_1244,concrete_demand,454860
NDPRJ_1245,concrete_demand,28919.93048
NDPRJ_1246,concrete_demand,332953.4096
NDPRJ_1247,concrete_demand,12346.80857
NDPRJ_1248,concrete_demand,243105.912
NDPRJ_1249,concrete_demand,158660.256
NDPRJ_1250,concrete_demand,84588.4377
NDPRJ_1251,concrete_demand,79491.6681
NDPRJ_1252,concrete_demand,90504.4193
NDPRJ_1253,concrete_demand,70573.15633
NDPRJ_1254,concrete_demand,38135.64441
NDPRJ_1255,concrete_demand,5985.16758
NDPRJ_1256,concrete_demand,6460.48431
NDPRJ_1257,concrete_demand,823.802499
NDPRJ_1258,concrete_demand,27629.1509
NDPRJ_1259,concrete_demand,51194.42118
NDPRJ_1260,concrete_demand,84207.9924
NDPRJ_1261,concrete_demand,11151.03912
NDPRJ_1262,concrete_demand,60871.19661
NDPRJ_1263,concrete_demand,123224.8
NDPRJ_1264,concrete_demand,127065.9668
NDPRJ_1265,concrete_demand,5386.5
NDPRJ_1266,concrete_demand,101084.3008
NDPRJ_1267,concrete_demand,152300.3189
NDPRJ_1268,concrete_demand,587151.1852
NDPRJ_1269,concrete_demand,237183.095
NDPRJ_1270,concrete_demand,25664.895
NDPRJ_1271,concrete_demand,79827.68976
NDPRJ_1272,concrete_demand,9441.684
NDPRJ_1273,concrete_demand,10041.75547
NDPRJ_1274,concrete_demand,10148.1118
NDPRJ_1275,concrete_demand,7538.810004
NDPRJ_1276,concrete_demand,116564
NDPRJ_1277,concrete_demand,2643.67152
NDPRJ_1278,concrete_demand,293192.3104
NDPRJ_1279,concrete_demand,1872.81423
NDPRJ_1280,concrete_demand,10809.13743
NDPRJ_1281,concrete_demand,116564
NDPRJ_1282,concrete_demand,13321.6
NDPRJ_1283,concrete_demand,131313.9404
NDPRJ_1284,concrete_demand,42592.851
NDPRJ_1285,concrete_demand,13089.14712
NDPRJ_1286,concrete_demand,5449.76145
NDPRJ_1287,concrete_demand,52640.54082
NDPRJ_1288,concrete_demand,29984.85
NDPRJ_1289,concrete_demand,2900.94147
NDPRJ_1290,concrete_demand,210433.7219
NDPRJ_1291,concrete_demand,5625.9
NDPRJ_1292,concrete_demand,62137.50781
NDPRJ_1293,concrete_demand,6245.946
NDPRJ_1294,concrete_demand,5985
NDPRJ_1295,concrete_demand,3591
NDPRJ_1296,concrete_demand,8071.86177
NDPRJ_1297,concrete_demand,32319
NDPRJ_1298,concrete_demand,72163
NDPRJ_1299,concrete_demand,2359.287
NDPRJ_1300,concrete_demand,39427.36842
NDPRJ_1301,concrete_demand,12928.797
NDPRJ_1302,concrete_demand,52941.05964
NDPRJ_1303,concrete_demand,93504.3104
NDPRJ_1304,concrete_demand,216476
NDPRJ_1305,concrete_demand,206436.6424
NDPRJ_1306,concrete_demand,66012.77844
NDPRJ_1307,concrete_demand,12265.36986
NDPRJ_1308,concrete_demand,20139.66864
NDPRJ_1309,concrete_demand,33516
NDPRJ_1310,concrete_demand,3912.89724
NDPRJ_1311,concrete_demand,10202.95269
NDPRJ_1312,concrete_demand,8209.20555
NDPRJ_1313,concrete_demand,26113.76397
NDPRJ_1314,concrete_demand,66685.92108
NDPRJ_1315,concrete_demand,17059.30884
NDPRJ_1316,concrete_demand,62927.37308
NDPRJ_1317,concrete_demand,3910.599
NDPRJ_1318,concrete_demand,3468.81024
NDPRJ_1319,concrete_demand,32234.02656
NDPRJ_1320,concrete_demand,24822.189
NDPRJ_1321,concrete_demand,13376.475
NDPRJ_1322,concrete_demand,40458.6
NDPRJ_1323,concrete_demand,323190
NDPRJ_1324,concrete_demand,18459.81085
NDPRJ_1325,concrete_demand,117972.2382
NDPRJ_1326,concrete_demand,14432.6
NDPRJ_1327,concrete_demand,23723.72604
NDPRJ_1328,concrete_demand,20546.84016
NDPRJ_1329,concrete_demand,84563.8516
NDPRJ_1330,concrete_demand,65565.06859
NDPRJ_1331,concrete_demand,3835.216034
NDPRJ_1332,concrete_demand,5085.26298
NDPRJ_1333,concrete_demand,149868
NDPRJ_1334,concrete_demand,30237.59593
NDPRJ_1335,concrete_demand,45843.6636
NDPRJ_1336,concrete_demand,16533.02385
NDPRJ_1337,concrete_demand,16905.1113
NDPRJ_1338,concrete_demand,238426.6331
NDPRJ_1339,concrete_demand,384229.2075
NDPRJ_1340,concrete_demand,128871.9095
NDPRJ_1341,concrete_demand,4350.87954
NDPRJ_1342,concrete_demand,9325.12
NDPRJ_1343,concrete_demand,76765.72
NDPRJ_1344,concrete_demand,5884.428745
NDPRJ_1345,concrete_demand,22372.98336
NDPRJ_1346,concrete_demand,2131.938908
NDPRJ_1347,concrete_demand,43290.5837
NDPRJ_1348,concrete_demand,23590.5957
NDPRJ_1349,concrete_demand,2513.7
NDPRJ_1350,concrete_demand,14229.40932
NDPRJ_1351,concrete_demand,6343.879136
NDPRJ_1352,concrete_demand,219006.2714
NDPRJ_1353,concrete_demand,13195.59432
NDPRJ_1354,concrete_demand,34769.259
NDPRJ_1355,concrete_demand,17147.8133
NDPRJ_1356,concrete_demand,7294.1589
NDPRJ_1357,concrete_demand,170387.8633
NDPRJ_1358,concrete_demand,161882.0105
NDPRJ_1359,concrete_demand,27490.3705
NDPRJ_1360,concrete_demand,1436.4
NDPRJ_1361,concrete_demand,113405.1156
NDPRJ_1362,concrete_demand,276463.1648
NDPRJ_1363,concrete_demand,45091.19349
NDPRJ_1364,concrete_demand,34746.83919
NDPRJ_1365,concrete_demand,190339.5037
NDPRJ_1366,concrete_demand,109225.5136
NDPRJ_1367,concrete_demand,14927.6854
NDPRJ_1368,concrete_demand,16682.19008
NDPRJ_1369,concrete_demand,411304.4
NDPRJ_1370,concrete_demand,15062.5692
NDPRJ_1371,concrete_demand,11413.88027
NDPRJ_1372,concrete_demand,43035.72854
NDPRJ_1373,concrete_demand,186278.6804
NDPRJ_1374,concrete_demand,6311.58948
NDPRJ_1375,concrete_demand,21546
NDPRJ_1376,concrete_demand,17955
NDPRJ_1377,concrete_demand,88521.56574
NDPRJ_1378,concrete_demand,20434.4998
NDPRJ_1379,concrete_demand,39115.42839
NDPRJ_1380,concrete_demand,50929.32159
NDPRJ_1381,concrete_demand,13045.47251
NDPRJ_1382,concrete_demand,57845.91235
NDPRJ_1383,concrete_demand,214510.779
NDPRJ_1384,concrete_demand,64551.816
NDPRJ_1385,concrete_demand,5291.12304
NDPRJ_1386,concrete_demand,141429.141
NDPRJ_1387,concrete_demand,56813.2936
NDPRJ_1388,concrete_demand,59850
NDPRJ_1389,concrete_demand,193816.1895
NDPRJ_1390,concrete_demand,276263.6747
NDPRJ_1391,concrete_demand,19788.55848
NDPRJ_1392,concrete_demand,30607.2086
NDPRJ_1393,concrete_demand,12473.89
NDPRJ_1394,concrete_demand,4466.007
NDPRJ_1395,concrete_demand,19626.2742
NDPRJ_1396,concrete_demand,82627.98548
NDPRJ_1397,concrete_demand,142374.6
NDPRJ_1398,concrete_demand,15532.84656
NDPRJ_1399,concrete_demand,302216.1156
NDPRJ_1400,concrete_demand,111590.0476
NDPRJ_1401,concrete_demand,457930
NDPRJ_1402,concrete_demand,157302.2854
NDPRJ_1403,concrete_demand,83537.12258
NDPRJ_1404,concrete_demand,104139
NDPRJ_1405,concrete_demand,1257.226
NDPRJ_1406,concrete_demand,63324.22068
NDPRJ_1407,concrete_demand,40885.28782
NDPRJ_1408,concrete_demand,73896.97455
NDPRJ_1409,concrete_demand,27023.49594
NDPRJ_1410,concrete_demand,77574.12264
NDPRJ_1411,concrete_demand,21647.6
NDPRJ_1412,concrete_demand,4331.1051
NDPRJ_1413,concrete_demand,4331.1051
NDPRJ_1414,concrete_demand,440530.2909
NDPRJ_1415,concrete_demand,97687.45728
NDPRJ_1416,concrete_demand,228216.7555
NDPRJ_1417,concrete_demand,22928.535
NDPRJ_1418,concrete_demand,2288.184624
NDPRJ_1419,concrete_demand,21964.4688
NDPRJ_1420,concrete_demand,398295.8576
NDPRJ_1421,concrete_demand,1030900
NDPRJ_1422,concrete_demand,39791.75242
NDPRJ_1423,concrete_demand,42027.91619
NDPRJ_1424,concrete_demand,66608
NDPRJ_1425,concrete_demand,54392.07501
NDPRJ_1426,concrete_demand,356633.8691
NDPRJ_1427,concrete_demand,202760.1139
NDPRJ_1428,concrete_demand,30045.93291
NDPRJ_1429,concrete_demand,399648
NDPRJ_1430,concrete_demand,324714
NDPRJ_1431,concrete_demand,142946.4297
NDPRJ_1432,concrete_demand,43419.55714
NDPRJ_1433,concrete_demand,48170.23659
NDPRJ_1434,concrete_demand,535380.0672
NDPRJ_1435,concrete_demand,416300
NDPRJ_1436,concrete_demand,23091.57818
NDPRJ_1437,concrete_demand,1165.490132
NDPRJ_1438,concrete_demand,5291.58987
NDPRJ_1439,concrete_demand,7160.36
NDPRJ_1440,concrete_demand,13093.73403
NDPRJ_1441,concrete_demand,410904.752
NDPRJ_1442,concrete_demand,17955
NDPRJ_1443,concrete_demand,5519.07972
NDPRJ_1444,concrete_demand,31308.0138
NDPRJ_1445,concrete_demand,14874.14478
NDPRJ_1446,concrete_demand,62640.207
NDPRJ_1447,concrete_demand,9195.11255
NDPRJ_1448,concrete_demand,21159.52988
NDPRJ_1449,concrete_demand,394406.712
NDPRJ_1450,concrete_demand,394406.712
NDPRJ_1451,concrete_demand,770868
NDPRJ_1452,concrete_demand,60171.27224
NDPRJ_1453,concrete_demand,394406.712
NDPRJ_1454,concrete_demand,72947.0001
NDPRJ_1455,concrete_demand,7158.06
NDPRJ_1456,concrete_demand,67765.79691
NDPRJ_1457,concrete_demand,69555.53934
NDPRJ_1458,concrete_demand,19621.35567
NDPRJ_1459,concrete_demand,638786.7317
NDPRJ_1460,concrete_demand,111411.6009
NDPRJ_1461,concrete_demand,263340
NDPRJ_1462,concrete_demand,263340
NDPRJ_1463,concrete_demand,49384.64097
NDPRJ_1464,concrete_demand,71824.96755
NDPRJ_1465,concrete_demand,512394.7835
NDPRJ_1466,concrete_demand,65410.45036
NDPRJ_1467,concrete_demand,13613.99571
NDPRJ_1468,concrete_demand,196329.8572
NDPRJ_1469,concrete_demand,44715.14934
NDPRJ_1470,concrete_demand,107399.9548
NDPRJ_1471,concrete_demand,42932.08649
NDPRJ_1472,concrete_demand,60746.496
NDPRJ_1473,concrete_demand,19982.4
NDPRJ_1474,concrete_demand,146982.3416
NDPRJ_1475,concrete_demand,71784.09
NDPRJ_1476,concrete_demand,3092.7
NDPRJ_1477,concrete_demand,28021.9856
NDPRJ_1478,concrete_demand,49560.515
NDPRJ_1479,concrete_demand,48978.5276
NDPRJ_1480,concrete_demand,20325.51446
NDPRJ_1481,concrete_demand,332048.1736
NDPRJ_1482,concrete_demand,6905.984048
NDPRJ_1483,concrete_demand,128362.8412
NDPRJ_1484,concrete_demand,3123.286803
NDPRJ_1485,concrete_demand,39094.53318
NDPRJ_1486,concrete_demand,1665.2
NDPRJ_1487,concrete_demand,90020.07378
NDPRJ_1488,concrete_demand,17201.516
NDPRJ_1489,concrete_demand,73738.3864
NDPRJ_1490,concrete_demand,42330.38312
NDPRJ_1491,concrete_demand,137138.4827
NDPRJ_1492,concrete_demand,43310.97918
NDPRJ_1493,concrete_demand,147591.8356
NDPRJ_1494,concrete_demand,165969.3125
NDPRJ_1495,concrete_demand,1042.4152
NDPRJ_1496,concrete_demand,48867.4053
NDPRJ_1497,concrete_demand,87311.64582
NDPRJ_1498,concrete_demand,16652
NDPRJ_1499,concrete_demand,25293.37223
NDPRJ_1500,concrete_demand,82516.85883
NDPRJ_1501,concrete_demand,114053.2614
NDPRJ_1502,concrete_demand,333040
NDPRJ_1503,concrete_demand,102942
NDPRJ_1504,concrete_demand,20581.872
NDPRJ_1505,concrete_demand,54951.6
NDPRJ_1506,concrete_demand,19436.2144
NDPRJ_1507,concrete_demand,356273.4865
NDPRJ_1508,concrete_demand,121145.6979
NDPRJ_1509,concrete_demand,31806.51642
NDPRJ_1510,concrete_demand,121086.1836
NDPRJ_1511,concrete_demand,4664.425024
NDPRJ_1512,concrete_demand,15954.88879
NDPRJ_1513,concrete_demand,742248
NDPRJ_1514,concrete_demand,99418.91763
NDPRJ_1515,concrete_demand,699.048
NDPRJ_1516,concrete_demand,5058.611168
NDPRJ_1517,concrete_demand,12489
NDPRJ_1518,concrete_demand,99912
NDPRJ_1519,concrete_demand,393398.8141
NDPRJ_1520,concrete_demand,45553.34442
NDPRJ_1521,concrete_demand,226825.218
NDPRJ_1522,concrete_demand,21336.75712
NDPRJ_1523,concrete_demand,14173.19993
NDPRJ_1524,concrete_demand,141875.04
NDPRJ_1525,concrete_demand,49342.84173
NDPRJ_1526,concrete_demand,11037.14542
NDPRJ_1527,concrete_demand,65200.00679
NDPRJ_1528,concrete_demand,36129.44716
NDPRJ_1529,concrete_demand,21814.12
NDPRJ_1530,concrete_demand,83260
NDPRJ_1531,concrete_demand,51541.2704
NDPRJ_1532,concrete_demand,14373.34032
NDPRJ_1533,concrete_demand,10806.21549
NDPRJ_1534,concrete_demand,3080.98224
NDPRJ_1535,concrete_demand,1558.30248
NDPRJ_1536,concrete_demand,29356.90837
NDPRJ_1537,concrete_demand,5586.81795
NDPRJ_1538,concrete_demand,7672.93758
NDPRJ_1539,concrete_demand,67043.65369
NDPRJ_1540,concrete_demand,30211.59038
NDPRJ_1541,concrete_demand,29554.40255
NDPRJ_1542,concrete_demand,12072.7
NDPRJ_1543,concrete_demand,27114.85551
NDPRJ_1544,concrete_demand,152932.301
NDPRJ_1545,concrete_demand,64942.8
NDPRJ_1546,concrete_demand,46625.6
NDPRJ_1547,concrete_demand,18303.12906
NDPRJ_1548,concrete_demand,74203.12707
NDPRJ_1549,concrete_demand,262430.9907
NDPRJ_1550,concrete_demand,23610.62151
NDPRJ_1551,concrete_demand,144466.2078
NDPRJ_1552,concrete_demand,80812.9553
NDPRJ_1553,concrete_demand,24036.957
NDPRJ_1554,concrete_demand,72684.43136
NDPRJ_1555,concrete_demand,30606.376
NDPRJ_1556,concrete_demand,73529.35384
NDPRJ_1557,concrete_demand,43075.61008
NDPRJ_1558,concrete_demand,38554.62538
NDPRJ_1559,concrete_demand,24190.89326
NDPRJ_1560,concrete_demand,9558.880776
NDPRJ_1561,concrete_demand,87323.544
NDPRJ_1562,concrete_demand,224810.1261
NDPRJ_1563,concrete_demand,56490.2448
NDPRJ_1564,concrete_demand,16325.57657
NDPRJ_1565,concrete_demand,10259.03077
NDPRJ_1566,concrete_demand,23312.8
NDPRJ_1567,concrete_demand,1184345.924
NDPRJ_1568,concrete_demand,55280.77674
NDPRJ_1569,concrete_demand,130332.8228
NDPRJ_1570,concrete_demand,78264.4
NDPRJ_1571,concrete_demand,19982.4
NDPRJ_1572,concrete_demand,29266.22304
NDPRJ_1573,concrete_demand,1188.653064
NDPRJ_1574,concrete_demand,2350.529712
NDPRJ_1575,concrete_demand,8392.608
NDPRJ_1576,concrete_demand,108086.4168
NDPRJ_1577,concrete_demand,50283.14519
NDPRJ_1578,concrete_demand,24311.92
NDPRJ_1579,concrete_demand,2245.239116
NDPRJ_1580,concrete_demand,49983.40919
NDPRJ_1581,concrete_demand,3476.9376
NDPRJ_1582,concrete_demand,3158.151712
NDPRJ_1583,concrete_demand,143248.3304
NDPRJ_1584,concrete_demand,195775.2273
NDPRJ_1585,concrete_demand,46249.93737
NDPRJ_1586,concrete_demand,50356.08095
NDPRJ_1587,concrete_demand,17329.429
NDPRJ_1588,concrete_demand,718200
NDPRJ_1589,concrete_demand,143640
NDPRJ_1590,concrete_demand,178353
NDPRJ_1591,concrete_demand,9858.492
NDPRJ_1592,concrete_demand,62934.3832
NDPRJ_1593,concrete_demand,351300.5832
NDPRJ_1594,concrete_demand,230653.566
NDPRJ_1595,concrete_demand,44311.743
NDPRJ_1596,concrete_demand,500076.675
NDPRJ_1597,concrete_demand,40176.2348
NDPRJ_1598,concrete_demand,73908.765
NDPRJ_1599,concrete_demand,120347.266
NDPRJ_1600,concrete_demand,115347.708
NDPRJ_1601,concrete_demand,107624.1906
NDPRJ_1602,concrete_demand,76544.2484
NDPRJ_1603,concrete_demand,112477.5992
NDPRJ_1604,concrete_demand,88257.41507
NDPRJ_1605,concrete_demand,9073.26
NDPRJ_1606,concrete_demand,91752.52
NDPRJ_1607,concrete_demand,4387.005
NDPRJ_1608,concrete_demand,228241.26
NDPRJ_1609,concrete_demand,117904.5
NDPRJ_1610,concrete_demand,4995.6
NDPRJ_1611,concrete_demand,2830.84
NDPRJ_1612,concrete_demand,11874.24
NDPRJ_1613,concrete_demand,206068.5
NDPRJ_1614,concrete_demand,174572.9072
NDPRJ_1615,concrete_demand,24777.9
NDPRJ_1616,concrete_demand,118007.123
NDPRJ_1617,concrete_demand,813996.3856
NDPRJ_1618,concrete_demand,105852.812
NDPRJ_1619,concrete_demand,178439.5016
NDPRJ_1620,concrete_demand,53156.5144
NDPRJ_1621,concrete_demand,744674.3594
NDPRJ_1622,concrete_demand,432978
NDPRJ_1623,concrete_demand,566763.4755
NDPRJ_1624,concrete_demand,19644.3644
NDPRJ_1625,concrete_demand,123708
NDPRJ_1626,concrete_demand,23940
NDPRJ_1627,concrete_demand,79741.91358
NDPRJ_1628,concrete_demand,17955
NDPRJ_1629,concrete_demand,25376.4
NDPRJ_1630,concrete_demand,8259.3
NDPRJ_1631,concrete_demand,64374.66
NDPRJ_1632,concrete_demand,178064.8316
NDPRJ_1633,concrete_demand,29446.2
NDPRJ_1634,concrete_demand,117254.566
NDPRJ_1635,concrete_demand,41235.08117
NDPRJ_1636,concrete_demand,35050.6
NDPRJ_1637,concrete_demand,521207.6
NDPRJ_1638,concrete_demand,115581.532
NDPRJ_1639,concrete_demand,765992
NDPRJ_1640,concrete_demand,52731.8884
NDPRJ_1641,concrete_demand,35910
NDPRJ_1642,concrete_demand,19876.185
NDPRJ_1643,concrete_demand,48304.4562
NDPRJ_1644,concrete_demand,148479.471
NDPRJ_1645,concrete_demand,364938.6
NDPRJ_1646,concrete_demand,110801.132
NDPRJ_1647,concrete_demand,146478.5687
NDPRJ_1648,concrete_demand,588924
NDPRJ_1649,concrete_demand,162727.565
NDPRJ_1650,concrete_demand,317001.75
NDPRJ_1651,concrete_demand,36155.385
NDPRJ_1652,concrete_demand,49030.6349
NDPRJ_1653,concrete_demand,1756786
NDPRJ_1654,concrete_demand,358872.7844
NDPRJ_1655,concrete_demand,153482.4538
NDPRJ_1656,concrete_demand,33544.4551
NDPRJ_1657,concrete_demand,401401.4556
NDPRJ_1658,concrete_demand,529848.3395
NDPRJ_1659,concrete_demand,947733.1734
NDPRJ_1660,concrete_demand,666811.0228
NDPRJ_1661,concrete_demand,62318.29493
NDPRJ_1662,concrete_demand,129222.8504
NDPRJ_1663,concrete_demand,122961.6984
NDPRJ_1664,concrete_demand,85264.7081
NDPRJ_1665,concrete_demand,21686.0124
NDPRJ_1666,concrete_demand,30794.0139
NDPRJ_1667,concrete_demand,93366
NDPRJ_1668,concrete_demand,71820
NDPRJ_1669,concrete_demand,367926.678
NDPRJ_1670,concrete_demand,3291.75
NDPRJ_1671,concrete_demand,1951.11
NDPRJ_1672,concrete_demand,69584.7191
NDPRJ_1673,concrete_demand,211911.804
NDPRJ_1674,concrete_demand,205796.619
NDPRJ_1675,concrete_demand,54525.95946
NDPRJ_1676,concrete_demand,23307.85233
NDPRJ_1677,concrete_demand,678099.4136
NDPRJ_1678,concrete_demand,67742.0012
NDPRJ_1679,concrete_demand,45486
NDPRJ_1680,concrete_demand,103090
NDPRJ_1681,concrete_demand,103601.0203
NDPRJ_1682,concrete_demand,658350
NDPRJ_1683,concrete_demand,98450.95
NDPRJ_1684,concrete_demand,155250.9
NDPRJ_1685,concrete_demand,98021.0647
NDPRJ_1686,concrete_demand,56187.18
NDPRJ_1687,concrete_demand,217003.7019
NDPRJ_1688,concrete_demand,7320.71876
NDPRJ_1689,concrete_demand,28728
NDPRJ_1690,concrete_demand,413169.424
NDPRJ_1691,concrete_demand,15561
NDPRJ_1692,concrete_demand,31968.209
NDPRJ_1693,concrete_demand,139570.2
NDPRJ_1694,concrete_demand,162845.0876
NDPRJ_1695,concrete_demand,30926.1708
NDPRJ_1696,concrete_demand,6299.75115
NDPRJ_1697,concrete_demand,68068.602
NDPRJ_1698,concrete_demand,41122.601
NDPRJ_1699,concrete_demand,102609.624
NDPRJ_1700,concrete_demand,67220.8654
NDPRJ_1701,concrete_demand,24346.98
NDPRJ_1702,concrete_demand,50398.6392
NDPRJ_1703,concrete_demand,133078.881
NDPRJ_1704,concrete_demand,40455.009
NDPRJ_1705,concrete_demand,21391.38118
NDPRJ_1706,concrete_demand,557466.84
NDPRJ_1707,concrete_demand,121413.2166
NDPRJ_1708,concrete_demand,96581.6
NDPRJ_1709,concrete_demand,170076.8511
NDPRJ_1710,concrete_demand,192114.124
NDPRJ_1711,concrete_demand,98165.97
NDPRJ_1712,concrete_demand,346611.38
NDPRJ_1713,concrete_demand,132496.4225
NDPRJ_1714,concrete_demand,241418.2238
NDPRJ_1715,concrete_demand,33200.68088
NDPRJ_1716,concrete_demand,1272212.8
NDPRJ_1717,concrete_demand,815018.2001
NDPRJ_1718,concrete_demand,62435.02555
NDPRJ_1719,concrete_demand,158167.8943
NDPRJ_1720,concrete_demand,51497.334
NDPRJ_1721,concrete_demand,625615.64
NDPRJ_1722,concrete_demand,32269.71951
NDPRJ_1723,concrete_demand,116491.7
NDPRJ_1724,concrete_demand,7631.85579
NDPRJ_1725,concrete_demand,161742.5194
NDPRJ_1726,concrete_demand,142192.0885
NDPRJ_1727,concrete_demand,75167.128
NDPRJ_1728,concrete_demand,89450.60103
NDPRJ_1729,concrete_demand,309053.511
NDPRJ_1730,concrete_demand,465038.99
NDPRJ_1731,concrete_demand,83167.56
NDPRJ_1732,concrete_demand,29206.8
NDPRJ_1733,concrete_demand,30351.55095
NDPRJ_1734,concrete_demand,55938.37158
NDPRJ_1735,concrete_demand,565428.032
NDPRJ_1736,concrete_demand,83311.2
NDPRJ_1737,concrete_demand,119700
NDPRJ_1738,concrete_demand,63412.7208
NDPRJ_1739,concrete_demand,82102.23
NDPRJ_1740,concrete_demand,673773.224
NDPRJ_1741,concrete_demand,32848.074
NDPRJ_1742,concrete_demand,2349936.55
NDPRJ_1743,concrete_demand,129575.25
NDPRJ_1744,concrete_demand,795751.71
NDPRJ_1745,concrete_demand,43728.152
NDPRJ_1746,concrete_demand,29874.726
NDPRJ_1747,concrete_demand,338077.089
NDPRJ_1748,concrete_demand,37107
NDPRJ_1749,concrete_demand,27847.3671
NDPRJ_1750,concrete_demand,68739.456
NDPRJ_1751,concrete_demand,409827.663
NDPRJ_1752,concrete_demand,232075.557
NDPRJ_1753,concrete_demand,71185.59
NDPRJ_1754,concrete_demand,231199.943
NDPRJ_1755,concrete_demand,582820
NDPRJ_1756,concrete_demand,445828.635
NDPRJ_1757,concrete_demand,53225.367
NDPRJ_1758,concrete_demand,43139.88
NDPRJ_1759,concrete_demand,98601.4386
NDPRJ_1760,concrete_demand,5985
NDPRJ_1761,concrete_demand,112213.465
NDPRJ_1762,concrete_demand,37291.338
NDPRJ_1763,concrete_demand,79720.2
NDPRJ_1764,concrete_demand,469440.7681
NDPRJ_1765,concrete_demand,45486
NDPRJ_1766,concrete_demand,211129.6589
NDPRJ_1767,concrete_demand,59408.7052
NDPRJ_1768,concrete_demand,178232.301
NDPRJ_1769,concrete_demand,323190
NDPRJ_1770,concrete_demand,32223.24
NDPRJ_1771,concrete_demand,432926.455
NDPRJ_1772,concrete_demand,519697.308
NDPRJ_1773,concrete_demand,46958.64
NDPRJ_1774,concrete_demand,162959.58
NDPRJ_1775,concrete_demand,52668
NDPRJ_1776,concrete_demand,112410.6291
NDPRJ_1777,concrete_demand,40356.6423
NDPRJ_1778,concrete_demand,106658.685
NDPRJ_1779,concrete_demand,84101.22
NDPRJ_1780,concrete_demand,175001.4
NDPRJ_1781,concrete_demand,483162.212
NDPRJ_1782,concrete_demand,244745.969
NDPRJ_1783,concrete_demand,63787.6282
NDPRJ_1784,concrete_demand,915860
NDPRJ_1785,concrete_demand,658322.431
NDPRJ_1786,concrete_demand,57922.83
NDPRJ_1787,concrete_demand,3605.364
NDPRJ_1788,concrete_demand,146482.875
NDPRJ_1789,concrete_demand,147101.0297
NDPRJ_1790,concrete_demand,25955.17548
NDPRJ_1791,concrete_demand,383040
NDPRJ_1792,concrete_demand,20432.35908
NDPRJ_1793,concrete_demand,143190.548
NDPRJ_1794,concrete_demand,701913.618
NDPRJ_1795,concrete_demand,87168.7804
NDPRJ_1796,concrete_demand,277785.3336
NDPRJ_1797,concrete_demand,1723.68
NDPRJ_1798,concrete_demand,42768.81
NDPRJ_1799,concrete_demand,12113.64
NDPRJ_1800,concrete_demand,351918
NDPRJ_1801,concrete_demand,3591
NDPRJ_1802,concrete_demand,371089.82
NDPRJ_1803,concrete_demand,73418.6362
NDPRJ_1804,concrete_demand,108737.56
NDPRJ_1805,concrete_demand,399648
NDPRJ_1806,concrete_demand,126891.4192
NDPRJ_1807,concrete_demand,83311.2
NDPRJ_1808,concrete_demand,52073.8517
NDPRJ_1809,concrete_demand,29300.166
NDPRJ_1810,concrete_demand,242943.12
NDPRJ_1811,concrete_demand,53865
NDPRJ_1812,concrete_demand,11970
NDPRJ_1813,concrete_demand,74333.7
NDPRJ_1814,concrete_demand,70613.424
NDPRJ_1815,concrete_demand,234385.424
NDPRJ_1816,concrete_demand,190201.05
NDPRJ_1817,concrete_demand,186304.248
NDPRJ_1818,concrete_demand,162985.29
NDPRJ_1819,concrete_demand,118038.05
NDPRJ_1820,concrete_demand,107296.072
NDPRJ_1821,concrete_demand,65694.1025
NDPRJ_1822,concrete_demand,5241.663
NDPRJ_1823,concrete_demand,219462.768
NDPRJ_1824,concrete_demand,54248.04
NDPRJ_1825,concrete_demand,220248
NDPRJ_1826,concrete_demand,101745
NDPRJ_1827,concrete_demand,14109.039
NDPRJ_1828,concrete_demand,39620.7
NDPRJ_1829,concrete_demand,1172.19816
NDPRJ_1830,concrete_demand,96598.252
NDPRJ_1831,concrete_demand,373941.0786
NDPRJ_1832,concrete_demand,168521.223
NDPRJ_1833,concrete_demand,37167.05349
NDPRJ_1834,concrete_demand,213489.081
NDPRJ_1835,concrete_demand,96987.072
NDPRJ_1836,concrete_demand,43794.76
NDPRJ_1837,concrete_demand,616124
NDPRJ_1838,concrete_demand,352070.8215
NDPRJ_1839,concrete_demand,57456
NDPRJ_1840,concrete_demand,295909.536
NDPRJ_1841,concrete_demand,6995.268
NDPRJ_1842,concrete_demand,196184.0507
NDPRJ_1843,concrete_demand,64638
NDPRJ_1844,concrete_demand,143640
NDPRJ_1845,concrete_demand,269206.904
NDPRJ_1846,concrete_demand,47880
NDPRJ_1847,concrete_demand,12927.6
NDPRJ_1848,concrete_demand,163306.71
NDPRJ_1849,concrete_demand,166251.6451
NDPRJ_1850,concrete_demand,116671.59
NDPRJ_1851,concrete_demand,35985.19554
NDPRJ_1852,concrete_demand,86538.7788
NDPRJ_1853,concrete_demand,105291.4354
NDPRJ_1854,concrete_demand,265530.51
NDPRJ_1855,concrete_demand,204118.2
NDPRJ_1856,concrete_demand,1725.63111
NDPRJ_1857,concrete_demand,399937.655
NDPRJ_1858,concrete_demand,80790.318
NDPRJ_1859,concrete_demand,252426.174
NDPRJ_1860,concrete_demand,43546.86
NDPRJ_1861,concrete_demand,188051.036
NDPRJ_1862,concrete_demand,188134.296
NDPRJ_1863,concrete_demand,201387.5521
NDPRJ_1864,concrete_demand,225049.5819
NDPRJ_1865,concrete_demand,14327.24202
NDPRJ_1866,concrete_demand,3551.499
NDPRJ_1867,concrete_demand,7826.44
NDPRJ_1868,concrete_demand,96269.3235
NDPRJ_1869,concrete_demand,11248.4484
NDPRJ_1870,concrete_demand,367092.369
NDPRJ_1871,concrete_demand,20918.772
NDPRJ_1872,concrete_demand,71820
NDPRJ_1873,concrete_demand,134611.2623
NDPRJ_1874,concrete_demand,35031.402
NDPRJ_1875,concrete_demand,422361.45
NDPRJ_1876,concrete_demand,331492.7299
NDPRJ_1877,concrete_demand,258178.596
NDPRJ_1878,concrete_demand,126069.7919
NDPRJ_1879,concrete_demand,95197.8188
NDPRJ_1880,concrete_demand,325623.1667
NDPRJ_1881,concrete_demand,1129005.6
NDPRJ_1882,concrete_demand,230416.459
NDPRJ_1883,concrete_demand,218648.7355
NDPRJ_1884,concrete_demand,78965.9091
NDPRJ_1885,concrete_demand,609502.824
NDPRJ_1886,concrete_demand,179550
NDPRJ_1887,concrete_demand,18385.92
NDPRJ_1888,concrete_demand,198761.85
NDPRJ_1889,concrete_demand,98090.135
NDPRJ_1890,concrete_demand,93366
NDPRJ_1891,concrete_demand,34983.522
NDPRJ_1892,concrete_demand,7492.40604
NDPRJ_1893,concrete_demand,75101.065
NDPRJ_1894,concrete_demand,146279.5555
NDPRJ_1895,concrete_demand,551847.28
NDPRJ_1896,concrete_demand,16758
NDPRJ_1897,concrete_demand,47416.1625
NDPRJ_1898,concrete_demand,27049.806
NDPRJ_1899,concrete_demand,473233.7106
NDPRJ_1900,concrete_demand,51471
NDPRJ_1901,concrete_demand,25145.05302
NDPRJ_1902,concrete_demand,305952.1916
NDPRJ_1903,concrete_demand,1271546.72
NDPRJ_1904,concrete_demand,79696.28113
NDPRJ_1905,concrete_demand,5386.5
NDPRJ_1906,concrete_demand,199824
NDPRJ_1907,concrete_demand,49493.509
NDPRJ_1908,concrete_demand,69357.9211
NDPRJ_1909,concrete_demand,42673.25349
NDPRJ_1910,concrete_demand,44205.21
NDPRJ_1911,concrete_demand,139985.911
NDPRJ_1912,concrete_demand,56194.359
NDPRJ_1913,concrete_demand,136295.289
NDPRJ_1914,concrete_demand,126261.5393
NDPRJ_1915,concrete_demand,11932.893
NDPRJ_1916,concrete_demand,16039.8
NDPRJ_1917,concrete_demand,83790
NDPRJ_1918,concrete_demand,1082380
NDPRJ_1919,concrete_demand,29903.454
NDPRJ_1920,concrete_demand,33396.3
NDPRJ_1921,concrete_demand,585448.11
NDPRJ_1922,concrete_demand,556509.84
NDPRJ_1923,concrete_demand,1469.916
NDPRJ_1924,concrete_demand,42263.13721
NDPRJ_1925,concrete_demand,227430
NDPRJ_1926,concrete_demand,204757.358
NDPRJ_1927,concrete_demand,143640
NDPRJ_1928,concrete_demand,355165.668
NDPRJ_1929,concrete_demand,125841.963
NDPRJ_1930,concrete_demand,239400
NDPRJ_1931,concrete_demand,319579
NDPRJ_1932,concrete_demand,10174.5
NDPRJ_1933,concrete_demand,9224.8002
NDPRJ_1934,concrete_demand,200617.2
NDPRJ_1935,concrete_demand,44875.53
NDPRJ_1936,concrete_demand,196308
NDPRJ_1937,concrete_demand,79173.12
NDPRJ_1938,concrete_demand,69187.3948
NDPRJ_1939,concrete_demand,91228.158
NDPRJ_1940,concrete_demand,45751.342
NDPRJ_1941,concrete_demand,264132.0435
NDPRJ_1942,concrete_demand,122692.5
NDPRJ_1943,concrete_demand,268280.019
NDPRJ_1944,concrete_demand,113116.5
NDPRJ_1945,concrete_demand,462729.774
NDPRJ_1946,concrete_demand,194709.1757
NDPRJ_1947,concrete_demand,67627.04
NDPRJ_1948,concrete_demand,610.47
NDPRJ_1949,concrete_demand,128519.496
NDPRJ_1950,concrete_demand,29824.54776
NDPRJ_1951,concrete_demand,152447.3948
NDPRJ_1952,concrete_demand,94041.52695
NDPRJ_1953,concrete_demand,1126516.126
NDPRJ_1954,concrete_demand,191822.1645
NDPRJ_1955,concrete_demand,304038
NDPRJ_1956,concrete_demand,223839
NDPRJ_1957,concrete_demand,346172.4
NDPRJ_1958,concrete_demand,123805.71
NDPRJ_1959,concrete_demand,332490.484
NDPRJ_1960,concrete_demand,331569
NDPRJ_1961,concrete_demand,396896.5
NDPRJ_1962,concrete_demand,297441.333
NDPRJ_1963,concrete_demand,47007.387
NDPRJ_1964,concrete_demand,53322.2716
NDPRJ_1965,concrete_demand,13645.8
NDPRJ_1966,concrete_demand,58653
NDPRJ_1967,concrete_demand,380505.19
NDPRJ_1968,concrete_demand,212307.6696
NDPRJ_1969,concrete_demand,22673.6146
NDPRJ_1970,concrete_demand,55770.624
NDPRJ_1971,concrete_demand,1332160
NDPRJ_1972,concrete_demand,13899.564
NDPRJ_1973,concrete_demand,1282.5855
NDPRJ_1974,concrete_demand,39416.013
NDPRJ_1975,concrete_demand,488376
NDPRJ_1976,concrete_demand,157491.6239
NDPRJ_1977,concrete_demand,426610.8
NDPRJ_1978,concrete_demand,837900
NDPRJ_1979,concrete_demand,74812.5
NDPRJ_1980,concrete_demand,74932.2
NDPRJ_1981,concrete_demand,237308.0255
NDPRJ_1982,concrete_demand,80940.39187
NDPRJ_1983,concrete_demand,1523676.861
NDPRJ_1984,concrete_demand,468337.87
NDPRJ_1985,concrete_demand,25828.866
NDPRJ_1986,concrete_demand,169521.196
NDPRJ_1987,concrete_demand,263564.0176
NDPRJ_1988,concrete_demand,33304
NDPRJ_1989,concrete_demand,25102.287
NDPRJ_1990,concrete_demand,46390.5
NDPRJ_1991,concrete_demand,126095.5644
NDPRJ_1992,concrete_demand,59850
NDPRJ_1993,concrete_demand,131670
NDPRJ_1994,concrete_demand,225131.76
NDPRJ_1995,concrete_demand,95724.2195
NDPRJ_1996,concrete_demand,117377.82
NDPRJ_1997,concrete_demand,69426
NDPRJ_1998,concrete_demand,497878.148
NDPRJ_1999,concrete_demand,12568.5
NDPRJ_2000,concrete_demand,526680
NDPRJ_2001,concrete_demand,227298.33
NDPRJ_2002,concrete_demand,530271
NDPRJ_2003,concrete_demand,214076.694
NDPRJ_2004,concrete_demand,91283.1023
NDPRJ_2005,concrete_demand,43397.235
NDPRJ_2006,concrete_demand,43427.16
NDPRJ_2007,concrete_demand,221271.435
NDPRJ_2008,concrete_demand,55062
NDPRJ_2009,concrete_demand,199001.25
NDPRJ_2010,concrete_demand,79277.31
NDPRJ_2011,concrete_demand,4456.32327
NDPRJ_2012,concrete_demand,672699.636
NDPRJ_2013,concrete_demand,71796.06
NDPRJ_2014,concrete_demand,42875.131
NDPRJ_2015,concrete_demand,17955
NDPRJ_2016,concrete_demand,42014.7
NDPRJ_2017,concrete_demand,30487.59
NDPRJ_2018,concrete_demand,23461.2
NDPRJ_2019,concrete_demand,711132.5522
NDPRJ_2020,concrete_demand,113475.6
NDPRJ_2021,concrete_demand,1627920
NDPRJ_2022,concrete_demand,5985
NDPRJ_2023,concrete_demand,99615.867
NDPRJ_2024,concrete_demand,56701.5618
NDPRJ_2025,concrete_demand,159016.662
NDPRJ_2026,concrete_demand,76932.24
NDPRJ_2027,concrete_demand,3598.182
NDPRJ_2028,concrete_demand,79394.7635
NDPRJ_2029,concrete_demand,134198.468
NDPRJ_2030,concrete_demand,139221.3942
NDPRJ_2031,concrete_demand,142882.74
NDPRJ_2032,concrete_demand,56742.588
NDPRJ_2033,concrete_demand,190628.7656
NDPRJ_2034,concrete_demand,91586
NDPRJ_2035,concrete_demand,37705.5
NDPRJ_2036,concrete_demand,418533.444
NDPRJ_2037,concrete_demand,85944.6
NDPRJ_2038,concrete_demand,35910
NDPRJ_2039,concrete_demand,70021.8207
NDPRJ_2040,concrete_demand,154064.304
NDPRJ_2041,concrete_demand,95587.4756
NDPRJ_2042,concrete_demand,154047.113
NDPRJ_2043,concrete_demand,100548
NDPRJ_2044,concrete_demand,67032
NDPRJ_2045,concrete_demand,1920903.116
NDPRJ_2046,concrete_demand,223836.184
NDPRJ_2047,concrete_demand,54583.2
NDPRJ_2048,concrete_demand,53865
NDPRJ_2049,concrete_demand,53149.0804
NDPRJ_2050,concrete_demand,42509.2256
NDPRJ_2051,concrete_demand,70602.651
NDPRJ_2052,concrete_demand,95877.2204
NDPRJ_2053,concrete_demand,37833.579
NDPRJ_2054,concrete_demand,450503.3
NDPRJ_2055,concrete_demand,999353.128
NDPRJ_2056,concrete_demand,35071.218
NDPRJ_2057,concrete_demand,28129.5
NDPRJ_2058,concrete_demand,61995.396
NDPRJ_2059,concrete_demand,19472.6701
NDPRJ_2060,concrete_demand,17291.2857
NDPRJ_2061,concrete_demand,113850.261
NDPRJ_2062,concrete_demand,17731.48
NDPRJ_2063,concrete_demand,183141
NDPRJ_2064,concrete_demand,397333.372
NDPRJ_2065,concrete_demand,285155.325
NDPRJ_2066,concrete_demand,86580.207
NDPRJ_2067,concrete_demand,148207.3385
NDPRJ_2068,concrete_demand,31639.104
NDPRJ_2069,concrete_demand,67253.445
NDPRJ_2070,concrete_demand,397982.8
NDPRJ_2071,concrete_demand,91915.044
NDPRJ_2072,concrete_demand,255498.2968
NDPRJ_2073,concrete_demand,65165.65372
NDPRJ_2074,concrete_demand,98154
NDPRJ_2075,concrete_demand,34843.64392
NDPRJ_2076,concrete_demand,34266.519
NDPRJ_2077,concrete_demand,56493.32
NDPRJ_2078,concrete_demand,10823.8
NDPRJ_2079,concrete_demand,160820.4
NDPRJ_2080,concrete_demand,792045.324
NDPRJ_2081,concrete_demand,86301.10251
NDPRJ_2082,concrete_demand,123708
NDPRJ_2083,concrete_demand,304103.9427
NDPRJ_2084,concrete_demand,82593
NDPRJ_2085,concrete_demand,31122
NDPRJ_2086,concrete_demand,74388.10365
NDPRJ_2087,concrete_demand,92169
NDPRJ_2088,concrete_demand,104737.5
NDPRJ_2089,concrete_demand,67431.169
NDPRJ_2090,concrete_demand,470702.295
NDPRJ_2091,concrete_demand,687729.8844
NDPRJ_2092,concrete_demand,231465.9152
NDPRJ_2093,concrete_demand,365835.519
NDPRJ_2094,concrete_demand,223437.266
NDPRJ_2095,concrete_demand,238789.68
NDPRJ_2096,concrete_demand,204819.6
NDPRJ_2097,concrete_demand,98246.8
NDPRJ_2098,concrete_demand,216530.236
NDPRJ_2099,concrete_demand,89775
NDPRJ_2100,concrete_demand,1687770
NDPRJ_2101,concrete_demand,154635
NDPRJ_2102,concrete_demand,8977.5
NDPRJ_2103,concrete_demand,203490
NDPRJ_2104,concrete_demand,65116.8
NDPRJ_2105,concrete_demand,541881.9
NDPRJ_2106,concrete_demand,34234.2
NDPRJ_2107,concrete_demand,36600.669
NDPRJ_2108,concrete_demand,155665.9
NDPRJ_2109,concrete_demand,10725.2397
NDPRJ_2110,concrete_demand,1205.379
NDPRJ_2111,concrete_demand,103791.012
NDPRJ_2112,concrete_demand,149769.152
NDPRJ_2113,concrete_demand,127851.57
NDPRJ_2114,concrete_demand,371189.7
NDPRJ_2115,concrete_demand,97632.108
NDPRJ_2116,concrete_demand,514710
NDPRJ_2117,concrete_demand,130353.3
NDPRJ_2118,concrete_demand,30911.328
NDPRJ_2119,concrete_demand,5623.76934
NDPRJ_2120,concrete_demand,156102.7954
NDPRJ_2121,concrete_demand,55668.6
NDPRJ_2122,concrete_demand,1529873.73
NDPRJ_2123,concrete_demand,354961.971
NDPRJ_2124,concrete_demand,61525.8
NDPRJ_2125,concrete_demand,195871
NDPRJ_2126,concrete_demand,187860.7833
NDPRJ_2127,concrete_demand,486894.07
NDPRJ_2128,concrete_demand,68662.314
NDPRJ_2129,concrete_demand,46596.68
NDPRJ_2130,concrete_demand,82472
NDPRJ_2131,concrete_demand,34261.9615
NDPRJ_2132,concrete_demand,98419.69772
NDPRJ_2133,concrete_demand,73193.9
NDPRJ_2134,concrete_demand,75324.816
NDPRJ_2135,concrete_demand,108440.371
NDPRJ_2136,concrete_demand,329888
NDPRJ_2137,concrete_demand,189252.2715
NDPRJ_2138,concrete_demand,201077.6326
NDPRJ_2139,concrete_demand,51471
NDPRJ_2140,concrete_demand,170117.0562
NDPRJ_2141,concrete_demand,66853.865
NDPRJ_2142,concrete_demand,75171.6
NDPRJ_2143,concrete_demand,14364
NDPRJ_2144,concrete_demand,67032
NDPRJ_2145,concrete_demand,75144.069
NDPRJ_2146,concrete_demand,45890.5135
NDPRJ_2147,concrete_demand,140346.786
NDPRJ_2148,concrete_demand,173513.84
NDPRJ_2149,concrete_demand,50503.824
NDPRJ_2150,concrete_demand,254314.62
NDPRJ_2151,concrete_demand,34626.816
NDPRJ_2152,concrete_demand,131670
NDPRJ_2153,concrete_demand,106533
NDPRJ_2154,concrete_demand,33440.3342
NDPRJ_2155,concrete_demand,67008.5
NDPRJ_2156,concrete_demand,24418.4928
NDPRJ_2157,concrete_demand,86341.9986
NDPRJ_2158,concrete_demand,7854.714
NDPRJ_2159,concrete_demand,128220.4
NDPRJ_2160,concrete_demand,47880
NDPRJ_2161,concrete_demand,16949.52
NDPRJ_2162,concrete_demand,119999.25
NDPRJ_2163,concrete_demand,150051.172
NDPRJ_2164,concrete_demand,148053.339
NDPRJ_2165,concrete_demand,184096.186
NDPRJ_2166,concrete_demand,35177.436
NDPRJ_2167,concrete_demand,421344
NDPRJ_2168,concrete_demand,147965.077
NDPRJ_2169,concrete_demand,45793
NDPRJ_2170,concrete_demand,113715
NDPRJ_2171,concrete_demand,89088.2
NDPRJ_2172,concrete_demand,32319
NDPRJ_2173,concrete_demand,110495.07
NDPRJ_2174,concrete_demand,113870.61
NDPRJ_2175,concrete_demand,348792.792
NDPRJ_2176,concrete_demand,73124.73
NDPRJ_2177,concrete_demand,128630.817
NDPRJ_2178,concrete_demand,125373.78
NDPRJ_2179,concrete_demand,83358.574
NDPRJ_2180,concrete_demand,59949.351
NDPRJ_2181,concrete_demand,17225.6679
NDPRJ_2182,concrete_demand,49637.196
NDPRJ_2183,concrete_demand,21546
NDPRJ_2184,concrete_demand,700780.3368
NDPRJ_2185,concrete_demand,98513.1
NDPRJ_2186,concrete_demand,158063.7734
NDPRJ_2187,concrete_demand,39465.09
NDPRJ_2188,concrete_demand,19155.591
NDPRJ_2189,concrete_demand,90493.2
NDPRJ_2190,concrete_demand,31881.50847
NDPRJ_2191,concrete_demand,24313.464
NDPRJ_2192,concrete_demand,24159.1415
NDPRJ_2193,concrete_demand,79492.77
NDPRJ_2194,concrete_demand,79524.9564
NDPRJ_2195,concrete_demand,81887.8752
NDPRJ_2196,concrete_demand,17020.71756
NDPRJ_2197,concrete_demand,202295.5688
NDPRJ_2198,concrete_demand,65487.9225
NDPRJ_2199,concrete_demand,136629.66
NDPRJ_2200,concrete_demand,115408.5177
NDPRJ_2201,concrete_demand,129952.208
NDPRJ_2202,concrete_demand,120862.8137
NDPRJ_2203,concrete_demand,32989.30218
NDPRJ_2204,concrete_demand,48890.272
NDPRJ_2205,concrete_demand,681899.4
NDPRJ_2206,concrete_demand,378000.4
NDPRJ_2207,concrete_demand,56877.8457
NDPRJ_2208,concrete_demand,14364
NDPRJ_2209,concrete_demand,191520
NDPRJ_2210,concrete_demand,114896.7518
NDPRJ_2211,concrete_demand,172160.3
NDPRJ_2212,concrete_demand,157114.629
NDPRJ_2213,concrete_demand,366344
NDPRJ_2214,concrete_demand,77355.53384
NDPRJ_2215,concrete_demand,192396.867
NDPRJ_2216,concrete_demand,125384.5644
NDPRJ_2217,concrete_demand,104794.3664
NDPRJ_2218,concrete_demand,38860.3656
NDPRJ_2219,concrete_demand,190970.3814
NDPRJ_2220,concrete_demand,37705.5
NDPRJ_2221,concrete_demand,18248.265
NDPRJ_2222,concrete_demand,850389.41
NDPRJ_2223,concrete_demand,20247.255
NDPRJ_2224,concrete_demand,177624.07
NDPRJ_2225,concrete_demand,55970.6537
NDPRJ_2226,concrete_demand,50274
NDPRJ_2227,concrete_demand,94568.77647
NDPRJ_2228,concrete_demand,118143.2018
NDPRJ_2229,concrete_demand,518027.25
NDPRJ_2230,concrete_demand,167551.1461
NDPRJ_2231,concrete_demand,22521.3156
NDPRJ_2232,concrete_demand,42026.0715
NDPRJ_2233,concrete_demand,1030527.845
NDPRJ_2234,concrete_demand,149480.5
NDPRJ_2235,concrete_demand,557802
NDPRJ_2236,concrete_demand,107730
NDPRJ_2237,concrete_demand,57240.54
NDPRJ_2238,concrete_demand,2214.45
NDPRJ_2239,concrete_demand,119698.803
NDPRJ_2240,concrete_demand,92224.314
NDPRJ_2241,concrete_demand,148390.8387
NDPRJ_2242,concrete_demand,24728.49726
NDPRJ_2243,concrete_demand,118091.6568
NDPRJ_2244,concrete_demand,327642.6998
NDPRJ_2245,concrete_demand,234408.5388
NDPRJ_2246,concrete_demand,122326.594
NDPRJ_2247,concrete_demand,213829.278
NDPRJ_2248,concrete_demand,214379.6964
NDPRJ_2249,concrete_demand,1351203.723
NDPRJ_2250,concrete_demand,100548
NDPRJ_2251,concrete_demand,154635
NDPRJ_2252,concrete_demand,946638.2211
NDPRJ_2253,concrete_demand,15505.19341
NDPRJ_2254,concrete_demand,44571.59245
NDPRJ_2255,concrete_demand,101604.4427
NDPRJ_2256,concrete_demand,148115.71
NDPRJ_2257,concrete_demand,10335.77984
NDPRJ_2258,concrete_demand,8593.997288
NDPRJ_2259,concrete_demand,31744.5735
NDPRJ_2260,concrete_demand,54055.7224
NDPRJ_2261,concrete_demand,169850.4
NDPRJ_2262,concrete_demand,14842.61033
NDPRJ_2263,concrete_demand,102079.753
NDPRJ_2264,concrete_demand,16187.97537
NDPRJ_2265,concrete_demand,277723.8544
NDPRJ_2266,concrete_demand,111195.8948
NDPRJ_2267,concrete_demand,3601.31814
NDPRJ_2268,concrete_demand,246983.022
NDPRJ_2269,concrete_demand,206488.58
NDPRJ_2270,concrete_demand,20704.36411
NDPRJ_2271,concrete_demand,15565.82334
NDPRJ_2272,concrete_demand,171160.596
NDPRJ_2273,concrete_demand,10067.7659
NDPRJ_2274,concrete_demand,82987.45
NDPRJ_2275,concrete_demand,43329.01565
NDPRJ_2276,concrete_demand,13409.72238
NDPRJ_2277,concrete_demand,494832
NDPRJ_2278,concrete_demand,72602.72
NDPRJ_2279,concrete_demand,108238
NDPRJ_2280,concrete_demand,24074.94539
NDPRJ_2281,concrete_demand,260865.736
NDPRJ_2282,concrete_demand,259889.2294
NDPRJ_2283,concrete_demand,30642.77727
NDPRJ_2284,concrete_demand,612793.6
NDPRJ_2285,concrete_demand,666080
NDPRJ_2286,concrete_demand,373432.49
NDPRJ_2287,concrete_demand,8820.15435
NDPRJ_2288,concrete_demand,5163.019208
NDPRJ_2289,concrete_demand,295470.8233
NDPRJ_2290,concrete_demand,12928.21315
NDPRJ_2291,concrete_demand,38299.6
NDPRJ_2292,concrete_demand,34218.5778
NDPRJ_2293,concrete_demand,101798.5717
NDPRJ_2294,concrete_demand,4237.06878
NDPRJ_2295,concrete_demand,24755.2767
NDPRJ_2296,concrete_demand,568943.6553
NDPRJ_2297,concrete_demand,50241.29872
NDPRJ_2298,concrete_demand,156333.0224
NDPRJ_2299,concrete_demand,172526.493
NDPRJ_2300,concrete_demand,6522.5884
NDPRJ_2301,concrete_demand,849618.4772
NDPRJ_2302,concrete_demand,42197.8332
NDPRJ_2303,concrete_demand,20251.55629
NDPRJ_2304,concrete_demand,20607.94873
NDPRJ_2305,concrete_demand,1182292
NDPRJ_2306,concrete_demand,272658.1828
NDPRJ_2307,concrete_demand,51528.24854
NDPRJ_2308,concrete_demand,75013.11365
NDPRJ_2309,concrete_demand,340811.4884
NDPRJ_2310,concrete_demand,53018.23619
NDPRJ_2311,concrete_demand,845338
NDPRJ_2312,concrete_demand,190099.232
NDPRJ_2313,concrete_demand,23600.92581
NDPRJ_2314,concrete_demand,64942.8
NDPRJ_2315,concrete_demand,216476
NDPRJ_2316,concrete_demand,107380.1722
NDPRJ_2317,concrete_demand,215430.1626
NDPRJ_2318,concrete_demand,55174.6855
NDPRJ_2319,concrete_demand,832600
NDPRJ_2320,concrete_demand,194518.5396
NDPRJ_2321,concrete_demand,196270.4632
NDPRJ_2322,concrete_demand,272425.0548
NDPRJ_2323,concrete_demand,36951.10439
NDPRJ_2324,concrete_demand,33337.05422
NDPRJ_2325,concrete_demand,75934.089
NDPRJ_2326,concrete_demand,205159.9502
NDPRJ_2327,concrete_demand,128220.4
NDPRJ_2328,concrete_demand,106928.4867
NDPRJ_2329,concrete_demand,59152.41315
NDPRJ_2330,concrete_demand,107527.2043
NDPRJ_2331,concrete_demand,114300.9447
NDPRJ_2332,concrete_demand,37367.58756
NDPRJ_2333,concrete_demand,12259.72188
NDPRJ_2334,concrete_demand,66608
NDPRJ_2335,concrete_demand,82842.46775
NDPRJ_2336,concrete_demand,58720.3972
NDPRJ_2337,concrete_demand,13987.68
NDPRJ_2338,concrete_demand,107105.664
NDPRJ_2339,concrete_demand,46846.18904
NDPRJ_2340,concrete_demand,11414.24662
NDPRJ_2341,concrete_demand,18317.2
NDPRJ_2342,concrete_demand,20645.1496
NDPRJ_2343,concrete_demand,16652
NDPRJ_2344,concrete_demand,4257.998433
NDPRJ_2345,concrete_demand,61793.89209
NDPRJ_2346,concrete_demand,49021.7895
NDPRJ_2347,concrete_demand,175066.1727
NDPRJ_2348,concrete_demand,196578.4586
NDPRJ_2349,concrete_demand,29370.7643
NDPRJ_2350,concrete_demand,44324.2603
NDPRJ_2351,concrete_demand,21632.29681
NDPRJ_2352,concrete_demand,52067.4736
NDPRJ_2353,concrete_demand,23746.75112
NDPRJ_2354,concrete_demand,37980.23129
NDPRJ_2355,concrete_demand,16587.10716
NDPRJ_2356,concrete_demand,43543.24819
NDPRJ_2357,concrete_demand,33812.00256
NDPRJ_2358,concrete_demand,22000.08954
NDPRJ_2359,concrete_demand,37618.00034
NDPRJ_2360,concrete_demand,32825.90443
NDPRJ_2361,concrete_demand,374525.97
NDPRJ_2362,concrete_demand,101826.3601
NDPRJ_2363,concrete_demand,327546.2887
NDPRJ_2364,concrete_demand,61219.34406
NDPRJ_2365,concrete_demand,216547.0874
NDPRJ_2366,concrete_demand,278602.2308
NDPRJ_2367,concrete_demand,59526.96561
NDPRJ_2368,concrete_demand,50850.82852
NDPRJ_2369,concrete_demand,4795.776
NDPRJ_2370,concrete_demand,41706.86563
NDPRJ_2371,concrete_demand,91898.49143
NDPRJ_2372,concrete_demand,29830.29289
NDPRJ_2373,concrete_demand,68761.1036
NDPRJ_2374,concrete_demand,33304
NDPRJ_2375,concrete_demand,51509.29856
NDPRJ_2376,concrete_demand,99912
NDPRJ_2377,concrete_demand,1944.143383
NDPRJ_2378,concrete_demand,618540
NDPRJ_2379,concrete_demand,69490.36129
NDPRJ_2380,concrete_demand,33429.32295
NDPRJ_2381,concrete_demand,55442.55092
NDPRJ_2382,concrete_demand,6432.19746
NDPRJ_2383,concrete_demand,40784.64457
NDPRJ_2384,concrete_demand,23579.232
NDPRJ_2385,concrete_demand,496.695856
NDPRJ_2386,concrete_demand,262432.7595
NDPRJ_2387,concrete_demand,263913.4927
NDPRJ_2388,concrete_demand,112637.7
NDPRJ_2389,concrete_demand,15305.01972
NDPRJ_2390,concrete_demand,264116.58
NDPRJ_2391,concrete_demand,34714.60757
NDPRJ_2392,concrete_demand,37080.6736
NDPRJ_2393,concrete_demand,24471.7792
NDPRJ_2394,concrete_demand,299736
NDPRJ_2395,concrete_demand,86363.53315
NDPRJ_2396,concrete_demand,102715.5875
NDPRJ_2397,concrete_demand,932512
NDPRJ_2398,concrete_demand,333040
NDPRJ_2399,concrete_demand,5012.86842
NDPRJ_2400,concrete_demand,6552.2583
NDPRJ_2401,concrete_demand,212772.4921
NDPRJ_2402,concrete_demand,116165.259
NDPRJ_2403,concrete_demand,18380.0547
NDPRJ_2404,concrete_demand,1279.66482
NDPRJ_2405,concrete_demand,4244.235918
NDPRJ_2406,concrete_demand,910.099138
NDPRJ_2407,concrete_demand,74486.99371
NDPRJ_2408,concrete_demand,10990.32
NDPRJ_2409,concrete_demand,44466.156
NDPRJ_2410,concrete_demand,846687.177
NDPRJ_2411,concrete_demand,191260.251
NDPRJ_2412,concrete_demand,263336.1767
NDPRJ_2413,concrete_demand,87296.04515
NDPRJ_2414,concrete_demand,31880.45382
NDPRJ_2415,concrete_demand,125062.5813
NDPRJ_2416,concrete_demand,9627.471
NDPRJ_2417,concrete_demand,6660.8
NDPRJ_2418,concrete_demand,2103.83523
NDPRJ_2419,concrete_demand,11929.49352
NDPRJ_2420,concrete_demand,7992.96
NDPRJ_2421,concrete_demand,62341.42456
NDPRJ_2422,concrete_demand,15800.4
NDPRJ_2423,concrete_demand,51621.2
NDPRJ_2424,concrete_demand,28308.4
NDPRJ_2425,concrete_demand,13321.6
NDPRJ_2426,concrete_demand,14001.309
NDPRJ_2427,concrete_demand,98795.77574
NDPRJ_2428,concrete_demand,70906.39741
NDPRJ_2429,concrete_demand,24724.8896
NDPRJ_2430,concrete_demand,518037.7253
NDPRJ_2431,concrete_demand,115466.6665
NDPRJ_2432,concrete_demand,47666.48322
NDPRJ_2433,concrete_demand,8259.3
NDPRJ_2434,concrete_demand,80204.02
NDPRJ_2435,concrete_demand,1256.14377
NDPRJ_2436,concrete_demand,4163
NDPRJ_2437,concrete_demand,24995.30143
NDPRJ_2438,concrete_demand,815948
NDPRJ_2439,concrete_demand,222304.2
NDPRJ_2440,concrete_demand,266432
NDPRJ_2441,concrete_demand,2114804
NDPRJ_2442,concrete_demand,168.75833
NDPRJ_2443,concrete_demand,17626.41153
NDPRJ_2444,concrete_demand,17987.17536
NDPRJ_2445,concrete_demand,8575.663436
NDPRJ_2446,concrete_demand,146820.1678
NDPRJ_2447,concrete_demand,382996
NDPRJ_2448,concrete_demand,104698.5175
NDPRJ_2449,concrete_demand,70766.32079
NDPRJ_2450,concrete_demand,33830.83598
NDPRJ_2451,concrete_demand,77883.35228
NDPRJ_2452,concrete_demand,187701.1175
NDPRJ_2453,concrete_demand,155143.7532
NDPRJ_2454,concrete_demand,11087.55103
NDPRJ_2455,concrete_demand,41973.24768
NDPRJ_2456,concrete_demand,8260.690856
NDPRJ_2457,concrete_demand,77811.28243
NDPRJ_2458,concrete_demand,6449.81916
NDPRJ_2459,concrete_demand,11856.57369
NDPRJ_2460,concrete_demand,718.2
NDPRJ_2461,concrete_demand,46685.28077
NDPRJ_2462,concrete_demand,49612.26942
NDPRJ_2463,concrete_demand,558.490075
NDPRJ_2464,concrete_demand,32403.19341
NDPRJ_2465,concrete_demand,3229.33842
NDPRJ_2466,concrete_demand,396180.0245
NDPRJ_2467,concrete_demand,30817.95631
NDPRJ_2468,concrete_demand,38685.34358
NDPRJ_2469,concrete_demand,169914.4269
NDPRJ_2470,concrete_demand,12468.95099
NDPRJ_2471,concrete_demand,10878.38526
NDPRJ_2472,concrete_demand,145325.5509
NDPRJ_2473,concrete_demand,148580.8004
NDPRJ_2474,concrete_demand,201387.6228
NDPRJ_2475,concrete_demand,33200.35795
NDPRJ_2476,concrete_demand,215309.8604
NDPRJ_2477,concrete_demand,33388.44229
NDPRJ_2478,concrete_demand,50775.87787
NDPRJ_2479,concrete_demand,249780
NDPRJ_2480,concrete_demand,124890
NDPRJ_2481,concrete_demand,299736
NDPRJ_2482,concrete_demand,316388
NDPRJ_2483,concrete_demand,28870.57152
NDPRJ_2484,concrete_demand,133216
NDPRJ_2485,concrete_demand,106361.3196
NDPRJ_2486,concrete_demand,28633.34713
NDPRJ_2487,concrete_demand,75277.30766
NDPRJ_2488,concrete_demand,13147.91964
NDPRJ_2489,concrete_demand,34969.2
NDPRJ_2490,concrete_demand,33304
NDPRJ_2491,concrete_demand,2064848
NDPRJ_2492,concrete_demand,37483.652
NDPRJ_2493,concrete_demand,5513.4772
NDPRJ_2494,concrete_demand,19982.4
NDPRJ_2495,concrete_demand,282738.854
NDPRJ_2496,concrete_demand,5623.04736
NDPRJ_2497,concrete_demand,44841.44904
NDPRJ_2498,concrete_demand,33549.86678
NDPRJ_2499,concrete_demand,2664.32
NDPRJ_2500,concrete_demand,12942.35158
NDPRJ_2501,concrete_demand,102847.1481
NDPRJ_2502,concrete_demand,133390.9792
NDPRJ_2503,concrete_demand,257725
NDPRJ_2504,concrete_demand,166520
NDPRJ_2505,concrete_demand,20051.10615
NDPRJ_2506,concrete_demand,87941.50998
NDPRJ_2507,concrete_demand,89394.9798
NDPRJ_2508,concrete_demand,221419.0318
NDPRJ_2509,concrete_demand,9740.75392
NDPRJ_2510,concrete_demand,441160.4369
NDPRJ_2511,concrete_demand,99912
NDPRJ_2512,concrete_demand,86307.316
NDPRJ_2513,concrete_demand,66574.14648
NDPRJ_2514,concrete_demand,99320.8207
NDPRJ_2515,concrete_demand,6493.257667
NDPRJ_2516,concrete_demand,4057.395602
NDPRJ_2517,concrete_demand,54769.72686
NDPRJ_2518,concrete_demand,7896.766163
NDPRJ_2519,concrete_demand,64959.23552
NDPRJ_2520,concrete_demand,25420.689
NDPRJ_2521,concrete_demand,14259.60716
NDPRJ_2522,concrete_demand,61970.26813
NDPRJ_2523,concrete_demand,125621.4891
NDPRJ_2524,concrete_demand,7508.736492
NDPRJ_2525,concrete_demand,86184
NDPRJ_2526,concrete_demand,17085.21843
NDPRJ_2527,concrete_demand,382996
NDPRJ_2528,concrete_demand,52383.67843
NDPRJ_2529,concrete_demand,299736
NDPRJ_2530,concrete_demand,306999.4192
NDPRJ_2531,concrete_demand,24336.73148
NDPRJ_2532,concrete_demand,58961.70134
NDPRJ_2533,concrete_demand,26487.5371
NDPRJ_2534,concrete_demand,62836.57178
NDPRJ_2535,concrete_demand,184157.6985
NDPRJ_2536,concrete_demand,90333.7696
NDPRJ_2537,concrete_demand,232295.4
NDPRJ_2538,concrete_demand,72754.2532
NDPRJ_2539,concrete_demand,21647.6
NDPRJ_2540,concrete_demand,96581.6
NDPRJ_2541,concrete_demand,36634.4
NDPRJ_2542,concrete_demand,188654.7
NDPRJ_2543,concrete_demand,1587.451983
NDPRJ_2544,concrete_demand,1898.268333
NDPRJ_2545,concrete_demand,514.4191
NDPRJ_2546,concrete_demand,8412.516
NDPRJ_2547,concrete_demand,10899.51093
NDPRJ_2548,concrete_demand,224802
NDPRJ_2549,concrete_demand,58282
NDPRJ_2550,concrete_demand,46625.6
NDPRJ_2551,concrete_demand,270269.2894
NDPRJ_2552,concrete_demand,64134.49527
NDPRJ_2553,concrete_demand,24505.5239
NDPRJ_2554,concrete_demand,3035.29275
NDPRJ_2555,concrete_demand,2453.542
NDPRJ_2556,concrete_demand,1886.97474
NDPRJ_2557,concrete_demand,17914.88768
NDPRJ_2558,concrete_demand,36154.15632
NDPRJ_2559,concrete_demand,68839.38465
NDPRJ_2560,concrete_demand,1836.538041
NDPRJ_2561,concrete_demand,39244.3012
NDPRJ_2562,concrete_demand,132535.6326
NDPRJ_2563,concrete_demand,129220.2027
NDPRJ_2564,concrete_demand,18540.05372
NDPRJ_2565,concrete_demand,33959.13964
NDPRJ_2566,concrete_demand,6293.08386
NDPRJ_2567,concrete_demand,66608
NDPRJ_2568,concrete_demand,287045.0228
NDPRJ_2569,concrete_demand,143640
NDPRJ_2570,concrete_demand,384203.0283
NDPRJ_2571,concrete_demand,9658.16
NDPRJ_2572,concrete_demand,35998.39351
NDPRJ_2573,concrete_demand,1040408.751
NDPRJ_2574,concrete_demand,333040
NDPRJ_2575,concrete_demand,21647.6
NDPRJ_2576,concrete_demand,44555.65649
NDPRJ_2577,concrete_demand,67896.68163
NDPRJ_2578,concrete_demand,190716.5
NDPRJ_2579,concrete_demand,242339.8531
NDPRJ_2580,concrete_demand,89703.67457
NDPRJ_2581,concrete_demand,54545.2912
NDPRJ_2582,concrete_demand,205271.6018
NDPRJ_2583,concrete_demand,23506.61418
NDPRJ_2584,concrete_demand,80397.80858
NDPRJ_2585,concrete_demand,11594.4046
NDPRJ_2586,concrete_demand,1706684.378
NDPRJ_2587,concrete_demand,185996.0089
NDPRJ_2588,concrete_demand,90438.32751
NDPRJ_2589,concrete_demand,6655.8044
NDPRJ_2590,concrete_demand,274758
NDPRJ_2591,concrete_demand,1148651.563
NDPRJ_2592,concrete_demand,200891.0102
NDPRJ_2593,concrete_demand,39246.11633
NDPRJ_2594,concrete_demand,28852.9204
NDPRJ_2595,concrete_demand,20642.90158
NDPRJ_2596,concrete_demand,134017
NDPRJ_2597,concrete_demand,166520
NDPRJ_2598,concrete_demand,428468.9153
NDPRJ_2599,concrete_demand,143207.2
NDPRJ_2600,concrete_demand,216681.2422
NDPRJ_2601,concrete_demand,3684.395364
NDPRJ_2602,concrete_demand,1090.888071
NDPRJ_2603,concrete_demand,310007.9361
NDPRJ_2604,concrete_demand,516274.72
NDPRJ_2605,concrete_demand,103614.714
NDPRJ_2606,concrete_demand,36567.62548
NDPRJ_2607,concrete_demand,38594.22384
NDPRJ_2608,concrete_demand,5704.31547
NDPRJ_2609,concrete_demand,92595.76789
NDPRJ_2610,concrete_demand,99385.86341
NDPRJ_2611,concrete_demand,98154
NDPRJ_2612,concrete_demand,22445.29741
NDPRJ_2613,concrete_demand,19044.5094
NDPRJ_2614,concrete_demand,366496.6988
NDPRJ_2615,concrete_demand,6096.9195
NDPRJ_2616,concrete_demand,109999.3986
NDPRJ_2617,concrete_demand,482908
NDPRJ_2618,concrete_demand,22722.56986
NDPRJ_2619,concrete_demand,149422.6768
NDPRJ_2620,concrete_demand,197194.5659
NDPRJ_2621,concrete_demand,455942.6865
NDPRJ_2622,concrete_demand,40993.16823
NDPRJ_2623,concrete_demand,6676.01613
NDPRJ_2624,concrete_demand,3178.43001
NDPRJ_2625,concrete_demand,53921.14094
NDPRJ_2626,concrete_demand,147470.4
NDPRJ_2627,concrete_demand,57338.87355
NDPRJ_2628,concrete_demand,31252.24047
NDPRJ_2629,concrete_demand,188785.5224
NDPRJ_2630,concrete_demand,447106.2
NDPRJ_2631,concrete_demand,432952
NDPRJ_2632,concrete_demand,294371.4847
NDPRJ_2633,concrete_demand,1165640
NDPRJ_2634,concrete_demand,23663.62434
NDPRJ_2635,concrete_demand,28651.41455
NDPRJ_2636,concrete_demand,99433.94408
NDPRJ_2637,concrete_demand,28513.55264
NDPRJ_2638,concrete_demand,7796.45601
NDPRJ_2639,concrete_demand,130043.932
NDPRJ_2640,concrete_demand,191941.2092
NDPRJ_2641,concrete_demand,386405.5565
NDPRJ_2642,concrete_demand,28141.47
NDPRJ_2643,concrete_demand,585647.6922
NDPRJ_2644,concrete_demand,511868.9085
NDPRJ_2645,concrete_demand,50435.5776
NDPRJ_2646,concrete_demand,12745.0167
NDPRJ_2647,concrete_demand,1559.89449
NDPRJ_2648,concrete_demand,97600.986
NDPRJ_2649,concrete_demand,416300
NDPRJ_2650,concrete_demand,5157.873
NDPRJ_2651,concrete_demand,3910.69476
NDPRJ_2652,concrete_demand,33345.23035
NDPRJ_2653,concrete_demand,38478.39252
NDPRJ_2654,concrete_demand,24924.58038
NDPRJ_2655,concrete_demand,50491.72233
NDPRJ_2656,concrete_demand,23556.08619
NDPRJ_2657,concrete_demand,257438.9974
NDPRJ_2658,concrete_demand,29235.98301
NDPRJ_2659,concrete_demand,71975.98868
NDPRJ_2660,concrete_demand,64110.2
NDPRJ_2661,concrete_demand,169984.4153
NDPRJ_2662,concrete_demand,294048.5562
NDPRJ_2663,concrete_demand,21757.5032
NDPRJ_2664,concrete_demand,40932.38111
NDPRJ_2665,concrete_demand,11767.80188
NDPRJ_2666,concrete_demand,69877.16127
NDPRJ_2667,concrete_demand,875234.1
NDPRJ_2668,concrete_demand,2650.22982
NDPRJ_2669,concrete_demand,149151.7642
NDPRJ_2670,concrete_demand,44143.45288
NDPRJ_2671,concrete_demand,6455.421
NDPRJ_2672,concrete_demand,865904
NDPRJ_2673,concrete_demand,129515.2803
NDPRJ_2674,concrete_demand,191520
NDPRJ_2675,concrete_demand,29973.6
NDPRJ_2676,concrete_demand,87000.28898
NDPRJ_2677,concrete_demand,9751.959
NDPRJ_2678,concrete_demand,42512.07309
NDPRJ_2679,concrete_demand,145861.5121
NDPRJ_2680,concrete_demand,283084
NDPRJ_2681,concrete_demand,135093.8988
NDPRJ_2682,concrete_demand,253069.8473
NDPRJ_2683,concrete_demand,44599.75098
NDPRJ_2684,concrete_demand,13927.99275
NDPRJ_2685,concrete_demand,25218.396
NDPRJ_2686,concrete_demand,116564
NDPRJ_2687,concrete_demand,87733.74297
NDPRJ_2688,concrete_demand,226467.2
NDPRJ_2689,concrete_demand,345160.7743
NDPRJ_2690,concrete_demand,782756.1846
NDPRJ_2691,concrete_demand,5678.332
NDPRJ_2692,concrete_demand,136434.1199
NDPRJ_2693,concrete_demand,68439.72
NDPRJ_2694,concrete_demand,982468
NDPRJ_2695,concrete_demand,716036
NDPRJ_2696,concrete_demand,6778.3716
NDPRJ_2697,concrete_demand,10702.04184
NDPRJ_2698,concrete_demand,67704.21781
NDPRJ_2699,concrete_demand,12706.64164
NDPRJ_2700,concrete_demand,223292.7544
NDPRJ_2701,concrete_demand,17471.2784
NDPRJ_2702,concrete_demand,1238.9088
NDPRJ_2703,concrete_demand,23527.035
NDPRJ_2704,concrete_demand,229821.4265
NDPRJ_2705,concrete_demand,3017.48139
NDPRJ_2706,concrete_demand,306432
NDPRJ_2707,concrete_demand,145040.49
NDPRJ_2708,concrete_demand,79154.27037
NDPRJ_2709,concrete_demand,120503.7137
NDPRJ_2710,concrete_demand,144823.1309
NDPRJ_2711,concrete_demand,249297.1348
NDPRJ_2712,concrete_demand,61612.4
NDPRJ_2713,concrete_demand,257725
NDPRJ_2714,concrete_demand,180.61368
NDPRJ_2715,concrete_demand,296.8992
NDPRJ_2716,concrete_demand,114898.8
NDPRJ_2717,concrete_demand,131935.4273
NDPRJ_2718,concrete_demand,92050.30839
NDPRJ_2719,concrete_demand,50858.78141
NDPRJ_2720,concrete_demand,7882.54425
NDPRJ_2721,concrete_demand,8003.866364
NDPRJ_2722,concrete_demand,78253.77602
NDPRJ_2723,concrete_demand,7360.32906
NDPRJ_2724,concrete_demand,372856.9429
NDPRJ_2725,concrete_demand,73424.32968
NDPRJ_2726,concrete_demand,19912.87305
NDPRJ_2727,concrete_demand,154635
NDPRJ_2728,concrete_demand,55080.10348
NDPRJ_2729,concrete_demand,5828.2
NDPRJ_2730,concrete_demand,23399.01585
NDPRJ_2731,concrete_demand,237672.9641
NDPRJ_2732,concrete_demand,129857.7912
NDPRJ_2733,concrete_demand,117654.706
NDPRJ_2734,concrete_demand,1166.97216
NDPRJ_2735,concrete_demand,138311.0124
NDPRJ_2736,concrete_demand,24340.79151
NDPRJ_2737,concrete_demand,189477.1133
NDPRJ_2738,concrete_demand,70880.39091
NDPRJ_2739,concrete_demand,20019.65052
NDPRJ_2740,concrete_demand,4757.493052
NDPRJ_2741,concrete_demand,27922.35915
NDPRJ_2742,concrete_demand,21901.45974
NDPRJ_2743,concrete_demand,37905.48046
NDPRJ_2744,concrete_demand,18520.13792
NDPRJ_2745,concrete_demand,282808.4258
NDPRJ_2746,concrete_demand,52668
NDPRJ_2747,concrete_demand,4494.04074
NDPRJ_2748,concrete_demand,30261.2966
NDPRJ_2749,concrete_demand,148221.0006
NDPRJ_2750,concrete_demand,140202.4
NDPRJ_2751,concrete_demand,196917.1054
NDPRJ_2752,concrete_demand,5220.55989
NDPRJ_2753,concrete_demand,47799.566
NDPRJ_2754,concrete_demand,70101.2
NDPRJ_2755,concrete_demand,102679.5624
NDPRJ_2756,concrete_demand,115398.36
NDPRJ_2757,concrete_demand,33690.49292
NDPRJ_2758,concrete_demand,431518.5
NDPRJ_2759,concrete_demand,29326.5
NDPRJ_2760,concrete_demand,61061.1855
NDPRJ_2761,concrete_demand,110236.4582
NDPRJ_2762,concrete_demand,35504.91149
NDPRJ_2763,concrete_demand,683486.7
NDPRJ_2764,concrete_demand,22583.85885
NDPRJ_2765,concrete_demand,194277.2188
NDPRJ_2766,concrete_demand,93251.2
NDPRJ_2767,concrete_demand,53800.362
NDPRJ_2768,concrete_demand,40524.3072
NDPRJ_2769,concrete_demand,90342.29421
NDPRJ_2770,concrete_demand,34045.58017
NDPRJ_2771,concrete_demand,47801.2312
NDPRJ_2772,concrete_demand,59947.2
NDPRJ_2773,concrete_demand,4494.04074
NDPRJ_2774,concrete_demand,215460
NDPRJ_2775,concrete_demand,1795.5
NDPRJ_2776,concrete_demand,38752.19271
NDPRJ_2777,concrete_demand,18391.69929
NDPRJ_2778,concrete_demand,11363.30055
NDPRJ_2779,concrete_demand,65532.43431
NDPRJ_2780,concrete_demand,100107.3779
NDPRJ_2781,concrete_demand,146825.0968
NDPRJ_2782,concrete_demand,174021.0433
NDPRJ_2783,concrete_demand,21564.75794
NDPRJ_2784,concrete_demand,330115.9088
NDPRJ_2785,concrete_demand,186986.1406
NDPRJ_2786,concrete_demand,18428.96822
NDPRJ_2787,concrete_demand,123676.7353
NDPRJ_2788,concrete_demand,138211.6
NDPRJ_2789,concrete_demand,13571.38
NDPRJ_2790,concrete_demand,24228.66
NDPRJ_2791,concrete_demand,23030.64851
NDPRJ_2792,concrete_demand,50711.63517
NDPRJ_2793,concrete_demand,166916.1178
NDPRJ_2794,concrete_demand,186031.5337
NDPRJ_2795,concrete_demand,4985.44515
NDPRJ_2796,concrete_demand,415201.5009
NDPRJ_2797,concrete_demand,23979.04652
NDPRJ_2798,concrete_demand,1713.4908
NDPRJ_2799,concrete_demand,31006.19052
NDPRJ_2800,concrete_demand,14653.76
NDPRJ_2801,concrete_demand,11832.44494
NDPRJ_2802,concrete_demand,610362.0765
NDPRJ_2803,concrete_demand,183172
NDPRJ_2804,concrete_demand,14745.843
NDPRJ_2805,concrete_demand,133489.6257
NDPRJ_2806,concrete_demand,65835
NDPRJ_2807,concrete_demand,247379.6092
NDPRJ_2808,concrete_demand,154635
NDPRJ_2809,concrete_demand,133382.0996
NDPRJ_2810,concrete_demand,271655.0053
NDPRJ_2811,concrete_demand,93725.782
NDPRJ_2812,concrete_demand,69993.22239
NDPRJ_2813,concrete_demand,47880
NDPRJ_2814,concrete_demand,48996.8448
NDPRJ_2815,concrete_demand,17778.84084
NDPRJ_2816,concrete_demand,11889.528
NDPRJ_2817,concrete_demand,2100.666452
NDPRJ_2818,concrete_demand,49075.25907
NDPRJ_2819,concrete_demand,21703.33152
NDPRJ_2820,concrete_demand,364678.8
NDPRJ_2821,concrete_demand,177703.0003
NDPRJ_2822,concrete_demand,100750.9154
NDPRJ_2823,concrete_demand,1428.507821
NDPRJ_2824,concrete_demand,432978
NDPRJ_2825,concrete_demand,473339.2279
NDPRJ_2826,concrete_demand,20611.8456
NDPRJ_2827,concrete_demand,14502.55984
NDPRJ_2828,concrete_demand,213898.6034
NDPRJ_2829,concrete_demand,15395.44008
NDPRJ_2830,concrete_demand,8428.309888
NDPRJ_2831,concrete_demand,98966.4
NDPRJ_2832,concrete_demand,203490
NDPRJ_2833,concrete_demand,200315.2099
NDPRJ_2834,concrete_demand,1752530
NDPRJ_2835,concrete_demand,263910.4
NDPRJ_2836,concrete_demand,138473.1256
NDPRJ_2837,concrete_demand,29685.50375
NDPRJ_2838,concrete_demand,74912.83254
NDPRJ_2839,concrete_demand,67600.60907
NDPRJ_2840,concrete_demand,20907.88486
NDPRJ_2841,concrete_demand,25890.3918
NDPRJ_2842,concrete_demand,41994.351
NDPRJ_2843,concrete_demand,9456.3
NDPRJ_2844,concrete_demand,61838.08456
NDPRJ_2845,concrete_demand,16200.06472
NDPRJ_2846,concrete_demand,97777.38056
NDPRJ_2847,concrete_demand,157764.6
NDPRJ_2848,concrete_demand,34742.7328
NDPRJ_2849,concrete_demand,70485.48859
NDPRJ_2850,concrete_demand,147587.7882
NDPRJ_2851,concrete_demand,123933.8255
NDPRJ_2852,concrete_demand,108163.2325
NDPRJ_2853,concrete_demand,56021.74078
NDPRJ_2854,concrete_demand,77498.408
NDPRJ_2855,concrete_demand,35369.6806
NDPRJ_2856,concrete_demand,34597.75284
NDPRJ_2857,concrete_demand,35910
NDPRJ_2858,concrete_demand,8055.978359
NDPRJ_2859,concrete_demand,320590.499
NDPRJ_2860,concrete_demand,33401.49746
NDPRJ_2861,concrete_demand,153645.2083
NDPRJ_2862,concrete_demand,139293.597
NDPRJ_2863,concrete_demand,8326.15245
NDPRJ_2864,concrete_demand,347985.4701
NDPRJ_2865,concrete_demand,71422.65585
NDPRJ_2866,concrete_demand,20319.76952
NDPRJ_2867,concrete_demand,12236.78881
NDPRJ_2868,concrete_demand,696.445113
NDPRJ_2869,concrete_demand,150124.8125
NDPRJ_2870,concrete_demand,18559.18961
NDPRJ_2871,concrete_demand,642767.2
NDPRJ_2872,concrete_demand,5798.95029
NDPRJ_2873,concrete_demand,23837.39316
NDPRJ_2874,concrete_demand,175253
NDPRJ_2875,concrete_demand,13288.296
NDPRJ_2876,concrete_demand,33181.94084
NDPRJ_2877,concrete_demand,48491.49942
NDPRJ_2878,concrete_demand,15093.7891
NDPRJ_2879,concrete_demand,14948.05
NDPRJ_2880,concrete_demand,19980.8028
NDPRJ_2881,concrete_demand,162344.561
NDPRJ_2882,concrete_demand,33304
NDPRJ_2883,concrete_demand,18027.97141
NDPRJ_2884,concrete_demand,408627.8327
NDPRJ_2885,concrete_demand,832527.6242
NDPRJ_2886,concrete_demand,5994.72
NDPRJ_2887,concrete_demand,249780
NDPRJ_2888,concrete_demand,58285.4013
NDPRJ_2889,concrete_demand,74934
NDPRJ_2890,concrete_demand,131866.7488
NDPRJ_2891,concrete_demand,957.6
NDPRJ_2892,concrete_demand,31178.7378
NDPRJ_2893,concrete_demand,50766.63732
NDPRJ_2894,concrete_demand,170687.5293
NDPRJ_2895,concrete_demand,6751.08
NDPRJ_2896,concrete_demand,7404.844664
NDPRJ_2897,concrete_demand,5291.53002
NDPRJ_2898,concrete_demand,6976.038446
NDPRJ_2899,concrete_demand,10255.70448
NDPRJ_2900,concrete_demand,75255.7
NDPRJ_2901,concrete_demand,107675.4432
NDPRJ_2902,concrete_demand,161270.4903
NDPRJ_2903,concrete_demand,22202.44464
NDPRJ_2904,concrete_demand,49256.71127
NDPRJ_2905,concrete_demand,56352.95253
NDPRJ_2906,concrete_demand,33813.3348
NDPRJ_2907,concrete_demand,521381.288
NDPRJ_2908,concrete_demand,24169.1291
NDPRJ_2909,concrete_demand,111262.0032
NDPRJ_2910,concrete_demand,59873.84794
NDPRJ_2911,concrete_demand,7660.8
NDPRJ_2912,concrete_demand,9802.10133
NDPRJ_2913,concrete_demand,28041.46844
NDPRJ_2914,concrete_demand,4498.796055
NDPRJ_2915,concrete_demand,37273.8035
NDPRJ_2916,concrete_demand,38210.72976
NDPRJ_2917,concrete_demand,1286.552891
NDPRJ_2918,concrete_demand,255.467329
NDPRJ_2919,concrete_demand,218645.7556
NDPRJ_2920,concrete_demand,666586.2208
NDPRJ_2921,concrete_demand,607798
NDPRJ_2922,concrete_demand,170031.3575
NDPRJ_2923,concrete_demand,34388.71128
NDPRJ_2924,concrete_demand,24744.38909
NDPRJ_2925,concrete_demand,13672.39103
NDPRJ_2926,concrete_demand,88657.4
NDPRJ_2927,concrete_demand,608231
NDPRJ_2928,concrete_demand,306596.372
NDPRJ_2929,concrete_demand,605.354789
NDPRJ_2930,concrete_demand,2305.14669
NDPRJ_2931,concrete_demand,114945.35
NDPRJ_2932,concrete_demand,11679.64619
NDPRJ_2933,concrete_demand,13940.3817
NDPRJ_2934,concrete_demand,29845.66268
NDPRJ_2935,concrete_demand,234878.931
NDPRJ_2936,concrete_demand,139876.8
NDPRJ_2937,concrete_demand,40715.67198
NDPRJ_2938,concrete_demand,142408.62
NDPRJ_2939,concrete_demand,104907.6
NDPRJ_2940,concrete_demand,127625.6405
NDPRJ_2941,concrete_demand,52780.518
NDPRJ_2942,concrete_demand,30806.2
NDPRJ_2943,concrete_demand,113751.1275
NDPRJ_2944,concrete_demand,51834.54087
NDPRJ_2945,concrete_demand,301071.2523
NDPRJ_2946,concrete_demand,17013.93122
NDPRJ_2947,concrete_demand,12896.974
NDPRJ_2948,concrete_demand,607.46496
NDPRJ_2949,concrete_demand,275.31
NDPRJ_2950,concrete_demand,22165.19412
NDPRJ_2951,concrete_demand,120169.607
NDPRJ_2952,concrete_demand,10741.92212
NDPRJ_2953,concrete_demand,16757.72355
NDPRJ_2954,concrete_demand,65757.84879
NDPRJ_2955,concrete_demand,1165.64
NDPRJ_2956,concrete_demand,36593.81908
NDPRJ_2957,concrete_demand,139358.9228
NDPRJ_2958,concrete_demand,23312.8
NDPRJ_2959,concrete_demand,61050.22848
NDPRJ_2960,concrete_demand,38366.208
NDPRJ_2961,concrete_demand,65992.44217
NDPRJ_2962,concrete_demand,6308.19
NDPRJ_2963,concrete_demand,134712.5346
NDPRJ_2964,concrete_demand,21403.18499
NDPRJ_2965,concrete_demand,333040
NDPRJ_2966,concrete_demand,108238
NDPRJ_2967,concrete_demand,330890.3028
NDPRJ_2968,concrete_demand,117085.5406
NDPRJ_2969,concrete_demand,116967.811
NDPRJ_2970,concrete_demand,97718.292
NDPRJ_2971,concrete_demand,7479.02358
NDPRJ_2972,concrete_demand,227.8289
NDPRJ_2973,concrete_demand,57288.10873
NDPRJ_2974,concrete_demand,11936.81968
NDPRJ_2975,concrete_demand,128699.4941
NDPRJ_2976,concrete_demand,186209.2582
NDPRJ_2977,concrete_demand,166520
NDPRJ_2978,concrete_demand,151189.6026
NDPRJ_2979,concrete_demand,197661.7878
NDPRJ_2980,concrete_demand,5542.43319
NDPRJ_2981,concrete_demand,23940
NDPRJ_2982,concrete_demand,154863.6
NDPRJ_2983,concrete_demand,16993.34935
NDPRJ_2984,concrete_demand,36634.4
NDPRJ_2985,concrete_demand,197577.6785
NDPRJ_2986,concrete_demand,754.288912
NDPRJ_2987,concrete_demand,35303.43894
NDPRJ_2988,concrete_demand,333040
NDPRJ_2989,concrete_demand,88894.30411
NDPRJ_2990,concrete_demand,93870.52118
NDPRJ_2991,concrete_demand,615623.8905
NDPRJ_2992,concrete_demand,7966.25046
NDPRJ_2993,concrete_demand,27695.81493
NDPRJ_2994,concrete_demand,54342.27002
NDPRJ_2995,concrete_demand,57030.38572
NDPRJ_2996,concrete_demand,745.95924
NDPRJ_2997,concrete_demand,23978.88
NDPRJ_2998,concrete_demand,3654.78813
NDPRJ_2999,concrete_demand,30945.18508
NDPRJ_3000,concrete_demand,514067.7553
NDPRJ_3001,concrete_demand,63731.03396
NDPRJ_3002,concrete_demand,162327.8748
NDPRJ_3003,concrete_demand,407084.6333
NDPRJ_3004,concrete_demand,2858.436
NDPRJ_3005,concrete_demand,206841.6
NDPRJ_3006,concrete_demand,88055.7427
NDPRJ_3007,concrete_demand,12566.98132
NDPRJ_3008,concrete_demand,998793.6504
NDPRJ_3009,concrete_demand,8769.92823
NDPRJ_3010,concrete_demand,32148.23464
NDPRJ_3011,concrete_demand,18598.48558
NDPRJ_3012,concrete_demand,7334.66538
NDPRJ_3013,concrete_demand,832600
NDPRJ_3014,concrete_demand,283017.8583
NDPRJ_3015,concrete_demand,19982.4
NDPRJ_3016,concrete_demand,21985.88538
NDPRJ_3017,concrete_demand,34969.2
NDPRJ_3018,concrete_demand,3591
NDPRJ_3019,concrete_demand,52924.80182
NDPRJ_3020,concrete_demand,111013.3389
NDPRJ_3021,concrete_demand,12325.509
NDPRJ_3022,concrete_demand,5095.512
NDPRJ_3023,concrete_demand,228798.48
NDPRJ_3024,concrete_demand,216476
NDPRJ_3025,concrete_demand,17490.56142
NDPRJ_3026,concrete_demand,91586
NDPRJ_3027,concrete_demand,66643.45211
NDPRJ_3028,concrete_demand,299736
NDPRJ_3029,concrete_demand,828.771437
NDPRJ_3030,concrete_demand,47565.95509
NDPRJ_3031,concrete_demand,118085.09
NDPRJ_3032,concrete_demand,14990.54571
NDPRJ_3033,concrete_demand,103971.7576
NDPRJ_3034,concrete_demand,259288.1088
NDPRJ_3035,concrete_demand,179841.6
NDPRJ_3036,concrete_demand,15326.59648
NDPRJ_3037,concrete_demand,70154.62622
NDPRJ_3038,concrete_demand,168496.992
NDPRJ_3039,concrete_demand,30597.73054
NDPRJ_3040,concrete_demand,49496.4048
NDPRJ_3041,concrete_demand,27800.04774
NDPRJ_3042,concrete_demand,13047.30826
NDPRJ_3043,concrete_demand,20453.00217
NDPRJ_3044,concrete_demand,190779.4261
NDPRJ_3045,concrete_demand,4984.44316
NDPRJ_3046,concrete_demand,34802.68
NDPRJ_3047,concrete_demand,138213.3152
NDPRJ_3048,concrete_demand,86590.4
NDPRJ_3049,concrete_demand,295387.2969
NDPRJ_3050,concrete_demand,75636.09828
NDPRJ_3051,concrete_demand,19002.51306
NDPRJ_3052,concrete_demand,48646.2869
NDPRJ_3053,concrete_demand,24978
NDPRJ_3054,concrete_demand,33274.4427
NDPRJ_3055,concrete_demand,121086.6832
NDPRJ_3056,concrete_demand,102460.4887
NDPRJ_3057,concrete_demand,203973.588
NDPRJ_3058,concrete_demand,24762.94947
NDPRJ_3059,concrete_demand,1665.2
NDPRJ_3060,concrete_demand,63277.6
NDPRJ_3061,concrete_demand,829195.8316
NDPRJ_3062,concrete_demand,12217.5724
NDPRJ_3063,concrete_demand,6161.24
NDPRJ_3064,concrete_demand,206152.1263
NDPRJ_3065,concrete_demand,561526.7546
NDPRJ_3066,concrete_demand,48288.39246
NDPRJ_3067,concrete_demand,54160.97969
NDPRJ_3068,concrete_demand,59389.358
NDPRJ_3069,concrete_demand,96281.864
NDPRJ_3070,concrete_demand,116564
NDPRJ_3071,concrete_demand,144480.1621
NDPRJ_3072,concrete_demand,15123.27979
NDPRJ_3073,concrete_demand,34550.41885
NDPRJ_3074,concrete_demand,34059.92877
NDPRJ_3075,concrete_demand,23259.21386
NDPRJ_3076,concrete_demand,379191.6378
NDPRJ_3077,concrete_demand,22869.95671
NDPRJ_3078,concrete_demand,366010.96
NDPRJ_3079,concrete_demand,53226.35289
NDPRJ_3080,concrete_demand,25001.82901
NDPRJ_3081,concrete_demand,166520
NDPRJ_3082,concrete_demand,109618.4341
NDPRJ_3083,concrete_demand,216476
NDPRJ_3084,concrete_demand,195737.5992
NDPRJ_3085,concrete_demand,498834.5723
NDPRJ_3086,concrete_demand,1232248
NDPRJ_3087,concrete_demand,130145.6709
NDPRJ_3088,concrete_demand,199824
NDPRJ_3089,concrete_demand,989.664
NDPRJ_3090,concrete_demand,646.3743
NDPRJ_3091,concrete_demand,47218.4112
NDPRJ_3092,concrete_demand,201655.72
NDPRJ_3093,concrete_demand,12768.90347
NDPRJ_3094,concrete_demand,211469.6928
NDPRJ_3095,concrete_demand,274758
NDPRJ_3096,concrete_demand,249780
NDPRJ_3097,concrete_demand,33322.86672
NDPRJ_3098,concrete_demand,33304
NDPRJ_3099,concrete_demand,299736
NDPRJ_3100,concrete_demand,344.736
NDPRJ_3101,concrete_demand,24978
NDPRJ_3102,concrete_demand,3322.074
NDPRJ_3103,concrete_demand,362094.0766
NDPRJ_3104,concrete_demand,183172
NDPRJ_3105,concrete_demand,66608
NDPRJ_3106,concrete_demand,362790.0601
NDPRJ_3107,concrete_demand,28033.642
NDPRJ_3108,concrete_demand,41630
NDPRJ_3109,concrete_demand,13321.6
NDPRJ_3110,concrete_demand,27752.2232
NDPRJ_3111,concrete_demand,200026.3105
NDPRJ_3112,concrete_demand,442399.1792
NDPRJ_3113,concrete_demand,142614.3888
NDPRJ_3114,concrete_demand,366344
NDPRJ_3115,concrete_demand,17170.95303
NDPRJ_3116,concrete_demand,80410.2
NDPRJ_3117,concrete_demand,2725006.549
NDPRJ_3118,concrete_demand,133215.7169
NDPRJ_3119,concrete_demand,22202.21151
NDPRJ_3120,concrete_demand,41436.25398
NDPRJ_3121,concrete_demand,74434.44
NDPRJ_3122,concrete_demand,10243.71093
NDPRJ_3123,concrete_demand,96275.33642
NDPRJ_3124,concrete_demand,38299.6
NDPRJ_3125,concrete_demand,12988.56
NDPRJ_3126,concrete_demand,133216
NDPRJ_3127,concrete_demand,91586
NDPRJ_3128,concrete_demand,40467.6904
NDPRJ_3129,concrete_demand,61823.29758
NDPRJ_3130,concrete_demand,44161.30382
NDPRJ_3131,concrete_demand,87462.9648
NDPRJ_3132,concrete_demand,32943.85054
NDPRJ_3133,concrete_demand,648457.6047
NDPRJ_3134,concrete_demand,36032.59672
NDPRJ_3135,concrete_demand,136497.3166
NDPRJ_3136,concrete_demand,18874.55576
NDPRJ_3137,concrete_demand,73032.77455
NDPRJ_3138,concrete_demand,1090.807661
NDPRJ_3139,concrete_demand,2913.43392
NDPRJ_3140,concrete_demand,76754.95615
NDPRJ_3141,concrete_demand,105149.1339
NDPRJ_3142,concrete_demand,136196.6442
NDPRJ_3143,concrete_demand,1355.456185
NDPRJ_3144,concrete_demand,1438.940529
NDPRJ_3145,concrete_demand,1472.211796
NDPRJ_3146,concrete_demand,1665.95708
NDPRJ_3147,concrete_demand,1845.877995
NDPRJ_3148,concrete_demand,6335.665938
NDPRJ_3149,concrete_demand,27497.17757
NDPRJ_3150,concrete_demand,95784.44545
NDPRJ_3151,concrete_demand,4027.830786
NDPRJ_3152,concrete_demand,9305.414726
NDPRJ_3153,concrete_demand,1853.393256
NDPRJ_3154,concrete_demand,55985.64924
NDPRJ_3155,concrete_demand,73266.20526
NDPRJ_3156,concrete_demand,1478.743578
NDPRJ_3157,concrete_demand,70535.40417
NDPRJ_3158,concrete_demand,36813.57552
NDPRJ_3159,concrete_demand,14945.03816
NDPRJ_3160,concrete_demand,54518.47149
NDPRJ_3161,concrete_demand,20418.28608
NDPRJ_3162,concrete_demand,5666.059476
NDPRJ_3163,concrete_demand,22333.89886
NDPRJ_3164,concrete_demand,1855.267432
NDPRJ_3165,concrete_demand,171463.5592
NDPRJ_3166,concrete_demand,50052.70482
NDPRJ_3167,concrete_demand,15376.9064
NDPRJ_3168,concrete_demand,53667.7308
NDPRJ_3169,concrete_demand,1333.133077
NDPRJ_3170,concrete_demand,31900.60274
NDPRJ_3171,concrete_demand,60176.75457
NDPRJ_3172,concrete_demand,49512.79037
NDPRJ_3173,concrete_demand,94765.46294
NDPRJ_3174,concrete_demand,155605.8163
NDPRJ_3175,concrete_demand,36834.49709
NDPRJ_3176,concrete_demand,382996
NDPRJ_3177,concrete_demand,25559.74761
NDPRJ_3178,concrete_demand,1854.376735
NDPRJ_3179,concrete_demand,31335.8735
NDPRJ_3180,concrete_demand,33124.21502
NDPRJ_3181,concrete_demand,36679.95321
NDPRJ_3182,concrete_demand,59880.53871
NDPRJ_3183,concrete_demand,15493.23395
NDPRJ_3184,concrete_demand,75694.37028
NDPRJ_3185,concrete_demand,92212.79127
NDPRJ_3186,concrete_demand,49258.61424
NDPRJ_3187,concrete_demand,12910.91838
NDPRJ_3188,concrete_demand,30990.5443
NDPRJ_3189,concrete_demand,31344.53252
NDPRJ_3190,concrete_demand,54687.82233
NDPRJ_3191,concrete_demand,1324.91268
NDPRJ_3192,concrete_demand,1324.91268
NDPRJ_3193,concrete_demand,17078.68752
NDPRJ_3194,concrete_demand,15982.46304
NDPRJ_3195,concrete_demand,7780.06751
NDPRJ_3196,concrete_demand,37761.61051
NDPRJ_3197,concrete_demand,4937.850864
NDPRJ_3198,concrete_demand,7834.77198
NDPRJ_3199,concrete_demand,64789.73482
NDPRJ_3200,concrete_demand,84993.55979
NDPRJ_3201,concrete_demand,154727.5298
NDPRJ_3202,concrete_demand,162980.9404
NDPRJ_3203,concrete_demand,119841.763
NDPRJ_3204,concrete_demand,107810.3571
NDPRJ_3205,concrete_demand,122529.9786
NDPRJ_3206,concrete_demand,47894.6356
NDPRJ_3207,concrete_demand,44731.76138
NDPRJ_3208,concrete_demand,57295.85524
NDPRJ_3209,concrete_demand,178133.0149
NDPRJ_3210,concrete_demand,13477.26956
NDPRJ_3211,concrete_demand,19988.43468
NDPRJ_3212,concrete_demand,23996.20474
NDPRJ_3213,concrete_demand,85273.9616
NDPRJ_3214,concrete_demand,115584.2862
NDPRJ_3215,concrete_demand,146100.7376
NDPRJ_3216,concrete_demand,34037.48064
NDPRJ_3217,concrete_demand,46220.9997
NDPRJ_3218,concrete_demand,19206.87306
NDPRJ_3219,concrete_demand,13674.52582
NDPRJ_3220,concrete_demand,1746.602325
NDPRJ_3221,concrete_demand,8935.250054
NDPRJ_3222,concrete_demand,12186.96602
NDPRJ_3223,concrete_demand,14292.5215
NDPRJ_3224,concrete_demand,8169.784258
NDPRJ_3225,concrete_demand,14889.05609
NDPRJ_3226,concrete_demand,28555.36914
NDPRJ_3227,concrete_demand,59910.33247
NDPRJ_3228,concrete_demand,86456.33142
NDPRJ_3229,concrete_demand,499560
NDPRJ_3230,concrete_demand,17645.22598
NDPRJ_3231,concrete_demand,694438.6457
NDPRJ_3232,concrete_demand,22390.36912
NDPRJ_3233,concrete_demand,32006.58939
NDPRJ_3234,concrete_demand,62527.6572
NDPRJ_3235,concrete_demand,8668.125331
NDPRJ_3236,concrete_demand,77663.96551
NDPRJ_3237,concrete_demand,22506.93645
NDPRJ_3238,concrete_demand,203820.48
NDPRJ_3239,concrete_demand,56322.28274
NDPRJ_3240,concrete_demand,96876.82331
NDPRJ_3241,concrete_demand,26555.62047
NDPRJ_3242,concrete_demand,44207.01356
NDPRJ_3243,concrete_demand,1332160
NDPRJ_3244,concrete_demand,34716.23281
NDPRJ_3245,concrete_demand,43586.08047
NDPRJ_3246,concrete_demand,12984.56352
NDPRJ_3247,concrete_demand,34195.89111
NDPRJ_3248,concrete_demand,192998.212
NDPRJ_3249,concrete_demand,109599.4509
NDPRJ_3250,concrete_demand,13485.69214
NDPRJ_3251,concrete_demand,171798.251
NDPRJ_3252,concrete_demand,162593.5709
NDPRJ_3253,concrete_demand,14099.8729
NDPRJ_3254,concrete_demand,43299.081
NDPRJ_3255,concrete_demand,1686.461681
NDPRJ_3256,concrete_demand,73627.09109
NDPRJ_3257,concrete_demand,96700.13893
NDPRJ_3258,concrete_demand,275319.4755
NDPRJ_3259,concrete_demand,161787.7847
NDPRJ_3260,concrete_demand,110923.6559
NDPRJ_3261,concrete_demand,61039.94754
NDPRJ_3262,concrete_demand,117442.1898
NDPRJ_3263,concrete_demand,74393.66142
NDPRJ_3264,concrete_demand,156188.7129
NDPRJ_3265,concrete_demand,49697.60759
NDPRJ_3266,concrete_demand,131360.3211
NDPRJ_3267,concrete_demand,22230.29049
NDPRJ_3268,concrete_demand,24385.71167
NDPRJ_3269,concrete_demand,44486.99696
NDPRJ_3270,concrete_demand,81319.03622
NDPRJ_3271,concrete_demand,111448.6788
NDPRJ_3272,concrete_demand,140642.2458
NDPRJ_3273,concrete_demand,79881.71218
NDPRJ_3274,concrete_demand,5972.869246
NDPRJ_3275,concrete_demand,203626.371
NDPRJ_3276,concrete_demand,21758.55561
NDPRJ_3277,concrete_demand,13159.78919
NDPRJ_3278,concrete_demand,110334.0205
NDPRJ_3279,concrete_demand,15346.2743
NDPRJ_3280,concrete_demand,60645.55491
NDPRJ_3281,concrete_demand,95077.51809
NDPRJ_3282,concrete_demand,150885.9634
NDPRJ_3283,concrete_demand,122160.7039
NDPRJ_3284,concrete_demand,32630.34001
NDPRJ_3285,concrete_demand,33535.39286
NDPRJ_3286,concrete_demand,34058.82184
NDPRJ_3287,concrete_demand,81780.77953
NDPRJ_3288,concrete_demand,53085.73341
NDPRJ_3289,concrete_demand,15099.44079
NDPRJ_3290,concrete_demand,18962.85912
NDPRJ_3291,concrete_demand,24086.75499
NDPRJ_3292,concrete_demand,59876.31244
NDPRJ_3293,concrete_demand,11787.77762
NDPRJ_3294,concrete_demand,25317.41106
NDPRJ_3295,concrete_demand,14520.23094
NDPRJ_3296,concrete_demand,27850.8097
NDPRJ_3297,concrete_demand,34116.07141
NDPRJ_3298,concrete_demand,84336.29869
NDPRJ_3299,concrete_demand,87080.95127
NDPRJ_3300,concrete_demand,108879.3118
NDPRJ_3301,concrete_demand,36096.33725
NDPRJ_3302,concrete_demand,38323.55557
NDPRJ_3303,concrete_demand,54262.07731
NDPRJ_3304,concrete_demand,59493.04001
NDPRJ_3305,concrete_demand,2751.57648
NDPRJ_3306,concrete_demand,32997.48664
NDPRJ_3307,concrete_demand,6319.484892
NDPRJ_3308,concrete_demand,122461.9685
NDPRJ_3309,concrete_demand,12255.78541
NDPRJ_3310,concrete_demand,98522.35397
NDPRJ_3311,concrete_demand,20000.78552
NDPRJ_3312,concrete_demand,11539.15441
NDPRJ_3313,concrete_demand,4483.570982
NDPRJ_3314,concrete_demand,34688.02765
NDPRJ_3315,concrete_demand,162656.8659
NDPRJ_3316,concrete_demand,25324.33496
NDPRJ_3317,concrete_demand,20594.26109
NDPRJ_3318,concrete_demand,49789.40823
NDPRJ_3319,concrete_demand,1091.178785
NDPRJ_3320,concrete_demand,1100.549666
NDPRJ_3321,concrete_demand,1033.097879
NDPRJ_3322,concrete_demand,982.921914
NDPRJ_3323,concrete_demand,1104.409355
NDPRJ_3324,concrete_demand,1104.409355
NDPRJ_3325,concrete_demand,1104.409355
NDPRJ_3326,concrete_demand,5559.28907
NDPRJ_3327,concrete_demand,22878.90883
NDPRJ_3328,concrete_demand,40188.63285
NDPRJ_3329,concrete_demand,61485.08547
NDPRJ_3330,concrete_demand,1978.2576
NDPRJ_3331,concrete_demand,10102.06236
NDPRJ_3332,concrete_demand,11673.72807
NDPRJ_3333,concrete_demand,13857.36478
NDPRJ_3334,concrete_demand,17229.00512
NDPRJ_3335,concrete_demand,17380.40178
NDPRJ_3336,concrete_demand,17704.95592
NDPRJ_3337,concrete_demand,18122.27835
NDPRJ_3338,concrete_demand,27073.89399
NDPRJ_3339,concrete_demand,32129.42121
NDPRJ_3340,concrete_demand,32228.39403
NDPRJ_3341,concrete_demand,34547.03184
NDPRJ_3342,concrete_demand,42061.0237
NDPRJ_3343,concrete_demand,69988.20613
NDPRJ_3344,concrete_demand,20813.42805
NDPRJ_3345,concrete_demand,19182.05492
NDPRJ_3346,concrete_demand,45851.11612
NDPRJ_3347,concrete_demand,97422.47271
NDPRJ_3348,concrete_demand,30986.73765
NDPRJ_3349,concrete_demand,26441.99055
NDPRJ_3350,concrete_demand,33617.58047
NDPRJ_3351,concrete_demand,67621.28086
NDPRJ_3352,concrete_demand,15387.06745
NDPRJ_3353,concrete_demand,32658.45525
NDPRJ_3354,concrete_demand,59772.87354
NDPRJ_3355,concrete_demand,96599.63745
NDPRJ_3356,concrete_demand,16639.21459
NDPRJ_3357,concrete_demand,47216.24311
NDPRJ_3358,concrete_demand,36583.97774
NDPRJ_3359,concrete_demand,84016.09072
NDPRJ_3360,concrete_demand,85779.22779
NDPRJ_3361,concrete_demand,1106.87733
NDPRJ_3362,concrete_demand,15098.36174
NDPRJ_3363,concrete_demand,22912.32939
NDPRJ_3364,concrete_demand,46390.5
NDPRJ_3365,concrete_demand,6002.54311
NDPRJ_3366,concrete_demand,13513.96089
NDPRJ_3367,concrete_demand,21828.93362
NDPRJ_3368,concrete_demand,27036.81665
NDPRJ_3369,concrete_demand,76782.61836
NDPRJ_3370,concrete_demand,134531.8577
NDPRJ_3371,concrete_demand,86325.08153
NDPRJ_3372,concrete_demand,39578.87991
NDPRJ_3373,concrete_demand,2277.959112
NDPRJ_3374,concrete_demand,3626.8056
NDPRJ_3375,concrete_demand,6907.100101
NDPRJ_3376,concrete_demand,44731.82133
NDPRJ_3377,concrete_demand,1060.653836
NDPRJ_3378,concrete_demand,2224.88838
NDPRJ_3379,concrete_demand,54468.56544
NDPRJ_3380,concrete_demand,70661.92274
NDPRJ_3381,concrete_demand,7484.857524
NDPRJ_3382,concrete_demand,11053.66421
NDPRJ_3383,concrete_demand,21677.02741
NDPRJ_3384,concrete_demand,23752.939
NDPRJ_3385,concrete_demand,25559.9874
NDPRJ_3386,concrete_demand,85873.9144
NDPRJ_3387,concrete_demand,92351.9587
NDPRJ_3388,concrete_demand,4098.393936
NDPRJ_3389,concrete_demand,18867.84168
NDPRJ_3390,concrete_demand,24835.1658
NDPRJ_3391,concrete_demand,33271.65516
NDPRJ_3392,concrete_demand,1855.137539
NDPRJ_3393,concrete_demand,1855.211764
NDPRJ_3394,concrete_demand,40226.09985
NDPRJ_3395,concrete_demand,49833.64002
NDPRJ_3396,concrete_demand,20169.83491
NDPRJ_3397,concrete_demand,117563.8693
NDPRJ_3398,concrete_demand,41813.172
NDPRJ_3399,concrete_demand,6512.004389
NDPRJ_3400,concrete_demand,15691.49756
NDPRJ_3401,concrete_demand,1747.084786
NDPRJ_3402,concrete_demand,146826.7953
NDPRJ_3403,concrete_demand,16927.141
NDPRJ_3404,concrete_demand,28094.6806
NDPRJ_3405,concrete_demand,88274.70984
NDPRJ_3406,concrete_demand,9418.403428
NDPRJ_3407,concrete_demand,80357.96271
NDPRJ_3408,concrete_demand,1460.855401
NDPRJ_3409,concrete_demand,1853.634487
NDPRJ_3410,concrete_demand,81773.31371
NDPRJ_3411,concrete_demand,5994.52812
NDPRJ_3412,concrete_demand,11170.86844
NDPRJ_3413,concrete_demand,40920.55903
NDPRJ_3414,concrete_demand,123254.0659
NDPRJ_3415,concrete_demand,1102.516623
NDPRJ_3416,concrete_demand,1090.696324
NDPRJ_3417,concrete_demand,1111.442155
NDPRJ_3418,concrete_demand,61047.5908
NDPRJ_3419,concrete_demand,7081.04592
NDPRJ_3420,concrete_demand,1849.607791
NDPRJ_3421,concrete_demand,2554.364484
NDPRJ_3422,concrete_demand,7007.915936
NDPRJ_3423,concrete_demand,13917.25203
NDPRJ_3424,concrete_demand,29675.87296
NDPRJ_3425,concrete_demand,101098.9094
NDPRJ_3426,concrete_demand,6045.238836
NDPRJ_3427,concrete_demand,79304.63046
NDPRJ_3428,concrete_demand,1111.534936
NDPRJ_3429,concrete_demand,3970.583064
NDPRJ_3430,concrete_demand,11672.65323
NDPRJ_3431,concrete_demand,6968.322475
NDPRJ_3432,concrete_demand,11962.73679
NDPRJ_3433,concrete_demand,1107.396904
NDPRJ_3434,concrete_demand,204938.5552
NDPRJ_3435,concrete_demand,152057.0886
NDPRJ_3436,concrete_demand,2591.703702
NDPRJ_3437,concrete_demand,6496.614558
NDPRJ_3438,concrete_demand,7383.007231
NDPRJ_3439,concrete_demand,5711.98804
NDPRJ_3440,concrete_demand,96190.58773
NDPRJ_3441,concrete_demand,17015.88886
NDPRJ_3442,concrete_demand,16493.33308
NDPRJ_3443,concrete_demand,2916.701042
NDPRJ_3444,concrete_demand,128763.5336
NDPRJ_3445,concrete_demand,9088.53372
NDPRJ_3446,concrete_demand,130843.4774
NDPRJ_3447,concrete_demand,1109.790653
NDPRJ_3448,concrete_demand,145835.172
NDPRJ_3449,concrete_demand,17889.16979
NDPRJ_3450,concrete_demand,1986.86439
NDPRJ_3451,concrete_demand,19879.34984
NDPRJ_3452,concrete_demand,19780.41303
NDPRJ_3453,concrete_demand,613.2081852
NDPRJ_3454,concrete_demand,1781.3952
NDPRJ_3455,concrete_demand,77861.77809
NDPRJ_3456,concrete_demand,69813.90965
NDPRJ_3457,concrete_demand,9581.234083
NDPRJ_3458,concrete_demand,69846.46098
NDPRJ_3459,concrete_demand,27309.51646
NDPRJ_3460,concrete_demand,89336.63466
NDPRJ_3461,concrete_demand,19255.55019
NDPRJ_3462,concrete_demand,26562.75419
NDPRJ_3463,concrete_demand,145150.4251
NDPRJ_3464,concrete_demand,128504.1168
NDPRJ_3465,concrete_demand,154436.1265
NDPRJ_3466,concrete_demand,9513.111089
NDPRJ_3467,concrete_demand,666080
NDPRJ_3468,concrete_demand,46859.10467
NDPRJ_3469,concrete_demand,68005.96204
NDPRJ_3470,concrete_demand,59225.04418
NDPRJ_3471,concrete_demand,7864.29
NDPRJ_3472,concrete_demand,40902.93372
NDPRJ_3473,concrete_demand,26302.16371
NDPRJ_3474,concrete_demand,17090.94672
NDPRJ_3475,concrete_demand,1500.78663
NDPRJ_3476,concrete_demand,82668.61449
NDPRJ_3477,concrete_demand,5717.404253
NDPRJ_3478,concrete_demand,41483.88203
NDPRJ_3479,concrete_demand,76450.66416
NDPRJ_3480,concrete_demand,22986.4541
NDPRJ_3481,concrete_demand,56246.1308
NDPRJ_3482,concrete_demand,70499.28599
NDPRJ_3483,concrete_demand,90551.56444
NDPRJ_3484,concrete_demand,114951.3292
NDPRJ_3485,concrete_demand,119281.2329
NDPRJ_3486,concrete_demand,114723.1447
NDPRJ_3487,concrete_demand,80062.15325
NDPRJ_3488,concrete_demand,104907.6
NDPRJ_3489,concrete_demand,107012.4661
NDPRJ_3490,concrete_demand,49087.46178
NDPRJ_3491,concrete_demand,34389.98279
NDPRJ_3492,concrete_demand,55258.13002
NDPRJ_3493,concrete_demand,105376.6868
NDPRJ_3494,concrete_demand,34102.52869
NDPRJ_3495,concrete_demand,52333.66581
NDPRJ_3496,concrete_demand,28378.79466
NDPRJ_3497,concrete_demand,4347.191102
NDPRJ_3498,concrete_demand,124102.7834
NDPRJ_3499,concrete_demand,56250.7957
NDPRJ_3500,concrete_demand,154017.1919
NDPRJ_3501,concrete_demand,37781.7228
NDPRJ_3502,concrete_demand,102523.05
NDPRJ_3503,concrete_demand,44960.4
NDPRJ_3504,concrete_demand,118458.8325
NDPRJ_3505,concrete_demand,42555.31834
NDPRJ_3506,concrete_demand,62767.71576
NDPRJ_3507,concrete_demand,184947.3929
NDPRJ_3508,concrete_demand,189455.6921
NDPRJ_3509,concrete_demand,94711.41388
NDPRJ_3510,concrete_demand,43738.38
NDPRJ_3511,concrete_demand,116753.8561
NDPRJ_3512,concrete_demand,989154.4108
NDPRJ_3513,concrete_demand,899208
NDPRJ_3514,concrete_demand,175253
NDPRJ_3515,concrete_demand,79179.28767
NDPRJ_3516,concrete_demand,104615.7939
NDPRJ_3517,concrete_demand,75195.6995
NDPRJ_3518,concrete_demand,4087.466955
NDPRJ_3519,concrete_demand,25022.95041
NDPRJ_3520,concrete_demand,26351.26047
NDPRJ_3521,concrete_demand,61177.91602
NDPRJ_3522,concrete_demand,28013.41648
NDPRJ_3523,concrete_demand,16567.00819
NDPRJ_3524,concrete_demand,302466.06
NDPRJ_3525,concrete_demand,104328.2403
NDPRJ_3526,concrete_demand,31691.47694
NDPRJ_3527,concrete_demand,3748.637718
NDPRJ_3528,concrete_demand,22518.08663
NDPRJ_3529,concrete_demand,53655.86125
NDPRJ_3530,concrete_demand,153873.9716
NDPRJ_3531,concrete_demand,499560
NDPRJ_3532,concrete_demand,94857.78163
NDPRJ_3533,concrete_demand,1468706.4
NDPRJ_3534,concrete_demand,54455.49696
NDPRJ_3535,concrete_demand,27581.70672
NDPRJ_3536,concrete_demand,23597.67831
NDPRJ_3537,concrete_demand,202413.897
NDPRJ_3538,concrete_demand,1051.858197
NDPRJ_3539,concrete_demand,140238.951
NDPRJ_3540,concrete_demand,45673.35854
NDPRJ_3541,concrete_demand,15527.07414
NDPRJ_3542,concrete_demand,100859.3956
NDPRJ_3543,concrete_demand,9274.147529
NDPRJ_3544,concrete_demand,69567.88634
NDPRJ_3545,concrete_demand,115967.7685
NDPRJ_3546,concrete_demand,127340.2918
NDPRJ_3547,concrete_demand,128042.3335
NDPRJ_3548,concrete_demand,38962.11314
NDPRJ_3549,concrete_demand,130807.3082
NDPRJ_3550,concrete_demand,144564.3213
NDPRJ_3551,concrete_demand,101024.8199
NDPRJ_3552,concrete_demand,62609.9734
NDPRJ_3553,concrete_demand,17737.95685
NDPRJ_3554,concrete_demand,23688.10267
NDPRJ_3555,concrete_demand,124002.7914
NDPRJ_3556,concrete_demand,79821.64508
NDPRJ_3557,concrete_demand,42815.90881
NDPRJ_3558,concrete_demand,70721.48028
NDPRJ_3559,concrete_demand,26800.68462
NDPRJ_3560,concrete_demand,30428.83904
NDPRJ_3561,concrete_demand,30749.19687
NDPRJ_3562,concrete_demand,33485.09716
NDPRJ_3563,concrete_demand,11742.0098
NDPRJ_3564,concrete_demand,114324.9454
NDPRJ_3565,concrete_demand,3029.992434
NDPRJ_3566,concrete_demand,13093.81729
NDPRJ_3567,concrete_demand,19542.7872
NDPRJ_3568,concrete_demand,86739.07239
NDPRJ_3569,concrete_demand,40003.03632
NDPRJ_3570,concrete_demand,12518.32417
NDPRJ_3571,concrete_demand,171643.8204
NDPRJ_3572,concrete_demand,11251.64439
NDPRJ_3573,concrete_demand,13501.90786
NDPRJ_3574,concrete_demand,71686.27052
NDPRJ_3575,concrete_demand,91722.72291
NDPRJ_3576,concrete_demand,73173.14092
NDPRJ_3577,concrete_demand,35497.79443
NDPRJ_3578,concrete_demand,1770.477912
NDPRJ_3579,concrete_demand,78231.5456
NDPRJ_3580,concrete_demand,49075.14583
NDPRJ_3581,concrete_demand,201902.889
NDPRJ_3582,concrete_demand,53155.42203
NDPRJ_3583,concrete_demand,82378.27327
NDPRJ_3584,concrete_demand,89623.07223
NDPRJ_3585,concrete_demand,1110.143221
NDPRJ_3586,concrete_demand,89646.80628
NDPRJ_3587,concrete_demand,26627.36764
NDPRJ_3588,concrete_demand,3236.572404
NDPRJ_3589,concrete_demand,45075.22312
NDPRJ_3590,concrete_demand,47472.54736
NDPRJ_3591,concrete_demand,44709.3711
NDPRJ_3592,concrete_demand,19139.19268
NDPRJ_3593,concrete_demand,32939.48772
NDPRJ_3594,concrete_demand,34118.13959
NDPRJ_3595,concrete_demand,39396.79029
NDPRJ_3596,concrete_demand,13976.30002
NDPRJ_3597,concrete_demand,32898.09418
NDPRJ_3598,concrete_demand,31516.49106
NDPRJ_3599,concrete_demand,26468.42727
NDPRJ_3600,concrete_demand,102629.0236
NDPRJ_3601,concrete_demand,151971.7804
NDPRJ_3602,concrete_demand,229643.9353
NDPRJ_3603,concrete_demand,234681.8314
NDPRJ_3604,concrete_demand,149821.33
NDPRJ_3605,concrete_demand,18454.29592
NDPRJ_3606,concrete_demand,35741.65964
NDPRJ_3607,concrete_demand,131785.5266
NDPRJ_3608,concrete_demand,175478.8826
NDPRJ_3609,concrete_demand,33278.51911
NDPRJ_3610,concrete_demand,59084.66653
NDPRJ_3611,concrete_demand,170965.8475
NDPRJ_3612,concrete_demand,80545.59744
NDPRJ_3613,concrete_demand,168488.8592
NDPRJ_3614,concrete_demand,158985.8526
NDPRJ_3615,concrete_demand,120575.9697
NDPRJ_3616,concrete_demand,126626.9801
NDPRJ_3617,concrete_demand,88264.57876
NDPRJ_3618,concrete_demand,230864.79
NDPRJ_3619,concrete_demand,205326.9831
NDPRJ_3620,concrete_demand,38805.74087
NDPRJ_3621,concrete_demand,17282.77776
NDPRJ_3622,concrete_demand,67095.75373
NDPRJ_3623,concrete_demand,41402.59344
NDPRJ_3624,concrete_demand,7897.054471
NDPRJ_3625,concrete_demand,124864.2027
NDPRJ_3626,concrete_demand,175389.8377
NDPRJ_3627,concrete_demand,316489.7604
NDPRJ_3628,concrete_demand,78057.96849
NDPRJ_3629,concrete_demand,9164.84783
NDPRJ_3630,concrete_demand,18927.42919
NDPRJ_3631,concrete_demand,16812.60235
NDPRJ_3632,concrete_demand,49013.58006
NDPRJ_3633,concrete_demand,93589.41877
NDPRJ_3634,concrete_demand,122938.6853
NDPRJ_3635,concrete_demand,94037.4042
NDPRJ_3636,concrete_demand,248831.7152
NDPRJ_3637,concrete_demand,9972.63635
NDPRJ_3638,concrete_demand,132722.8011
NDPRJ_3639,concrete_demand,98835.09851
NDPRJ_3640,concrete_demand,75046.00463
NDPRJ_3641,concrete_demand,48302.63624
NDPRJ_3642,concrete_demand,42989.57585
NDPRJ_3643,concrete_demand,10442.92213
NDPRJ_3644,concrete_demand,75710.76584
NDPRJ_3645,concrete_demand,79487.55934
NDPRJ_3646,concrete_demand,209614.9164
NDPRJ_3647,concrete_demand,63795.0609
NDPRJ_3648,concrete_demand,50486.53992
NDPRJ_3649,concrete_demand,34210.00868
NDPRJ_3650,concrete_demand,185388.0666
NDPRJ_3651,concrete_demand,19993.29041
NDPRJ_3652,concrete_demand,48799.14893
NDPRJ_3653,concrete_demand,51401.27704
NDPRJ_3654,concrete_demand,15460.32293
NDPRJ_3655,concrete_demand,132130.5726
NDPRJ_3656,concrete_demand,158504.3533
NDPRJ_3657,concrete_demand,83542.62774
NDPRJ_3658,concrete_demand,109790.5093
NDPRJ_3659,concrete_demand,11527.21773
NDPRJ_3660,concrete_demand,172646.0033
NDPRJ_3661,concrete_demand,36983.16615
NDPRJ_3662,concrete_demand,145571.3144
NDPRJ_3663,concrete_demand,1837.193693
NDPRJ_3664,concrete_demand,1473.232387
NDPRJ_3665,concrete_demand,41310.12507
NDPRJ_3666,concrete_demand,1816.429306
NDPRJ_3667,concrete_demand,17710.29122
NDPRJ_3668,concrete_demand,54073.69324
NDPRJ_3669,concrete_demand,13038.9656
NDPRJ_3670,concrete_demand,17424.82265
NDPRJ_3671,concrete_demand,16315.10521
NDPRJ_3672,concrete_demand,41516.25484
NDPRJ_3673,concrete_demand,20686.5947
NDPRJ_3674,concrete_demand,25408.14114
NDPRJ_3675,concrete_demand,320684.216
NDPRJ_3676,concrete_demand,4794.696018
NDPRJ_3677,concrete_demand,11386.82399
NDPRJ_3678,concrete_demand,31274.724
NDPRJ_3679,concrete_demand,40846.91306
NDPRJ_3680,concrete_demand,1233.875963
NDPRJ_3681,concrete_demand,13527.38542
NDPRJ_3682,concrete_demand,36207.02975
NDPRJ_3683,concrete_demand,143953.5793
NDPRJ_3684,concrete_demand,95713.1982
NDPRJ_3685,concrete_demand,1514.631269
NDPRJ_3686,concrete_demand,68252.94451
NDPRJ_3687,concrete_demand,69482.5515
NDPRJ_3688,concrete_demand,45351.49553
NDPRJ_3689,concrete_demand,97867.31091
NDPRJ_3690,concrete_demand,25407.90135
NDPRJ_3691,concrete_demand,106349.4233
NDPRJ_3692,concrete_demand,40467.59715
NDPRJ_3693,concrete_demand,228360.7356
NDPRJ_3694,concrete_demand,31667.6779
NDPRJ_3695,concrete_demand,7728.992496
NDPRJ_3696,concrete_demand,130777.1248
NDPRJ_3697,concrete_demand,11087.68424
NDPRJ_3698,concrete_demand,52517.99847
NDPRJ_3699,concrete_demand,66520.44045
NDPRJ_3700,concrete_demand,21386.28349
NDPRJ_3701,concrete_demand,22876.57089
NDPRJ_3702,concrete_demand,1827.284683
NDPRJ_3703,concrete_demand,5645.116638
NDPRJ_3704,concrete_demand,9920.901917
NDPRJ_3705,concrete_demand,14722.34293
NDPRJ_3706,concrete_demand,10347.79071
NDPRJ_3707,concrete_demand,20769.24696
NDPRJ_3708,concrete_demand,25814.34629
NDPRJ_3709,concrete_demand,63021.6521
NDPRJ_3710,concrete_demand,116204.0504
NDPRJ_3711,concrete_demand,161643.2187
NDPRJ_3712,concrete_demand,132860.2467
NDPRJ_3713,concrete_demand,128420.8624
NDPRJ_3714,concrete_demand,71667.86673
NDPRJ_3715,concrete_demand,54061.76375
NDPRJ_3716,concrete_demand,10526.42858
NDPRJ_3717,concrete_demand,17727.58598
NDPRJ_3718,concrete_demand,37807.44015
NDPRJ_3719,concrete_demand,24752.04901
NDPRJ_3720,concrete_demand,37038.94702
NDPRJ_3721,concrete_demand,31200.08974
NDPRJ_3722,concrete_demand,22129.35901
NDPRJ_3723,concrete_demand,17202.59838
NDPRJ_3724,concrete_demand,40424.76487
NDPRJ_3725,concrete_demand,46427.0682
NDPRJ_3726,concrete_demand,105733.2228
NDPRJ_3727,concrete_demand,16346.67226
NDPRJ_3728,concrete_demand,59231.73017
NDPRJ_3729,concrete_demand,31292.28853
NDPRJ_3730,concrete_demand,75675.48692
NDPRJ_3731,concrete_demand,99082.5006
NDPRJ_3732,concrete_demand,4756.696308
NDPRJ_3733,concrete_demand,8980.210454
NDPRJ_3734,concrete_demand,59602.86328
NDPRJ_3735,concrete_demand,85959.27921
NDPRJ_3736,concrete_demand,20084.81492
NDPRJ_3737,concrete_demand,95343.26403
NDPRJ_3738,concrete_demand,31195.29396
NDPRJ_3739,concrete_demand,31616.78273
NDPRJ_3740,concrete_demand,147632.086
NDPRJ_3741,concrete_demand,7283.19438
NDPRJ_3742,concrete_demand,72931.73355
NDPRJ_3743,concrete_demand,11461.38538
NDPRJ_3744,concrete_demand,120167.8258
NDPRJ_3745,concrete_demand,9637.321687
NDPRJ_3746,concrete_demand,41602.93717
NDPRJ_3747,concrete_demand,32592.06372
NDPRJ_3748,concrete_demand,11929.01322
NDPRJ_3749,concrete_demand,37261.26121
NDPRJ_3750,concrete_demand,51325.32393
NDPRJ_3751,concrete_demand,154345.8161
NDPRJ_3752,concrete_demand,77492.4266
NDPRJ_3753,concrete_demand,9981.2088
NDPRJ_3754,concrete_demand,50858.66496
NDPRJ_3755,concrete_demand,50598.52408
NDPRJ_3756,concrete_demand,212340.2254
NDPRJ_3757,concrete_demand,45301.64944
NDPRJ_3758,concrete_demand,60730.79982
NDPRJ_3759,concrete_demand,1831.552609
NDPRJ_3760,concrete_demand,44556.71556
NDPRJ_3761,concrete_demand,78188.53349
NDPRJ_3762,concrete_demand,79047.37082
NDPRJ_3763,concrete_demand,52560.26623
NDPRJ_3764,concrete_demand,8981.16961
NDPRJ_3765,concrete_demand,30625.67567
NDPRJ_3766,concrete_demand,1404.574447
NDPRJ_3767,concrete_demand,14288.95464
NDPRJ_3768,concrete_demand,124386.6034
NDPRJ_3769,concrete_demand,6355.632118
NDPRJ_3770,concrete_demand,70030.91851
NDPRJ_3771,concrete_demand,56088.5486
NDPRJ_3772,concrete_demand,58684.17244
NDPRJ_3773,concrete_demand,115389.3679
NDPRJ_3774,concrete_demand,46447.72001
NDPRJ_3775,concrete_demand,166081.2897
NDPRJ_3776,concrete_demand,366344
NDPRJ_3777,concrete_demand,30604.84402
NDPRJ_3778,concrete_demand,4093.554499
NDPRJ_3779,concrete_demand,341789.6269
NDPRJ_3780,concrete_demand,3836.6208
NDPRJ_3781,concrete_demand,16085.54226
NDPRJ_3782,concrete_demand,52469.83588
NDPRJ_3783,concrete_demand,6240.734262
NDPRJ_3784,concrete_demand,31935.19228
NDPRJ_3785,concrete_demand,10481.31832
NDPRJ_3786,concrete_demand,42696.33165
NDPRJ_3787,concrete_demand,18916.66867
NDPRJ_3788,concrete_demand,61775.19994
NDPRJ_3789,concrete_demand,14513.14859
NDPRJ_3790,concrete_demand,83744.2002
NDPRJ_3791,concrete_demand,66957.59927
NDPRJ_3792,concrete_demand,7737.415078
NDPRJ_3793,concrete_demand,40146.87963
NDPRJ_3794,concrete_demand,43233.59093
NDPRJ_3795,concrete_demand,48734.82558
NDPRJ_3796,concrete_demand,34604.77205
NDPRJ_3797,concrete_demand,3643.29108
NDPRJ_3798,concrete_demand,31300.02172
NDPRJ_3799,concrete_demand,139622.807
NDPRJ_3800,concrete_demand,96580.75408
NDPRJ_3801,concrete_demand,19063.2096
NDPRJ_3802,concrete_demand,74641.81735
NDPRJ_3803,concrete_demand,22729.01085
NDPRJ_3804,concrete_demand,32233.9991
NDPRJ_3805,concrete_demand,37501.05001
NDPRJ_3806,concrete_demand,47036.0718
NDPRJ_3807,concrete_demand,128183.3493
NDPRJ_3808,concrete_demand,149752.0321
NDPRJ_3809,concrete_demand,30189.13745
NDPRJ_3810,concrete_demand,55236.12939
NDPRJ_3811,concrete_demand,81816.05845
NDPRJ_3812,concrete_demand,71908.42955
NDPRJ_3813,concrete_demand,92689.70122
NDPRJ_3814,concrete_demand,140102.5112
NDPRJ_3815,concrete_demand,119105.5248
NDPRJ_3816,concrete_demand,38747.17246
NDPRJ_3817,concrete_demand,52286.51734
NDPRJ_3818,concrete_demand,90441.11172
NDPRJ_3819,concrete_demand,150290.1782
NDPRJ_3820,concrete_demand,13976.30002
NDPRJ_3821,concrete_demand,18855.40263
NDPRJ_3822,concrete_demand,36270.63373
NDPRJ_3823,concrete_demand,52185.50631
NDPRJ_3824,concrete_demand,170441.9989
NDPRJ_3825,concrete_demand,170497.1803
NDPRJ_3826,concrete_demand,287796.516
NDPRJ_3827,concrete_demand,581154.8
NDPRJ_3828,concrete_demand,161438.94
NDPRJ_3829,concrete_demand,18803.99791
NDPRJ_3830,concrete_demand,29689.80996
NDPRJ_3831,concrete_demand,187848.238
NDPRJ_3832,concrete_demand,693.2410758
NDPRJ_3833,concrete_demand,1175.906394
NDPRJ_3834,concrete_demand,1175.906394
NDPRJ_3835,concrete_demand,1280.136569
NDPRJ_3836,concrete_demand,4126.48992
NDPRJ_3837,concrete_demand,116770.9193
NDPRJ_3838,concrete_demand,89833.45693
NDPRJ_3839,concrete_demand,8645.794999
NDPRJ_3840,concrete_demand,23140.81814
NDPRJ_3841,concrete_demand,24864.56991
NDPRJ_3842,concrete_demand,59758.66606
NDPRJ_3843,concrete_demand,79306.33895
NDPRJ_3844,concrete_demand,50787.55092
NDPRJ_3845,concrete_demand,162065.2769
NDPRJ_3846,concrete_demand,17307.74577
NDPRJ_3847,concrete_demand,56692.10432
NDPRJ_3848,concrete_demand,4467.349481
NDPRJ_3849,concrete_demand,36624.71187
NDPRJ_3850,concrete_demand,49452.06385
NDPRJ_3851,concrete_demand,7318.354176
NDPRJ_3852,concrete_demand,79435.79493
NDPRJ_3853,concrete_demand,140838.423
NDPRJ_3854,concrete_demand,127767.2925
NDPRJ_3855,concrete_demand,466256
NDPRJ_3856,concrete_demand,1407.246539
NDPRJ_3857,concrete_demand,146710.521
NDPRJ_3858,concrete_demand,1374.08661
NDPRJ_3859,concrete_demand,25486.52211
NDPRJ_3860,concrete_demand,79226.45931
NDPRJ_3861,concrete_demand,12114.7896
NDPRJ_3862,concrete_demand,25216.72973
NDPRJ_3863,concrete_demand,1211.515742
NDPRJ_3864,concrete_demand,172145.5785
NDPRJ_3865,concrete_demand,18001.3049
NDPRJ_3866,concrete_demand,18368.24171
NDPRJ_3867,concrete_demand,23245.03635
NDPRJ_3868,concrete_demand,84278.7194
NDPRJ_3869,concrete_demand,212967.7034
NDPRJ_3870,concrete_demand,111466.2733
NDPRJ_3871,concrete_demand,1603.329905
NDPRJ_3872,concrete_demand,1801.918357
NDPRJ_3873,concrete_demand,1833.20411
NDPRJ_3874,concrete_demand,1853.523149
NDPRJ_3875,concrete_demand,244638.9181
NDPRJ_3876,concrete_demand,32176.59965
NDPRJ_3877,concrete_demand,18397.09914
NDPRJ_3878,concrete_demand,429509.5988
NDPRJ_3879,concrete_demand,17048.41418
NDPRJ_3880,concrete_demand,28622.48003
NDPRJ_3881,concrete_demand,36217.99116
NDPRJ_3882,concrete_demand,43937.82066
NDPRJ_3883,concrete_demand,39002.03798
NDPRJ_3884,concrete_demand,136752.6317
NDPRJ_3885,concrete_demand,51549.73628
NDPRJ_3886,concrete_demand,129845.7251
NDPRJ_3887,concrete_demand,28744.56251
NDPRJ_3888,concrete_demand,28708.32442
NDPRJ_3889,concrete_demand,34668.69468
NDPRJ_3890,concrete_demand,34926.37772
NDPRJ_3891,concrete_demand,39042.7721
NDPRJ_3892,concrete_demand,41366.08578
NDPRJ_3893,concrete_demand,62201.33461
NDPRJ_3894,concrete_demand,75725.72267
NDPRJ_3895,concrete_demand,79405.46165
NDPRJ_3896,concrete_demand,82370.27032
NDPRJ_3897,concrete_demand,94941.25811
NDPRJ_3898,concrete_demand,123991.7312
NDPRJ_3899,concrete_demand,206916.6929
NDPRJ_3900,concrete_demand,112104.8908
NDPRJ_3901,concrete_demand,13786.41727
NDPRJ_3902,concrete_demand,19708.03166
NDPRJ_3903,concrete_demand,81231.15362
NDPRJ_3904,concrete_demand,2333.194794
NDPRJ_3905,concrete_demand,23296.84951
NDPRJ_3906,concrete_demand,26546.57394
NDPRJ_3907,concrete_demand,273246.4314
NDPRJ_3908,concrete_demand,23612.2729
NDPRJ_3909,concrete_demand,78269.61208
NDPRJ_3910,concrete_demand,31016.59136
NDPRJ_3911,concrete_demand,51164.4856
NDPRJ_3912,concrete_demand,43994.68058
NDPRJ_3913,concrete_demand,45367.95104
NDPRJ_3914,concrete_demand,7738.404206
NDPRJ_3915,concrete_demand,96528.54007
NDPRJ_3916,concrete_demand,18658.74584
NDPRJ_3917,concrete_demand,2982.3732
NDPRJ_3918,concrete_demand,77762.66858
NDPRJ_3919,concrete_demand,35412.33969
NDPRJ_3920,concrete_demand,42069.71604
NDPRJ_3921,concrete_demand,98145.16618
NDPRJ_3922,concrete_demand,111298.7808
NDPRJ_3923,concrete_demand,119749.2678
NDPRJ_3924,concrete_demand,63425.51639
NDPRJ_3925,concrete_demand,32698.05037
NDPRJ_3926,concrete_demand,30407.1981
NDPRJ_3927,concrete_demand,84066.26653
NDPRJ_3928,concrete_demand,35004.23012
NDPRJ_3929,concrete_demand,137656.2449
NDPRJ_3930,concrete_demand,73879.04584
NDPRJ_3931,concrete_demand,1265.125709
NDPRJ_3932,concrete_demand,3792.859344
NDPRJ_3933,concrete_demand,74502.38016
NDPRJ_3934,concrete_demand,113583.8249
NDPRJ_3935,concrete_demand,29839.67796
NDPRJ_3936,concrete_demand,32097.88898
NDPRJ_3937,concrete_demand,44111.20484
NDPRJ_3938,concrete_demand,77685.0969
NDPRJ_3939,concrete_demand,67146.25925
NDPRJ_3940,concrete_demand,104572.1055
NDPRJ_3941,concrete_demand,41657.70433
NDPRJ_3942,concrete_demand,61810.68869
NDPRJ_3943,concrete_demand,119013.2361
NDPRJ_3944,concrete_demand,122236.0875
NDPRJ_3945,concrete_demand,132861.4642
NDPRJ_3946,concrete_demand,7796.8827
NDPRJ_3947,concrete_demand,16840.33745
NDPRJ_3948,concrete_demand,46375.42368
NDPRJ_3949,concrete_demand,49580.08811
NDPRJ_3950,concrete_demand,97237.92526
NDPRJ_3951,concrete_demand,100243.6779
NDPRJ_3952,concrete_demand,123616.5216
NDPRJ_3953,concrete_demand,123651.7107
NDPRJ_3954,concrete_demand,141291.7138
NDPRJ_3955,concrete_demand,228106.9191
NDPRJ_3956,concrete_demand,234116.6859
NDPRJ_3957,concrete_demand,299736
NDPRJ_3958,concrete_demand,208178.2518
NDPRJ_3959,concrete_demand,28777.35362
NDPRJ_3960,concrete_demand,60622.56516
NDPRJ_3961,concrete_demand,73643.9962
NDPRJ_3962,concrete_demand,67927.70097
NDPRJ_3963,concrete_demand,100735.3948
NDPRJ_3964,concrete_demand,24978
NDPRJ_3965,concrete_demand,478.8
NDPRJ_3966,concrete_demand,8760.17584
NDPRJ_3967,concrete_demand,65799.87844
NDPRJ_3968,concrete_demand,8460.9945
NDPRJ_3969,concrete_demand,15837.25094
NDPRJ_3970,concrete_demand,716036
NDPRJ_3971,concrete_demand,3745.2933
NDPRJ_3972,concrete_demand,49932.26004
NDPRJ_3973,concrete_demand,136.28498
NDPRJ_3974,concrete_demand,309270
NDPRJ_3975,concrete_demand,30625.17611
NDPRJ_3976,concrete_demand,20000.55068
NDPRJ_3977,concrete_demand,13472.3006
NDPRJ_3978,concrete_demand,3944.18682
NDPRJ_3979,concrete_demand,44049.6
NDPRJ_3980,concrete_demand,30685.63952
NDPRJ_3981,concrete_demand,565253.1914
NDPRJ_3982,concrete_demand,26598.2396
NDPRJ_3983,concrete_demand,22328.61684
NDPRJ_3984,concrete_demand,5698.197836
NDPRJ_3985,concrete_demand,879.2256
NDPRJ_3986,concrete_demand,60273.72907
NDPRJ_3987,concrete_demand,72531.04979
NDPRJ_3988,concrete_demand,14370.28209
NDPRJ_3989,concrete_demand,37952.10606
NDPRJ_3990,concrete_demand,18905.0156
NDPRJ_3991,concrete_demand,8188.28796
NDPRJ_3992,concrete_demand,9212.352656
NDPRJ_3993,concrete_demand,154855.657
NDPRJ_3994,concrete_demand,23445.05018
NDPRJ_3995,concrete_demand,27975.36
NDPRJ_3996,concrete_demand,3197.184
NDPRJ_3997,concrete_demand,20012.55677
NDPRJ_3998,concrete_demand,2480.96394
NDPRJ_3999,concrete_demand,13566.66748
NDPRJ_4000,concrete_demand,35691.3081
NDPRJ_4001,concrete_demand,19167.81746
NDPRJ_4002,concrete_demand,6743.898
NDPRJ_4003,concrete_demand,19124.86506
NDPRJ_4004,concrete_demand,58577.573
NDPRJ_4005,concrete_demand,11841.65766
NDPRJ_4006,concrete_demand,39538.17576
NDPRJ_4007,concrete_demand,16085.26583
NDPRJ_4008,concrete_demand,81153.68852
NDPRJ_4009,concrete_demand,18379.6783
NDPRJ_4010,concrete_demand,11748.7853
NDPRJ_4011,concrete_demand,44349.2716
NDPRJ_4012,concrete_demand,4654.283956
NDPRJ_4013,concrete_demand,166520
NDPRJ_4014,concrete_demand,22278.39441
NDPRJ_4015,concrete_demand,23312.8
NDPRJ_4016,concrete_demand,118262.4868
NDPRJ_4017,concrete_demand,104498.2272
NDPRJ_4018,concrete_demand,3943.1936
NDPRJ_4019,concrete_demand,199824
NDPRJ_4020,concrete_demand,91109.7528
NDPRJ_4021,concrete_demand,39129.51903
NDPRJ_4022,concrete_demand,202553.7062
NDPRJ_4023,concrete_demand,107473.3868
NDPRJ_4024,concrete_demand,101475.6106
NDPRJ_4025,concrete_demand,106672.3775
NDPRJ_4026,concrete_demand,7168.686
NDPRJ_4027,concrete_demand,5895.85941
NDPRJ_4028,concrete_demand,79702.51668
NDPRJ_4029,concrete_demand,582820
NDPRJ_4030,concrete_demand,466256
NDPRJ_4031,concrete_demand,118259.1569
NDPRJ_4032,concrete_demand,119294.928
NDPRJ_4033,concrete_demand,61292.6816
NDPRJ_4034,concrete_demand,157377.7095
NDPRJ_4035,concrete_demand,3947.19008
NDPRJ_4036,concrete_demand,2746.647488
NDPRJ_4037,concrete_demand,956.82392
NDPRJ_4038,concrete_demand,59526.81
NDPRJ_4039,concrete_demand,7679.246263
NDPRJ_4040,concrete_demand,32528.1159
NDPRJ_4041,concrete_demand,32686.14384
NDPRJ_4042,concrete_demand,268032.9691
NDPRJ_4043,concrete_demand,838737.9
NDPRJ_4044,concrete_demand,19249.47887
NDPRJ_4045,concrete_demand,47745.26383
NDPRJ_4046,concrete_demand,14715.97187
NDPRJ_4047,concrete_demand,50514.1
NDPRJ_4048,concrete_demand,299736
NDPRJ_4049,concrete_demand,134516.9865
NDPRJ_4050,concrete_demand,5985
NDPRJ_4051,concrete_demand,187100.1028
NDPRJ_4052,concrete_demand,49406.0344
NDPRJ_4053,concrete_demand,44360.928
NDPRJ_4054,concrete_demand,37301.12943
NDPRJ_4055,concrete_demand,34309.41446
NDPRJ_4056,concrete_demand,23726.45233
NDPRJ_4057,concrete_demand,15833.05464
NDPRJ_4058,concrete_demand,4866.680216
NDPRJ_4059,concrete_demand,297.421372
NDPRJ_4060,concrete_demand,188449.2353
NDPRJ_4061,concrete_demand,5272.00695
NDPRJ_4062,concrete_demand,84663.7636
NDPRJ_4063,concrete_demand,172782.3863
NDPRJ_4064,concrete_demand,237810.8882
NDPRJ_4065,concrete_demand,77058.92842
NDPRJ_4066,concrete_demand,10823.8
NDPRJ_4067,concrete_demand,9433.10214
NDPRJ_4068,concrete_demand,49484.43708
NDPRJ_4069,concrete_demand,3566.8584
NDPRJ_4070,concrete_demand,126555.2
NDPRJ_4071,concrete_demand,39485.27236
NDPRJ_4072,concrete_demand,28667.2506
NDPRJ_4073,concrete_demand,12421.29297
NDPRJ_4074,concrete_demand,25577.472
NDPRJ_4075,concrete_demand,27614.74212
NDPRJ_4076,concrete_demand,36771.17953
NDPRJ_4077,concrete_demand,31261.94859
NDPRJ_4078,concrete_demand,17990.90406
NDPRJ_4079,concrete_demand,4995.6
NDPRJ_4080,concrete_demand,5512.088283
NDPRJ_4081,concrete_demand,16652
NDPRJ_4082,concrete_demand,41630
NDPRJ_4083,concrete_demand,59947.2
NDPRJ_4084,concrete_demand,99921.42576
NDPRJ_4085,concrete_demand,117417.242
NDPRJ_4086,concrete_demand,8948681.391
NDPRJ_4087,concrete_demand,55784.2
NDPRJ_4088,concrete_demand,75416.908
NDPRJ_4089,concrete_demand,67828.5916
NDPRJ_4090,concrete_demand,1783.53
NDPRJ_4091,concrete_demand,277806.3547
NDPRJ_4092,concrete_demand,30306.64
NDPRJ_4093,concrete_demand,237895.9672
NDPRJ_4094,concrete_demand,87521.13024
NDPRJ_4095,concrete_demand,1197
NDPRJ_4096,concrete_demand,320.568664
NDPRJ_4097,concrete_demand,74934
NDPRJ_4098,concrete_demand,14158.41296
NDPRJ_4099,concrete_demand,2035.20744
NDPRJ_4100,concrete_demand,13678.76875
NDPRJ_4101,concrete_demand,2532.06198
NDPRJ_4102,concrete_demand,54323.8196
NDPRJ_4103,concrete_demand,13074.76037
NDPRJ_4104,concrete_demand,83260
NDPRJ_4105,concrete_demand,1947.57628
NDPRJ_4106,concrete_demand,14507.2557
NDPRJ_4107,concrete_demand,36141.15111
NDPRJ_4108,concrete_demand,86378.6322
NDPRJ_4109,concrete_demand,16285.88913
NDPRJ_4110,concrete_demand,196328.612
NDPRJ_4111,concrete_demand,49351.5324
NDPRJ_4112,concrete_demand,32970.96
NDPRJ_4113,concrete_demand,12246.79666
NDPRJ_4114,concrete_demand,330803.8529
NDPRJ_4115,concrete_demand,1471.2042
NDPRJ_4116,concrete_demand,1742.221
NDPRJ_4117,concrete_demand,28344.79242
NDPRJ_4118,concrete_demand,7409.80107
NDPRJ_4119,concrete_demand,25147.8837
NDPRJ_4120,concrete_demand,31591.50832
NDPRJ_4121,concrete_demand,23966.391
NDPRJ_4122,concrete_demand,40407.17703
NDPRJ_4123,concrete_demand,76419.79135
NDPRJ_4124,concrete_demand,57605.57911
NDPRJ_4125,concrete_demand,42865.72827
NDPRJ_4126,concrete_demand,23189.37538
NDPRJ_4127,concrete_demand,222026.1116
NDPRJ_4128,concrete_demand,139628.8184
NDPRJ_4129,concrete_demand,39927.83256
NDPRJ_4130,concrete_demand,48290.8
NDPRJ_4131,concrete_demand,1792.121544
NDPRJ_4132,concrete_demand,41630
NDPRJ_4133,concrete_demand,3554.3694
NDPRJ_4134,concrete_demand,139177.8916
NDPRJ_4135,concrete_demand,66608
NDPRJ_4136,concrete_demand,814.982184
NDPRJ_4137,concrete_demand,770.48804
NDPRJ_4138,concrete_demand,23169.92584
NDPRJ_4139,concrete_demand,60861.9438
NDPRJ_4140,concrete_demand,13400.29735
NDPRJ_4141,concrete_demand,840.294
NDPRJ_4142,concrete_demand,12806.52034
NDPRJ_4143,concrete_demand,15891.10351
NDPRJ_4144,concrete_demand,1589.48433
NDPRJ_4145,concrete_demand,1556.1
NDPRJ_4146,concrete_demand,117994.4068
NDPRJ_4147,concrete_demand,4124.775226
NDPRJ_4148,concrete_demand,132149.7576
NDPRJ_4149,concrete_demand,210448.5445
NDPRJ_4150,concrete_demand,17636.1332
NDPRJ_4151,concrete_demand,38720.56256
NDPRJ_4152,concrete_demand,886.574
NDPRJ_4153,concrete_demand,11933.03968
NDPRJ_4154,concrete_demand,11249.14266
NDPRJ_4155,concrete_demand,5094.92918
NDPRJ_4156,concrete_demand,6191.43462
NDPRJ_4157,concrete_demand,97048.359
NDPRJ_4158,concrete_demand,16474.6895
NDPRJ_4159,concrete_demand,55099.64629
NDPRJ_4160,concrete_demand,154635
NDPRJ_4161,concrete_demand,12394.86318
NDPRJ_4162,concrete_demand,48957.3
NDPRJ_4163,concrete_demand,40886.2981
NDPRJ_4164,concrete_demand,4318.776
NDPRJ_4165,concrete_demand,15404.39649
NDPRJ_4166,concrete_demand,23803.70096
NDPRJ_4167,concrete_demand,32098.62833
NDPRJ_4168,concrete_demand,8212.262799
NDPRJ_4169,concrete_demand,27732.89799
NDPRJ_4170,concrete_demand,28709.74028
NDPRJ_4171,concrete_demand,5721.495
NDPRJ_4172,concrete_demand,22315.54502
NDPRJ_4173,concrete_demand,10657.28
NDPRJ_4174,concrete_demand,5147.1
NDPRJ_4175,concrete_demand,17102.631
NDPRJ_4176,concrete_demand,15162.35349
NDPRJ_4177,concrete_demand,15070.06
NDPRJ_4178,concrete_demand,542109.6925
NDPRJ_4179,concrete_demand,25469.88343
NDPRJ_4180,concrete_demand,23339.52646
NDPRJ_4181,concrete_demand,418950
NDPRJ_4182,concrete_demand,13810.34876
NDPRJ_4183,concrete_demand,14619.2071
NDPRJ_4184,concrete_demand,96055.28024
NDPRJ_4185,concrete_demand,12845.3528
NDPRJ_4186,concrete_demand,3710.7
NDPRJ_4187,concrete_demand,88739.85681
NDPRJ_4188,concrete_demand,43722.49032
NDPRJ_4189,concrete_demand,17955
NDPRJ_4190,concrete_demand,53987.63237
NDPRJ_4191,concrete_demand,139951.401
NDPRJ_4192,concrete_demand,51252.17503
NDPRJ_4193,concrete_demand,203566.0374
NDPRJ_4194,concrete_demand,222144.3408
NDPRJ_4195,concrete_demand,66756.69
NDPRJ_4196,concrete_demand,68816.4382
NDPRJ_4197,concrete_demand,12633.8724
NDPRJ_4198,concrete_demand,79929.6
NDPRJ_4199,concrete_demand,93263.10618
NDPRJ_4200,concrete_demand,78719.99872
NDPRJ_4201,concrete_demand,171974.0462
NDPRJ_4202,concrete_demand,1022.4774
NDPRJ_4203,concrete_demand,2477.912476
NDPRJ_4204,concrete_demand,194532.5772
NDPRJ_4205,concrete_demand,267209.6817
NDPRJ_4206,concrete_demand,23370.38262
NDPRJ_4207,concrete_demand,30215.78669
NDPRJ_4208,concrete_demand,10599.33104
NDPRJ_4209,concrete_demand,41745.91457
NDPRJ_4210,concrete_demand,29406.19975
NDPRJ_4211,concrete_demand,24230.10872
NDPRJ_4212,concrete_demand,114505.8128
NDPRJ_4213,concrete_demand,118777.5337
NDPRJ_4214,concrete_demand,135270.8401
NDPRJ_4215,concrete_demand,6878.40489
NDPRJ_4216,concrete_demand,949164
NDPRJ_4217,concrete_demand,39206.93418
NDPRJ_4218,concrete_demand,149850.8151
NDPRJ_4219,concrete_demand,37247.1936
NDPRJ_4220,concrete_demand,2638.126404
NDPRJ_4221,concrete_demand,76244.04614
NDPRJ_4222,concrete_demand,635086.6666
NDPRJ_4223,concrete_demand,48804.1771
NDPRJ_4224,concrete_demand,3254.643
NDPRJ_4225,concrete_demand,47073.5388
NDPRJ_4226,concrete_demand,111800.9951
NDPRJ_4227,concrete_demand,79995.80835
NDPRJ_4228,concrete_demand,329565.5769
NDPRJ_4229,concrete_demand,199824
NDPRJ_4230,concrete_demand,57964.52962
NDPRJ_4231,concrete_demand,2848.1418
NDPRJ_4232,concrete_demand,6075.432244
NDPRJ_4233,concrete_demand,29795.30704
NDPRJ_4234,concrete_demand,27511.26876
NDPRJ_4235,concrete_demand,1998.24
NDPRJ_4236,concrete_demand,56802.10346
NDPRJ_4237,concrete_demand,304.579405
NDPRJ_4238,concrete_demand,158967.6047
NDPRJ_4239,concrete_demand,490330.629
NDPRJ_4240,concrete_demand,16007.51764
NDPRJ_4241,concrete_demand,4924.462656
NDPRJ_4242,concrete_demand,869.8599
NDPRJ_4243,concrete_demand,33728.85218
NDPRJ_4244,concrete_demand,4606.309544
NDPRJ_4245,concrete_demand,117523.4882
NDPRJ_4246,concrete_demand,1789.906828
NDPRJ_4247,concrete_demand,10259.2972
NDPRJ_4248,concrete_demand,63277.6
NDPRJ_4249,concrete_demand,8251.332432
NDPRJ_4250,concrete_demand,67161.66081
NDPRJ_4251,concrete_demand,478569.5525
NDPRJ_4252,concrete_demand,11205.08084
NDPRJ_4253,concrete_demand,90030.56998
NDPRJ_4254,concrete_demand,14175.49791
NDPRJ_4255,concrete_demand,74425.44792
NDPRJ_4256,concrete_demand,48533.20316
NDPRJ_4257,concrete_demand,38590.26066
NDPRJ_4258,concrete_demand,61436.49581
NDPRJ_4259,concrete_demand,119894.4
NDPRJ_4260,concrete_demand,284284.0097
NDPRJ_4261,concrete_demand,6696.40104
NDPRJ_4262,concrete_demand,52209.76494
NDPRJ_4263,concrete_demand,5263.95114
NDPRJ_4264,concrete_demand,109795.5432
NDPRJ_4265,concrete_demand,124764.3632
NDPRJ_4266,concrete_demand,52824.3469
NDPRJ_4267,concrete_demand,109795.5432
NDPRJ_4268,concrete_demand,11800.58967
NDPRJ_4269,concrete_demand,9699.007356
NDPRJ_4270,concrete_demand,2034.9
NDPRJ_4271,concrete_demand,159775.8734
NDPRJ_4272,concrete_demand,49706.40317
NDPRJ_4273,concrete_demand,33229.54891
NDPRJ_4274,concrete_demand,40516.06446
NDPRJ_4275,concrete_demand,6892.17039
NDPRJ_4276,concrete_demand,10742.82132
NDPRJ_4277,concrete_demand,26943.7686
NDPRJ_4278,concrete_demand,1323.83412
NDPRJ_4279,concrete_demand,3996.48
NDPRJ_4280,concrete_demand,45936.2072
NDPRJ_4281,concrete_demand,242525.1899
NDPRJ_4282,concrete_demand,3296.296704
NDPRJ_4283,concrete_demand,799296
NDPRJ_4284,concrete_demand,61023.06
NDPRJ_4285,concrete_demand,205363.088
NDPRJ_4286,concrete_demand,144058.9498
NDPRJ_4287,concrete_demand,18838.60742
NDPRJ_4288,concrete_demand,83920.93453
NDPRJ_4289,concrete_demand,22646.38696
NDPRJ_4290,concrete_demand,125065.5121
NDPRJ_4291,concrete_demand,29111.69248
NDPRJ_4292,concrete_demand,653462.4488
NDPRJ_4293,concrete_demand,319661.0644
NDPRJ_4294,concrete_demand,105225.9529
NDPRJ_4295,concrete_demand,24022.19185
NDPRJ_4296,concrete_demand,20082.312
NDPRJ_4297,concrete_demand,18940.65088
NDPRJ_4298,concrete_demand,1311.84018
NDPRJ_4299,concrete_demand,825.276686
NDPRJ_4300,concrete_demand,9952.0678
NDPRJ_4301,concrete_demand,3064.32
NDPRJ_4302,concrete_demand,799296
NDPRJ_4303,concrete_demand,23609.38877
NDPRJ_4304,concrete_demand,17239.86556
NDPRJ_4305,concrete_demand,1332.16
NDPRJ_4306,concrete_demand,650.549445
NDPRJ_4307,concrete_demand,22203.7768
NDPRJ_4308,concrete_demand,70763.049
NDPRJ_4309,concrete_demand,107281.6806
NDPRJ_4310,concrete_demand,955.441804
NDPRJ_4311,concrete_demand,44466.71816
NDPRJ_4312,concrete_demand,28015.37476
NDPRJ_4313,concrete_demand,7923.404596
NDPRJ_4314,concrete_demand,5845.085128
NDPRJ_4315,concrete_demand,370054.0656
NDPRJ_4316,concrete_demand,215306.8631
NDPRJ_4317,concrete_demand,83260
NDPRJ_4318,concrete_demand,25162.98707
NDPRJ_4319,concrete_demand,76422.10598
NDPRJ_4320,concrete_demand,38618.95206
NDPRJ_4321,concrete_demand,19980.86802
NDPRJ_4322,concrete_demand,11829.6909
NDPRJ_4323,concrete_demand,4982.678048
NDPRJ_4324,concrete_demand,748.258147
NDPRJ_4325,concrete_demand,9969.35814
NDPRJ_4326,concrete_demand,33304
NDPRJ_4327,concrete_demand,66608
NDPRJ_4328,concrete_demand,16312.59894
NDPRJ_4329,concrete_demand,8493.652336
NDPRJ_4330,concrete_demand,21512.41906
NDPRJ_4331,concrete_demand,1687.43484
NDPRJ_4332,concrete_demand,63303.84355
NDPRJ_4333,concrete_demand,17710.96729
NDPRJ_4334,concrete_demand,27727.71146
NDPRJ_4335,concrete_demand,12879.98896
NDPRJ_4336,concrete_demand,13063.24522
NDPRJ_4337,concrete_demand,414634.8
NDPRJ_4338,concrete_demand,19316.32
NDPRJ_4339,concrete_demand,948830.96
NDPRJ_4340,concrete_demand,3231.786856
NDPRJ_4341,concrete_demand,1068.5619
NDPRJ_4342,concrete_demand,485545.1772
NDPRJ_4343,concrete_demand,164951.4478
NDPRJ_4344,concrete_demand,351870.2481
NDPRJ_4345,concrete_demand,760736.9511
NDPRJ_4346,concrete_demand,7992.96
NDPRJ_4347,concrete_demand,117678.204
NDPRJ_4348,concrete_demand,6993.84
NDPRJ_4349,concrete_demand,31328.90628
NDPRJ_4350,concrete_demand,2868.173784
NDPRJ_4351,concrete_demand,57837.3916
NDPRJ_4352,concrete_demand,10485.14828
NDPRJ_4353,concrete_demand,97511.31446
NDPRJ_4354,concrete_demand,11778.95872
NDPRJ_4355,concrete_demand,57719.1624
NDPRJ_4356,concrete_demand,5516.026321
NDPRJ_4357,concrete_demand,64345.69258
NDPRJ_4358,concrete_demand,14752.75614
NDPRJ_4359,concrete_demand,7579.540796
NDPRJ_4360,concrete_demand,40317.8224
NDPRJ_4361,concrete_demand,5893.675664
NDPRJ_4362,concrete_demand,79144.51482
NDPRJ_4363,concrete_demand,383727.206
NDPRJ_4364,concrete_demand,21738.13692
NDPRJ_4365,concrete_demand,65293.42451
NDPRJ_4366,concrete_demand,3358.012424
NDPRJ_4367,concrete_demand,1197
NDPRJ_4368,concrete_demand,36786.32633
NDPRJ_4369,concrete_demand,24508.3803
NDPRJ_4370,concrete_demand,6615.972816
NDPRJ_4371,concrete_demand,15323.5867
NDPRJ_4372,concrete_demand,6055.150108
NDPRJ_4373,concrete_demand,15448.87635
NDPRJ_4374,concrete_demand,76599.2
NDPRJ_4375,concrete_demand,48020.00518
NDPRJ_4376,concrete_demand,2148.89031
NDPRJ_4377,concrete_demand,1879.732751
NDPRJ_4378,concrete_demand,96122.0048
NDPRJ_4379,concrete_demand,59116.84802
NDPRJ_4380,concrete_demand,19982.4
NDPRJ_4381,concrete_demand,39358.86702
NDPRJ_4382,concrete_demand,9091.992
NDPRJ_4383,concrete_demand,28699.78861
NDPRJ_4384,concrete_demand,94301.5249
NDPRJ_4385,concrete_demand,3297.096
NDPRJ_4386,concrete_demand,43093.54428
NDPRJ_4387,concrete_demand,68057.30682
NDPRJ_4388,concrete_demand,216476
NDPRJ_4389,concrete_demand,238332.9489
NDPRJ_4390,concrete_demand,18338.45895
NDPRJ_4391,concrete_demand,266432
NDPRJ_4392,concrete_demand,266432
NDPRJ_4393,concrete_demand,70879.238
NDPRJ_4394,concrete_demand,50003.50816
NDPRJ_4395,concrete_demand,223436.2351
NDPRJ_4396,concrete_demand,423535.9767
NDPRJ_4397,concrete_demand,1431.122836
NDPRJ_4398,concrete_demand,3112.691752
NDPRJ_4399,concrete_demand,26643.2
NDPRJ_4400,concrete_demand,14154.2
NDPRJ_4401,concrete_demand,35940.0116
NDPRJ_4402,concrete_demand,8660.95498
NDPRJ_4403,concrete_demand,143693.6049
NDPRJ_4404,concrete_demand,2462.148068
NDPRJ_4405,concrete_demand,13282.30128
NDPRJ_4406,concrete_demand,5640.432048
NDPRJ_4407,concrete_demand,69836.8228
NDPRJ_4408,concrete_demand,53774.3036
NDPRJ_4409,concrete_demand,42710.66484
NDPRJ_4410,concrete_demand,3943.1936
NDPRJ_4411,concrete_demand,53286.4
NDPRJ_4412,concrete_demand,68093.3584
NDPRJ_4413,concrete_demand,12287.59406
NDPRJ_4414,concrete_demand,26807.80502
NDPRJ_4415,concrete_demand,77358.5312
NDPRJ_4416,concrete_demand,2963.55644
NDPRJ_4417,concrete_demand,5414.431126
NDPRJ_4418,concrete_demand,16652
NDPRJ_4419,concrete_demand,12489
NDPRJ_4420,concrete_demand,15133.26402
NDPRJ_4421,concrete_demand,6778.611
NDPRJ_4422,concrete_demand,26128.98522
NDPRJ_4423,concrete_demand,11970
NDPRJ_4424,concrete_demand,49765.30579
NDPRJ_4425,concrete_demand,1663534.8
NDPRJ_4426,concrete_demand,176723.0428
NDPRJ_4427,concrete_demand,6648.036993
NDPRJ_4428,concrete_demand,4280.3966
NDPRJ_4429,concrete_demand,49956
NDPRJ_4430,concrete_demand,13380.13178
NDPRJ_4431,concrete_demand,51724.25289
NDPRJ_4432,concrete_demand,136115.7959
NDPRJ_4433,concrete_demand,189565.652
NDPRJ_4434,concrete_demand,72163
NDPRJ_4435,concrete_demand,15555.74888
NDPRJ_4436,concrete_demand,4357.16232
NDPRJ_4437,concrete_demand,53286.4
NDPRJ_4438,concrete_demand,38021.59486
NDPRJ_4439,concrete_demand,275186.3327
NDPRJ_4440,concrete_demand,6408.68872
NDPRJ_4441,concrete_demand,15746.03876
NDPRJ_4442,concrete_demand,137023.7962
NDPRJ_4443,concrete_demand,8494.337657
NDPRJ_4444,concrete_demand,3110.977857
NDPRJ_4445,concrete_demand,59466.96
NDPRJ_4446,concrete_demand,174196.572
NDPRJ_4447,concrete_demand,44008.97133
NDPRJ_4448,concrete_demand,48797.0208
NDPRJ_4449,concrete_demand,18686.85775
NDPRJ_4450,concrete_demand,70961.59879
NDPRJ_4451,concrete_demand,1523302.2
NDPRJ_4452,concrete_demand,10769.19376
NDPRJ_4453,concrete_demand,21704.79962
NDPRJ_4454,concrete_demand,21980.64
NDPRJ_4455,concrete_demand,34312.9626
NDPRJ_4456,concrete_demand,20307.105
NDPRJ_4457,concrete_demand,632907.478
NDPRJ_4458,concrete_demand,4813.29261
NDPRJ_4459,concrete_demand,16729.36776
NDPRJ_4460,concrete_demand,17570.07199
NDPRJ_4461,concrete_demand,4877.33211
NDPRJ_4462,concrete_demand,18447.9555
NDPRJ_4463,concrete_demand,12988.56
NDPRJ_4464,concrete_demand,667.278944
NDPRJ_4465,concrete_demand,4329.52
NDPRJ_4466,concrete_demand,30249.24056
NDPRJ_4467,concrete_demand,37572.24064
NDPRJ_4468,concrete_demand,133223.4934
NDPRJ_4469,concrete_demand,4793.844368
NDPRJ_4470,concrete_demand,6687.4432
NDPRJ_4471,concrete_demand,89913.25664
NDPRJ_4472,concrete_demand,1011.570625
NDPRJ_4473,concrete_demand,177213.9144
NDPRJ_4474,concrete_demand,3939.8632
NDPRJ_4475,concrete_demand,290357.0607
NDPRJ_4476,concrete_demand,10013.81209
NDPRJ_4477,concrete_demand,10540.17153
NDPRJ_4478,concrete_demand,760.88502
NDPRJ_4479,concrete_demand,9461.683052
NDPRJ_4480,concrete_demand,22526.8256
NDPRJ_4481,concrete_demand,4677.563452
NDPRJ_4482,concrete_demand,9300.61818
NDPRJ_4483,concrete_demand,9150.373912
NDPRJ_4484,concrete_demand,40165.70638
NDPRJ_4485,concrete_demand,27750.32487
NDPRJ_4486,concrete_demand,24124.66826
NDPRJ_4487,concrete_demand,20599.3233
NDPRJ_4488,concrete_demand,6656.42124
NDPRJ_4489,concrete_demand,4163
NDPRJ_4490,concrete_demand,35068.14618
NDPRJ_4491,concrete_demand,14889.56897
NDPRJ_4492,concrete_demand,474.91504
NDPRJ_4493,concrete_demand,87811.49116
NDPRJ_4494,concrete_demand,154.635
NDPRJ_4495,concrete_demand,489452.236
NDPRJ_4496,concrete_demand,102181.6676
NDPRJ_4497,concrete_demand,585.808925
NDPRJ_4498,concrete_demand,53029.79268
NDPRJ_4499,concrete_demand,90859.47324
NDPRJ_4500,concrete_demand,23762.80365
NDPRJ_4501,concrete_demand,102619.6818
NDPRJ_4502,concrete_demand,30268.02401
NDPRJ_4503,concrete_demand,14697.90445
NDPRJ_4504,concrete_demand,42172.53881
NDPRJ_4505,concrete_demand,13321.6
NDPRJ_4506,concrete_demand,303798.6
NDPRJ_4507,concrete_demand,46631.4282
NDPRJ_4508,concrete_demand,300312.4256
NDPRJ_4509,concrete_demand,11970
NDPRJ_4510,concrete_demand,229246.3875
NDPRJ_4511,concrete_demand,401.12319
NDPRJ_4512,concrete_demand,21647.6
NDPRJ_4513,concrete_demand,1966.76772
NDPRJ_4514,concrete_demand,38299.6
NDPRJ_4515,concrete_demand,18213.30063
NDPRJ_4516,concrete_demand,23940
NDPRJ_4517,concrete_demand,44408.60268
NDPRJ_4518,concrete_demand,11509.8624
NDPRJ_4519,concrete_demand,41815.37006
NDPRJ_4520,concrete_demand,59988.61352
NDPRJ_4521,concrete_demand,27515.7315
NDPRJ_4522,concrete_demand,213534.7572
NDPRJ_4523,concrete_demand,70458.40866
NDPRJ_4524,concrete_demand,221653.9894
NDPRJ_4525,concrete_demand,236082.5644
NDPRJ_4526,concrete_demand,193984.4766
NDPRJ_4527,concrete_demand,14380.6672
NDPRJ_4528,concrete_demand,82135.1574
NDPRJ_4529,concrete_demand,62111.96
NDPRJ_4530,concrete_demand,36634.4
NDPRJ_4531,concrete_demand,2387.0642
NDPRJ_4532,concrete_demand,1400.866152
NDPRJ_4533,concrete_demand,153131.792
NDPRJ_4534,concrete_demand,8775.604
NDPRJ_4535,concrete_demand,25460.19
NDPRJ_4536,concrete_demand,468896.824
NDPRJ_4537,concrete_demand,1363.9815
NDPRJ_4538,concrete_demand,306105.4463
NDPRJ_4539,concrete_demand,3517.302048
NDPRJ_4540,concrete_demand,49834.4404
NDPRJ_4541,concrete_demand,202500.5259
NDPRJ_4542,concrete_demand,7911.03216
NDPRJ_4543,concrete_demand,7051.78896
NDPRJ_4544,concrete_demand,1861.6936
NDPRJ_4545,concrete_demand,1197
NDPRJ_4546,concrete_demand,159083.6428
NDPRJ_4547,concrete_demand,151403.0254
NDPRJ_4548,concrete_demand,119919.9476
NDPRJ_4549,concrete_demand,81406.0494
NDPRJ_4550,concrete_demand,4593.9663
NDPRJ_4551,concrete_demand,44694.3042
NDPRJ_4552,concrete_demand,63195.5889
NDPRJ_4553,concrete_demand,200166.5541
NDPRJ_4554,concrete_demand,37375.23826
NDPRJ_4555,concrete_demand,2639.104
NDPRJ_4556,concrete_demand,1455.88436
NDPRJ_4557,concrete_demand,1715367.48
NDPRJ_4558,concrete_demand,12481.22352
NDPRJ_4559,concrete_demand,14314.65867
NDPRJ_4560,concrete_demand,7301.493576
NDPRJ_4561,concrete_demand,7858.79577
NDPRJ_4562,concrete_demand,14804.53191
NDPRJ_4563,concrete_demand,5386.5
NDPRJ_4564,concrete_demand,95494.63807
NDPRJ_4565,concrete_demand,146155.1259
NDPRJ_4566,concrete_demand,652868.97
NDPRJ_4567,concrete_demand,46632.06049
NDPRJ_4568,concrete_demand,109879.8872
NDPRJ_4569,concrete_demand,1887.92037
NDPRJ_4570,concrete_demand,31877.09012
NDPRJ_4571,concrete_demand,11656.4
NDPRJ_4572,concrete_demand,52760.59645
NDPRJ_4573,concrete_demand,38910.5199
NDPRJ_4574,concrete_demand,79000.34116
NDPRJ_4575,concrete_demand,13263.318
NDPRJ_4576,concrete_demand,9944.40788
NDPRJ_4577,concrete_demand,20233.37894
NDPRJ_4578,concrete_demand,4442.7536
NDPRJ_4579,concrete_demand,37652.20354
NDPRJ_4580,concrete_demand,1750.58856
NDPRJ_4581,concrete_demand,1241.0496
NDPRJ_4582,concrete_demand,23174.21925
NDPRJ_4583,concrete_demand,8632.546668
NDPRJ_4584,concrete_demand,6075.215768
NDPRJ_4585,concrete_demand,202444.6679
NDPRJ_4586,concrete_demand,113343.4366
NDPRJ_4587,concrete_demand,1185.03
NDPRJ_4588,concrete_demand,1774.725277
NDPRJ_4589,concrete_demand,165895.4619
NDPRJ_4590,concrete_demand,1561.792882
NDPRJ_4591,concrete_demand,507243.2525
NDPRJ_4592,concrete_demand,2601.9916
NDPRJ_4593,concrete_demand,9897.6709
NDPRJ_4594,concrete_demand,1270.27498
NDPRJ_4595,concrete_demand,52669.29353
NDPRJ_4596,concrete_demand,47472.52072
NDPRJ_4597,concrete_demand,15315.07753
NDPRJ_4598,concrete_demand,43462.88564
NDPRJ_4599,concrete_demand,43630.27154
NDPRJ_4600,concrete_demand,26253.90954
NDPRJ_4601,concrete_demand,28782.48244
NDPRJ_4602,concrete_demand,32850.31626
NDPRJ_4603,concrete_demand,16972.83408
NDPRJ_4604,concrete_demand,15975.72898
NDPRJ_4605,concrete_demand,1750.4682
NDPRJ_4606,concrete_demand,9239.86176
NDPRJ_4607,concrete_demand,1336.603086
NDPRJ_4608,concrete_demand,899.058199
NDPRJ_4609,concrete_demand,4988.9392
NDPRJ_4610,concrete_demand,46470.17023
NDPRJ_4611,concrete_demand,21221.39206
NDPRJ_4612,concrete_demand,21521.80863
NDPRJ_4613,concrete_demand,7663.99599
NDPRJ_4614,concrete_demand,1932.617921
NDPRJ_4615,concrete_demand,1023.869262
NDPRJ_4616,concrete_demand,2964.827164
NDPRJ_4617,concrete_demand,69345.22644
NDPRJ_4618,concrete_demand,21177.83043
NDPRJ_4619,concrete_demand,65199.45728
NDPRJ_4620,concrete_demand,2253.124731
NDPRJ_4621,concrete_demand,27475.74267
NDPRJ_4622,concrete_demand,3012.887722
NDPRJ_4623,concrete_demand,5837.9867
NDPRJ_4624,concrete_demand,1600.709357
NDPRJ_4625,concrete_demand,1101.454796
NDPRJ_4626,concrete_demand,32651.26326
NDPRJ_4627,concrete_demand,1008.962448
NDPRJ_4628,concrete_demand,57356.59566
NDPRJ_4629,concrete_demand,186004.7716
NDPRJ_4630,concrete_demand,283864.5999
NDPRJ_4631,concrete_demand,103.09
NDPRJ_4632,concrete_demand,2037.294
NDPRJ_4633,concrete_demand,13497.2453
NDPRJ_4634,concrete_demand,4628.4234
NDPRJ_4635,concrete_demand,37167.264
NDPRJ_4636,concrete_demand,5432.598436
NDPRJ_4637,concrete_demand,7307.32847
NDPRJ_4638,concrete_demand,8665.64231
NDPRJ_4639,concrete_demand,3415.65824
NDPRJ_4640,concrete_demand,5934.7728
NDPRJ_4641,concrete_demand,71496.66748
NDPRJ_4642,concrete_demand,76481.118
NDPRJ_4643,concrete_demand,2284.6544
NDPRJ_4644,concrete_demand,201.0255
NDPRJ_4645,concrete_demand,6535.875073
NDPRJ_4646,concrete_demand,72820.66265
NDPRJ_4647,concrete_demand,17122.10346
NDPRJ_4648,concrete_demand,40923.48894
NDPRJ_4649,concrete_demand,11612.80323
NDPRJ_4650,concrete_demand,31659.615
NDPRJ_4651,concrete_demand,5311.038836
NDPRJ_4652,concrete_demand,163033.4042
NDPRJ_4653,concrete_demand,1807.1677
NDPRJ_4654,concrete_demand,1348.509981
NDPRJ_4655,concrete_demand,6942.6
NDPRJ_4656,concrete_demand,19159.45816
NDPRJ_4657,concrete_demand,121559.6
NDPRJ_4658,concrete_demand,79993.59364
NDPRJ_4659,concrete_demand,68474.88902
NDPRJ_4660,concrete_demand,81731.46296
NDPRJ_4661,concrete_demand,34768.70992
NDPRJ_4662,concrete_demand,9231.224977
NDPRJ_4663,concrete_demand,47694.38232
NDPRJ_4664,concrete_demand,2557.7472
NDPRJ_4665,concrete_demand,13921.072
NDPRJ_4666,concrete_demand,4675.8816
NDPRJ_4667,concrete_demand,67117.5512
NDPRJ_4668,concrete_demand,205191.2726
NDPRJ_4669,concrete_demand,11030.2848
NDPRJ_4670,concrete_demand,62266.20435
NDPRJ_4671,concrete_demand,2214.45
NDPRJ_4672,concrete_demand,59888.918
NDPRJ_4673,concrete_demand,73740.0516
NDPRJ_4674,concrete_demand,108248.6573
NDPRJ_4675,concrete_demand,1088.56377
NDPRJ_4676,concrete_demand,1268.82
NDPRJ_4677,concrete_demand,2997.36
NDPRJ_4678,concrete_demand,79940.36733
NDPRJ_4679,concrete_demand,2439.2466
NDPRJ_4680,concrete_demand,237.107
NDPRJ_4681,concrete_demand,39744.9936
NDPRJ_4682,concrete_demand,4224.64392
NDPRJ_4683,concrete_demand,1881.13338
NDPRJ_4684,concrete_demand,46955.71251
NDPRJ_4685,concrete_demand,138838.8808
NDPRJ_4686,concrete_demand,1089.022142
NDPRJ_4687,concrete_demand,1730.276016
NDPRJ_4688,concrete_demand,76541.2074
NDPRJ_4689,concrete_demand,86918.49117
NDPRJ_4690,concrete_demand,254.7756
NDPRJ_4691,concrete_demand,303.0846
NDPRJ_4692,concrete_demand,486.2214
NDPRJ_4693,concrete_demand,892.347376
NDPRJ_4694,concrete_demand,693.74529
NDPRJ_4695,concrete_demand,1296.3582
NDPRJ_4696,concrete_demand,1332.16
NDPRJ_4697,concrete_demand,1419.183352
NDPRJ_4698,concrete_demand,974.81904
NDPRJ_4699,concrete_demand,1609.24928
NDPRJ_4700,concrete_demand,1165.21965
NDPRJ_4701,concrete_demand,1174.257
NDPRJ_4702,concrete_demand,1982.653728
NDPRJ_4703,concrete_demand,1631.9898
NDPRJ_4704,concrete_demand,2291.3152
NDPRJ_4705,concrete_demand,1737.39762
NDPRJ_4706,concrete_demand,2437.453152
NDPRJ_4707,concrete_demand,1649.44
NDPRJ_4708,concrete_demand,1681.3979
NDPRJ_4709,concrete_demand,2778.069812
NDPRJ_4710,concrete_demand,2909.1044
NDPRJ_4711,concrete_demand,2920.377804
NDPRJ_4712,concrete_demand,3053.9768
NDPRJ_4713,concrete_demand,2051.491
NDPRJ_4714,concrete_demand,2394
NDPRJ_4715,concrete_demand,3540.2152
NDPRJ_4716,concrete_demand,2346.3284
NDPRJ_4717,concrete_demand,2917.61568
NDPRJ_4718,concrete_demand,4068.350032
NDPRJ_4719,concrete_demand,2541.817967
NDPRJ_4720,concrete_demand,3155.1723
NDPRJ_4721,concrete_demand,3231.9
NDPRJ_4722,concrete_demand,3285.2862
NDPRJ_4723,concrete_demand,4785.251936
NDPRJ_4724,concrete_demand,4995.6
NDPRJ_4725,concrete_demand,3594.1122
NDPRJ_4726,concrete_demand,5027.455276
NDPRJ_4727,concrete_demand,3165.17227
NDPRJ_4728,concrete_demand,3812.445
NDPRJ_4729,concrete_demand,3882.73284
NDPRJ_4730,concrete_demand,3385.06324
NDPRJ_4731,concrete_demand,5495.16
NDPRJ_4732,concrete_demand,5602.365576
NDPRJ_4733,concrete_demand,5682.32848
NDPRJ_4734,concrete_demand,4121.271
NDPRJ_4735,concrete_demand,3577.42918
NDPRJ_4736,concrete_demand,5796.5612
NDPRJ_4737,concrete_demand,3608.15
NDPRJ_4738,concrete_demand,3700.199061
NDPRJ_4739,concrete_demand,6161.24
NDPRJ_4740,concrete_demand,4509.84114
NDPRJ_4741,concrete_demand,6294.456
NDPRJ_4742,concrete_demand,4603.662
NDPRJ_4743,concrete_demand,4776.03
NDPRJ_4744,concrete_demand,4145.2489
NDPRJ_4745,concrete_demand,6830.334012
NDPRJ_4746,concrete_demand,6830.350664
NDPRJ_4747,concrete_demand,7076.833568
NDPRJ_4748,concrete_demand,7180.142576
NDPRJ_4749,concrete_demand,7328.312072
NDPRJ_4750,concrete_demand,7616.524888
NDPRJ_4751,concrete_demand,7643.268
NDPRJ_4752,concrete_demand,8056.037776
NDPRJ_4753,concrete_demand,6192.2007
NDPRJ_4754,concrete_demand,6272.28
NDPRJ_4755,concrete_demand,9067.014
NDPRJ_4756,concrete_demand,5802.9361
NDPRJ_4757,concrete_demand,9458.336
NDPRJ_4758,concrete_demand,9568.57224
NDPRJ_4759,concrete_demand,6907.887
NDPRJ_4760,concrete_demand,9647.153028
NDPRJ_4761,concrete_demand,9841.631736
NDPRJ_4762,concrete_demand,9933.883816
NDPRJ_4763,concrete_demand,7182
NDPRJ_4764,concrete_demand,10253.56891
NDPRJ_4765,concrete_demand,7426.65483
NDPRJ_4766,concrete_demand,6443.125
NDPRJ_4767,concrete_demand,6556.524
NDPRJ_4768,concrete_demand,10827.1304
NDPRJ_4769,concrete_demand,10939.64796
NDPRJ_4770,concrete_demand,11069.8666
NDPRJ_4771,concrete_demand,11375.73054
NDPRJ_4772,concrete_demand,7151.3533
NDPRJ_4773,concrete_demand,7176.19799
NDPRJ_4774,concrete_demand,11656.4
NDPRJ_4775,concrete_demand,8379
NDPRJ_4776,concrete_demand,8540.89425
NDPRJ_4777,concrete_demand,8596.15974
NDPRJ_4778,concrete_demand,7423.92326
NDPRJ_4779,concrete_demand,8726.13
NDPRJ_4780,concrete_demand,8885.01978
NDPRJ_4781,concrete_demand,7690.514
NDPRJ_4782,concrete_demand,8977.5
NDPRJ_4783,concrete_demand,9048.0033
NDPRJ_4784,concrete_demand,12687.1588
NDPRJ_4785,concrete_demand,8226.582
NDPRJ_4786,concrete_demand,13382.16332
NDPRJ_4787,concrete_demand,13548.0672
NDPRJ_4788,concrete_demand,13706.42772
NDPRJ_4789,concrete_demand,8555.02674
NDPRJ_4790,concrete_demand,8556.47
NDPRJ_4791,concrete_demand,10193.5323
NDPRJ_4792,concrete_demand,14345.698
NDPRJ_4793,concrete_demand,14540.5264
NDPRJ_4794,concrete_demand,14569.50088
NDPRJ_4795,concrete_demand,9023.869751
NDPRJ_4796,concrete_demand,14639.2228
NDPRJ_4797,concrete_demand,10550.358
NDPRJ_4798,concrete_demand,14926.8528
NDPRJ_4799,concrete_demand,14986.8
NDPRJ_4800,concrete_demand,15303.188
NDPRJ_4801,concrete_demand,9626.5442
NDPRJ_4802,concrete_demand,11216.3688
NDPRJ_4803,concrete_demand,15761.61756
NDPRJ_4804,concrete_demand,11452.09401
NDPRJ_4805,concrete_demand,15975.07955
NDPRJ_4806,concrete_demand,16358.9248
NDPRJ_4807,concrete_demand,16652
NDPRJ_4808,concrete_demand,10309
NDPRJ_4809,concrete_demand,16652
NDPRJ_4810,concrete_demand,16698.6256
NDPRJ_4811,concrete_demand,16894.05347
NDPRJ_4812,concrete_demand,12168.07956
NDPRJ_4813,concrete_demand,17484.6
NDPRJ_4814,concrete_demand,12783.28968
NDPRJ_4815,concrete_demand,17841.3358
NDPRJ_4816,concrete_demand,18327.1912
NDPRJ_4817,concrete_demand,13585.95
NDPRJ_4818,concrete_demand,18928.72805
NDPRJ_4819,concrete_demand,13690.18476
NDPRJ_4820,concrete_demand,13825.35
NDPRJ_4821,concrete_demand,19846.6862
NDPRJ_4822,concrete_demand,19982.4
NDPRJ_4823,concrete_demand,15552.99207
NDPRJ_4824,concrete_demand,15602.93091
NDPRJ_4825,concrete_demand,21902.3756
NDPRJ_4826,concrete_demand,21970.6488
NDPRJ_4827,concrete_demand,13812.85385
NDPRJ_4828,concrete_demand,22733.06062
NDPRJ_4829,concrete_demand,22946.15626
NDPRJ_4830,concrete_demand,23033.0464
NDPRJ_4831,concrete_demand,23776.40833
NDPRJ_4832,concrete_demand,14741.87
NDPRJ_4833,concrete_demand,17254.755
NDPRJ_4834,concrete_demand,24070.466
NDPRJ_4835,concrete_demand,24353.55
NDPRJ_4836,concrete_demand,17870.013
NDPRJ_4837,concrete_demand,25111.216
NDPRJ_4838,concrete_demand,25311.04
NDPRJ_4839,concrete_demand,25570.31164
NDPRJ_4840,concrete_demand,25577.472
NDPRJ_4841,concrete_demand,25794.86386
NDPRJ_4842,concrete_demand,25851.11432
NDPRJ_4843,concrete_demand,25873.045
NDPRJ_4844,concrete_demand,18612.153
NDPRJ_4845,concrete_demand,26044.89364
NDPRJ_4846,concrete_demand,18827.9721
NDPRJ_4847,concrete_demand,26210.248
NDPRJ_4848,concrete_demand,16330.4869
NDPRJ_4849,concrete_demand,26641.5348
NDPRJ_4850,concrete_demand,26643.2
NDPRJ_4851,concrete_demand,26653.65746
NDPRJ_4852,concrete_demand,26691.4908
NDPRJ_4853,concrete_demand,26755.93404
NDPRJ_4854,concrete_demand,26871.3324
NDPRJ_4855,concrete_demand,27263.02074
NDPRJ_4856,concrete_demand,27319.83737
NDPRJ_4857,concrete_demand,27782.44658
NDPRJ_4858,concrete_demand,27817.166
NDPRJ_4859,concrete_demand,27833.818
NDPRJ_4860,concrete_demand,20424.45888
NDPRJ_4861,concrete_demand,20686.554
NDPRJ_4862,concrete_demand,28796.3036
NDPRJ_4863,concrete_demand,21222.81
NDPRJ_4864,concrete_demand,21479.82984
NDPRJ_4865,concrete_demand,29973.6
NDPRJ_4866,concrete_demand,30040.208
NDPRJ_4867,concrete_demand,30573.072
NDPRJ_4868,concrete_demand,30756.244
NDPRJ_4869,concrete_demand,31471.51401
NDPRJ_4870,concrete_demand,31825.3024
NDPRJ_4871,concrete_demand,32229.27992
NDPRJ_4872,concrete_demand,32381.4792
NDPRJ_4873,concrete_demand,32967.6296
NDPRJ_4874,concrete_demand,33020.44974
NDPRJ_4875,concrete_demand,33080.8632
NDPRJ_4876,concrete_demand,33231.5305
NDPRJ_4877,concrete_demand,33289.0132
NDPRJ_4878,concrete_demand,33304
NDPRJ_4879,concrete_demand,33304
NDPRJ_4880,concrete_demand,24064.488
NDPRJ_4881,concrete_demand,33657.18892
NDPRJ_4882,concrete_demand,33766.9256
NDPRJ_4883,concrete_demand,34609.5168
NDPRJ_4884,concrete_demand,34694.442
NDPRJ_4885,concrete_demand,34887.6052
NDPRJ_4886,concrete_demand,34968.70044
NDPRJ_4887,concrete_demand,35129.0592
NDPRJ_4888,concrete_demand,35310.66591
NDPRJ_4889,concrete_demand,25568.9973
NDPRJ_4890,concrete_demand,35650.2668
NDPRJ_4891,concrete_demand,22148.78341
NDPRJ_4892,concrete_demand,36725.986
NDPRJ_4893,concrete_demand,36754.2944
NDPRJ_4894,concrete_demand,23081.69636
NDPRJ_4895,concrete_demand,27099.07452
NDPRJ_4896,concrete_demand,37998.03228
NDPRJ_4897,concrete_demand,38945.58104
NDPRJ_4898,concrete_demand,28134.6471
NDPRJ_4899,concrete_demand,39480.2268
NDPRJ_4900,concrete_demand,40058.56741
NDPRJ_4901,concrete_demand,40572.598
NDPRJ_4902,concrete_demand,40870.6688
NDPRJ_4903,concrete_demand,40967.91648
NDPRJ_4904,concrete_demand,41553.4008
NDPRJ_4905,concrete_demand,41791.5244
NDPRJ_4906,concrete_demand,26260.35281
NDPRJ_4907,concrete_demand,42566.32531
NDPRJ_4908,concrete_demand,42667.4196
NDPRJ_4909,concrete_demand,26761.1331
NDPRJ_4910,concrete_demand,43261.896
NDPRJ_4911,concrete_demand,43623.2444
NDPRJ_4912,concrete_demand,43647.55632
NDPRJ_4913,concrete_demand,43944.628
NDPRJ_4914,concrete_demand,43976.54988
NDPRJ_4915,concrete_demand,44272.6724
NDPRJ_4916,concrete_demand,44405.8884
NDPRJ_4917,concrete_demand,44405.8884
NDPRJ_4918,concrete_demand,44519.62156
NDPRJ_4919,concrete_demand,45550.54688
NDPRJ_4920,concrete_demand,45551.41278
NDPRJ_4921,concrete_demand,46130.203
NDPRJ_4922,concrete_demand,46452.31929
NDPRJ_4923,concrete_demand,47023.5828
NDPRJ_4924,concrete_demand,47493.1692
NDPRJ_4925,concrete_demand,47564.7728
NDPRJ_4926,concrete_demand,47968.90019
NDPRJ_4927,concrete_demand,48058.055
NDPRJ_4928,concrete_demand,48304.5379
NDPRJ_4929,concrete_demand,48673.796
NDPRJ_4930,concrete_demand,48866.72607
NDPRJ_4931,concrete_demand,49037.2592
NDPRJ_4932,concrete_demand,49655.93096
NDPRJ_4933,concrete_demand,30852.7752
NDPRJ_4934,concrete_demand,49922.696
NDPRJ_4935,concrete_demand,30927
NDPRJ_4936,concrete_demand,49957.6652
NDPRJ_4937,concrete_demand,49997.63
NDPRJ_4938,concrete_demand,36391.08627
NDPRJ_4939,concrete_demand,51559.5876
NDPRJ_4940,concrete_demand,51914.2752
NDPRJ_4941,concrete_demand,52194.19532
NDPRJ_4942,concrete_demand,52700.2496
NDPRJ_4943,concrete_demand,37974.825
NDPRJ_4944,concrete_demand,52846.7872
NDPRJ_4945,concrete_demand,32778.4964
NDPRJ_4946,concrete_demand,52965.0164
NDPRJ_4947,concrete_demand,38319.561
NDPRJ_4948,concrete_demand,53872.21736
NDPRJ_4949,concrete_demand,39022.2
NDPRJ_4950,concrete_demand,54919.9612
NDPRJ_4951,concrete_demand,54951.76652
NDPRJ_4952,concrete_demand,39595.3236
NDPRJ_4953,concrete_demand,55134.65544
NDPRJ_4954,concrete_demand,55462.8164
NDPRJ_4955,concrete_demand,39929.526
NDPRJ_4956,concrete_demand,56379.87534
NDPRJ_4957,concrete_demand,35203.1732
NDPRJ_4958,concrete_demand,57216.272
NDPRJ_4959,concrete_demand,57370.01992
NDPRJ_4960,concrete_demand,57392.7832
NDPRJ_4961,concrete_demand,57894.458
NDPRJ_4962,concrete_demand,58282
NDPRJ_4963,concrete_demand,42134.4
NDPRJ_4964,concrete_demand,58836.5116
NDPRJ_4965,concrete_demand,36519.6325
NDPRJ_4966,concrete_demand,59670.7768
NDPRJ_4967,concrete_demand,61803.38179
NDPRJ_4968,concrete_demand,61878.832
NDPRJ_4969,concrete_demand,62363.4052
NDPRJ_4970,concrete_demand,45150.84
NDPRJ_4971,concrete_demand,39204.10641
NDPRJ_4972,concrete_demand,63345.8732
NDPRJ_4973,concrete_demand,63355.8644
NDPRJ_4974,concrete_demand,39405.5855
NDPRJ_4975,concrete_demand,64175.24271
NDPRJ_4976,concrete_demand,40181.81197
NDPRJ_4977,concrete_demand,47019.1176
NDPRJ_4978,concrete_demand,66373.2068
NDPRJ_4979,concrete_demand,66607.66696
NDPRJ_4980,concrete_demand,66607.66696
NDPRJ_4981,concrete_demand,66608
NDPRJ_4982,concrete_demand,66938.5422
NDPRJ_4983,concrete_demand,48412.98819
NDPRJ_4984,concrete_demand,67640.44065
NDPRJ_4985,concrete_demand,48745.431
NDPRJ_4986,concrete_demand,68942.04423
NDPRJ_4987,concrete_demand,69326.93856
NDPRJ_4988,concrete_demand,69402.67186
NDPRJ_4989,concrete_demand,69953.3868
NDPRJ_4990,concrete_demand,70101.88934
NDPRJ_4991,concrete_demand,43466.8676
NDPRJ_4992,concrete_demand,70637.784
NDPRJ_4993,concrete_demand,70663.76112
NDPRJ_4994,concrete_demand,70892.39308
NDPRJ_4995,concrete_demand,72021.83163
NDPRJ_4996,concrete_demand,72591.0636
NDPRJ_4997,concrete_demand,45292.5915
NDPRJ_4998,concrete_demand,52907.4
NDPRJ_4999,concrete_demand,74043.45104
NDPRJ_5000,concrete_demand,46476.0647
NDPRJ_5001,concrete_demand,75218.54938
NDPRJ_5002,concrete_demand,75728.40031
NDPRJ_5003,concrete_demand,75871.5076
NDPRJ_5004,concrete_demand,76323.9924
NDPRJ_5005,concrete_demand,47605.62183
NDPRJ_5006,concrete_demand,77631.624
NDPRJ_5007,concrete_demand,77745.37381
NDPRJ_5008,concrete_demand,78247.19848
NDPRJ_5009,concrete_demand,79172.26704
NDPRJ_5010,concrete_demand,79965.46841
NDPRJ_5011,concrete_demand,80401.3012
NDPRJ_5012,concrete_demand,80938.7112
NDPRJ_5013,concrete_demand,50803.7829
NDPRJ_5014,concrete_demand,83620.18276
NDPRJ_5015,concrete_demand,84012.6704
NDPRJ_5016,concrete_demand,84121.82426
NDPRJ_5017,concrete_demand,60921.61425
NDPRJ_5018,concrete_demand,85315.07328
NDPRJ_5019,concrete_demand,86385.5804
NDPRJ_5020,concrete_demand,53503.71
NDPRJ_5021,concrete_demand,87571.53584
NDPRJ_5022,concrete_demand,88569.59011
NDPRJ_5023,concrete_demand,88845.48045
NDPRJ_5024,concrete_demand,89582.7644
NDPRJ_5025,concrete_demand,64541.043
NDPRJ_5026,concrete_demand,89920.8
NDPRJ_5027,concrete_demand,55753.92759
NDPRJ_5028,concrete_demand,90922.90071
NDPRJ_5029,concrete_demand,92069.25769
NDPRJ_5030,concrete_demand,93358.80522
NDPRJ_5031,concrete_demand,94775.77386
NDPRJ_5032,concrete_demand,59047.8902
NDPRJ_5033,concrete_demand,95495.8896
NDPRJ_5034,concrete_demand,96045.73864
NDPRJ_5035,concrete_demand,96581.6
NDPRJ_5036,concrete_demand,69545.7
NDPRJ_5037,concrete_demand,69601.959
NDPRJ_5038,concrete_demand,99797.5508
NDPRJ_5039,concrete_demand,73017
NDPRJ_5040,concrete_demand,101818.654
NDPRJ_5041,concrete_demand,102301.0957
NDPRJ_5042,concrete_demand,102373.1823
NDPRJ_5043,concrete_demand,63736.4234
NDPRJ_5044,concrete_demand,102992.62
NDPRJ_5045,concrete_demand,103668.6912
NDPRJ_5046,concrete_demand,105053.2217
NDPRJ_5047,concrete_demand,105147.3888
NDPRJ_5048,concrete_demand,105257.1255
NDPRJ_5049,concrete_demand,75798.44496
NDPRJ_5050,concrete_demand,75934.089
NDPRJ_5051,concrete_demand,106367.1478
NDPRJ_5052,concrete_demand,106572.8
NDPRJ_5053,concrete_demand,109307.6745
NDPRJ_5054,concrete_demand,68463.0999
NDPRJ_5055,concrete_demand,79807.581
NDPRJ_5056,concrete_demand,68868.2436
NDPRJ_5057,concrete_demand,68979.87976
NDPRJ_5058,concrete_demand,112455.7851
NDPRJ_5059,concrete_demand,112637.3085
NDPRJ_5060,concrete_demand,113062.917
NDPRJ_5061,concrete_demand,113135.6862
NDPRJ_5062,concrete_demand,114263.8426
NDPRJ_5063,concrete_demand,114336.9782
NDPRJ_5064,concrete_demand,117843.906
NDPRJ_5065,concrete_demand,118728.76
NDPRJ_5066,concrete_demand,73601.85806
NDPRJ_5067,concrete_demand,85848.70833
NDPRJ_5068,concrete_demand,120189.1571
NDPRJ_5069,concrete_demand,122162.1027
NDPRJ_5070,concrete_demand,124915.6108
NDPRJ_5071,concrete_demand,126658.4424
NDPRJ_5072,concrete_demand,78513.65327
NDPRJ_5073,concrete_demand,127591.6704
NDPRJ_5074,concrete_demand,128330.3032
NDPRJ_5075,concrete_demand,128441.9549
NDPRJ_5076,concrete_demand,130417.7147
NDPRJ_5077,concrete_demand,131475.866
NDPRJ_5078,concrete_demand,94750.929
NDPRJ_5079,concrete_demand,131902.1905
NDPRJ_5080,concrete_demand,132660.9888
NDPRJ_5081,concrete_demand,132747.7957
NDPRJ_5082,concrete_demand,132936.8459
NDPRJ_5083,concrete_demand,133206.0088
NDPRJ_5084,concrete_demand,133216
NDPRJ_5085,concrete_demand,83249.9893
NDPRJ_5086,concrete_demand,84222.22078
NDPRJ_5087,concrete_demand,84249.45716
NDPRJ_5088,concrete_demand,137686.2461
NDPRJ_5089,concrete_demand,141110.7132
NDPRJ_5090,concrete_demand,142641.032
NDPRJ_5091,concrete_demand,88403.76767
NDPRJ_5092,concrete_demand,144059.4993
NDPRJ_5093,concrete_demand,145973.2804
NDPRJ_5094,concrete_demand,146181.2472
NDPRJ_5095,concrete_demand,147641.3778
NDPRJ_5096,concrete_demand,147707.7527
NDPRJ_5097,concrete_demand,91883.63248
NDPRJ_5098,concrete_demand,149156.8763
NDPRJ_5099,concrete_demand,151084.4286
NDPRJ_5100,concrete_demand,151196.8129
NDPRJ_5101,concrete_demand,151680.2372
NDPRJ_5102,concrete_demand,154655.45
NDPRJ_5103,concrete_demand,96227.38117
NDPRJ_5104,concrete_demand,98213.56466
NDPRJ_5105,concrete_demand,158859.0309
NDPRJ_5106,concrete_demand,98503.5259
NDPRJ_5107,concrete_demand,159146.4944
NDPRJ_5108,concrete_demand,162187.1496
NDPRJ_5109,concrete_demand,162793.0659
NDPRJ_5110,concrete_demand,163580.922
NDPRJ_5111,concrete_demand,164834.1349
NDPRJ_5112,concrete_demand,165584.1576
NDPRJ_5113,concrete_demand,166520
NDPRJ_5114,concrete_demand,103090
NDPRJ_5115,concrete_demand,166571.7211
NDPRJ_5116,concrete_demand,167850.4948
NDPRJ_5117,concrete_demand,170542.0075
NDPRJ_5118,concrete_demand,106764.1276
NDPRJ_5119,concrete_demand,173327.4542
NDPRJ_5120,concrete_demand,107679.7833
NDPRJ_5121,concrete_demand,174976.535
NDPRJ_5122,concrete_demand,178940.7268
NDPRJ_5123,concrete_demand,110826.9045
NDPRJ_5124,concrete_demand,112081.0871
NDPRJ_5125,concrete_demand,131670
NDPRJ_5126,concrete_demand,184222.7412
NDPRJ_5127,concrete_demand,185012.9119
NDPRJ_5128,concrete_demand,134223.7995
NDPRJ_5129,concrete_demand,187391.2505
NDPRJ_5130,concrete_demand,116796.1969
NDPRJ_5131,concrete_demand,189003.8967
NDPRJ_5132,concrete_demand,190454.7689
NDPRJ_5133,concrete_demand,194757.3293
NDPRJ_5134,concrete_demand,122905.032
NDPRJ_5135,concrete_demand,123505.4075
NDPRJ_5136,concrete_demand,199824
NDPRJ_5137,concrete_demand,199828.5793
NDPRJ_5138,concrete_demand,199982.194
NDPRJ_5139,concrete_demand,123826.5535
NDPRJ_5140,concrete_demand,201607.3293
NDPRJ_5141,concrete_demand,126023.5973
NDPRJ_5142,concrete_demand,204896.1992
NDPRJ_5143,concrete_demand,127819.2292
NDPRJ_5144,concrete_demand,128480.2217
NDPRJ_5145,concrete_demand,212119.8368
NDPRJ_5146,concrete_demand,214144.72
NDPRJ_5147,concrete_demand,218957.148
NDPRJ_5148,concrete_demand,219433.5784
NDPRJ_5149,concrete_demand,138734.3984
NDPRJ_5150,concrete_demand,138902.6
NDPRJ_5151,concrete_demand,224604.2408
NDPRJ_5152,concrete_demand,224802
NDPRJ_5153,concrete_demand,229187.6872
NDPRJ_5154,concrete_demand,238769.6976
NDPRJ_5155,concrete_demand,239254.6038
NDPRJ_5156,concrete_demand,244790.2615
NDPRJ_5157,concrete_demand,153252.5631
NDPRJ_5158,concrete_demand,249780
NDPRJ_5159,concrete_demand,253799.7928
NDPRJ_5160,concrete_demand,159286.0084
NDPRJ_5161,concrete_demand,260020.1974
NDPRJ_5162,concrete_demand,43983.3485
NDPRJ_5163,concrete_demand,267645.9308
NDPRJ_5164,concrete_demand,172253.081
NDPRJ_5165,concrete_demand,175775.6663
NDPRJ_5166,concrete_demand,290933.9193
NDPRJ_5167,concrete_demand,297238.2
NDPRJ_5168,concrete_demand,303897.3348
NDPRJ_5169,concrete_demand,307589.0832
NDPRJ_5170,concrete_demand,311747.5372
NDPRJ_5171,concrete_demand,196491.0348
NDPRJ_5172,concrete_demand,174403.1363
NDPRJ_5173,concrete_demand,335157.8513
NDPRJ_5174,concrete_demand,210455.0804
NDPRJ_5175,concrete_demand,354687.6
NDPRJ_5176,concrete_demand,16853.08968
NDPRJ_5177,concrete_demand,366344
NDPRJ_5178,concrete_demand,369251.4392
NDPRJ_5179,concrete_demand,271264.14
NDPRJ_5180,concrete_demand,382959.3656
NDPRJ_5181,concrete_demand,237107
NDPRJ_5182,concrete_demand,382996
NDPRJ_5183,concrete_demand,384064.8419
NDPRJ_5184,concrete_demand,405347.3968
NDPRJ_5185,concrete_demand,55430.41266
NDPRJ_5186,concrete_demand,426794.0904
NDPRJ_5187,concrete_demand,264791.2422
NDPRJ_5188,concrete_demand,430149.3685
NDPRJ_5189,concrete_demand,431722.3997
NDPRJ_5190,concrete_demand,294817.8129
NDPRJ_5191,concrete_demand,298254.8232
NDPRJ_5192,concrete_demand,545137.4232
NDPRJ_5193,concrete_demand,546185.6
NDPRJ_5194,concrete_demand,552430.1
NDPRJ_5195,concrete_demand,349150.1603
NDPRJ_5196,concrete_demand,682732
NDPRJ_5197,concrete_demand,484867.3206
NDPRJ_5198,concrete_demand,488035.7711
NDPRJ_5199,concrete_demand,503194.6608
NDPRJ_5200,concrete_demand,509455.0072
NDPRJ_5201,concrete_demand,1191870.23
NDPRJ_5202,concrete_demand,1332160
NDPRJ_5203,concrete_demand,1237219.2
NDPRJ_5204,concrete_demand,1099661.03
NDPRJ_5205,concrete_demand,5278684
NDPRJ_5206,concrete_demand,2162.589975
NDPRJ_5207,concrete_demand,3471.842088
NDPRJ_5208,concrete_demand,2720.0628
NDPRJ_5209,concrete_demand,2848.876758
NDPRJ_5210,concrete_demand,3047.917509
NDPRJ_5211,concrete_demand,4545.996
NDPRJ_5212,concrete_demand,4625.615873
NDPRJ_5213,concrete_demand,6952.711225
NDPRJ_5214,concrete_demand,7013.8224
NDPRJ_5215,concrete_demand,5368.545
NDPRJ_5216,concrete_demand,9741.42
NDPRJ_5217,concrete_demand,10823.8
NDPRJ_5218,concrete_demand,11002.91224
NDPRJ_5219,concrete_demand,12459.49266
NDPRJ_5220,concrete_demand,13393.37012
NDPRJ_5221,concrete_demand,15022.65509
NDPRJ_5222,concrete_demand,15499.6816
NDPRJ_5223,concrete_demand,11886.81449
NDPRJ_5224,concrete_demand,12310.01144
NDPRJ_5225,concrete_demand,12449.9982
NDPRJ_5226,concrete_demand,17372.41548
NDPRJ_5227,concrete_demand,18042.01904
NDPRJ_5228,concrete_demand,18172.33759
NDPRJ_5229,concrete_demand,19007.15564
NDPRJ_5230,concrete_demand,19224.69237
NDPRJ_5231,concrete_demand,14738.86569
NDPRJ_5232,concrete_demand,14999.82366
NDPRJ_5233,concrete_demand,21214.648
NDPRJ_5234,concrete_demand,21771.98711
NDPRJ_5235,concrete_demand,21819.82831
NDPRJ_5236,concrete_demand,23812.36
NDPRJ_5237,concrete_demand,24021.25934
NDPRJ_5238,concrete_demand,24214.96206
NDPRJ_5239,concrete_demand,24614.16546
NDPRJ_5240,concrete_demand,24769.44369
NDPRJ_5241,concrete_demand,25613.37538
NDPRJ_5242,concrete_demand,26702.3146
NDPRJ_5243,concrete_demand,28141.88
NDPRJ_5244,concrete_demand,28538.07438
NDPRJ_5245,concrete_demand,30261.76453
NDPRJ_5246,concrete_demand,30281.09583
NDPRJ_5247,concrete_demand,22414.53123
NDPRJ_5248,concrete_demand,32294.38757
NDPRJ_5249,concrete_demand,33130.67766
NDPRJ_5250,concrete_demand,33597.0752
NDPRJ_5251,concrete_demand,33775.55966
NDPRJ_5252,concrete_demand,34636.16
NDPRJ_5253,concrete_demand,34746.12981
NDPRJ_5254,concrete_demand,36367.968
NDPRJ_5255,concrete_demand,36501.62028
NDPRJ_5256,concrete_demand,37973.85191
NDPRJ_5257,concrete_demand,27547.98064
NDPRJ_5258,concrete_demand,38463.45568
NDPRJ_5259,concrete_demand,39798.59306
NDPRJ_5260,concrete_demand,28665.86732
NDPRJ_5261,concrete_demand,40062.78037
NDPRJ_5262,concrete_demand,40100.42554
NDPRJ_5263,concrete_demand,41742.15788
NDPRJ_5264,concrete_demand,42007.01627
NDPRJ_5265,concrete_demand,30488.65174
NDPRJ_5266,concrete_demand,43295.2
NDPRJ_5267,concrete_demand,43295.2
NDPRJ_5268,concrete_demand,31433.22
NDPRJ_5269,concrete_demand,43894.57875
NDPRJ_5270,concrete_demand,44243.97101
NDPRJ_5271,concrete_demand,34192.40315
NDPRJ_5272,concrete_demand,48057.672
NDPRJ_5273,concrete_demand,48181.12826
NDPRJ_5274,concrete_demand,48786.20033
NDPRJ_5275,concrete_demand,48938.46955
NDPRJ_5276,concrete_demand,49067.9222
NDPRJ_5277,concrete_demand,49531.26743
NDPRJ_5278,concrete_demand,30686.50237
NDPRJ_5279,concrete_demand,49822.23282
NDPRJ_5280,concrete_demand,49901.46303
NDPRJ_5281,concrete_demand,50541.99387
NDPRJ_5282,concrete_demand,50793.01944
NDPRJ_5283,concrete_demand,52040.8304
NDPRJ_5284,concrete_demand,52884.43737
NDPRJ_5285,concrete_demand,38233.0969
NDPRJ_5286,concrete_demand,53527.11132
NDPRJ_5287,concrete_demand,54016.90992
NDPRJ_5288,concrete_demand,55510.22631
NDPRJ_5289,concrete_demand,56280.5778
NDPRJ_5290,concrete_demand,40658.15426
NDPRJ_5291,concrete_demand,57544.6894
NDPRJ_5292,concrete_demand,58170.2834
NDPRJ_5293,concrete_demand,42117.06026
NDPRJ_5294,concrete_demand,58794.75171
NDPRJ_5295,concrete_demand,59110.93656
NDPRJ_5296,concrete_demand,59407.50868
NDPRJ_5297,concrete_demand,60072.9992
NDPRJ_5298,concrete_demand,60384.85452
NDPRJ_5299,concrete_demand,43533.06457
NDPRJ_5300,concrete_demand,60613.28
NDPRJ_5301,concrete_demand,61140.44236
NDPRJ_5302,concrete_demand,61782.72665
NDPRJ_5303,concrete_demand,44504.46
NDPRJ_5304,concrete_demand,62562.4732
NDPRJ_5305,concrete_demand,64368.01292
NDPRJ_5306,concrete_demand,64476.03445
NDPRJ_5307,concrete_demand,64942.8
NDPRJ_5308,concrete_demand,46780.95649
NDPRJ_5309,concrete_demand,65626.9724
NDPRJ_5310,concrete_demand,65850.54881
NDPRJ_5311,concrete_demand,66062.50046
NDPRJ_5312,concrete_demand,66592.15229
NDPRJ_5313,concrete_demand,66654.99527
NDPRJ_5314,concrete_demand,67686.04881
NDPRJ_5315,concrete_demand,67686.04881
NDPRJ_5316,concrete_demand,67978.8759
NDPRJ_5317,concrete_demand,68383.10153
NDPRJ_5318,concrete_demand,69145.65989
NDPRJ_5319,concrete_demand,44033.99249
NDPRJ_5320,concrete_demand,71167.56738
NDPRJ_5321,concrete_demand,71175.14404
NDPRJ_5322,concrete_demand,71323.4301
NDPRJ_5323,concrete_demand,71578.15741
NDPRJ_5324,concrete_demand,71891.59301
NDPRJ_5325,concrete_demand,72092.65592
NDPRJ_5326,concrete_demand,72158.48627
NDPRJ_5327,concrete_demand,72588.97044
NDPRJ_5328,concrete_demand,73703.32395
NDPRJ_5329,concrete_demand,73852.62745
NDPRJ_5330,concrete_demand,74453.02363
NDPRJ_5331,concrete_demand,75316.43816
NDPRJ_5332,concrete_demand,75351.31244
NDPRJ_5333,concrete_demand,75434.13616
NDPRJ_5334,concrete_demand,75766.6
NDPRJ_5335,concrete_demand,75974.41696
NDPRJ_5336,concrete_demand,76122.0103
NDPRJ_5337,concrete_demand,76924.35694
NDPRJ_5338,concrete_demand,55883.28564
NDPRJ_5339,concrete_demand,77931.36
NDPRJ_5340,concrete_demand,78259.34279
NDPRJ_5341,concrete_demand,78623.54201
NDPRJ_5342,concrete_demand,79350.74984
NDPRJ_5343,concrete_demand,79425.99689
NDPRJ_5344,concrete_demand,80436.80993
NDPRJ_5345,concrete_demand,80496.99026
NDPRJ_5346,concrete_demand,80791.00796
NDPRJ_5347,concrete_demand,80791.00796
NDPRJ_5348,concrete_demand,81856.06988
NDPRJ_5349,concrete_demand,81931.12211
NDPRJ_5350,concrete_demand,82207.2156
NDPRJ_5351,concrete_demand,84549.33439
NDPRJ_5352,concrete_demand,85816.64983
NDPRJ_5353,concrete_demand,85971.25699
NDPRJ_5354,concrete_demand,86175.87011
NDPRJ_5355,concrete_demand,86590.4
NDPRJ_5356,concrete_demand,86590.4
NDPRJ_5357,concrete_demand,86590.4
NDPRJ_5358,concrete_demand,86659.67232
NDPRJ_5359,concrete_demand,86856.01605
NDPRJ_5360,concrete_demand,86966.13739
NDPRJ_5361,concrete_demand,87220.60493
NDPRJ_5362,concrete_demand,88404.07922
NDPRJ_5363,concrete_demand,88665.53894
NDPRJ_5364,concrete_demand,88755.16
NDPRJ_5365,concrete_demand,88813.06733
NDPRJ_5366,concrete_demand,91347.63328
NDPRJ_5367,concrete_demand,65716.23486
NDPRJ_5368,concrete_demand,92910.26529
NDPRJ_5369,concrete_demand,66924.7488
NDPRJ_5370,concrete_demand,93149.6228
NDPRJ_5371,concrete_demand,93301.156
NDPRJ_5372,concrete_demand,93829.01108
NDPRJ_5373,concrete_demand,93890.31708
NDPRJ_5374,concrete_demand,94093.89111
NDPRJ_5375,concrete_demand,95074.26762
NDPRJ_5376,concrete_demand,97316.95898
NDPRJ_5377,concrete_demand,98883.27108
NDPRJ_5378,concrete_demand,99017.85421
NDPRJ_5379,concrete_demand,99544.06407
NDPRJ_5380,concrete_demand,99578.96
NDPRJ_5381,concrete_demand,100213.0182
NDPRJ_5382,concrete_demand,100289.5641
NDPRJ_5383,concrete_demand,100769.578
NDPRJ_5384,concrete_demand,100947.0667
NDPRJ_5385,concrete_demand,101070.9342
NDPRJ_5386,concrete_demand,101661.3076
NDPRJ_5387,concrete_demand,101743.72
NDPRJ_5388,concrete_demand,102478.3097
NDPRJ_5389,concrete_demand,102761.3737
NDPRJ_5390,concrete_demand,102987.8076
NDPRJ_5391,concrete_demand,103064.2452
NDPRJ_5392,concrete_demand,74095.10199
NDPRJ_5393,concrete_demand,103406.2557
NDPRJ_5394,concrete_demand,103832.7134
NDPRJ_5395,concrete_demand,104413.0856
NDPRJ_5396,concrete_demand,104990.86
NDPRJ_5397,concrete_demand,75745.25267
NDPRJ_5398,concrete_demand,105449.7458
NDPRJ_5399,concrete_demand,106275.8399
NDPRJ_5400,concrete_demand,107210.5833
NDPRJ_5401,concrete_demand,108238
NDPRJ_5402,concrete_demand,108238
NDPRJ_5403,concrete_demand,109103.904
NDPRJ_5404,concrete_demand,110184.5738
NDPRJ_5405,concrete_demand,111209.5011
NDPRJ_5406,concrete_demand,111327.2424
NDPRJ_5407,concrete_demand,68962.46786
NDPRJ_5408,concrete_demand,69423.44613
NDPRJ_5409,concrete_demand,112757.7808
NDPRJ_5410,concrete_demand,113190.4946
NDPRJ_5411,concrete_demand,113665.0533
NDPRJ_5412,concrete_demand,113668.9932
NDPRJ_5413,concrete_demand,82168.92684
NDPRJ_5414,concrete_demand,70962.69839
NDPRJ_5415,concrete_demand,114732.28
NDPRJ_5416,concrete_demand,115013.6988
NDPRJ_5417,concrete_demand,117332.1351
NDPRJ_5418,concrete_demand,118022.0441
NDPRJ_5419,concrete_demand,73418.53311
NDPRJ_5420,concrete_demand,118675.412
NDPRJ_5421,concrete_demand,120257.332
NDPRJ_5422,concrete_demand,120750.3128
NDPRJ_5423,concrete_demand,121020.0419
NDPRJ_5424,concrete_demand,75014.90341
NDPRJ_5425,concrete_demand,121226.56
NDPRJ_5426,concrete_demand,121328.2604
NDPRJ_5427,concrete_demand,121948.3992
NDPRJ_5428,concrete_demand,122073.4141
NDPRJ_5429,concrete_demand,122255.5787
NDPRJ_5430,concrete_demand,122590.3588
NDPRJ_5431,concrete_demand,122591.5494
NDPRJ_5432,concrete_demand,88540.79844
NDPRJ_5433,concrete_demand,123391.32
NDPRJ_5434,concrete_demand,123391.32
NDPRJ_5435,concrete_demand,128201.5466
NDPRJ_5436,concrete_demand,93366
NDPRJ_5437,concrete_demand,129885.6
NDPRJ_5438,concrete_demand,131774.0284
NDPRJ_5439,concrete_demand,131904.1088
NDPRJ_5440,concrete_demand,132896.7162
NDPRJ_5441,concrete_demand,96478.2
NDPRJ_5442,concrete_demand,134456.7722
NDPRJ_5443,concrete_demand,136734.814
NDPRJ_5444,concrete_demand,137067.1264
NDPRJ_5445,concrete_demand,138052.8065
NDPRJ_5446,concrete_demand,138544.64
NDPRJ_5447,concrete_demand,139533.1127
NDPRJ_5448,concrete_demand,101102.1356
NDPRJ_5449,concrete_demand,140839.2856
NDPRJ_5450,concrete_demand,140905.3541
NDPRJ_5451,concrete_demand,141380.4756
NDPRJ_5452,concrete_demand,141978.5555
NDPRJ_5453,concrete_demand,142500.0245
NDPRJ_5454,concrete_demand,143866.7241
NDPRJ_5455,concrete_demand,146218.1081
NDPRJ_5456,concrete_demand,148895.0286
NDPRJ_5457,concrete_demand,149244.659
NDPRJ_5458,concrete_demand,149697.4835
NDPRJ_5459,concrete_demand,150114.005
NDPRJ_5460,concrete_demand,150331.3252
NDPRJ_5461,concrete_demand,150938.4322
NDPRJ_5462,concrete_demand,151533.2
NDPRJ_5463,concrete_demand,151919.6963
NDPRJ_5464,concrete_demand,153697.96
NDPRJ_5465,concrete_demand,155862.72
NDPRJ_5466,concrete_demand,112039.2
NDPRJ_5467,concrete_demand,157147.8081
NDPRJ_5468,concrete_demand,157286.4394
NDPRJ_5469,concrete_demand,159965.6113
NDPRJ_5470,concrete_demand,160945.5981
NDPRJ_5471,concrete_demand,161615.7212
NDPRJ_5472,concrete_demand,164641.3846
NDPRJ_5473,concrete_demand,164868.1216
NDPRJ_5474,concrete_demand,118980.2619
NDPRJ_5475,concrete_demand,120415.6863
NDPRJ_5476,concrete_demand,120508.1809
NDPRJ_5477,concrete_demand,167869.5397
NDPRJ_5478,concrete_demand,104399.2028
NDPRJ_5479,concrete_demand,169476.2246
NDPRJ_5480,concrete_demand,122881.4824
NDPRJ_5481,concrete_demand,106431.2758
NDPRJ_5482,concrete_demand,172443.6992
NDPRJ_5483,concrete_demand,172763.2178
NDPRJ_5484,concrete_demand,172845.6519
NDPRJ_5485,concrete_demand,173180.8
NDPRJ_5486,concrete_demand,175394.1372
NDPRJ_5487,concrete_demand,175752.9245
NDPRJ_5488,concrete_demand,176778.6311
NDPRJ_5489,concrete_demand,127310.034
NDPRJ_5490,concrete_demand,128613.439
NDPRJ_5491,concrete_demand,180129.6796
NDPRJ_5492,concrete_demand,129858.0389
NDPRJ_5493,concrete_demand,181064.1415
NDPRJ_5494,concrete_demand,113196.0251
NDPRJ_5495,concrete_demand,183925.6945
NDPRJ_5496,concrete_demand,184251.9671
NDPRJ_5497,concrete_demand,186169.36
NDPRJ_5498,concrete_demand,189091.786
NDPRJ_5499,concrete_demand,189204.7865
NDPRJ_5500,concrete_demand,136605.3507
NDPRJ_5501,concrete_demand,137184.4066
NDPRJ_5502,concrete_demand,192015.7923
NDPRJ_5503,concrete_demand,192995.7142
NDPRJ_5504,concrete_demand,194701.3069
NDPRJ_5505,concrete_demand,195910.78
NDPRJ_5506,concrete_demand,196996.4504
NDPRJ_5507,concrete_demand,199366.5379
NDPRJ_5508,concrete_demand,202141.3273
NDPRJ_5509,concrete_demand,202521.8272
NDPRJ_5510,concrete_demand,203085.0761
NDPRJ_5511,concrete_demand,203161.254
NDPRJ_5512,concrete_demand,127280.6623
NDPRJ_5513,concrete_demand,205652.2
NDPRJ_5514,concrete_demand,208168.5603
NDPRJ_5515,concrete_demand,152008.5155
NDPRJ_5516,concrete_demand,131288.5479
NDPRJ_5517,concrete_demand,213125.4711
NDPRJ_5518,concrete_demand,213159.0032
NDPRJ_5519,concrete_demand,215155.4964
NDPRJ_5520,concrete_demand,133681.9575
NDPRJ_5521,concrete_demand,218220.8832
NDPRJ_5522,concrete_demand,218563.3482
NDPRJ_5523,concrete_demand,223396.0666
NDPRJ_5524,concrete_demand,227299.8
NDPRJ_5525,concrete_demand,230427.2721
NDPRJ_5526,concrete_demand,232637.3838
NDPRJ_5527,concrete_demand,234177.6105
NDPRJ_5528,concrete_demand,236835.5678
NDPRJ_5529,concrete_demand,171082.9092
NDPRJ_5530,concrete_demand,239637.3084
NDPRJ_5531,concrete_demand,148495.5534
NDPRJ_5532,concrete_demand,240302.4742
NDPRJ_5533,concrete_demand,174459.973
NDPRJ_5534,concrete_demand,155355.0259
NDPRJ_5535,concrete_demand,181631.8667
NDPRJ_5536,concrete_demand,255631.0965
NDPRJ_5537,concrete_demand,260094.6584
NDPRJ_5538,concrete_demand,262760.3006
NDPRJ_5539,concrete_demand,263706.7337
NDPRJ_5540,concrete_demand,265607.696
NDPRJ_5541,concrete_demand,269499.3067
NDPRJ_5542,concrete_demand,271593.8852
NDPRJ_5543,concrete_demand,273936.4369
NDPRJ_5544,concrete_demand,276012.615
NDPRJ_5545,concrete_demand,281418.8
NDPRJ_5546,concrete_demand,175232.9634
NDPRJ_5547,concrete_demand,177999.9722
NDPRJ_5548,concrete_demand,287590.0978
NDPRJ_5549,concrete_demand,292242.6
NDPRJ_5550,concrete_demand,297424.7757
NDPRJ_5551,concrete_demand,297870.976
NDPRJ_5552,concrete_demand,300764.5674
NDPRJ_5553,concrete_demand,303066.4
NDPRJ_5554,concrete_demand,188833.8395
NDPRJ_5555,concrete_demand,309660.259
NDPRJ_5556,concrete_demand,225789.2853
NDPRJ_5557,concrete_demand,314229.0282
NDPRJ_5558,concrete_demand,314315.7918
NDPRJ_5559,concrete_demand,195005.4564
NDPRJ_5560,concrete_demand,315622.008
NDPRJ_5561,concrete_demand,324714
NDPRJ_5562,concrete_demand,324714
NDPRJ_5563,concrete_demand,324714
NDPRJ_5564,concrete_demand,183030.4571
NDPRJ_5565,concrete_demand,333460.2582
NDPRJ_5566,concrete_demand,184609.1444
NDPRJ_5567,concrete_demand,342180.1063
NDPRJ_5568,concrete_demand,247171.811
NDPRJ_5569,concrete_demand,346361.6
NDPRJ_5570,concrete_demand,348017.7929
NDPRJ_5571,concrete_demand,218299.648
NDPRJ_5572,concrete_demand,352880.8397
NDPRJ_5573,concrete_demand,368009.2
NDPRJ_5574,concrete_demand,370540.8219
NDPRJ_5575,concrete_demand,229648.3014
NDPRJ_5576,concrete_demand,374829.2331
NDPRJ_5577,concrete_demand,277421.0723
NDPRJ_5578,concrete_demand,387840.5664
NDPRJ_5579,concrete_demand,389656.8
NDPRJ_5580,concrete_demand,245840.7848
NDPRJ_5581,concrete_demand,398081.3965
NDPRJ_5582,concrete_demand,398536.7538
NDPRJ_5583,concrete_demand,398979.1225
NDPRJ_5584,concrete_demand,410101.3996
NDPRJ_5585,concrete_demand,411304.4
NDPRJ_5586,concrete_demand,413526.9374
NDPRJ_5587,concrete_demand,299583.4842
NDPRJ_5588,concrete_demand,420440.8995
NDPRJ_5589,concrete_demand,421218.1998
NDPRJ_5590,concrete_demand,424761.6305
NDPRJ_5591,concrete_demand,203718.0046
NDPRJ_5592,concrete_demand,432735.524
NDPRJ_5593,concrete_demand,432952
NDPRJ_5594,concrete_demand,432952
NDPRJ_5595,concrete_demand,454599.6
NDPRJ_5596,concrete_demand,454599.6
NDPRJ_5597,concrete_demand,464116.2746
NDPRJ_5598,concrete_demand,261909.7885
NDPRJ_5599,concrete_demand,475002.3331
NDPRJ_5600,concrete_demand,478606.8966
NDPRJ_5601,concrete_demand,174954.6212
NDPRJ_5602,concrete_demand,484464.3042
NDPRJ_5603,concrete_demand,484496.6674
NDPRJ_5604,concrete_demand,487380.9503
NDPRJ_5605,concrete_demand,151873.9611
NDPRJ_5606,concrete_demand,492895.9579
NDPRJ_5607,concrete_demand,494696.8217
NDPRJ_5608,concrete_demand,239126.1414
NDPRJ_5609,concrete_demand,506688.6071
NDPRJ_5610,concrete_demand,506926.1787
NDPRJ_5611,concrete_demand,512332.6235
NDPRJ_5612,concrete_demand,519542.4
NDPRJ_5613,concrete_demand,527857.373
NDPRJ_5614,concrete_demand,534695.72
NDPRJ_5615,concrete_demand,254980.8988
NDPRJ_5616,concrete_demand,540783.0035
NDPRJ_5617,concrete_demand,548600.493
NDPRJ_5618,concrete_demand,237280.3524
NDPRJ_5619,concrete_demand,262010.4513
NDPRJ_5620,concrete_demand,311220
NDPRJ_5621,concrete_demand,557662.5464
NDPRJ_5622,concrete_demand,269650.9151
NDPRJ_5623,concrete_demand,569331.88
NDPRJ_5624,concrete_demand,314970.201
NDPRJ_5625,concrete_demand,599638.52
NDPRJ_5626,concrete_demand,606838.1221
NDPRJ_5627,concrete_demand,375979.3328
NDPRJ_5628,concrete_demand,293949.9291
NDPRJ_5629,concrete_demand,624663.2971
NDPRJ_5630,concrete_demand,625615.64
NDPRJ_5631,concrete_demand,298961
NDPRJ_5632,concrete_demand,354863.817
NDPRJ_5633,concrete_demand,649428
NDPRJ_5634,concrete_demand,321722.5916
NDPRJ_5635,concrete_demand,221070.1547
NDPRJ_5636,concrete_demand,423677.0285
NDPRJ_5637,concrete_demand,692723.2
NDPRJ_5638,concrete_demand,704502.5251
NDPRJ_5639,concrete_demand,510400.8
NDPRJ_5640,concrete_demand,717992.2703
NDPRJ_5641,concrete_demand,360815
NDPRJ_5642,concrete_demand,757666
NDPRJ_5643,concrete_demand,766180.0011
NDPRJ_5644,concrete_demand,775125.9584
NDPRJ_5645,concrete_demand,779313.6
NDPRJ_5646,concrete_demand,377263.3188
NDPRJ_5647,concrete_demand,804208.34
NDPRJ_5648,concrete_demand,805781.4278
NDPRJ_5649,concrete_demand,813338.4534
NDPRJ_5650,concrete_demand,844517.5134
NDPRJ_5651,concrete_demand,848061.7667
NDPRJ_5652,concrete_demand,1049824.412
NDPRJ_5653,concrete_demand,1060732.4
NDPRJ_5654,concrete_demand,1103865.243
NDPRJ_5655,concrete_demand,1147074.35
NDPRJ_5656,concrete_demand,1230378.082
NDPRJ_5657,concrete_demand,1270714.12
NDPRJ_5658,concrete_demand,613282.41
NDPRJ_5659,concrete_demand,1338220.321
NDPRJ_5660,concrete_demand,784631.3454
NDPRJ_5661,concrete_demand,1425736.913
NDPRJ_5662,concrete_demand,1835015.098
NDPRJ_5663,concrete_demand,920018.4578
NDPRJ_5664,concrete_demand,2055833.931
NDPRJ_5665,concrete_demand,2641007.2
NDPRJ_5666,concrete_demand,2922426
NDPRJ_5667,concrete_demand,616.2156
NDPRJ_5668,concrete_demand,666.729
NDPRJ_5669,concrete_demand,997.78784
NDPRJ_5670,concrete_demand,637.487942
NDPRJ_5671,concrete_demand,1086.942648
NDPRJ_5672,concrete_demand,722.990788
NDPRJ_5673,concrete_demand,865.956
NDPRJ_5674,concrete_demand,1077.3
NDPRJ_5675,concrete_demand,1502.0104
NDPRJ_5676,concrete_demand,1518.778964
NDPRJ_5677,concrete_demand,1002.0348
NDPRJ_5678,concrete_demand,1659.155324
NDPRJ_5679,concrete_demand,1785.927
NDPRJ_5680,concrete_demand,1216.462
NDPRJ_5681,concrete_demand,1568.07
NDPRJ_5682,concrete_demand,1747.860023
NDPRJ_5683,concrete_demand,2972.382
NDPRJ_5684,concrete_demand,3082.61824
NDPRJ_5685,concrete_demand,2381.99409
NDPRJ_5686,concrete_demand,2393.0424
NDPRJ_5687,concrete_demand,2061.8
NDPRJ_5688,concrete_demand,2494.58391
NDPRJ_5689,concrete_demand,2501.73
NDPRJ_5690,concrete_demand,2767.21263
NDPRJ_5691,concrete_demand,2417.027522
NDPRJ_5692,concrete_demand,3990.98484
NDPRJ_5693,concrete_demand,3996.48
NDPRJ_5694,concrete_demand,2499.973736
NDPRJ_5695,concrete_demand,3351.51621
NDPRJ_5696,concrete_demand,3351.6
NDPRJ_5697,concrete_demand,4729.168
NDPRJ_5698,concrete_demand,4995.6
NDPRJ_5699,concrete_demand,5495.16
NDPRJ_5700,concrete_demand,3974.04
NDPRJ_5701,concrete_demand,3602.036763
NDPRJ_5702,concrete_demand,6294.456
NDPRJ_5703,concrete_demand,4543.0938
NDPRJ_5704,concrete_demand,6539.2404
NDPRJ_5705,concrete_demand,4122.404156
NDPRJ_5706,concrete_demand,6660.8
NDPRJ_5707,concrete_demand,7123.7256
NDPRJ_5708,concrete_demand,5206.95
NDPRJ_5709,concrete_demand,4525.651
NDPRJ_5710,concrete_demand,8580.7756
NDPRJ_5711,concrete_demand,6465.9546
NDPRJ_5712,concrete_demand,10390.848
NDPRJ_5713,concrete_demand,10490.76
NDPRJ_5714,concrete_demand,7660.8
NDPRJ_5715,concrete_demand,10840.452
NDPRJ_5716,concrete_demand,7900.2
NDPRJ_5717,concrete_demand,11103.5536
NDPRJ_5718,concrete_demand,11342.75958
NDPRJ_5719,concrete_demand,8280.846
NDPRJ_5720,concrete_demand,8797.90212
NDPRJ_5721,concrete_demand,12315.8192
NDPRJ_5722,concrete_demand,7828.170077
NDPRJ_5723,concrete_demand,9259.992
NDPRJ_5724,concrete_demand,14229.70017
NDPRJ_5725,concrete_demand,14239.1585
NDPRJ_5726,concrete_demand,14246.73516
NDPRJ_5727,concrete_demand,14309.19682
NDPRJ_5728,concrete_demand,14496.86486
NDPRJ_5729,concrete_demand,14764.31263
NDPRJ_5730,concrete_demand,15806.37814
NDPRJ_5731,concrete_demand,11797.00956
NDPRJ_5732,concrete_demand,16575.55067
NDPRJ_5733,concrete_demand,16645.00616
NDPRJ_5734,concrete_demand,16652
NDPRJ_5735,concrete_demand,16656.40279
NDPRJ_5736,concrete_demand,17107.83185
NDPRJ_5737,concrete_demand,17258.1328
NDPRJ_5738,concrete_demand,12734.883
NDPRJ_5739,concrete_demand,17762.13888
NDPRJ_5740,concrete_demand,13385.75175
NDPRJ_5741,concrete_demand,18871.7116
NDPRJ_5742,concrete_demand,18964.37998
NDPRJ_5743,concrete_demand,11882.21525
NDPRJ_5744,concrete_demand,19300.13426
NDPRJ_5745,concrete_demand,14103.24552
NDPRJ_5746,concrete_demand,19982.4
NDPRJ_5747,concrete_demand,19993.00732
NDPRJ_5748,concrete_demand,20370.15847
NDPRJ_5749,concrete_demand,14669.29485
NDPRJ_5750,concrete_demand,20456.982
NDPRJ_5751,concrete_demand,20503.75747
NDPRJ_5752,concrete_demand,21027.47952
NDPRJ_5753,concrete_demand,21091.33994
NDPRJ_5754,concrete_demand,21408.86028
NDPRJ_5755,concrete_demand,21753.3069
NDPRJ_5756,concrete_demand,21770.50841
NDPRJ_5757,concrete_demand,21809.49074
NDPRJ_5758,concrete_demand,13580.99413
NDPRJ_5759,concrete_demand,22180.464
NDPRJ_5760,concrete_demand,22283.7064
NDPRJ_5761,concrete_demand,22480.2
NDPRJ_5762,concrete_demand,22480.2
NDPRJ_5763,concrete_demand,22582.50989
NDPRJ_5764,concrete_demand,22592.68426
NDPRJ_5765,concrete_demand,22686.31846
NDPRJ_5766,concrete_demand,22843.61325
NDPRJ_5767,concrete_demand,23191.57344
NDPRJ_5768,concrete_demand,23316.24696
NDPRJ_5769,concrete_demand,23830.31086
NDPRJ_5770,concrete_demand,24398.5104
NDPRJ_5771,concrete_demand,24782.339
NDPRJ_5772,concrete_demand,17964.576
NDPRJ_5773,concrete_demand,18999.981
NDPRJ_5774,concrete_demand,26868.05196
NDPRJ_5775,concrete_demand,27613.32887
NDPRJ_5776,concrete_demand,17119.13571
NDPRJ_5777,concrete_demand,27741.63253
NDPRJ_5778,concrete_demand,27817.1327
NDPRJ_5779,concrete_demand,27935.34524
NDPRJ_5780,concrete_demand,29141
NDPRJ_5781,concrete_demand,21504.105
NDPRJ_5782,concrete_demand,30156.772
NDPRJ_5783,concrete_demand,31438.976
NDPRJ_5784,concrete_demand,31591.00876
NDPRJ_5785,concrete_demand,31653.3372
NDPRJ_5786,concrete_demand,31726.72256
NDPRJ_5787,concrete_demand,32005.29387
NDPRJ_5788,concrete_demand,23102.1
NDPRJ_5789,concrete_demand,32603.60023
NDPRJ_5790,concrete_demand,32615.27328
NDPRJ_5791,concrete_demand,33149.35288
NDPRJ_5792,concrete_demand,33288.96324
NDPRJ_5793,concrete_demand,33304
NDPRJ_5794,concrete_demand,33304
NDPRJ_5795,concrete_demand,33304
NDPRJ_5796,concrete_demand,33305.6652
NDPRJ_5797,concrete_demand,33358.9516
NDPRJ_5798,concrete_demand,33579.50734
NDPRJ_5799,concrete_demand,33734.68733
NDPRJ_5800,concrete_demand,34414.02232
NDPRJ_5801,concrete_demand,35635.28
NDPRJ_5802,concrete_demand,35898.26504
NDPRJ_5803,concrete_demand,36260.32947
NDPRJ_5804,concrete_demand,36303.49146
NDPRJ_5805,concrete_demand,36546.61066
NDPRJ_5806,concrete_demand,26334
NDPRJ_5807,concrete_demand,22981.69906
NDPRJ_5808,concrete_demand,37406.2202
NDPRJ_5809,concrete_demand,38218.67128
NDPRJ_5810,concrete_demand,38758.07952
NDPRJ_5811,concrete_demand,38839.84084
NDPRJ_5812,concrete_demand,39621.60228
NDPRJ_5813,concrete_demand,40779.83214
NDPRJ_5814,concrete_demand,29364.804
NDPRJ_5815,concrete_demand,41396.872
NDPRJ_5816,concrete_demand,29920.212
NDPRJ_5817,concrete_demand,41630
NDPRJ_5818,concrete_demand,42283.6243
NDPRJ_5819,concrete_demand,42693.81302
NDPRJ_5820,concrete_demand,43513.17468
NDPRJ_5821,concrete_demand,43526.92923
NDPRJ_5822,concrete_demand,43802.50318
NDPRJ_5823,concrete_demand,44386.98838
NDPRJ_5824,concrete_demand,44404.2232
NDPRJ_5825,concrete_demand,44960.4
NDPRJ_5826,concrete_demand,44960.4
NDPRJ_5827,concrete_demand,44979.71632
NDPRJ_5828,concrete_demand,45012.0212
NDPRJ_5829,concrete_demand,28563.71329
NDPRJ_5830,concrete_demand,46319.46963
NDPRJ_5831,concrete_demand,46497.11317
NDPRJ_5832,concrete_demand,46539.0096
NDPRJ_5833,concrete_demand,34266.519
NDPRJ_5834,concrete_demand,48290.8
NDPRJ_5835,concrete_demand,34876.45035
NDPRJ_5836,concrete_demand,48655.4788
NDPRJ_5837,concrete_demand,49956
NDPRJ_5838,concrete_demand,50057.5772
NDPRJ_5839,concrete_demand,36149.4
NDPRJ_5840,concrete_demand,36324.03033
NDPRJ_5841,concrete_demand,51238.55369
NDPRJ_5842,concrete_demand,37107
NDPRJ_5843,concrete_demand,51832.03097
NDPRJ_5844,concrete_demand,51980.15051
NDPRJ_5845,concrete_demand,52282.2844
NDPRJ_5846,concrete_demand,52953.36
NDPRJ_5847,concrete_demand,53113.75206
NDPRJ_5848,concrete_demand,53286.4
NDPRJ_5849,concrete_demand,53286.66643
NDPRJ_5850,concrete_demand,39501
NDPRJ_5851,concrete_demand,54960.3423
NDPRJ_5852,concrete_demand,34308.31076
NDPRJ_5853,concrete_demand,55506.27812
NDPRJ_5854,concrete_demand,40453.96761
NDPRJ_5855,concrete_demand,40626.18
NDPRJ_5856,concrete_demand,41503.581
NDPRJ_5857,concrete_demand,41853.105
NDPRJ_5858,concrete_demand,58233.54268
NDPRJ_5859,concrete_demand,64094.04756
NDPRJ_5860,concrete_demand,64231.42656
NDPRJ_5861,concrete_demand,64514.8436
NDPRJ_5862,concrete_demand,65941.92
NDPRJ_5863,concrete_demand,66274.96
NDPRJ_5864,concrete_demand,66608
NDPRJ_5865,concrete_demand,66608
NDPRJ_5866,concrete_demand,66608
NDPRJ_5867,concrete_demand,68236.5656
NDPRJ_5868,concrete_demand,68489.676
NDPRJ_5869,concrete_demand,42988.53
NDPRJ_5870,concrete_demand,73158.8968
NDPRJ_5871,concrete_demand,73350.17832
NDPRJ_5872,concrete_demand,73667.98174
NDPRJ_5873,concrete_demand,53308.9935
NDPRJ_5874,concrete_demand,74400.53653
NDPRJ_5875,concrete_demand,75605.24212
NDPRJ_5876,concrete_demand,76893.64066
NDPRJ_5877,concrete_demand,77205.91562
NDPRJ_5878,concrete_demand,48391.26041
NDPRJ_5879,concrete_demand,78264.4
NDPRJ_5880,concrete_demand,79596.56
NDPRJ_5881,concrete_demand,79794.70215
NDPRJ_5882,concrete_demand,50400.701
NDPRJ_5883,concrete_demand,58585.14207
NDPRJ_5884,concrete_demand,82342.64132
NDPRJ_5885,concrete_demand,82382.15652
NDPRJ_5886,concrete_demand,60271.72704
NDPRJ_5887,concrete_demand,84988.4776
NDPRJ_5888,concrete_demand,86590.4
NDPRJ_5889,concrete_demand,87423
NDPRJ_5890,concrete_demand,88630.27
NDPRJ_5891,concrete_demand,55478.9144
NDPRJ_5892,concrete_demand,57316.81323
NDPRJ_5893,concrete_demand,95915.52
NDPRJ_5894,concrete_demand,69019.02
NDPRJ_5895,concrete_demand,96125.3352
NDPRJ_5896,concrete_demand,99878.696
NDPRJ_5897,concrete_demand,99912
NDPRJ_5898,concrete_demand,99912
NDPRJ_5899,concrete_demand,61999.86204
NDPRJ_5900,concrete_demand,100186.8912
NDPRJ_5901,concrete_demand,102312.3525
NDPRJ_5902,concrete_demand,102707.8708
NDPRJ_5903,concrete_demand,104806.6556
NDPRJ_5904,concrete_demand,75411
NDPRJ_5905,concrete_demand,79910.1639
NDPRJ_5906,concrete_demand,112122.9116
NDPRJ_5907,concrete_demand,82370.09466
NDPRJ_5908,concrete_demand,114898.8
NDPRJ_5909,concrete_demand,119894.4
NDPRJ_5910,concrete_demand,123524.7691
NDPRJ_5911,concrete_demand,125327.9476
NDPRJ_5912,concrete_demand,78683.03014
NDPRJ_5913,concrete_demand,129928.9951
NDPRJ_5914,concrete_demand,132258.51
NDPRJ_5915,concrete_demand,82472
NDPRJ_5916,concrete_demand,136219.4879
NDPRJ_5917,concrete_demand,86789.54322
NDPRJ_5918,concrete_demand,87626.5
NDPRJ_5919,concrete_demand,89562.16938
NDPRJ_5920,concrete_demand,144681.6347
NDPRJ_5921,concrete_demand,153524.7792
NDPRJ_5922,concrete_demand,101028.2
NDPRJ_5923,concrete_demand,118542.501
NDPRJ_5924,concrete_demand,166520
NDPRJ_5925,concrete_demand,119700
NDPRJ_5926,concrete_demand,166520
NDPRJ_5927,concrete_demand,174846
NDPRJ_5928,concrete_demand,113399
NDPRJ_5929,concrete_demand,192270.8193
NDPRJ_5930,concrete_demand,194828.4
NDPRJ_5931,concrete_demand,216165.2903
NDPRJ_5932,concrete_demand,217489.7571
NDPRJ_5933,concrete_demand,218640.76
NDPRJ_5934,concrete_demand,222026.6778
NDPRJ_5935,concrete_demand,233128
NDPRJ_5936,concrete_demand,149715.8132
NDPRJ_5937,concrete_demand,154341.4615
NDPRJ_5938,concrete_demand,154635
NDPRJ_5939,concrete_demand,155274.8384
NDPRJ_5940,concrete_demand,159327.4506
NDPRJ_5941,concrete_demand,266432
NDPRJ_5942,concrete_demand,170098.5
NDPRJ_5943,concrete_demand,199300.5
NDPRJ_5944,concrete_demand,278088.4
NDPRJ_5945,concrete_demand,173456.8011
NDPRJ_5946,concrete_demand,177055.1287
NDPRJ_5947,concrete_demand,299736
NDPRJ_5948,concrete_demand,299736
NDPRJ_5949,concrete_demand,186206.529
NDPRJ_5950,concrete_demand,216910.764
NDPRJ_5951,concrete_demand,306187.4011
NDPRJ_5952,concrete_demand,221685.214
NDPRJ_5953,concrete_demand,225263.6455
NDPRJ_5954,concrete_demand,195820.9498
NDPRJ_5955,concrete_demand,197694.9198
NDPRJ_5956,concrete_demand,231978.6
NDPRJ_5957,concrete_demand,204646.6084
NDPRJ_5958,concrete_demand,239400
NDPRJ_5959,concrete_demand,333040.4996
NDPRJ_5960,concrete_demand,240040.395
NDPRJ_5961,concrete_demand,209040.0053
NDPRJ_5962,concrete_demand,210084.2451
NDPRJ_5963,concrete_demand,346860.5772
NDPRJ_5964,concrete_demand,216766.6214
NDPRJ_5965,concrete_demand,355393.1119
NDPRJ_5966,concrete_demand,223845.5643
NDPRJ_5967,concrete_demand,262376.2953
NDPRJ_5968,concrete_demand,228065.172
NDPRJ_5969,concrete_demand,233176.2092
NDPRJ_5970,concrete_demand,235107.6416
NDPRJ_5971,concrete_demand,402631.389
NDPRJ_5972,concrete_demand,290012.344
NDPRJ_5973,concrete_demand,424153.7659
NDPRJ_5974,concrete_demand,322591.5
NDPRJ_5975,concrete_demand,294243.3129
NDPRJ_5976,concrete_demand,304115.5
NDPRJ_5977,concrete_demand,499560
NDPRJ_5978,concrete_demand,359100
NDPRJ_5979,concrete_demand,317604.6719
NDPRJ_5980,concrete_demand,532474.976
NDPRJ_5981,concrete_demand,273801.6587
NDPRJ_5982,concrete_demand,539902.6505
NDPRJ_5983,concrete_demand,551094.7761
NDPRJ_5984,concrete_demand,582820
NDPRJ_5985,concrete_demand,369191.7635
NDPRJ_5986,concrete_demand,440811.9482
NDPRJ_5987,concrete_demand,385920.3531
NDPRJ_5988,concrete_demand,628522.18
NDPRJ_5989,concrete_demand,429878.0218
NDPRJ_5990,concrete_demand,710665.73
NDPRJ_5991,concrete_demand,450705.0471
NDPRJ_5992,concrete_demand,452583.1304
NDPRJ_5993,concrete_demand,515450
NDPRJ_5994,concrete_demand,938761.1626
NDPRJ_5995,concrete_demand,962578.8512
NDPRJ_5996,concrete_demand,1032467.578
NDPRJ_5997,concrete_demand,1209010.467
NDPRJ_5998,concrete_demand,1265552
NDPRJ_5999,concrete_demand,1388360.5
NDPRJ_6000,concrete_demand,1565288
NDPRJ_6001,concrete_demand,1731808
NDPRJ_6002,concrete_demand,1316700
NDPRJ_6003,concrete_demand,1166877.854
NDPRJ_6004,concrete_demand,2189738
NDPRJ_6005,concrete_demand,3488594
NDPRJ_6006,concrete_demand,2488421.471
NDPRJ_1,block_demand,2936
NDPRJ_2,block_demand,3112.5045
NDPRJ_3,block_demand,11130
NDPRJ_4,block_demand,653.613048
NDPRJ_5,block_demand,270.624654
NDPRJ_6,block_demand,19198.9161
NDPRJ_7,block_demand,913.581
NDPRJ_8,block_demand,4110.4
NDPRJ_9,block_demand,605.419596
NDPRJ_10,block_demand,494.00604
NDPRJ_11,block_demand,59352.1886
NDPRJ_12,block_demand,2828.79936
NDPRJ_13,block_demand,2378.8962
NDPRJ_14,block_demand,3519.864
NDPRJ_15,block_demand,988.7292
NDPRJ_16,block_demand,17731.7595
NDPRJ_17,block_demand,375.954642
NDPRJ_18,block_demand,90505.2645
NDPRJ_19,block_demand,9715.080136
NDPRJ_20,block_demand,5353.796
NDPRJ_21,block_demand,9134.391
NDPRJ_22,block_demand,4632.308352
NDPRJ_23,block_demand,5448.9224
NDPRJ_24,block_demand,60748.8494
NDPRJ_25,block_demand,688.3605
NDPRJ_26,block_demand,7101.5968
NDPRJ_27,block_demand,3534.057
NDPRJ_28,block_demand,5976
NDPRJ_29,block_demand,12258.27
NDPRJ_30,block_demand,7756.912
NDPRJ_31,block_demand,19074.80486
NDPRJ_32,block_demand,5944.533
NDPRJ_33,block_demand,1639.022
NDPRJ_34,block_demand,14719.5095
NDPRJ_35,block_demand,3595.048056
NDPRJ_36,block_demand,2897.3916
NDPRJ_37,block_demand,2799.186786
NDPRJ_38,block_demand,1359.9552
NDPRJ_39,block_demand,62.4634
NDPRJ_40,block_demand,27310.94425
NDPRJ_41,block_demand,7488.482274
NDPRJ_42,block_demand,1420.29
NDPRJ_43,block_demand,1324.136
NDPRJ_44,block_demand,4014.01112
NDPRJ_45,block_demand,23391.96344
NDPRJ_46,block_demand,4906.801744
NDPRJ_47,block_demand,9069.734862
NDPRJ_48,block_demand,7356.369668
NDPRJ_49,block_demand,4793.3136
NDPRJ_50,block_demand,7408.808096
NDPRJ_51,block_demand,12593.238
NDPRJ_52,block_demand,67411.0004
NDPRJ_53,block_demand,1304.9925
NDPRJ_54,block_demand,1117.452
NDPRJ_55,block_demand,1595.2932
NDPRJ_56,block_demand,454.176
NDPRJ_57,block_demand,79022.44
NDPRJ_58,block_demand,3764.88
NDPRJ_59,block_demand,625.2212
NDPRJ_60,block_demand,3216.141376
NDPRJ_61,block_demand,70904.4
NDPRJ_62,block_demand,2981.847708
NDPRJ_63,block_demand,662.497866
NDPRJ_64,block_demand,7477.47
NDPRJ_65,block_demand,4136.7366
NDPRJ_66,block_demand,1688.2
NDPRJ_67,block_demand,2392.84
NDPRJ_68,block_demand,8158.9972
NDPRJ_69,block_demand,1761.6
NDPRJ_70,block_demand,8753.521052
NDPRJ_71,block_demand,978.422
NDPRJ_72,block_demand,2246.04
NDPRJ_73,block_demand,85144
NDPRJ_74,block_demand,2055.2
NDPRJ_75,block_demand,16735.2
NDPRJ_76,block_demand,1433.1942
NDPRJ_77,block_demand,23759.8736
NDPRJ_78,block_demand,11671.89592
NDPRJ_79,block_demand,61846.84
NDPRJ_80,block_demand,55446.36
NDPRJ_81,block_demand,216.63
NDPRJ_82,block_demand,473.290236
NDPRJ_83,block_demand,50279
NDPRJ_84,block_demand,85907.36
NDPRJ_85,block_demand,12917.75995
NDPRJ_86,block_demand,369.2421
NDPRJ_87,block_demand,47970.3
NDPRJ_88,block_demand,9282.3108
NDPRJ_89,block_demand,6533.31932
NDPRJ_90,block_demand,18164.31268
NDPRJ_91,block_demand,497.9502
NDPRJ_92,block_demand,2055.2
NDPRJ_93,block_demand,649.89
NDPRJ_94,block_demand,710.117622
NDPRJ_95,block_demand,43599.6
NDPRJ_96,block_demand,3920.5509
NDPRJ_97,block_demand,21119.184
NDPRJ_98,block_demand,2932.16175
NDPRJ_99,block_demand,2226.54496
NDPRJ_100,block_demand,1059.993
NDPRJ_101,block_demand,1188.7758
NDPRJ_102,block_demand,312.060744
NDPRJ_103,block_demand,835.5942
NDPRJ_104,block_demand,3342.91464
NDPRJ_105,block_demand,4342.0122
NDPRJ_106,block_demand,7698.7314
NDPRJ_107,block_demand,6927.7122
NDPRJ_108,block_demand,4148.4212
NDPRJ_109,block_demand,9026.4384
NDPRJ_110,block_demand,8634.829968
NDPRJ_111,block_demand,3687.0288
NDPRJ_112,block_demand,2240.4024
NDPRJ_113,block_demand,2503.283512
NDPRJ_114,block_demand,87130.3508
NDPRJ_115,block_demand,3796.303875
NDPRJ_116,block_demand,4626.918
NDPRJ_117,block_demand,3534.83235
NDPRJ_118,block_demand,9169.128
NDPRJ_119,block_demand,4039.202
NDPRJ_120,block_demand,2242.263924
NDPRJ_121,block_demand,6712.88562
NDPRJ_122,block_demand,856.949436
NDPRJ_123,block_demand,8031.2812
NDPRJ_124,block_demand,18892.2792
NDPRJ_125,block_demand,6624.08576
NDPRJ_126,block_demand,8473.7364
NDPRJ_127,block_demand,14680
NDPRJ_128,block_demand,16522.91546
NDPRJ_129,block_demand,171.896928
NDPRJ_130,block_demand,2514.021932
NDPRJ_131,block_demand,505.986495
NDPRJ_132,block_demand,7547.160618
NDPRJ_133,block_demand,11519.8364
NDPRJ_134,block_demand,393.3702
NDPRJ_135,block_demand,927.6855
NDPRJ_136,block_demand,11354.4
NDPRJ_137,block_demand,9545.9784
NDPRJ_138,block_demand,5669.549655
NDPRJ_139,block_demand,24687.48639
NDPRJ_140,block_demand,2493.298176
NDPRJ_141,block_demand,478.08
NDPRJ_142,block_demand,15025.5
NDPRJ_143,block_demand,12872.08607
NDPRJ_144,block_demand,34753.425
NDPRJ_145,block_demand,16284.35865
NDPRJ_146,block_demand,1045.8861
NDPRJ_147,block_demand,26451.0015
NDPRJ_148,block_demand,16569.48699
NDPRJ_149,block_demand,82926.88646
NDPRJ_150,block_demand,18225.375
NDPRJ_151,block_demand,7111.708275
NDPRJ_152,block_demand,178781.2401
NDPRJ_153,block_demand,228165
NDPRJ_154,block_demand,2541.618975
NDPRJ_155,block_demand,93832.66704
NDPRJ_156,block_demand,5008.5
NDPRJ_157,block_demand,351.078048
NDPRJ_158,block_demand,24520.55865
NDPRJ_159,block_demand,286.95258
NDPRJ_160,block_demand,6199.364
NDPRJ_161,block_demand,62887.2825
NDPRJ_162,block_demand,3963.6
NDPRJ_163,block_demand,1279.7604
NDPRJ_164,block_demand,1094.0562
NDPRJ_165,block_demand,3031.113188
NDPRJ_166,block_demand,3116.928064
NDPRJ_167,block_demand,7441.57365
NDPRJ_168,block_demand,8520.423204
NDPRJ_169,block_demand,2106.720928
NDPRJ_170,block_demand,19870.2
NDPRJ_171,block_demand,2299.202152
NDPRJ_172,block_demand,5010.876
NDPRJ_173,block_demand,14762.6484
NDPRJ_174,block_demand,2563.2748
NDPRJ_175,block_demand,3060.75
NDPRJ_176,block_demand,3446.231985
NDPRJ_177,block_demand,8563.3092
NDPRJ_178,block_demand,5868.696438
NDPRJ_179,block_demand,21147
NDPRJ_180,block_demand,201.0924
NDPRJ_181,block_demand,19477.5
NDPRJ_182,block_demand,4601.98314
NDPRJ_183,block_demand,9556.2396
NDPRJ_184,block_demand,196.0128
NDPRJ_185,block_demand,52264.91624
NDPRJ_186,block_demand,166950
NDPRJ_187,block_demand,1035.6408
NDPRJ_188,block_demand,49752.34099
NDPRJ_189,block_demand,15716.39332
NDPRJ_190,block_demand,58599.45
NDPRJ_191,block_demand,269.0694
NDPRJ_192,block_demand,863.7993
NDPRJ_193,block_demand,16695
NDPRJ_194,block_demand,6575.604
NDPRJ_195,block_demand,16593.858
NDPRJ_196,block_demand,9211.64433
NDPRJ_197,block_demand,14303.163
NDPRJ_198,block_demand,14657.98
NDPRJ_199,block_demand,10514.6226
NDPRJ_200,block_demand,40775.1056
NDPRJ_201,block_demand,195989.283
NDPRJ_202,block_demand,21325.08
NDPRJ_203,block_demand,20367.9
NDPRJ_204,block_demand,83475
NDPRJ_205,block_demand,6100.566132
NDPRJ_206,block_demand,814.17771
NDPRJ_207,block_demand,39233.25
NDPRJ_208,block_demand,50641.5
NDPRJ_209,block_demand,23528.14107
NDPRJ_210,block_demand,5888.3682
NDPRJ_211,block_demand,3160.46736
NDPRJ_212,block_demand,20053.0656
NDPRJ_213,block_demand,26068.686
NDPRJ_214,block_demand,40205.4555
NDPRJ_215,block_demand,558.726
NDPRJ_216,block_demand,3561.6
NDPRJ_217,block_demand,29751.603
NDPRJ_218,block_demand,8081.1932
NDPRJ_219,block_demand,25690
NDPRJ_220,block_demand,248293.0485
NDPRJ_221,block_demand,59823.75
NDPRJ_222,block_demand,71598.80028
NDPRJ_223,block_demand,13916.0528
NDPRJ_224,block_demand,22681.2705
NDPRJ_225,block_demand,458.526528
NDPRJ_226,block_demand,606.132234
NDPRJ_227,block_demand,7918.2
NDPRJ_228,block_demand,14863.059
NDPRJ_229,block_demand,5439.8208
NDPRJ_230,block_demand,8378.369248
NDPRJ_231,block_demand,895.2048
NDPRJ_232,block_demand,29744.15147
NDPRJ_233,block_demand,1386.526
NDPRJ_234,block_demand,12274.164
NDPRJ_235,block_demand,7619.8008
NDPRJ_236,block_demand,13488.95898
NDPRJ_237,block_demand,14691.6
NDPRJ_238,block_demand,6125.513544
NDPRJ_239,block_demand,6158.8968
NDPRJ_240,block_demand,6759.432645
NDPRJ_241,block_demand,19097.967
NDPRJ_242,block_demand,7933.581396
NDPRJ_243,block_demand,1053.232748
NDPRJ_244,block_demand,8514.28256
NDPRJ_245,block_demand,71239.2345
NDPRJ_246,block_demand,5027.31
NDPRJ_247,block_demand,20616.6555
NDPRJ_248,block_demand,6153.40092
NDPRJ_249,block_demand,15796.32793
NDPRJ_250,block_demand,5641.5681
NDPRJ_251,block_demand,631.090998
NDPRJ_252,block_demand,6410.88
NDPRJ_253,block_demand,2569.68
NDPRJ_254,block_demand,717.12
NDPRJ_255,block_demand,15001.38924
NDPRJ_256,block_demand,11130
NDPRJ_257,block_demand,569.214
NDPRJ_258,block_demand,3145.1688
NDPRJ_259,block_demand,1285.465986
NDPRJ_260,block_demand,2600.708886
NDPRJ_261,block_demand,14939.2037
NDPRJ_262,block_demand,28626.4404
NDPRJ_263,block_demand,10363.60161
NDPRJ_264,block_demand,183283.8315
NDPRJ_265,block_demand,10734.07327
NDPRJ_266,block_demand,28506.5048
NDPRJ_267,block_demand,6889.2822
NDPRJ_268,block_demand,2817.5324
NDPRJ_269,block_demand,62225.604
NDPRJ_270,block_demand,165866.1773
NDPRJ_271,block_demand,4301.24
NDPRJ_272,block_demand,3081.242034
NDPRJ_273,block_demand,8499.675258
NDPRJ_274,block_demand,5488.209
NDPRJ_275,block_demand,9225.62928
NDPRJ_276,block_demand,10265.58774
NDPRJ_277,block_demand,68171.25
NDPRJ_278,block_demand,20084.085
NDPRJ_279,block_demand,102952.5
NDPRJ_280,block_demand,35059.5
NDPRJ_281,block_demand,6809.92722
NDPRJ_282,block_demand,844.11
NDPRJ_283,block_demand,8187.5682
NDPRJ_284,block_demand,2705.703
NDPRJ_285,block_demand,24461.47484
NDPRJ_286,block_demand,82208
NDPRJ_287,block_demand,10718.57003
NDPRJ_288,block_demand,107404.5
NDPRJ_289,block_demand,1754.088
NDPRJ_290,block_demand,99423.177
NDPRJ_291,block_demand,9085.1584
NDPRJ_292,block_demand,10130.3744
NDPRJ_293,block_demand,19360.27987
NDPRJ_294,block_demand,1659.2364
NDPRJ_295,block_demand,6387.7084
NDPRJ_296,block_demand,7560.600764
NDPRJ_297,block_demand,790.779304
NDPRJ_298,block_demand,58143.66537
NDPRJ_299,block_demand,36934.3485
NDPRJ_300,block_demand,44390.892
NDPRJ_301,block_demand,50418.9
NDPRJ_302,block_demand,25329.4314
NDPRJ_303,block_demand,45187.8
NDPRJ_304,block_demand,47064.59069
NDPRJ_305,block_demand,6564.474
NDPRJ_306,block_demand,3053.44
NDPRJ_307,block_demand,36101.19009
NDPRJ_308,block_demand,66780
NDPRJ_309,block_demand,4583.05575
NDPRJ_310,block_demand,37842
NDPRJ_311,block_demand,133431.4485
NDPRJ_312,block_demand,2003.4
NDPRJ_313,block_demand,12460.5915
NDPRJ_314,block_demand,3202.102152
NDPRJ_315,block_demand,1611.5778
NDPRJ_316,block_demand,10452.4722
NDPRJ_317,block_demand,3895.5
NDPRJ_318,block_demand,59524.83159
NDPRJ_319,block_demand,1732.62168
NDPRJ_320,block_demand,8993.313774
NDPRJ_321,block_demand,7062.94476
NDPRJ_322,block_demand,155820
NDPRJ_323,block_demand,12196.7172
NDPRJ_324,block_demand,597.0024
NDPRJ_325,block_demand,47321.9775
NDPRJ_326,block_demand,11821.7295
NDPRJ_327,block_demand,196596.4468
NDPRJ_328,block_demand,33386.661
NDPRJ_329,block_demand,33386.661
NDPRJ_330,block_demand,74592.72019
NDPRJ_331,block_demand,29505.73574
NDPRJ_332,block_demand,25113.52609
NDPRJ_333,block_demand,14476.86
NDPRJ_334,block_demand,178080
NDPRJ_335,block_demand,291.33
NDPRJ_336,block_demand,76204.3275
NDPRJ_337,block_demand,346.72692
NDPRJ_338,block_demand,9460.5
NDPRJ_339,block_demand,123264.75
NDPRJ_340,block_demand,20619.7552
NDPRJ_341,block_demand,46746
NDPRJ_342,block_demand,6431.2218
NDPRJ_343,block_demand,46904.94753
NDPRJ_344,block_demand,44889.516
NDPRJ_345,block_demand,19601.45481
NDPRJ_346,block_demand,38955
NDPRJ_347,block_demand,10756.032
NDPRJ_348,block_demand,46408.761
NDPRJ_349,block_demand,3704.786838
NDPRJ_350,block_demand,1453.32
NDPRJ_351,block_demand,6628.677405
NDPRJ_352,block_demand,6681.978975
NDPRJ_353,block_demand,20062.3284
NDPRJ_354,block_demand,3977.3055
NDPRJ_355,block_demand,29.49212
NDPRJ_356,block_demand,5142.06
NDPRJ_357,block_demand,5217.1875
NDPRJ_358,block_demand,47127.759
NDPRJ_359,block_demand,448.2
NDPRJ_360,block_demand,3610.95318
NDPRJ_361,block_demand,5028.34833
NDPRJ_362,block_demand,1292.31
NDPRJ_363,block_demand,233.064
NDPRJ_364,block_demand,92786.72529
NDPRJ_365,block_demand,36533.99683
NDPRJ_366,block_demand,78529.941
NDPRJ_367,block_demand,12885.201
NDPRJ_368,block_demand,74242.1085
NDPRJ_369,block_demand,88685.11439
NDPRJ_370,block_demand,29362.78758
NDPRJ_371,block_demand,35199.20933
NDPRJ_372,block_demand,127.1394
NDPRJ_373,block_demand,8895.7638
NDPRJ_374,block_demand,121491.8078
NDPRJ_375,block_demand,52962.67819
NDPRJ_376,block_demand,4815.04
NDPRJ_377,block_demand,4095.878688
NDPRJ_378,block_demand,4452
NDPRJ_379,block_demand,3436.2
NDPRJ_380,block_demand,24256.6448
NDPRJ_381,block_demand,6223.257
NDPRJ_382,block_demand,9555.329682
NDPRJ_383,block_demand,21131.36235
NDPRJ_384,block_demand,2044.506132
NDPRJ_385,block_demand,9906.20085
NDPRJ_386,block_demand,25749.17152
NDPRJ_387,block_demand,906.7086
NDPRJ_388,block_demand,55650
NDPRJ_389,block_demand,8904
NDPRJ_390,block_demand,30533.2462
NDPRJ_391,block_demand,2633.4738
NDPRJ_392,block_demand,30607.5
NDPRJ_393,block_demand,77798.7
NDPRJ_394,block_demand,42222.84591
NDPRJ_395,block_demand,2825.901
NDPRJ_396,block_demand,177823.6427
NDPRJ_397,block_demand,3528.081
NDPRJ_398,block_demand,14186.5758
NDPRJ_399,block_demand,15735.4056
NDPRJ_400,block_demand,24763.6935
NDPRJ_401,block_demand,14454.45
NDPRJ_402,block_demand,10776.6702
NDPRJ_403,block_demand,6165.64404
NDPRJ_404,block_demand,11425.49946
NDPRJ_405,block_demand,6170.22
NDPRJ_406,block_demand,96.6618
NDPRJ_407,block_demand,14629.8285
NDPRJ_408,block_demand,10364.99615
NDPRJ_409,block_demand,7736.067885
NDPRJ_410,block_demand,430.45275
NDPRJ_411,block_demand,10237.3362
NDPRJ_412,block_demand,19856.4552
NDPRJ_413,block_demand,8451.7074
NDPRJ_414,block_demand,39079.83965
NDPRJ_415,block_demand,6318.82818
NDPRJ_416,block_demand,1408.686624
NDPRJ_417,block_demand,95420
NDPRJ_418,block_demand,19982.2455
NDPRJ_419,block_demand,48801.1545
NDPRJ_420,block_demand,227.666248
NDPRJ_421,block_demand,9151.3652
NDPRJ_422,block_demand,40068
NDPRJ_423,block_demand,17708.6308
NDPRJ_424,block_demand,16804.8108
NDPRJ_425,block_demand,3058.8156
NDPRJ_426,block_demand,50756.139
NDPRJ_427,block_demand,479.664596
NDPRJ_428,block_demand,493.400672
NDPRJ_429,block_demand,647.976668
NDPRJ_430,block_demand,1056.96
NDPRJ_431,block_demand,469.76
NDPRJ_432,block_demand,484.2932
NDPRJ_433,block_demand,23462.19582
NDPRJ_434,block_demand,7984.1055
NDPRJ_435,block_demand,1567.739358
NDPRJ_436,block_demand,69493.78894
NDPRJ_437,block_demand,1357.89339
NDPRJ_438,block_demand,1790.2602
NDPRJ_439,block_demand,59608.89092
NDPRJ_440,block_demand,131055.75
NDPRJ_441,block_demand,10578.65756
NDPRJ_442,block_demand,101763.2372
NDPRJ_443,block_demand,2262.645525
NDPRJ_444,block_demand,8603.49
NDPRJ_445,block_demand,74182.71325
NDPRJ_446,block_demand,6081.0282
NDPRJ_447,block_demand,5678.3952
NDPRJ_448,block_demand,22261.6695
NDPRJ_449,block_demand,2152.088
NDPRJ_450,block_demand,866.573784
NDPRJ_451,block_demand,4456.22103
NDPRJ_452,block_demand,10698.19187
NDPRJ_453,block_demand,34960.9995
NDPRJ_454,block_demand,16201.2884
NDPRJ_455,block_demand,24703.5915
NDPRJ_456,block_demand,6183.574192
NDPRJ_457,block_demand,146313.3105
NDPRJ_458,block_demand,2730.24765
NDPRJ_459,block_demand,134172.15
NDPRJ_460,block_demand,247488.906
NDPRJ_461,block_demand,25705.39932
NDPRJ_462,block_demand,133592.8335
NDPRJ_463,block_demand,684.7002
NDPRJ_464,block_demand,48969.9844
NDPRJ_465,block_demand,239295
NDPRJ_466,block_demand,66311.8889
NDPRJ_467,block_demand,4510.025946
NDPRJ_468,block_demand,201.0924
NDPRJ_469,block_demand,23755.0292
NDPRJ_470,block_demand,5872
NDPRJ_471,block_demand,117798.9739
NDPRJ_472,block_demand,5578.4
NDPRJ_473,block_demand,8603.5725
NDPRJ_474,block_demand,16902.552
NDPRJ_475,block_demand,14119.2607
NDPRJ_476,block_demand,6435.7038
NDPRJ_477,block_demand,19922.7
NDPRJ_478,block_demand,13988.34152
NDPRJ_479,block_demand,7112.38122
NDPRJ_480,block_demand,1614.8
NDPRJ_481,block_demand,23111.445
NDPRJ_482,block_demand,5871.13065
NDPRJ_483,block_demand,8126.013
NDPRJ_484,block_demand,116.3826
NDPRJ_485,block_demand,22727.45408
NDPRJ_486,block_demand,8241.0534
NDPRJ_487,block_demand,2840.67666
NDPRJ_488,block_demand,11120.5404
NDPRJ_489,block_demand,246020.859
NDPRJ_490,block_demand,4437.09783
NDPRJ_491,block_demand,76240.5
NDPRJ_492,block_demand,55650
NDPRJ_493,block_demand,14730.0588
NDPRJ_494,block_demand,1287.5292
NDPRJ_495,block_demand,29494.5
NDPRJ_496,block_demand,20418.45246
NDPRJ_497,block_demand,6538.077162
NDPRJ_498,block_demand,117661.908
NDPRJ_499,block_demand,7375.5792
NDPRJ_500,block_demand,4386.2372
NDPRJ_501,block_demand,20239.59892
NDPRJ_502,block_demand,9469.904256
NDPRJ_503,block_demand,4999.274
NDPRJ_504,block_demand,29710.422
NDPRJ_505,block_demand,14576.37668
NDPRJ_506,block_demand,552.037482
NDPRJ_507,block_demand,9729.956848
NDPRJ_508,block_demand,17378.6244
NDPRJ_509,block_demand,8033.92524
NDPRJ_510,block_demand,1050.4314
NDPRJ_511,block_demand,9545.006142
NDPRJ_512,block_demand,4534.5888
NDPRJ_513,block_demand,7374.5334
NDPRJ_514,block_demand,6813.786
NDPRJ_515,block_demand,3495.96
NDPRJ_516,block_demand,5935.662
NDPRJ_517,block_demand,4939.00713
NDPRJ_518,block_demand,57798.4239
NDPRJ_519,block_demand,6125.4
NDPRJ_520,block_demand,15395.5725
NDPRJ_521,block_demand,55.65
NDPRJ_522,block_demand,9887.23224
NDPRJ_523,block_demand,2902.3938
NDPRJ_524,block_demand,5293.242
NDPRJ_525,block_demand,14981.5332
NDPRJ_526,block_demand,11952
NDPRJ_527,block_demand,17904.79964
NDPRJ_528,block_demand,17695.587
NDPRJ_529,block_demand,42550.46859
NDPRJ_530,block_demand,4180.212
NDPRJ_531,block_demand,4033.8
NDPRJ_532,block_demand,14843.9756
NDPRJ_533,block_demand,7834.666088
NDPRJ_534,block_demand,19957.41076
NDPRJ_535,block_demand,9450.8946
NDPRJ_536,block_demand,3217.51605
NDPRJ_537,block_demand,10996.80363
NDPRJ_538,block_demand,880.8
NDPRJ_539,block_demand,2144.1888
NDPRJ_540,block_demand,21720.90821
NDPRJ_541,block_demand,1942.2
NDPRJ_542,block_demand,3344.7672
NDPRJ_543,block_demand,427.5828
NDPRJ_544,block_demand,553.80339
NDPRJ_545,block_demand,6627.4328
NDPRJ_546,block_demand,19784.8926
NDPRJ_547,block_demand,3569.36874
NDPRJ_548,block_demand,574.58625
NDPRJ_549,block_demand,4780.72455
NDPRJ_550,block_demand,3537.9414
NDPRJ_551,block_demand,105735
NDPRJ_552,block_demand,50337.0945
NDPRJ_553,block_demand,9755.82
NDPRJ_554,block_demand,1150.808778
NDPRJ_555,block_demand,10602.63
NDPRJ_556,block_demand,14920.752
NDPRJ_557,block_demand,17108.806
NDPRJ_558,block_demand,901.53
NDPRJ_559,block_demand,24394.734
NDPRJ_560,block_demand,43956.29333
NDPRJ_561,block_demand,5368.742784
NDPRJ_562,block_demand,22287.63579
NDPRJ_563,block_demand,132631.758
NDPRJ_564,block_demand,32943.09711
NDPRJ_565,block_demand,17265.97872
NDPRJ_566,block_demand,18288.6516
NDPRJ_567,block_demand,565.293036
NDPRJ_568,block_demand,1766.82072
NDPRJ_569,block_demand,10553.0116
NDPRJ_570,block_demand,32127.3268
NDPRJ_571,block_demand,63690.8685
NDPRJ_572,block_demand,4934.154618
NDPRJ_573,block_demand,1320.543612
NDPRJ_574,block_demand,2525.4004
NDPRJ_575,block_demand,970.65628
NDPRJ_576,block_demand,4981.0708
NDPRJ_577,block_demand,5971.3836
NDPRJ_578,block_demand,747
NDPRJ_579,block_demand,15398.98236
NDPRJ_580,block_demand,19477.5
NDPRJ_581,block_demand,39183.90515
NDPRJ_582,block_demand,23320.0212
NDPRJ_583,block_demand,16515.43415
NDPRJ_584,block_demand,195999.3
NDPRJ_585,block_demand,15337.0768
NDPRJ_586,block_demand,41459.25
NDPRJ_587,block_demand,2083.250034
NDPRJ_588,block_demand,5788.79376
NDPRJ_589,block_demand,225270.087
NDPRJ_590,block_demand,61190.65313
NDPRJ_591,block_demand,14936.84398
NDPRJ_592,block_demand,2016.9
NDPRJ_593,block_demand,8247.027906
NDPRJ_594,block_demand,983.26116
NDPRJ_595,block_demand,3652.701516
NDPRJ_596,block_demand,11130.5565
NDPRJ_597,block_demand,8120.1888
NDPRJ_598,block_demand,26237.3055
NDPRJ_599,block_demand,2794.3776
NDPRJ_600,block_demand,1360.502136
NDPRJ_601,block_demand,1223.828028
NDPRJ_602,block_demand,8851.95
NDPRJ_603,block_demand,3285.57492
NDPRJ_604,block_demand,249.56
NDPRJ_605,block_demand,7359.603672
NDPRJ_606,block_demand,3925.53476
NDPRJ_607,block_demand,14724.89388
NDPRJ_608,block_demand,7253.203032
NDPRJ_609,block_demand,28609.665
NDPRJ_610,block_demand,230.3748
NDPRJ_611,block_demand,7394.7024
NDPRJ_612,block_demand,9768.519
NDPRJ_613,block_demand,70052.02522
NDPRJ_614,block_demand,456330
NDPRJ_615,block_demand,149.4
NDPRJ_616,block_demand,25599
NDPRJ_617,block_demand,108825.1332
NDPRJ_618,block_demand,213529.05
NDPRJ_619,block_demand,163555.35
NDPRJ_620,block_demand,201619.95
NDPRJ_621,block_demand,29383.2
NDPRJ_622,block_demand,771.49272
NDPRJ_623,block_demand,547.55847
NDPRJ_624,block_demand,7468.747545
NDPRJ_625,block_demand,618809.079
NDPRJ_626,block_demand,35467.4145
NDPRJ_627,block_demand,84257.01385
NDPRJ_628,block_demand,8529.814
NDPRJ_629,block_demand,47623.31669
NDPRJ_630,block_demand,38064.6
NDPRJ_631,block_demand,104065.5
NDPRJ_632,block_demand,181487.8112
NDPRJ_633,block_demand,4254.3144
NDPRJ_634,block_demand,7496.51816
NDPRJ_635,block_demand,8324.96175
NDPRJ_636,block_demand,3593.9664
NDPRJ_637,block_demand,14445.627
NDPRJ_638,block_demand,14152.908
NDPRJ_639,block_demand,3757.488
NDPRJ_640,block_demand,23630.07517
NDPRJ_641,block_demand,2765.2485
NDPRJ_642,block_demand,2219.9346
NDPRJ_643,block_demand,15275.8512
NDPRJ_644,block_demand,60145.407
NDPRJ_645,block_demand,494.146476
NDPRJ_646,block_demand,2587.841064
NDPRJ_647,block_demand,4526.82
NDPRJ_648,block_demand,26495.6418
NDPRJ_649,block_demand,6949.682288
NDPRJ_650,block_demand,709.781472
NDPRJ_651,block_demand,26385.3345
NDPRJ_652,block_demand,7881.153
NDPRJ_653,block_demand,67109.3264
NDPRJ_654,block_demand,4954.104
NDPRJ_655,block_demand,6353.982
NDPRJ_656,block_demand,2204.2965
NDPRJ_657,block_demand,11772.72
NDPRJ_658,block_demand,15325.0038
NDPRJ_659,block_demand,3005.1
NDPRJ_660,block_demand,13298.6805
NDPRJ_661,block_demand,66780
NDPRJ_662,block_demand,14207.0104
NDPRJ_663,block_demand,2077.58145
NDPRJ_664,block_demand,38701.236
NDPRJ_665,block_demand,1100.0322
NDPRJ_666,block_demand,6100.3008
NDPRJ_667,block_demand,2518.2864
NDPRJ_668,block_demand,46089.33
NDPRJ_669,block_demand,17693.2926
NDPRJ_670,block_demand,12005.29519
NDPRJ_671,block_demand,9705.20328
NDPRJ_672,block_demand,4773.83324
NDPRJ_673,block_demand,284.266368
NDPRJ_674,block_demand,14246.206
NDPRJ_675,block_demand,10733.772
NDPRJ_676,block_demand,293.6
NDPRJ_677,block_demand,18188.0895
NDPRJ_678,block_demand,32800.11
NDPRJ_679,block_demand,855.00126
NDPRJ_680,block_demand,44698.6365
NDPRJ_681,block_demand,19793.3337
NDPRJ_682,block_demand,1942.2
NDPRJ_683,block_demand,32151.7875
NDPRJ_684,block_demand,3635.7984
NDPRJ_685,block_demand,10399.86846
NDPRJ_686,block_demand,17948.4678
NDPRJ_687,block_demand,74023.9605
NDPRJ_688,block_demand,77960.9754
NDPRJ_689,block_demand,83278.03239
NDPRJ_690,block_demand,14138.51939
NDPRJ_691,block_demand,6968.751048
NDPRJ_692,block_demand,6214.293
NDPRJ_693,block_demand,1329.9588
NDPRJ_694,block_demand,7374.23376
NDPRJ_695,block_demand,2513.5056
NDPRJ_696,block_demand,948.8394
NDPRJ_697,block_demand,2441.18853
NDPRJ_698,block_demand,1408.3992
NDPRJ_699,block_demand,1157.52
NDPRJ_700,block_demand,2669.302335
NDPRJ_701,block_demand,33752.35836
NDPRJ_702,block_demand,9895.4944
NDPRJ_703,block_demand,15913.674
NDPRJ_704,block_demand,946.31684
NDPRJ_705,block_demand,8965.0458
NDPRJ_706,block_demand,10388.8278
NDPRJ_707,block_demand,10131.0825
NDPRJ_708,block_demand,35567.40642
NDPRJ_709,block_demand,7836.03
NDPRJ_710,block_demand,3285.306
NDPRJ_711,block_demand,1374.48
NDPRJ_712,block_demand,6800.0904
NDPRJ_713,block_demand,448.216434
NDPRJ_714,block_demand,20241.19008
NDPRJ_715,block_demand,7736.997222
NDPRJ_716,block_demand,3542.28945
NDPRJ_717,block_demand,528.48
NDPRJ_718,block_demand,6801.244
NDPRJ_719,block_demand,299.921994
NDPRJ_720,block_demand,7578.043092
NDPRJ_721,block_demand,7778.632014
NDPRJ_722,block_demand,11188.989
NDPRJ_723,block_demand,7234.5
NDPRJ_724,block_demand,40283.23751
NDPRJ_725,block_demand,17904.1632
NDPRJ_726,block_demand,30850.134
NDPRJ_727,block_demand,62141.174
NDPRJ_728,block_demand,101508.939
NDPRJ_729,block_demand,20193.79341
NDPRJ_730,block_demand,17198.7944
NDPRJ_731,block_demand,8085.193725
NDPRJ_732,block_demand,7539.779205
NDPRJ_733,block_demand,33365.68609
NDPRJ_734,block_demand,519.9656
NDPRJ_735,block_demand,21940.88948
NDPRJ_736,block_demand,3911.1933
NDPRJ_737,block_demand,866.576235
NDPRJ_738,block_demand,271.0116
NDPRJ_739,block_demand,2065.0356
NDPRJ_740,block_demand,3766.0752
NDPRJ_741,block_demand,794.3598
NDPRJ_742,block_demand,4598.521542
NDPRJ_743,block_demand,4631.4
NDPRJ_744,block_demand,1110.042
NDPRJ_745,block_demand,3628.377702
NDPRJ_746,block_demand,4355.6076
NDPRJ_747,block_demand,1867.326828
NDPRJ_748,block_demand,500850
NDPRJ_749,block_demand,6914.28
NDPRJ_750,block_demand,6822.2016
NDPRJ_751,block_demand,557.245566
NDPRJ_752,block_demand,3468.34128
NDPRJ_753,block_demand,15991.029
NDPRJ_754,block_demand,167.6268
NDPRJ_755,block_demand,40687.941
NDPRJ_756,block_demand,167246.058
NDPRJ_757,block_demand,305991.525
NDPRJ_758,block_demand,5641.2304
NDPRJ_759,block_demand,309191.4
NDPRJ_760,block_demand,32421.69
NDPRJ_761,block_demand,61973.3982
NDPRJ_762,block_demand,468.594594
NDPRJ_763,block_demand,29105.12196
NDPRJ_764,block_demand,2539.3518
NDPRJ_765,block_demand,4157.958796
NDPRJ_766,block_demand,5891.040702
NDPRJ_767,block_demand,650.1888
NDPRJ_768,block_demand,25821.6
NDPRJ_769,block_demand,4086.1046
NDPRJ_770,block_demand,442.6722
NDPRJ_771,block_demand,83475
NDPRJ_772,block_demand,6165.6
NDPRJ_773,block_demand,4322.9664
NDPRJ_774,block_demand,1290.862312
NDPRJ_775,block_demand,3751.1352
NDPRJ_776,block_demand,44742.6
NDPRJ_777,block_demand,9002.066664
NDPRJ_778,block_demand,462.42
NDPRJ_779,block_demand,8594.3844
NDPRJ_780,block_demand,41487.075
NDPRJ_781,block_demand,3435.9012
NDPRJ_782,block_demand,9529.3296
NDPRJ_783,block_demand,8022.239172
NDPRJ_784,block_demand,504.138348
NDPRJ_785,block_demand,94.46562
NDPRJ_786,block_demand,94.632948
NDPRJ_787,block_demand,19477.5
NDPRJ_788,block_demand,4136.139
NDPRJ_789,block_demand,10531.86336
NDPRJ_790,block_demand,279273.96
NDPRJ_791,block_demand,6678
NDPRJ_792,block_demand,23875.78662
NDPRJ_793,block_demand,1073.439
NDPRJ_794,block_demand,1151.4258
NDPRJ_795,block_demand,2783.0232
NDPRJ_796,block_demand,6302.3625
NDPRJ_797,block_demand,8300.525612
NDPRJ_798,block_demand,18348.532
NDPRJ_799,block_demand,3347.305708
NDPRJ_800,block_demand,3931.461
NDPRJ_801,block_demand,33219.53292
NDPRJ_802,block_demand,273.272604
NDPRJ_803,block_demand,2653.341915
NDPRJ_804,block_demand,480.4704
NDPRJ_805,block_demand,943.6304
NDPRJ_806,block_demand,5804.19
NDPRJ_807,block_demand,19532.04804
NDPRJ_808,block_demand,861.291
NDPRJ_809,block_demand,778.94172
NDPRJ_810,block_demand,8749.1628
NDPRJ_811,block_demand,1792.8
NDPRJ_812,block_demand,5754.674358
NDPRJ_813,block_demand,8815.4964
NDPRJ_814,block_demand,1143.9558
NDPRJ_815,block_demand,1000.98
NDPRJ_816,block_demand,1419.3
NDPRJ_817,block_demand,1441.8594
NDPRJ_818,block_demand,18492.12842
NDPRJ_819,block_demand,1502.5158
NDPRJ_820,block_demand,652.807782
NDPRJ_821,block_demand,4218.6078
NDPRJ_822,block_demand,7545.605364
NDPRJ_823,block_demand,39035.6925
NDPRJ_824,block_demand,139738.8195
NDPRJ_825,block_demand,932.22654
NDPRJ_826,block_demand,835.87806
NDPRJ_827,block_demand,597.6
NDPRJ_828,block_demand,103374.8835
NDPRJ_829,block_demand,3455.0244
NDPRJ_830,block_demand,513.8
NDPRJ_831,block_demand,2855.26
NDPRJ_832,block_demand,2971.566
NDPRJ_833,block_demand,15433.02
NDPRJ_834,block_demand,7895.3418
NDPRJ_835,block_demand,56359.2078
NDPRJ_836,block_demand,1761.6
NDPRJ_837,block_demand,1016.24868
NDPRJ_838,block_demand,3791.11
NDPRJ_839,block_demand,10421.44797
NDPRJ_840,block_demand,3465.865792
NDPRJ_841,block_demand,69224.148
NDPRJ_842,block_demand,2055.2
NDPRJ_843,block_demand,3621.62409
NDPRJ_844,block_demand,968.31
NDPRJ_845,block_demand,237995.016
NDPRJ_846,block_demand,6758.945048
NDPRJ_847,block_demand,102.1896
NDPRJ_848,block_demand,11137.77
NDPRJ_849,block_demand,4278.24081
NDPRJ_850,block_demand,17561.3724
NDPRJ_851,block_demand,1658.34
NDPRJ_852,block_demand,5303.7
NDPRJ_853,block_demand,207.951354
NDPRJ_854,block_demand,676.353222
NDPRJ_855,block_demand,5596.893018
NDPRJ_856,block_demand,16292.8916
NDPRJ_857,block_demand,2988
NDPRJ_858,block_demand,747
NDPRJ_859,block_demand,1751.701554
NDPRJ_860,block_demand,8665.2
NDPRJ_861,block_demand,746.0376
NDPRJ_862,block_demand,430.272
NDPRJ_863,block_demand,8466.6474
NDPRJ_864,block_demand,5947.0911
NDPRJ_865,block_demand,61577.0216
NDPRJ_866,block_demand,1749.9222
NDPRJ_867,block_demand,3775.8428
NDPRJ_868,block_demand,12563.7312
NDPRJ_869,block_demand,16434
NDPRJ_870,block_demand,8463.02
NDPRJ_871,block_demand,83686.47
NDPRJ_872,block_demand,1301.396508
NDPRJ_873,block_demand,1646.0684
NDPRJ_874,block_demand,310.138488
NDPRJ_875,block_demand,29213.2
NDPRJ_876,block_demand,14758.55071
NDPRJ_877,block_demand,1382.789628
NDPRJ_878,block_demand,52718.778
NDPRJ_879,block_demand,52718.778
NDPRJ_880,block_demand,4348.0692
NDPRJ_881,block_demand,4177.7812
NDPRJ_882,block_demand,2055.2
NDPRJ_883,block_demand,2003.05062
NDPRJ_884,block_demand,1638.523584
NDPRJ_885,block_demand,4271.346
NDPRJ_886,block_demand,4407.3
NDPRJ_887,block_demand,314.74098
NDPRJ_888,block_demand,679.77
NDPRJ_889,block_demand,979.6158
NDPRJ_890,block_demand,8964
NDPRJ_891,block_demand,10906.2
NDPRJ_892,block_demand,16589.2266
NDPRJ_893,block_demand,167.0292
NDPRJ_894,block_demand,634.6512
NDPRJ_895,block_demand,14499.28942
NDPRJ_896,block_demand,9262.8
NDPRJ_897,block_demand,16666.30206
NDPRJ_898,block_demand,74.7
NDPRJ_899,block_demand,12421.80496
NDPRJ_900,block_demand,11952
NDPRJ_901,block_demand,7953.624
NDPRJ_902,block_demand,1605.992
NDPRJ_903,block_demand,8254.230764
NDPRJ_904,block_demand,7321.7968
NDPRJ_905,block_demand,7703.991774
NDPRJ_906,block_demand,5194.518
NDPRJ_907,block_demand,10290.2396
NDPRJ_908,block_demand,3278.9248
NDPRJ_909,block_demand,26658.22541
NDPRJ_910,block_demand,8308.77724
NDPRJ_911,block_demand,1792.8
NDPRJ_912,block_demand,387.870786
NDPRJ_913,block_demand,1974.125286
NDPRJ_914,block_demand,4717.310836
NDPRJ_915,block_demand,27220.0845
NDPRJ_916,block_demand,791.82
NDPRJ_917,block_demand,20226.87733
NDPRJ_918,block_demand,8121.0852
NDPRJ_919,block_demand,7460.72838
NDPRJ_920,block_demand,4240.08312
NDPRJ_921,block_demand,7864.05398
NDPRJ_922,block_demand,9181.10688
NDPRJ_923,block_demand,3810.28872
NDPRJ_924,block_demand,103213.4985
NDPRJ_925,block_demand,19477.5
NDPRJ_926,block_demand,7292.097468
NDPRJ_927,block_demand,6363.86808
NDPRJ_928,block_demand,20759.44227
NDPRJ_929,block_demand,40609.38546
NDPRJ_930,block_demand,5534.949
NDPRJ_931,block_demand,31164
NDPRJ_932,block_demand,26705.28305
NDPRJ_933,block_demand,11101.167
NDPRJ_934,block_demand,5544.24255
NDPRJ_935,block_demand,5378.4
NDPRJ_936,block_demand,2913.3
NDPRJ_937,block_demand,32387.187
NDPRJ_938,block_demand,35299.2235
NDPRJ_939,block_demand,19870.2
NDPRJ_940,block_demand,1797.5808
NDPRJ_941,block_demand,3129.4824
NDPRJ_942,block_demand,39711.98469
NDPRJ_943,block_demand,8954.8
NDPRJ_944,block_demand,3498.6492
NDPRJ_945,block_demand,3545.262
NDPRJ_946,block_demand,15802.374
NDPRJ_947,block_demand,600.08904
NDPRJ_948,block_demand,55650
NDPRJ_949,block_demand,5049.72
NDPRJ_950,block_demand,3197.16
NDPRJ_951,block_demand,4455.51212
NDPRJ_952,block_demand,31026.29964
NDPRJ_953,block_demand,12452.8005
NDPRJ_954,block_demand,44520
NDPRJ_955,block_demand,6826.616912
NDPRJ_956,block_demand,3221.022
NDPRJ_957,block_demand,27741.0896
NDPRJ_958,block_demand,10200.27215
NDPRJ_959,block_demand,2241
NDPRJ_960,block_demand,118394.8185
NDPRJ_961,block_demand,9594.641304
NDPRJ_962,block_demand,8734.931768
NDPRJ_963,block_demand,920.971818
NDPRJ_964,block_demand,1001.7
NDPRJ_965,block_demand,396.636084
NDPRJ_966,block_demand,64720.95
NDPRJ_967,block_demand,130221
NDPRJ_968,block_demand,2689.2
NDPRJ_969,block_demand,6991.83036
NDPRJ_970,block_demand,295.5132
NDPRJ_971,block_demand,4720.191052
NDPRJ_972,block_demand,805.266
NDPRJ_973,block_demand,10299.7966
NDPRJ_974,block_demand,12231.2292
NDPRJ_975,block_demand,21992.3235
NDPRJ_976,block_demand,106152.9315
NDPRJ_977,block_demand,7416.0666
NDPRJ_978,block_demand,8106.296
NDPRJ_979,block_demand,18079.66104
NDPRJ_980,block_demand,2822.0832
NDPRJ_981,block_demand,68.807664
NDPRJ_982,block_demand,3332.36
NDPRJ_983,block_demand,108273.7029
NDPRJ_984,block_demand,69150.1335
NDPRJ_985,block_demand,1959.78
NDPRJ_986,block_demand,2416.7684
NDPRJ_987,block_demand,49100.07848
NDPRJ_988,block_demand,87957.77445
NDPRJ_989,block_demand,6202.5936
NDPRJ_990,block_demand,3617.25
NDPRJ_991,block_demand,10114.29833
NDPRJ_992,block_demand,638.666612
NDPRJ_993,block_demand,10727.49808
NDPRJ_994,block_demand,10850.50816
NDPRJ_995,block_demand,5113.54368
NDPRJ_996,block_demand,2515.52997
NDPRJ_997,block_demand,40518.21406
NDPRJ_998,block_demand,15740.784
NDPRJ_999,block_demand,16629.5646
NDPRJ_1000,block_demand,50480.6715
NDPRJ_1001,block_demand,26942.67482
NDPRJ_1002,block_demand,10738.71928
NDPRJ_1003,block_demand,31046.49502
NDPRJ_1004,block_demand,11255.30427
NDPRJ_1005,block_demand,11714.64
NDPRJ_1006,block_demand,7252.449948
NDPRJ_1007,block_demand,10422.8
NDPRJ_1008,block_demand,2825.0192
NDPRJ_1009,block_demand,5363.0444
NDPRJ_1010,block_demand,3164.4414
NDPRJ_1011,block_demand,12202.3944
NDPRJ_1012,block_demand,3113.803764
NDPRJ_1013,block_demand,4802.9112
NDPRJ_1014,block_demand,1994.029848
NDPRJ_1015,block_demand,2359.886544
NDPRJ_1016,block_demand,4172.818194
NDPRJ_1017,block_demand,6429.2445
NDPRJ_1018,block_demand,11010
NDPRJ_1019,block_demand,4608.927435
NDPRJ_1020,block_demand,2495.9025
NDPRJ_1021,block_demand,7163.99145
NDPRJ_1022,block_demand,8704.773
NDPRJ_1023,block_demand,20552.16828
NDPRJ_1024,block_demand,19426.9302
NDPRJ_1025,block_demand,2823.882968
NDPRJ_1026,block_demand,6224.4525
NDPRJ_1027,block_demand,80128.209
NDPRJ_1028,block_demand,14601.50265
NDPRJ_1029,block_demand,339.5862
NDPRJ_1030,block_demand,32910.47741
NDPRJ_1031,block_demand,8636.88
NDPRJ_1032,block_demand,2275.8102
NDPRJ_1033,block_demand,2777.4915
NDPRJ_1034,block_demand,4545.495
NDPRJ_1035,block_demand,39723.47642
NDPRJ_1036,block_demand,6935.1256
NDPRJ_1037,block_demand,5378.0547
NDPRJ_1038,block_demand,8004.64284
NDPRJ_1039,block_demand,1241.928
NDPRJ_1040,block_demand,4183.2
NDPRJ_1041,block_demand,210031.1804
NDPRJ_1042,block_demand,216.7794
NDPRJ_1043,block_demand,196.89426
NDPRJ_1044,block_demand,38398.5
NDPRJ_1045,block_demand,2169.9976
NDPRJ_1046,block_demand,1098.798
NDPRJ_1047,block_demand,6561.135
NDPRJ_1048,block_demand,6071.6376
NDPRJ_1049,block_demand,25691.87904
NDPRJ_1050,block_demand,1678.75551
NDPRJ_1051,block_demand,7523.037
NDPRJ_1052,block_demand,33390
NDPRJ_1053,block_demand,1558.2
NDPRJ_1054,block_demand,468.522476
NDPRJ_1055,block_demand,622.251
NDPRJ_1056,block_demand,3585.6
NDPRJ_1057,block_demand,5677.2
NDPRJ_1058,block_demand,3677.34
NDPRJ_1059,block_demand,3478.503804
NDPRJ_1060,block_demand,113.79051
NDPRJ_1061,block_demand,597.02481
NDPRJ_1062,block_demand,11825.94376
NDPRJ_1063,block_demand,6054.566472
NDPRJ_1064,block_demand,189699.7536
NDPRJ_1065,block_demand,250.552764
NDPRJ_1066,block_demand,35782.95
NDPRJ_1067,block_demand,30929.32951
NDPRJ_1068,block_demand,1409.4396
NDPRJ_1069,block_demand,2141.085762
NDPRJ_1070,block_demand,26633.8674
NDPRJ_1071,block_demand,528.36256
NDPRJ_1072,block_demand,1878.1875
NDPRJ_1073,block_demand,14915.80915
NDPRJ_1074,block_demand,4664.4232
NDPRJ_1075,block_demand,4321.772982
NDPRJ_1076,block_demand,13056.16336
NDPRJ_1077,block_demand,14469
NDPRJ_1078,block_demand,13169.7216
NDPRJ_1079,block_demand,1845.393282
NDPRJ_1080,block_demand,3528.21
NDPRJ_1081,block_demand,17442.9228
NDPRJ_1082,block_demand,45613.26651
NDPRJ_1083,block_demand,11137.6206
NDPRJ_1084,block_demand,10661.2032
NDPRJ_1085,block_demand,168219.1094
NDPRJ_1086,block_demand,37775.22
NDPRJ_1087,block_demand,11092.6512
NDPRJ_1088,block_demand,8217
NDPRJ_1089,block_demand,2260.374192
NDPRJ_1090,block_demand,24473.52883
NDPRJ_1091,block_demand,25761.3448
NDPRJ_1092,block_demand,150978.45
NDPRJ_1093,block_demand,33390
NDPRJ_1094,block_demand,20305.03776
NDPRJ_1095,block_demand,528.14394
NDPRJ_1096,block_demand,32855.08107
NDPRJ_1097,block_demand,4334.022
NDPRJ_1098,block_demand,5859.071295
NDPRJ_1099,block_demand,11130
NDPRJ_1100,block_demand,3594.5448
NDPRJ_1101,block_demand,9702.2322
NDPRJ_1102,block_demand,7371.71064
NDPRJ_1103,block_demand,5233.175745
NDPRJ_1104,block_demand,39786.66699
NDPRJ_1105,block_demand,17070.6375
NDPRJ_1106,block_demand,27349.1925
NDPRJ_1107,block_demand,144.411534
NDPRJ_1108,block_demand,11085.48
NDPRJ_1109,block_demand,4202.548875
NDPRJ_1110,block_demand,1218.707175
NDPRJ_1111,block_demand,3433.852926
NDPRJ_1112,block_demand,3908.55
NDPRJ_1113,block_demand,4887.621
NDPRJ_1114,block_demand,139125
NDPRJ_1115,block_demand,1691.0586
NDPRJ_1116,block_demand,7234.5
NDPRJ_1117,block_demand,278.89245
NDPRJ_1118,block_demand,248166.723
NDPRJ_1119,block_demand,55104.1848
NDPRJ_1120,block_demand,11684.2524
NDPRJ_1121,block_demand,65478.78057
NDPRJ_1122,block_demand,460.720785
NDPRJ_1123,block_demand,2657.079
NDPRJ_1124,block_demand,7887.564
NDPRJ_1125,block_demand,2665.7412
NDPRJ_1126,block_demand,592.158852
NDPRJ_1127,block_demand,8855.5632
NDPRJ_1128,block_demand,3213.594
NDPRJ_1129,block_demand,1897.109612
NDPRJ_1130,block_demand,517.23512
NDPRJ_1131,block_demand,12818.1356
NDPRJ_1132,block_demand,706.27356
NDPRJ_1133,block_demand,1179.798354
NDPRJ_1134,block_demand,1104.642684
NDPRJ_1135,block_demand,15225.0684
NDPRJ_1136,block_demand,1100.4804
NDPRJ_1137,block_demand,51202.8972
NDPRJ_1138,block_demand,240964.5
NDPRJ_1139,block_demand,5098.5108
NDPRJ_1140,block_demand,11010
NDPRJ_1141,block_demand,856.809
NDPRJ_1142,block_demand,12906.656
NDPRJ_1143,block_demand,8020.1244
NDPRJ_1144,block_demand,21960.99025
NDPRJ_1145,block_demand,8126.013
NDPRJ_1146,block_demand,111300
NDPRJ_1147,block_demand,13625.86911
NDPRJ_1148,block_demand,2906.1996
NDPRJ_1149,block_demand,1097.9745
NDPRJ_1150,block_demand,2181.48
NDPRJ_1151,block_demand,22121.14212
NDPRJ_1152,block_demand,7011.3435
NDPRJ_1153,block_demand,16419.5325
NDPRJ_1154,block_demand,66338.139
NDPRJ_1155,block_demand,1320.863828
NDPRJ_1156,block_demand,15427.31292
NDPRJ_1157,block_demand,31854.06
NDPRJ_1158,block_demand,54184.21239
NDPRJ_1159,block_demand,32161.03097
NDPRJ_1160,block_demand,592.158852
NDPRJ_1161,block_demand,1266.912
NDPRJ_1162,block_demand,2789.2
NDPRJ_1163,block_demand,7520.564
NDPRJ_1164,block_demand,72757.923
NDPRJ_1165,block_demand,81499.297
NDPRJ_1166,block_demand,14842.968
NDPRJ_1167,block_demand,19477.5
NDPRJ_1168,block_demand,3895.5
NDPRJ_1169,block_demand,7823.706
NDPRJ_1170,block_demand,16668.1124
NDPRJ_1171,block_demand,21717.7388
NDPRJ_1172,block_demand,9151.2184
NDPRJ_1173,block_demand,798.749172
NDPRJ_1174,block_demand,38579.919
NDPRJ_1175,block_demand,2089.8072
NDPRJ_1176,block_demand,75895.2
NDPRJ_1177,block_demand,11205
NDPRJ_1178,block_demand,70870.88715
NDPRJ_1179,block_demand,2709.7812
NDPRJ_1180,block_demand,4163.982
NDPRJ_1181,block_demand,4616.46
NDPRJ_1182,block_demand,49354.83304
NDPRJ_1183,block_demand,46941.888
NDPRJ_1184,block_demand,42693.58926
NDPRJ_1185,block_demand,75001.76996
NDPRJ_1186,block_demand,62954.31849
NDPRJ_1187,block_demand,38593.77028
NDPRJ_1188,block_demand,299165.7409
NDPRJ_1189,block_demand,131445.3
NDPRJ_1190,block_demand,59445.33
NDPRJ_1191,block_demand,328.887666
NDPRJ_1192,block_demand,43101.9
NDPRJ_1193,block_demand,60837.01963
NDPRJ_1194,block_demand,126648.3257
NDPRJ_1195,block_demand,245104.86
NDPRJ_1196,block_demand,19421.57175
NDPRJ_1197,block_demand,306.31986
NDPRJ_1198,block_demand,29111.3208
NDPRJ_1199,block_demand,850.410198
NDPRJ_1200,block_demand,11247.74407
NDPRJ_1201,block_demand,3374.46224
NDPRJ_1202,block_demand,2611.00682
NDPRJ_1203,block_demand,1241.125004
NDPRJ_1204,block_demand,2361.61564
NDPRJ_1205,block_demand,240752
NDPRJ_1206,block_demand,79060.7548
NDPRJ_1207,block_demand,523.491624
NDPRJ_1208,block_demand,13147.13348
NDPRJ_1209,block_demand,876.456594
NDPRJ_1210,block_demand,2368.067688
NDPRJ_1211,block_demand,16401.22762
NDPRJ_1212,block_demand,1381.63368
NDPRJ_1213,block_demand,21298.53123
NDPRJ_1214,block_demand,42294
NDPRJ_1215,block_demand,3915.15558
NDPRJ_1216,block_demand,113174.8485
NDPRJ_1217,block_demand,20442.78596
NDPRJ_1218,block_demand,137375.2471
NDPRJ_1219,block_demand,35059.5
NDPRJ_1220,block_demand,35059.5
NDPRJ_1221,block_demand,8963.41734
NDPRJ_1222,block_demand,16603.08
NDPRJ_1223,block_demand,30979.45347
NDPRJ_1224,block_demand,123917.8139
NDPRJ_1225,block_demand,51380
NDPRJ_1226,block_demand,1079.197264
NDPRJ_1227,block_demand,205905
NDPRJ_1228,block_demand,26926.73109
NDPRJ_1229,block_demand,10738.15189
NDPRJ_1230,block_demand,49846.82913
NDPRJ_1231,block_demand,264492.6077
NDPRJ_1232,block_demand,6408.93879
NDPRJ_1233,block_demand,79412.55
NDPRJ_1234,block_demand,79412.55
NDPRJ_1235,block_demand,11130
NDPRJ_1236,block_demand,268335.9414
NDPRJ_1237,block_demand,32955.21211
NDPRJ_1238,block_demand,1441.284915
NDPRJ_1239,block_demand,563.569668
NDPRJ_1240,block_demand,4108.4253
NDPRJ_1241,block_demand,1284.84
NDPRJ_1242,block_demand,747
NDPRJ_1243,block_demand,411.315984
NDPRJ_1244,block_demand,56772
NDPRJ_1245,block_demand,4118.193612
NDPRJ_1246,block_demand,111271.062
NDPRJ_1247,block_demand,4126.230465
NDPRJ_1248,block_demand,30342.5424
NDPRJ_1249,block_demand,53023.32
NDPRJ_1250,block_demand,12045.3804
NDPRJ_1251,block_demand,11319.6012
NDPRJ_1252,block_demand,30246.04212
NDPRJ_1253,block_demand,10049.60651
NDPRJ_1254,block_demand,12744.70701
NDPRJ_1255,block_demand,747.020916
NDPRJ_1256,block_demand,806.346162
NDPRJ_1257,block_demand,117.309348
NDPRJ_1258,block_demand,3934.3868
NDPRJ_1259,block_demand,6389.679636
NDPRJ_1260,block_demand,10510.17048
NDPRJ_1261,block_demand,1587.90624
NDPRJ_1262,block_demand,7597.457622
NDPRJ_1263,block_demand,41181
NDPRJ_1264,block_demand,42464.69524
NDPRJ_1265,block_demand,672.3
NDPRJ_1266,block_demand,33781.776
NDPRJ_1267,block_demand,19008.91199
NDPRJ_1268,block_demand,196222.4565
NDPRJ_1269,block_demand,79265.1888
NDPRJ_1270,block_demand,8577.05625
NDPRJ_1271,block_demand,26677.9422
NDPRJ_1272,block_demand,3155.355
NDPRJ_1273,block_demand,3355.89534
NDPRJ_1274,block_demand,3391.438995
NDPRJ_1275,block_demand,2519.425755
NDPRJ_1276,block_demand,38955
NDPRJ_1277,block_demand,883.4994
NDPRJ_1278,block_demand,41750.5395
NDPRJ_1279,block_demand,233.749746
NDPRJ_1280,block_demand,1349.110386
NDPRJ_1281,block_demand,38955
NDPRJ_1282,block_demand,4452
NDPRJ_1283,block_demand,16389.55948
NDPRJ_1284,block_demand,5316.1002
NDPRJ_1285,block_demand,1633.683024
NDPRJ_1286,block_demand,680.19579
NDPRJ_1287,block_demand,6570.172764
NDPRJ_1288,block_demand,3742.47
NDPRJ_1289,block_demand,362.072394
NDPRJ_1290,block_demand,70325.70636
NDPRJ_1291,block_demand,702.18
NDPRJ_1292,block_demand,8848.371468
NDPRJ_1293,block_demand,779.5692
NDPRJ_1294,block_demand,747
NDPRJ_1295,block_demand,448.2
NDPRJ_1296,block_demand,1007.465454
NDPRJ_1297,block_demand,4033.8
NDPRJ_1298,block_demand,10276
NDPRJ_1299,block_demand,294.4674
NDPRJ_1300,block_demand,5614.451144
NDPRJ_1301,block_demand,1613.6694
NDPRJ_1302,block_demand,6607.681128
NDPRJ_1303,block_demand,31248.588
NDPRJ_1304,block_demand,72345
NDPRJ_1305,block_demand,68989.90602
NDPRJ_1306,block_demand,8239.188888
NDPRJ_1307,block_demand,1746.586764
NDPRJ_1308,block_demand,2513.672928
NDPRJ_1309,block_demand,4183.2
NDPRJ_1310,block_demand,488.376648
NDPRJ_1311,block_demand,1273.451238
NDPRJ_1312,block_demand,1024.60761
NDPRJ_1313,block_demand,3259.311894
NDPRJ_1314,block_demand,9496.064812
NDPRJ_1315,block_demand,2129.206968
NDPRJ_1316,block_demand,8960.84816
NDPRJ_1317,block_demand,488.0898
NDPRJ_1318,block_demand,432.949248
NDPRJ_1319,block_demand,4590.12038
NDPRJ_1320,block_demand,3098.1078
NDPRJ_1321,block_demand,1669.545
NDPRJ_1322,block_demand,5049.72
NDPRJ_1323,block_demand,40338
NDPRJ_1324,block_demand,2628.6742
NDPRJ_1325,block_demand,14724.35455
NDPRJ_1326,block_demand,2055.2
NDPRJ_1327,block_demand,2961.006408
NDPRJ_1328,block_demand,2564.492832
NDPRJ_1329,block_demand,28260.7395
NDPRJ_1330,block_demand,21911.45849
NDPRJ_1331,block_demand,546.134168
NDPRJ_1332,block_demand,634.701996
NDPRJ_1333,block_demand,50085
NDPRJ_1334,block_demand,4305.828968
NDPRJ_1335,block_demand,5721.84072
NDPRJ_1336,block_demand,2063.52027
NDPRJ_1337,block_demand,2109.96126
NDPRJ_1338,block_demand,79680.77187
NDPRJ_1339,block_demand,47956.42741
NDPRJ_1340,block_demand,43068.23063
NDPRJ_1341,block_demand,543.042108
NDPRJ_1342,block_demand,3116.4
NDPRJ_1343,block_demand,25654.65
NDPRJ_1344,block_demand,837.94174
NDPRJ_1345,block_demand,2792.417472
NDPRJ_1346,block_demand,712.481385
NDPRJ_1347,block_demand,6164.5724
NDPRJ_1348,block_demand,2944.39014
NDPRJ_1349,block_demand,313.74
NDPRJ_1350,block_demand,1776.001464
NDPRJ_1351,block_demand,2120.08692
NDPRJ_1352,block_demand,73190.60175
NDPRJ_1353,block_demand,4409.889645
NDPRJ_1354,block_demand,4339.6218
NDPRJ_1355,block_demand,5730.697875
NDPRJ_1356,block_demand,910.39878
NDPRJ_1357,block_demand,24263.20529
NDPRJ_1358,block_demand,23051.97317
NDPRJ_1359,block_demand,9187.119375
NDPRJ_1360,block_demand,179.28
NDPRJ_1361,block_demand,37899.3195
NDPRJ_1362,block_demand,92392.356
NDPRJ_1363,block_demand,5627.923398
NDPRJ_1364,block_demand,4336.823538
NDPRJ_1365,block_demand,63610.33738
NDPRJ_1366,block_demand,36502.52119
NDPRJ_1367,block_demand,4988.74425
NDPRJ_1368,block_demand,5575.089345
NDPRJ_1369,block_demand,137455.5
NDPRJ_1370,block_demand,1879.98984
NDPRJ_1371,block_demand,3814.45134
NDPRJ_1372,block_demand,14382.28617
NDPRJ_1373,block_demand,62253.23422
NDPRJ_1374,block_demand,787.762296
NDPRJ_1375,block_demand,2689.2
NDPRJ_1376,block_demand,2241
NDPRJ_1377,block_demand,29583.38418
NDPRJ_1378,block_demand,2909.8696
NDPRJ_1379,block_demand,5570.030932
NDPRJ_1380,block_demand,6356.592018
NDPRJ_1381,block_demand,1857.67326
NDPRJ_1382,block_demand,8237.24894
NDPRJ_1383,block_demand,26773.5258
NDPRJ_1384,block_demand,8056.8432
NDPRJ_1385,block_demand,660.395808
NDPRJ_1386,block_demand,17652.0582
NDPRJ_1387,block_demand,18986.667
NDPRJ_1388,block_demand,7470
NDPRJ_1389,block_demand,27599.3953
NDPRJ_1390,block_demand,39339.9044
NDPRJ_1391,block_demand,2817.887656
NDPRJ_1392,block_demand,10228.74825
NDPRJ_1393,block_demand,1776.28
NDPRJ_1394,block_demand,557.4114
NDPRJ_1395,block_demand,2794.7784
NDPRJ_1396,block_demand,11766.21231
NDPRJ_1397,block_demand,47580.75
NDPRJ_1398,block_demand,1938.686112
NDPRJ_1399,block_demand,100998.84
NDPRJ_1400,block_demand,37292.7345
NDPRJ_1401,block_demand,153037.5
NDPRJ_1402,block_demand,52569.49425
NDPRJ_1403,block_demand,27917.61273
NDPRJ_1404,block_demand,12997.8
NDPRJ_1405,block_demand,420.1575
NDPRJ_1406,block_demand,7903.624536
NDPRJ_1407,block_demand,5822.05864
NDPRJ_1408,block_demand,9223.23141
NDPRJ_1409,block_demand,3372.857388
NDPRJ_1410,block_demand,9682.183728
NDPRJ_1411,block_demand,7234.5
NDPRJ_1412,block_demand,540.57402
NDPRJ_1413,block_demand,540.57402
NDPRJ_1414,block_demand,62731.44506
NDPRJ_1415,block_demand,12192.56986
NDPRJ_1416,block_demand,32498.03056
NDPRJ_1417,block_demand,2861.757
NDPRJ_1418,block_demand,764.69778
NDPRJ_1419,block_demand,3127.736948
NDPRJ_1420,block_demand,133108.122
NDPRJ_1421,block_demand,146800
NDPRJ_1422,block_demand,13298.16852
NDPRJ_1423,block_demand,14045.48124
NDPRJ_1424,block_demand,22260
NDPRJ_1425,block_demand,6788.785302
NDPRJ_1426,block_demand,119184.9316
NDPRJ_1427,block_demand,67761.23193
NDPRJ_1428,block_demand,3750.093882
NDPRJ_1429,block_demand,133560
NDPRJ_1430,block_demand,108517.5
NDPRJ_1431,block_demand,47771.8521
NDPRJ_1432,block_demand,14510.55942
NDPRJ_1433,block_demand,6012.225018
NDPRJ_1434,block_demand,178920.8548
NDPRJ_1435,block_demand,139125
NDPRJ_1436,block_demand,7717.068975
NDPRJ_1437,block_demand,389.499915
NDPRJ_1438,block_demand,660.454074
NDPRJ_1439,block_demand,2392.95
NDPRJ_1440,block_demand,4375.84854
NDPRJ_1441,block_demand,137321.94
NDPRJ_1442,block_demand,2241
NDPRJ_1443,block_demand,688.847544
NDPRJ_1444,block_demand,3907.61676
NDPRJ_1445,block_demand,2118.075908
NDPRJ_1446,block_demand,7818.2514
NDPRJ_1447,block_demand,1309.3826
NDPRJ_1448,block_demand,7071.38985
NDPRJ_1449,block_demand,49226.7024
NDPRJ_1450,block_demand,49226.7024
NDPRJ_1451,block_demand,96213.6
NDPRJ_1452,block_demand,8568.379828
NDPRJ_1453,block_demand,49226.7024
NDPRJ_1454,block_demand,24378.45638
NDPRJ_1455,block_demand,893.412
NDPRJ_1456,block_demand,8457.986682
NDPRJ_1457,block_demand,8681.368068
NDPRJ_1458,block_demand,2448.981234
NDPRJ_1459,block_demand,90963.13145
NDPRJ_1460,block_demand,13905.50809
NDPRJ_1461,block_demand,32868
NDPRJ_1462,block_demand,32868
NDPRJ_1463,block_demand,6163.797294
NDPRJ_1464,block_demand,8964.62001
NDPRJ_1465,block_demand,72964.93765
NDPRJ_1466,block_demand,9314.43798
NDPRJ_1467,block_demand,1699.190442
NDPRJ_1468,block_demand,24504.32804
NDPRJ_1469,block_demand,14943.53868
NDPRJ_1470,block_demand,35892.43025
NDPRJ_1471,block_demand,14347.64961
NDPRJ_1472,block_demand,20301.12
NDPRJ_1473,block_demand,6678
NDPRJ_1474,block_demand,49120.63002
NDPRJ_1475,block_demand,8959.518
NDPRJ_1476,block_demand,440.4
NDPRJ_1477,block_demand,9364.782
NDPRJ_1478,block_demand,16562.83125
NDPRJ_1479,block_demand,16368.3345
NDPRJ_1480,block_demand,6792.666825
NDPRJ_1481,block_demand,110968.5375
NDPRJ_1482,block_demand,2307.93906
NDPRJ_1483,block_demand,42898.10301
NDPRJ_1484,block_demand,444.755556
NDPRJ_1485,block_demand,13065.16197
NDPRJ_1486,block_demand,556.5
NDPRJ_1487,block_demand,11235.58816
NDPRJ_1488,block_demand,5748.645
NDPRJ_1489,block_demand,24642.933
NDPRJ_1490,block_demand,14146.5639
NDPRJ_1491,block_demand,19528.49866
NDPRJ_1492,block_demand,5405.731236
NDPRJ_1493,block_demand,18421.23663
NDPRJ_1494,block_demand,23634.00434
NDPRJ_1495,block_demand,348.369
NDPRJ_1496,block_demand,6099.24006
NDPRJ_1497,block_demand,10897.54376
NDPRJ_1498,block_demand,5565
NDPRJ_1499,block_demand,8452.895535
NDPRJ_1500,block_demand,10299.09667
NDPRJ_1501,block_demand,38115.92599
NDPRJ_1502,block_demand,111300
NDPRJ_1503,block_demand,12848.4
NDPRJ_1504,block_demand,6878.34
NDPRJ_1505,block_demand,18364.5
NDPRJ_1506,block_demand,6495.468
NDPRJ_1507,block_demand,119064.4939
NDPRJ_1508,block_demand,40486.17636
NDPRJ_1509,block_demand,3969.835884
NDPRJ_1510,block_demand,40466.28705
NDPRJ_1511,block_demand,1558.82328
NDPRJ_1512,block_demand,2271.973688
NDPRJ_1513,block_demand,105696
NDPRJ_1514,block_demand,33225.21478
NDPRJ_1515,block_demand,87.2496
NDPRJ_1516,block_demand,1690.55796
NDPRJ_1517,block_demand,4173.75
NDPRJ_1518,block_demand,33390
NDPRJ_1519,block_demand,49100.90461
NDPRJ_1520,block_demand,15223.65852
NDPRJ_1521,block_demand,75803.6475
NDPRJ_1522,block_demand,7130.618145
NDPRJ_1523,block_demand,4736.599665
NDPRJ_1524,block_demand,47413.8
NDPRJ_1525,block_demand,6158.580246
NDPRJ_1526,block_demand,3688.54878
NDPRJ_1527,block_demand,21789.45699
NDPRJ_1528,block_demand,5144.827668
NDPRJ_1529,block_demand,7290.15
NDPRJ_1530,block_demand,27825
NDPRJ_1531,block_demand,17224.788
NDPRJ_1532,block_demand,4803.4854
NDPRJ_1533,block_demand,3611.37336
NDPRJ_1534,block_demand,384.543648
NDPRJ_1535,block_demand,194.494896
NDPRJ_1536,block_demand,4180.419196
NDPRJ_1537,block_demand,697.30209
NDPRJ_1538,block_demand,957.674916
NDPRJ_1539,block_demand,9547.00588
NDPRJ_1540,block_demand,10096.53498
NDPRJ_1541,block_demand,9876.90669
NDPRJ_1542,block_demand,4034.625
NDPRJ_1543,block_demand,3861.151216
NDPRJ_1544,block_demand,51109.0713
NDPRJ_1545,block_demand,21703.5
NDPRJ_1546,block_demand,15582
NDPRJ_1547,block_demand,6116.797575
NDPRJ_1548,block_demand,24798.24658
NDPRJ_1549,block_demand,87702.88632
NDPRJ_1550,block_demand,2946.889602
NDPRJ_1551,block_demand,48279.75296
NDPRJ_1552,block_demand,27007.21212
NDPRJ_1553,block_demand,3000.1014
NDPRJ_1554,block_demand,24290.70745
NDPRJ_1555,block_demand,10228.47
NDPRJ_1556,block_demand,24573.07556
NDPRJ_1557,block_demand,14395.61435
NDPRJ_1558,block_demand,12884.72798
NDPRJ_1559,block_demand,8084.45358
NDPRJ_1560,block_demand,3194.52147
NDPRJ_1561,block_demand,10899.0288
NDPRJ_1562,block_demand,28059.00822
NDPRJ_1563,block_demand,18878.706
NDPRJ_1564,block_demand,2037.628354
NDPRJ_1565,block_demand,3428.50746
NDPRJ_1566,block_demand,7791
NDPRJ_1567,block_demand,395801.4094
NDPRJ_1568,block_demand,18474.50892
NDPRJ_1569,block_demand,43556.45921
NDPRJ_1570,block_demand,26155.5
NDPRJ_1571,block_demand,6678
NDPRJ_1572,block_demand,9780.5988
NDPRJ_1573,block_demand,397.24083
NDPRJ_1574,block_demand,785.53314
NDPRJ_1575,block_demand,2804.76
NDPRJ_1576,block_demand,36121.84181
NDPRJ_1577,block_demand,16804.32999
NDPRJ_1578,block_demand,8124.9
NDPRJ_1579,block_demand,750.345645
NDPRJ_1580,block_demand,16704.15999
NDPRJ_1581,block_demand,1161.972
NDPRJ_1582,block_demand,1055.43564
NDPRJ_1583,block_demand,47872.74555
NDPRJ_1584,block_demand,24435.10355
NDPRJ_1585,block_demand,5772.548574
NDPRJ_1586,block_demand,16828.70469
NDPRJ_1587,block_demand,2467.708
NDPRJ_1588,block_demand,89640
NDPRJ_1589,block_demand,17928
NDPRJ_1590,block_demand,22260.6
NDPRJ_1591,block_demand,1230.4584
NDPRJ_1592,block_demand,8961.8464
NDPRJ_1593,block_demand,117402.579
NDPRJ_1594,block_demand,32845.032
NDPRJ_1595,block_demand,5530.6386
NDPRJ_1596,block_demand,62415.585
NDPRJ_1597,block_demand,5721.0896
NDPRJ_1598,block_demand,9224.703
NDPRJ_1599,block_demand,17137.432
NDPRJ_1600,block_demand,14396.7816
NDPRJ_1601,block_demand,35967.36853
NDPRJ_1602,block_demand,25580.6355
NDPRJ_1603,block_demand,37589.349
NDPRJ_1604,block_demand,29495.10658
NDPRJ_1605,block_demand,1132.452
NDPRJ_1606,block_demand,30663.15
NDPRJ_1607,block_demand,547.551
NDPRJ_1608,block_demand,32501.52
NDPRJ_1609,block_demand,14715.9
NDPRJ_1610,block_demand,1669.5
NDPRJ_1611,block_demand,946.05
NDPRJ_1612,block_demand,1482.048
NDPRJ_1613,block_demand,68866.875
NDPRJ_1614,block_demand,58341.234
NDPRJ_1615,block_demand,3092.58
NDPRJ_1616,block_demand,16804.196
NDPRJ_1617,block_demand,272032.782
NDPRJ_1618,block_demand,15073.424
NDPRJ_1619,block_demand,59633.427
NDPRJ_1620,block_demand,17764.593
NDPRJ_1621,block_demand,248865.7705
NDPRJ_1622,block_demand,61656
NDPRJ_1623,block_demand,189409.0044
NDPRJ_1624,block_demand,6565.0305
NDPRJ_1625,block_demand,17616
NDPRJ_1626,block_demand,2988
NDPRJ_1627,block_demand,9952.750116
NDPRJ_1628,block_demand,2241
NDPRJ_1629,block_demand,3167.28
NDPRJ_1630,block_demand,1030.86
NDPRJ_1631,block_demand,8034.732
NDPRJ_1632,block_demand,59508.2145
NDPRJ_1633,block_demand,3675.24
NDPRJ_1634,block_demand,16697.032
NDPRJ_1635,block_demand,13780.52046
NDPRJ_1636,block_demand,4991.2
NDPRJ_1637,block_demand,174184.5
NDPRJ_1638,block_demand,38626.665
NDPRJ_1639,block_demand,255990
NDPRJ_1640,block_demand,17622.6855
NDPRJ_1641,block_demand,4482
NDPRJ_1642,block_demand,2480.787
NDPRJ_1643,block_demand,6028.97724
NDPRJ_1644,block_demand,18532.0242
NDPRJ_1645,block_demand,51967.2
NDPRJ_1646,block_demand,15778.064
NDPRJ_1647,block_demand,48952.27208
NDPRJ_1648,block_demand,73504.8
NDPRJ_1649,block_demand,23172.38
NDPRJ_1650,block_demand,45141
NDPRJ_1651,block_demand,4512.627
NDPRJ_1652,block_demand,6981.9548
NDPRJ_1653,block_demand,587107.5
NDPRJ_1654,block_demand,51103.4288
NDPRJ_1655,block_demand,21855.8776
NDPRJ_1656,block_demand,4776.7252
NDPRJ_1657,block_demand,134145.9945
NDPRJ_1658,block_demand,177072.1841
NDPRJ_1659,block_demand,134957.0568
NDPRJ_1660,block_demand,222844.3035
NDPRJ_1661,block_demand,20826.40592
NDPRJ_1662,block_demand,43185.513
NDPRJ_1663,block_demand,41093.073
NDPRJ_1664,block_demand,12141.6812
NDPRJ_1665,block_demand,3088.0848
NDPRJ_1666,block_demand,4385.0628
NDPRJ_1667,block_demand,11653.2
NDPRJ_1668,block_demand,8964
NDPRJ_1669,block_demand,45921.6756
NDPRJ_1670,block_demand,410.85
NDPRJ_1671,block_demand,243.522
NDPRJ_1672,block_demand,9908.8532
NDPRJ_1673,block_demand,30176.208
NDPRJ_1674,block_demand,25685.8938
NDPRJ_1675,block_demand,6805.495692
NDPRJ_1676,block_demand,2909.100366
NDPRJ_1677,block_demand,226616.817
NDPRJ_1678,block_demand,22638.9765
NDPRJ_1679,block_demand,5677.2
NDPRJ_1680,block_demand,14680
NDPRJ_1681,block_demand,12930.65366
NDPRJ_1682,block_demand,82170
NDPRJ_1683,block_demand,14019.4
NDPRJ_1684,block_demand,19377.18
NDPRJ_1685,block_demand,13958.1844
NDPRJ_1686,block_demand,7012.836
NDPRJ_1687,block_demand,72521.35485
NDPRJ_1688,block_demand,2446.54095
NDPRJ_1689,block_demand,3585.6
NDPRJ_1690,block_demand,138078.78
NDPRJ_1691,block_demand,1942.2
NDPRJ_1692,block_demand,4552.268
NDPRJ_1693,block_demand,17420.04
NDPRJ_1694,block_demand,23189.1152
NDPRJ_1695,block_demand,3859.95816
NDPRJ_1696,block_demand,786.28473
NDPRJ_1697,block_demand,8495.7804
NDPRJ_1698,block_demand,5855.852
NDPRJ_1699,block_demand,34291.53
NDPRJ_1700,block_demand,9572.2408
NDPRJ_1701,block_demand,3038.796
NDPRJ_1702,block_demand,7176.7584
NDPRJ_1703,block_demand,18950.412
NDPRJ_1704,block_demand,5049.2718
NDPRJ_1705,block_demand,3046.12936
NDPRJ_1706,block_demand,69578.568
NDPRJ_1707,block_demand,17289.2232
NDPRJ_1708,block_demand,32277
NDPRJ_1709,block_demand,24218.9172
NDPRJ_1710,block_demand,64203.405
NDPRJ_1711,block_demand,12252.294
NDPRJ_1712,block_demand,115835.475
NDPRJ_1713,block_demand,18867.47
NDPRJ_1714,block_demand,34377.9176
NDPRJ_1715,block_demand,4727.771804
NDPRJ_1716,block_demand,425166
NDPRJ_1717,block_demand,116058.4652
NDPRJ_1718,block_demand,8890.737948
NDPRJ_1719,block_demand,22523.0836
NDPRJ_1720,block_demand,6427.4868
NDPRJ_1721,block_demand,209077.05
NDPRJ_1722,block_demand,4027.649202
NDPRJ_1723,block_demand,16588.4
NDPRJ_1724,block_demand,1086.77508
NDPRJ_1725,block_demand,23032.10966
NDPRJ_1726,block_demand,20248.13134
NDPRJ_1727,block_demand,25120.41
NDPRJ_1728,block_demand,11164.51111
NDPRJ_1729,block_demand,44009.172
NDPRJ_1730,block_demand,66221.48
NDPRJ_1731,block_demand,10380.312
NDPRJ_1732,block_demand,3645.36
NDPRJ_1733,block_demand,3788.23869
NDPRJ_1734,block_demand,6981.781716
NDPRJ_1735,block_demand,80516.864
NDPRJ_1736,block_demand,10398.24
NDPRJ_1737,block_demand,14940
NDPRJ_1738,block_demand,9029.9616
NDPRJ_1739,block_demand,10247.346
NDPRJ_1740,block_demand,225171.03
NDPRJ_1741,block_demand,4099.8348
NDPRJ_1742,block_demand,334630.6
NDPRJ_1743,block_demand,16172.55
NDPRJ_1744,block_demand,113314.92
NDPRJ_1745,block_demand,14613.69
NDPRJ_1746,block_demand,3728.7252
NDPRJ_1747,block_demand,42196.0878
NDPRJ_1748,block_demand,4631.4
NDPRJ_1749,block_demand,3475.68642
NDPRJ_1750,block_demand,22972.32
NDPRJ_1751,block_demand,51151.4226
NDPRJ_1752,block_demand,28965.8214
NDPRJ_1753,block_demand,8884.818
NDPRJ_1754,block_demand,32922.836
NDPRJ_1755,block_demand,194775
NDPRJ_1756,block_demand,55644.777
NDPRJ_1757,block_demand,7579.284
NDPRJ_1758,block_demand,5384.376
NDPRJ_1759,block_demand,12306.64572
NDPRJ_1760,block_demand,747
NDPRJ_1761,block_demand,15979.18
NDPRJ_1762,block_demand,4654.4076
NDPRJ_1763,block_demand,9950.04
NDPRJ_1764,block_demand,66848.29251
NDPRJ_1765,block_demand,5677.2
NDPRJ_1766,block_demand,70558.2844
NDPRJ_1767,block_demand,8459.7904
NDPRJ_1768,block_demand,25380.252
NDPRJ_1769,block_demand,40338
NDPRJ_1770,block_demand,4021.848
NDPRJ_1771,block_demand,61648.66
NDPRJ_1772,block_demand,74004.816
NDPRJ_1773,block_demand,15693.3
NDPRJ_1774,block_demand,20339.316
NDPRJ_1775,block_demand,6573.6
NDPRJ_1776,block_demand,14030.19882
NDPRJ_1777,block_demand,5746.7796
NDPRJ_1778,block_demand,13312.287
NDPRJ_1779,block_demand,10496.844
NDPRJ_1780,block_demand,21842.28
NDPRJ_1781,block_demand,68802.224
NDPRJ_1782,block_demand,34851.788
NDPRJ_1783,block_demand,9083.348356
NDPRJ_1784,block_demand,306075
NDPRJ_1785,block_demand,93745.012
NDPRJ_1786,block_demand,7229.466
NDPRJ_1787,block_demand,449.9928
NDPRJ_1788,block_demand,18282.825
NDPRJ_1789,block_demand,18359.97815
NDPRJ_1790,block_demand,3696.01296
NDPRJ_1791,block_demand,47808
NDPRJ_1792,block_demand,2550.204216
NDPRJ_1793,block_demand,47853.435
NDPRJ_1794,block_demand,87607.2636
NDPRJ_1795,block_demand,12412.8208
NDPRJ_1796,block_demand,92834.217
NDPRJ_1797,block_demand,215.136
NDPRJ_1798,block_demand,5338.062
NDPRJ_1799,block_demand,1511.928
NDPRJ_1800,block_demand,43923.6
NDPRJ_1801,block_demand,448.2
NDPRJ_1802,block_demand,124016.025
NDPRJ_1803,block_demand,10454.8024
NDPRJ_1804,block_demand,36339.45
NDPRJ_1805,block_demand,133560
NDPRJ_1806,block_demand,18069.3184
NDPRJ_1807,block_demand,10398.24
NDPRJ_1808,block_demand,7415.3084
NDPRJ_1809,block_demand,3657.0132
NDPRJ_1810,block_demand,30322.224
NDPRJ_1811,block_demand,6723
NDPRJ_1812,block_demand,1494
NDPRJ_1813,block_demand,9277.74
NDPRJ_1814,block_demand,8813.4048
NDPRJ_1815,block_demand,33376.448
NDPRJ_1816,block_demand,27084.6
NDPRJ_1817,block_demand,26529.696
NDPRJ_1818,block_demand,23209.08
NDPRJ_1819,block_demand,16808.6
NDPRJ_1820,block_demand,15278.944
NDPRJ_1821,block_demand,9354.83
NDPRJ_1822,block_demand,654.2226
NDPRJ_1823,block_demand,27391.5936
NDPRJ_1824,block_demand,6770.808
NDPRJ_1825,block_demand,27489.6
NDPRJ_1826,block_demand,12699
NDPRJ_1827,block_demand,1760.9778
NDPRJ_1828,block_demand,4945.14
NDPRJ_1829,block_demand,146.304432
NDPRJ_1830,block_demand,32282.565
NDPRJ_1831,block_demand,53249.15155
NDPRJ_1832,block_demand,23997.396
NDPRJ_1833,block_demand,4638.895398
NDPRJ_1834,block_demand,30400.812
NDPRJ_1835,block_demand,13810.944
NDPRJ_1836,block_demand,14635.95
NDPRJ_1837,block_demand,205905
NDPRJ_1838,block_demand,117659.9881
NDPRJ_1839,block_demand,7171.2
NDPRJ_1840,block_demand,42137.472
NDPRJ_1841,block_demand,873.0936
NDPRJ_1842,block_demand,24486.12963
NDPRJ_1843,block_demand,8067.6
NDPRJ_1844,block_demand,17928
NDPRJ_1845,block_demand,33600.2602
NDPRJ_1846,block_demand,5976
NDPRJ_1847,block_demand,1613.52
NDPRJ_1848,block_demand,20382.642
NDPRJ_1849,block_demand,23674.20846
NDPRJ_1850,block_demand,14562.018
NDPRJ_1851,block_demand,4491.385308
NDPRJ_1852,block_demand,28920.7485
NDPRJ_1853,block_demand,14993.48406
NDPRJ_1854,block_demand,33141.402
NDPRJ_1855,block_demand,29066.4
NDPRJ_1856,block_demand,215.379522
NDPRJ_1857,block_demand,56951.06
NDPRJ_1858,block_demand,10083.6036
NDPRJ_1859,block_demand,35945.448
NDPRJ_1860,block_demand,5435.172
NDPRJ_1861,block_demand,62845.545
NDPRJ_1862,block_demand,62873.37
NDPRJ_1863,block_demand,28677.55616
NDPRJ_1864,block_demand,75210.24042
NDPRJ_1865,block_demand,2040.19704
NDPRJ_1866,block_demand,443.2698
NDPRJ_1867,block_demand,2615.55
NDPRJ_1868,block_demand,12015.5697
NDPRJ_1869,block_demand,1403.94168
NDPRJ_1870,block_demand,45817.5438
NDPRJ_1871,block_demand,2610.9144
NDPRJ_1872,block_demand,8964
NDPRJ_1873,block_demand,19168.62286
NDPRJ_1874,block_demand,4372.3404
NDPRJ_1875,block_demand,52715.79
NDPRJ_1876,block_demand,47204.51328
NDPRJ_1877,block_demand,36764.592
NDPRJ_1878,block_demand,17952.3188
NDPRJ_1879,block_demand,31814.5485
NDPRJ_1880,block_demand,46368.6884
NDPRJ_1881,block_demand,377307
NDPRJ_1882,block_demand,32811.268
NDPRJ_1883,block_demand,31135.546
NDPRJ_1884,block_demand,11244.7332
NDPRJ_1885,block_demand,76073.2848
NDPRJ_1886,block_demand,22410
NDPRJ_1887,block_demand,2294.784
NDPRJ_1888,block_demand,24807.87
NDPRJ_1889,block_demand,13968.02
NDPRJ_1890,block_demand,11653.2
NDPRJ_1891,block_demand,4366.3644
NDPRJ_1892,block_demand,935.142408
NDPRJ_1893,block_demand,10694.38
NDPRJ_1894,block_demand,20830.186
NDPRJ_1895,block_demand,184424.1
NDPRJ_1896,block_demand,2091.6
NDPRJ_1897,block_demand,5918.1075
NDPRJ_1898,block_demand,3376.1412
NDPRJ_1899,block_demand,59065.26012
NDPRJ_1900,block_demand,6424.2
NDPRJ_1901,block_demand,3580.651648
NDPRJ_1902,block_demand,102247.4145
NDPRJ_1903,block_demand,424943.4
NDPRJ_1904,block_demand,11348.73806
NDPRJ_1905,block_demand,672.3
NDPRJ_1906,block_demand,66780
NDPRJ_1907,block_demand,7047.868
NDPRJ_1908,block_demand,9876.5572
NDPRJ_1909,block_demand,5326.135398
NDPRJ_1910,block_demand,5517.342
NDPRJ_1911,block_demand,19933.972
NDPRJ_1912,block_demand,8002.068
NDPRJ_1913,block_demand,19408.428
NDPRJ_1914,block_demand,17979.6236
NDPRJ_1915,block_demand,1489.3686
NDPRJ_1916,block_demand,2001.96
NDPRJ_1917,block_demand,10458
NDPRJ_1918,block_demand,361725
NDPRJ_1919,block_demand,3732.3108
NDPRJ_1920,block_demand,4168.26
NDPRJ_1921,block_demand,83367.72
NDPRJ_1922,block_demand,185982.3
NDPRJ_1923,block_demand,183.4632
NDPRJ_1924,block_demand,6018.26418
NDPRJ_1925,block_demand,28386
NDPRJ_1926,block_demand,29157.416
NDPRJ_1927,block_demand,17928
NDPRJ_1928,block_demand,50575.536
NDPRJ_1929,block_demand,17919.876
NDPRJ_1930,block_demand,29880
NDPRJ_1931,block_demand,45508
NDPRJ_1932,block_demand,1269.9
NDPRJ_1933,block_demand,1151.36604
NDPRJ_1934,block_demand,25039.44
NDPRJ_1935,block_demand,5601.006
NDPRJ_1936,block_demand,24501.6
NDPRJ_1937,block_demand,11274.24
NDPRJ_1938,block_demand,23122.0185
NDPRJ_1939,block_demand,11386.3716
NDPRJ_1940,block_demand,6514.984
NDPRJ_1941,block_demand,37612.362
NDPRJ_1942,block_demand,15313.5
NDPRJ_1943,block_demand,33484.5738
NDPRJ_1944,block_demand,14118.3
NDPRJ_1945,block_demand,65892.648
NDPRJ_1946,block_demand,27726.5564
NDPRJ_1947,block_demand,9630.08
NDPRJ_1948,block_demand,76.194
NDPRJ_1949,block_demand,16040.7792
NDPRJ_1950,block_demand,3722.462352
NDPRJ_1951,block_demand,50947.0185
NDPRJ_1952,block_demand,11737.51389
NDPRJ_1953,block_demand,376475.0325
NDPRJ_1954,block_demand,64105.83385
NDPRJ_1955,block_demand,37947.6
NDPRJ_1956,block_demand,27937.8
NDPRJ_1957,block_demand,43206.48
NDPRJ_1958,block_demand,15452.442
NDPRJ_1959,block_demand,111116.355
NDPRJ_1960,block_demand,41383.8
NDPRJ_1961,block_demand,56518
NDPRJ_1962,block_demand,37124.2566
NDPRJ_1963,block_demand,5867.0874
NDPRJ_1964,block_demand,7593.0832
NDPRJ_1965,block_demand,1703.16
NDPRJ_1966,block_demand,7320.6
NDPRJ_1967,block_demand,54183.88
NDPRJ_1968,block_demand,30232.5792
NDPRJ_1969,block_demand,3228.7192
NDPRJ_1970,block_demand,6960.8448
NDPRJ_1971,block_demand,445200
NDPRJ_1972,block_demand,1734.8328
NDPRJ_1973,block_demand,160.0821
NDPRJ_1974,block_demand,4919.5926
NDPRJ_1975,block_demand,60955.2
NDPRJ_1976,block_demand,22426.7828
NDPRJ_1977,block_demand,53246.16
NDPRJ_1978,block_demand,104580
NDPRJ_1979,block_demand,9337.5
NDPRJ_1980,block_demand,9352.44
NDPRJ_1981,block_demand,33792.626
NDPRJ_1982,block_demand,11525.89924
NDPRJ_1983,block_demand,190173.2022
NDPRJ_1984,block_demand,66691.24
NDPRJ_1985,block_demand,3223.7532
NDPRJ_1986,block_demand,24139.792
NDPRJ_1987,block_demand,37531.4752
NDPRJ_1988,block_demand,11130
NDPRJ_1989,block_demand,3133.0674
NDPRJ_1990,block_demand,6606
NDPRJ_1991,block_demand,17955.9888
NDPRJ_1992,block_demand,7470
NDPRJ_1993,block_demand,16434
NDPRJ_1994,block_demand,28099.152
NDPRJ_1995,block_demand,13631.114
NDPRJ_1996,block_demand,14650.164
NDPRJ_1997,block_demand,8665.2
NDPRJ_1998,block_demand,166387.935
NDPRJ_1999,block_demand,1568.7
NDPRJ_2000,block_demand,65736
NDPRJ_2001,block_demand,28369.566
NDPRJ_2002,block_demand,66184.2
NDPRJ_2003,block_demand,30484.488
NDPRJ_2004,block_demand,12998.6996
NDPRJ_2005,block_demand,5416.497
NDPRJ_2006,block_demand,5420.232
NDPRJ_2007,block_demand,27617.337
NDPRJ_2008,block_demand,6872.4
NDPRJ_2009,block_demand,24837.75
NDPRJ_2010,block_demand,9894.762
NDPRJ_2011,block_demand,556.202754
NDPRJ_2012,block_demand,83961.0072
NDPRJ_2013,block_demand,8961.012
NDPRJ_2014,block_demand,6105.412
NDPRJ_2015,block_demand,2241
NDPRJ_2016,block_demand,5243.94
NDPRJ_2017,block_demand,3805.218
NDPRJ_2018,block_demand,2928.24
NDPRJ_2019,block_demand,237656.2967
NDPRJ_2020,block_demand,14163.12
NDPRJ_2021,block_demand,203184
NDPRJ_2022,block_demand,747
NDPRJ_2023,block_demand,14185.284
NDPRJ_2024,block_demand,8074.2936
NDPRJ_2025,block_demand,19847.1924
NDPRJ_2026,block_demand,25710.3
NDPRJ_2027,block_demand,449.0964
NDPRJ_2028,block_demand,11305.802
NDPRJ_2029,block_demand,44848.335
NDPRJ_2030,block_demand,17376.50484
NDPRJ_2031,block_demand,20346.48
NDPRJ_2032,block_demand,7082.1576
NDPRJ_2033,block_demand,63707.007
NDPRJ_2034,block_demand,30607.5
NDPRJ_2035,block_demand,4706.1
NDPRJ_2036,block_demand,52238.0088
NDPRJ_2037,block_demand,10726.92
NDPRJ_2038,block_demand,4482
NDPRJ_2039,block_demand,9971.0964
NDPRJ_2040,block_demand,51487.38
NDPRJ_2041,block_demand,31944.7695
NDPRJ_2042,block_demand,19226.9329
NDPRJ_2043,block_demand,12549.6
NDPRJ_2044,block_demand,8366.4
NDPRJ_2045,block_demand,641954.4705
NDPRJ_2046,block_demand,74804.73
NDPRJ_2047,block_demand,6812.64
NDPRJ_2048,block_demand,6723
NDPRJ_2049,block_demand,7568.4208
NDPRJ_2050,block_demand,14206.332
NDPRJ_2051,block_demand,8812.0602
NDPRJ_2052,block_demand,32041.6005
NDPRJ_2053,block_demand,4722.0858
NDPRJ_2054,block_demand,64151.6
NDPRJ_2055,block_demand,333977.91
NDPRJ_2056,block_demand,4994.136
NDPRJ_2057,block_demand,3510.9
NDPRJ_2058,block_demand,20718.495
NDPRJ_2059,block_demand,2772.9052
NDPRJ_2060,block_demand,2462.2764
NDPRJ_2061,block_demand,14209.8822
NDPRJ_2062,block_demand,2524.96
NDPRJ_2063,block_demand,22858.2
NDPRJ_2064,block_demand,132786.465
NDPRJ_2065,block_demand,35590.815
NDPRJ_2066,block_demand,10806.2514
NDPRJ_2067,block_demand,21104.702
NDPRJ_2068,block_demand,3948.9408
NDPRJ_2069,block_demand,8394.039
NDPRJ_2070,block_demand,133003.5
NDPRJ_2071,block_demand,13088.688
NDPRJ_2072,block_demand,85386.021
NDPRJ_2073,block_demand,21777.9764
NDPRJ_2074,block_demand,12250.8
NDPRJ_2075,block_demand,11644.5399
NDPRJ_2076,block_demand,4276.8738
NDPRJ_2077,block_demand,8044.64
NDPRJ_2078,block_demand,3617.25
NDPRJ_2079,block_demand,22900.8
NDPRJ_2080,block_demand,98856.7848
NDPRJ_2081,block_demand,10771.4158
NDPRJ_2082,block_demand,17616
NDPRJ_2083,block_demand,37955.83045
NDPRJ_2084,block_demand,10308.6
NDPRJ_2085,block_demand,3884.4
NDPRJ_2086,block_demand,9284.53023
NDPRJ_2087,block_demand,11503.8
NDPRJ_2088,block_demand,13072.5
NDPRJ_2089,block_demand,9602.188
NDPRJ_2090,block_demand,58749.309
NDPRJ_2091,block_demand,97932.6288
NDPRJ_2092,block_demand,32960.7104
NDPRJ_2093,block_demand,45660.6738
NDPRJ_2094,block_demand,31817.432
NDPRJ_2095,block_demand,79802.1
NDPRJ_2096,block_demand,68449.5
NDPRJ_2097,block_demand,32833.5
NDPRJ_2098,block_demand,30833.872
NDPRJ_2099,block_demand,11205
NDPRJ_2100,block_demand,210654
NDPRJ_2101,block_demand,22020
NDPRJ_2102,block_demand,1120.5
NDPRJ_2103,block_demand,25398
NDPRJ_2104,block_demand,8127.36
NDPRJ_2105,block_demand,67633.38
NDPRJ_2106,block_demand,4272.84
NDPRJ_2107,block_demand,4568.2038
NDPRJ_2108,block_demand,22166.8
NDPRJ_2109,block_demand,1338.63894
NDPRJ_2110,block_demand,150.4458
NDPRJ_2111,block_demand,14779.824
NDPRJ_2112,block_demand,21327.104
NDPRJ_2113,block_demand,15957.414
NDPRJ_2114,block_demand,46328.94
NDPRJ_2115,block_demand,12185.6616
NDPRJ_2116,block_demand,64242
NDPRJ_2117,block_demand,16269.66
NDPRJ_2118,block_demand,3858.1056
NDPRJ_2119,block_demand,701.914068
NDPRJ_2120,block_demand,22229.01384
NDPRJ_2121,block_demand,7927.2
NDPRJ_2122,block_demand,190946.646
NDPRJ_2123,block_demand,44303.5242
NDPRJ_2124,block_demand,7679.16
NDPRJ_2125,block_demand,27892
NDPRJ_2126,block_demand,26751.34638
NDPRJ_2127,block_demand,69333.64
NDPRJ_2128,block_demand,8569.8828
NDPRJ_2129,block_demand,6635.36
NDPRJ_2130,block_demand,11744
NDPRJ_2131,block_demand,4878.898
NDPRJ_2132,block_demand,32891.2814
NDPRJ_2133,block_demand,10422.8
NDPRJ_2134,block_demand,9401.4432
NDPRJ_2135,block_demand,15441.892
NDPRJ_2136,block_demand,46976
NDPRJ_2137,block_demand,26949.49409
NDPRJ_2138,block_demand,28633.42368
NDPRJ_2139,block_demand,6424.2
NDPRJ_2140,block_demand,24224.6424
NDPRJ_2141,block_demand,9519.98
NDPRJ_2142,block_demand,9382.32
NDPRJ_2143,block_demand,1792.8
NDPRJ_2144,block_demand,8366.4
NDPRJ_2145,block_demand,9378.8838
NDPRJ_2146,block_demand,6534.802
NDPRJ_2147,block_demand,46903.06656
NDPRJ_2148,block_demand,57987.3
NDPRJ_2149,block_demand,6303.4848
NDPRJ_2150,block_demand,31741.524
NDPRJ_2151,block_demand,4321.8432
NDPRJ_2152,block_demand,16434
NDPRJ_2153,block_demand,13296.6
NDPRJ_2154,block_demand,4761.8984
NDPRJ_2155,block_demand,9542
NDPRJ_2156,block_demand,8160.516
NDPRJ_2157,block_demand,12295.0872
NDPRJ_2158,block_demand,980.3628
NDPRJ_2159,block_demand,42850.5
NDPRJ_2160,block_demand,5976
NDPRJ_2161,block_demand,2115.504
NDPRJ_2162,block_demand,14977.35
NDPRJ_2163,block_demand,50146.215
NDPRJ_2164,block_demand,18478.8378
NDPRJ_2165,block_demand,61523.8575
NDPRJ_2166,block_demand,4390.5672
NDPRJ_2167,block_demand,52588.8
NDPRJ_2168,block_demand,21070.204
NDPRJ_2169,block_demand,15303.75
NDPRJ_2170,block_demand,14193
NDPRJ_2171,block_demand,29772.75
NDPRJ_2172,block_demand,4033.8
NDPRJ_2173,block_demand,13791.114
NDPRJ_2174,block_demand,14212.422
NDPRJ_2175,block_demand,116564.49
NDPRJ_2176,block_demand,9126.846
NDPRJ_2177,block_demand,16054.6734
NDPRJ_2178,block_demand,15648.156
NDPRJ_2179,block_demand,11870.248
NDPRJ_2180,block_demand,7482.4002
NDPRJ_2181,block_demand,2149.97058
NDPRJ_2182,block_demand,6195.3192
NDPRJ_2183,block_demand,2689.2
NDPRJ_2184,block_demand,234196.6475
NDPRJ_2185,block_demand,12295.62
NDPRJ_2186,block_demand,22508.2568
NDPRJ_2187,block_demand,4925.718
NDPRJ_2188,block_demand,2390.8482
NDPRJ_2189,block_demand,11294.64
NDPRJ_2190,block_demand,3979.195794
NDPRJ_2191,block_demand,3034.6128
NDPRJ_2192,block_demand,3440.258
NDPRJ_2193,block_demand,9921.654
NDPRJ_2194,block_demand,26576.7705
NDPRJ_2195,block_demand,27366.444
NDPRJ_2196,block_demand,2124.390312
NDPRJ_2197,block_demand,28806.8576
NDPRJ_2198,block_demand,9325.47
NDPRJ_2199,block_demand,45660.825
NDPRJ_2200,block_demand,38568.84465
NDPRJ_2201,block_demand,43429.26
NDPRJ_2202,block_demand,15085.13314
NDPRJ_2203,block_demand,11024.82985
NDPRJ_2204,block_demand,16338.84
NDPRJ_2205,block_demand,227886.75
NDPRJ_2206,block_demand,126325.5
NDPRJ_2207,block_demand,8099.3964
NDPRJ_2208,block_demand,1792.8
NDPRJ_2209,block_demand,23904
NDPRJ_2210,block_demand,38397.81551
NDPRJ_2211,block_demand,24515.6
NDPRJ_2212,block_demand,19609.7958
NDPRJ_2213,block_demand,122430
NDPRJ_2214,block_demand,25851.7623
NDPRJ_2215,block_demand,27397.284
NDPRJ_2216,block_demand,41902.7805
NDPRJ_2217,block_demand,35021.658
NDPRJ_2218,block_demand,4850.24112
NDPRJ_2219,block_demand,63821.17297
NDPRJ_2220,block_demand,4706.1
NDPRJ_2221,block_demand,2277.603
NDPRJ_2222,block_demand,121095.32
NDPRJ_2223,block_demand,2527.101
NDPRJ_2224,block_demand,25293.64
NDPRJ_2225,block_demand,7970.2124
NDPRJ_2226,block_demand,6274.8
NDPRJ_2227,block_demand,13466.57909
NDPRJ_2228,block_demand,16823.5736
NDPRJ_2229,block_demand,73767
NDPRJ_2230,block_demand,23859.2572
NDPRJ_2231,block_demand,2810.93112
NDPRJ_2232,block_demand,5245.3593
NDPRJ_2233,block_demand,146747.0052
NDPRJ_2234,block_demand,21286
NDPRJ_2235,block_demand,69620.4
NDPRJ_2236,block_demand,13446
NDPRJ_2237,block_demand,7144.308
NDPRJ_2238,block_demand,276.39
NDPRJ_2239,block_demand,14939.8506
NDPRJ_2240,block_demand,13132.728
NDPRJ_2241,block_demand,21130.8324
NDPRJ_2242,block_demand,3521.334172
NDPRJ_2243,block_demand,16816.2336
NDPRJ_2244,block_demand,46656.2696
NDPRJ_2245,block_demand,78337.9485
NDPRJ_2246,block_demand,17419.288
NDPRJ_2247,block_demand,30449.256
NDPRJ_2248,block_demand,71644.42772
NDPRJ_2249,block_demand,192411.2004
NDPRJ_2250,block_demand,12549.6
NDPRJ_2251,block_demand,22020
NDPRJ_2252,block_demand,118151.8381
NDPRJ_2253,block_demand,5181.744015
NDPRJ_2254,block_demand,14895.56281
NDPRJ_2255,block_demand,33955.60434
NDPRJ_2256,block_demand,49499.39505
NDPRJ_2257,block_demand,3454.156545
NDPRJ_2258,block_demand,2872.06311
NDPRJ_2259,block_demand,10608.84888
NDPRJ_2260,block_demand,18065.103
NDPRJ_2261,block_demand,56763
NDPRJ_2262,block_demand,4960.312665
NDPRJ_2263,block_demand,12740.7812
NDPRJ_2264,block_demand,5409.92571
NDPRJ_2265,block_demand,92813.67102
NDPRJ_2266,block_demand,37161.01095
NDPRJ_2267,block_demand,449.487828
NDPRJ_2268,block_demand,35170.344
NDPRJ_2269,block_demand,69007.26326
NDPRJ_2270,block_demand,6919.27614
NDPRJ_2271,block_demand,5202.00618
NDPRJ_2272,block_demand,57200.85976
NDPRJ_2273,block_demand,3364.58787
NDPRJ_2274,block_demand,11817.4
NDPRJ_2275,block_demand,6170.045104
NDPRJ_2276,block_demand,4481.44998
NDPRJ_2277,block_demand,70464
NDPRJ_2278,block_demand,24263.4
NDPRJ_2279,block_demand,36172.5
NDPRJ_2280,block_demand,8045.704485
NDPRJ_2281,block_demand,87179.78745
NDPRJ_2282,block_demand,86853.44472
NDPRJ_2283,block_demand,10240.63509
NDPRJ_2284,block_demand,204792
NDPRJ_2285,block_demand,222600
NDPRJ_2286,block_demand,124798.9315
NDPRJ_2287,block_demand,1100.86137
NDPRJ_2288,block_demand,1725.45051
NDPRJ_2289,block_demand,98744.60316
NDPRJ_2290,block_demand,4320.53244
NDPRJ_2291,block_demand,12799.5
NDPRJ_2292,block_demand,11435.64649
NDPRJ_2293,block_demand,34020.48111
NDPRJ_2294,block_demand,528.837156
NDPRJ_2295,block_demand,3089.75634
NDPRJ_2296,block_demand,190137.6076
NDPRJ_2297,block_demand,16790.34515
NDPRJ_2298,block_demand,52245.57229
NDPRJ_2299,block_demand,57657.33446
NDPRJ_2300,block_demand,2179.8105
NDPRJ_2301,block_demand,283937.4745
NDPRJ_2302,block_demand,14102.2665
NDPRJ_2303,block_demand,2883.818472
NDPRJ_2304,block_demand,2934.5687
NDPRJ_2305,block_demand,395115
NDPRJ_2306,block_demand,91120.7535
NDPRJ_2307,block_demand,17220.43617
NDPRJ_2308,block_demand,25068.93932
NDPRJ_2309,block_demand,113897.1855
NDPRJ_2310,block_demand,17718.38124
NDPRJ_2311,block_demand,120376
NDPRJ_2312,block_demand,63530.04
NDPRJ_2313,block_demand,2945.679462
NDPRJ_2314,block_demand,21703.5
NDPRJ_2315,block_demand,72345
NDPRJ_2316,block_demand,35885.81902
NDPRJ_2317,block_demand,30677.22172
NDPRJ_2318,block_demand,7856.866652
NDPRJ_2319,block_demand,278250
NDPRJ_2320,block_demand,65006.94648
NDPRJ_2321,block_demand,65592.429
NDPRJ_2322,block_demand,91042.8435
NDPRJ_2323,block_demand,12348.84073
NDPRJ_2324,block_demand,11141.04652
NDPRJ_2325,block_demand,9477.4878
NDPRJ_2326,block_demand,68563.24303
NDPRJ_2327,block_demand,42850.5
NDPRJ_2328,block_demand,35734.8684
NDPRJ_2329,block_demand,8423.294452
NDPRJ_2330,block_demand,13420.68865
NDPRJ_2331,block_demand,16276.43679
NDPRJ_2332,block_demand,12488.02695
NDPRJ_2333,block_demand,1530.160776
NDPRJ_2334,block_demand,22260
NDPRJ_2335,block_demand,27685.46319
NDPRJ_2336,block_demand,19624.00975
NDPRJ_2337,block_demand,4674.6
NDPRJ_2338,block_demand,35794.08
NDPRJ_2339,block_demand,15655.71956
NDPRJ_2340,block_demand,3814.57377
NDPRJ_2341,block_demand,6121.5
NDPRJ_2342,block_demand,6899.487
NDPRJ_2343,block_demand,5565
NDPRJ_2344,block_demand,606.338316
NDPRJ_2345,block_demand,7712.621118
NDPRJ_2346,block_demand,16382.79237
NDPRJ_2347,block_demand,58506.08043
NDPRJ_2348,block_demand,65695.35924
NDPRJ_2349,block_demand,9815.53587
NDPRJ_2350,block_demand,14812.90587
NDPRJ_2351,block_demand,7229.385765
NDPRJ_2352,block_demand,17400.642
NDPRJ_2353,block_demand,7936.0239
NDPRJ_2354,block_demand,12692.76886
NDPRJ_2355,block_demand,5543.313195
NDPRJ_2356,block_demand,14551.89624
NDPRJ_2357,block_demand,11299.77145
NDPRJ_2358,block_demand,7352.29992
NDPRJ_2359,block_demand,12571.71342
NDPRJ_2360,block_demand,10970.22328
NDPRJ_2361,block_demand,53332.44
NDPRJ_2362,block_demand,12709.15472
NDPRJ_2363,block_demand,109464.0342
NDPRJ_2364,block_demand,7640.910612
NDPRJ_2365,block_demand,72368.75699
NDPRJ_2366,block_demand,93107.21921
NDPRJ_2367,block_demand,7429.681422
NDPRJ_2368,block_demand,16994.0464
NDPRJ_2369,block_demand,1602.72
NDPRJ_2370,block_demand,13938.18804
NDPRJ_2371,block_demand,30711.93279
NDPRJ_2372,block_demand,9969.10761
NDPRJ_2373,block_demand,22979.5545
NDPRJ_2374,block_demand,11130
NDPRJ_2375,block_demand,17214.1032
NDPRJ_2376,block_demand,33390
NDPRJ_2377,block_demand,276.845716
NDPRJ_2378,block_demand,88080
NDPRJ_2379,block_demand,23223.26811
NDPRJ_2380,block_demand,11171.88219
NDPRJ_2381,block_demand,18528.5729
NDPRJ_2382,block_demand,915.94392
NDPRJ_2383,block_demand,13629.98721
NDPRJ_2384,block_demand,7880.04
NDPRJ_2385,block_demand,165.99282
NDPRJ_2386,block_demand,37370.38422
NDPRJ_2387,block_demand,37581.2404
NDPRJ_2388,block_demand,14058.54
NDPRJ_2389,block_demand,5114.84715
NDPRJ_2390,block_demand,37610.16
NDPRJ_2391,block_demand,11601.41672
NDPRJ_2392,block_demand,12392.142
NDPRJ_2393,block_demand,8178.324
NDPRJ_2394,block_demand,100170
NDPRJ_2395,block_demand,28862.18244
NDPRJ_2396,block_demand,12820.14099
NDPRJ_2397,block_demand,311640
NDPRJ_2398,block_demand,111300
NDPRJ_2399,block_demand,625.666284
NDPRJ_2400,block_demand,817.80066
NDPRJ_2401,block_demand,30298.76985
NDPRJ_2402,block_demand,14498.8218
NDPRJ_2403,block_demand,2294.05194
NDPRJ_2404,block_demand,159.717564
NDPRJ_2405,block_demand,604.378536
NDPRJ_2406,block_demand,129.597976
NDPRJ_2407,block_demand,24893.11314
NDPRJ_2408,block_demand,3672.9
NDPRJ_2409,block_demand,5549.9112
NDPRJ_2410,block_demand,105676.7454
NDPRJ_2411,block_demand,23871.5802
NDPRJ_2412,block_demand,88005.39415
NDPRJ_2413,block_demand,29173.82244
NDPRJ_2414,block_demand,10654.25928
NDPRJ_2415,block_demand,41795.17566
NDPRJ_2416,block_demand,1201.6242
NDPRJ_2417,block_demand,2226
NDPRJ_2418,block_demand,262.583946
NDPRJ_2419,block_demand,1488.944304
NDPRJ_2420,block_demand,2671.2
NDPRJ_2421,block_demand,20834.1357
NDPRJ_2422,block_demand,1972.08
NDPRJ_2423,block_demand,17251.5
NDPRJ_2424,block_demand,9460.5
NDPRJ_2425,block_demand,4452
NDPRJ_2426,block_demand,1747.5318
NDPRJ_2427,block_demand,14068.50313
NDPRJ_2428,block_demand,23696.49901
NDPRJ_2429,block_demand,8262.912
NDPRJ_2430,block_demand,173125.1466
NDPRJ_2431,block_demand,38588.27763
NDPRJ_2432,block_demand,15929.85702
NDPRJ_2433,block_demand,1030.86
NDPRJ_2434,block_demand,11421.04
NDPRJ_2435,block_demand,156.781854
NDPRJ_2436,block_demand,1391.25
NDPRJ_2437,block_demand,8353.282035
NDPRJ_2438,block_demand,272685
NDPRJ_2439,block_demand,74292.75
NDPRJ_2440,block_demand,89040
NDPRJ_2441,block_demand,706755
NDPRJ_2442,block_demand,24.03116
NDPRJ_2443,block_demand,2199.988206
NDPRJ_2444,block_demand,2245.015872
NDPRJ_2445,block_demand,2865.936045
NDPRJ_2446,block_demand,49066.43249
NDPRJ_2447,block_demand,127995
NDPRJ_2448,block_demand,34989.62586
NDPRJ_2449,block_demand,23649.68624
NDPRJ_2450,block_demand,11306.06547
NDPRJ_2451,block_demand,26028.1561
NDPRJ_2452,block_demand,26728.61
NDPRJ_2453,block_demand,51848.12556
NDPRJ_2454,block_demand,3705.394035
NDPRJ_2455,block_demand,14027.21135
NDPRJ_2456,block_demand,2760.67407
NDPRJ_2457,block_demand,26004.07078
NDPRJ_2458,block_demand,2155.49145
NDPRJ_2459,block_demand,3962.396865
NDPRJ_2460,block_demand,89.64
NDPRJ_2461,block_demand,15601.94496
NDPRJ_2462,block_demand,16580.12727
NDPRJ_2463,block_demand,79.5289
NDPRJ_2464,block_demand,10828.95576
NDPRJ_2465,block_demand,403.060284
NDPRJ_2466,block_demand,56415.974
NDPRJ_2467,block_demand,10299.17889
NDPRJ_2468,block_demand,12928.41323
NDPRJ_2469,block_demand,56784.39742
NDPRJ_2470,block_demand,4167.04974
NDPRJ_2471,block_demand,3635.49207
NDPRJ_2472,block_demand,48566.94035
NDPRJ_2473,block_demand,49654.8255
NDPRJ_2474,block_demand,67302.5535
NDPRJ_2475,block_demand,11095.36344
NDPRJ_2476,block_demand,71955.28305
NDPRJ_2477,block_demand,11158.22011
NDPRJ_2478,block_demand,16968.99834
NDPRJ_2479,block_demand,83475
NDPRJ_2480,block_demand,41737.5
NDPRJ_2481,block_demand,100170
NDPRJ_2482,block_demand,105735
NDPRJ_2483,block_demand,9648.3744
NDPRJ_2484,block_demand,44520
NDPRJ_2485,block_demand,35545.3245
NDPRJ_2486,block_demand,9569.09541
NDPRJ_2487,block_demand,10719.47693
NDPRJ_2488,block_demand,4393.95705
NDPRJ_2489,block_demand,11686.5
NDPRJ_2490,block_demand,11130
NDPRJ_2491,block_demand,690060
NDPRJ_2492,block_demand,12526.815
NDPRJ_2493,block_demand,1842.5715
NDPRJ_2494,block_demand,6678
NDPRJ_2495,block_demand,94489.65425
NDPRJ_2496,block_demand,1879.1892
NDPRJ_2497,block_demand,6385.415384
NDPRJ_2498,block_demand,11212.16723
NDPRJ_2499,block_demand,890.4
NDPRJ_2500,block_demand,1842.988856
NDPRJ_2501,block_demand,34370.90916
NDPRJ_2502,block_demand,44578.47702
NDPRJ_2503,block_demand,36700
NDPRJ_2504,block_demand,55650
NDPRJ_2505,block_demand,6700.96119
NDPRJ_2506,block_demand,29389.53297
NDPRJ_2507,block_demand,29875.274
NDPRJ_2508,block_demand,31530.03577
NDPRJ_2509,block_demand,3255.3024
NDPRJ_2510,block_demand,147433.2111
NDPRJ_2511,block_demand,33390
NDPRJ_2512,block_demand,28843.395
NDPRJ_2513,block_demand,22248.68635
NDPRJ_2514,block_demand,33192.43137
NDPRJ_2515,block_demand,924.638884
NDPRJ_2516,block_demand,577.772504
NDPRJ_2517,block_demand,18303.71907
NDPRJ_2518,block_demand,1124.498276
NDPRJ_2519,block_demand,21708.99266
NDPRJ_2520,block_demand,3172.8078
NDPRJ_2521,block_demand,4765.47645
NDPRJ_2522,block_demand,20710.09742
NDPRJ_2523,block_demand,41981.95932
NDPRJ_2524,block_demand,2509.375365
NDPRJ_2525,block_demand,10756.8
NDPRJ_2526,block_demand,5709.77904
NDPRJ_2527,block_demand,127995
NDPRJ_2528,block_demand,17506.31578
NDPRJ_2529,block_demand,100170
NDPRJ_2530,block_demand,102597.3918
NDPRJ_2531,block_demand,8133.19185
NDPRJ_2532,block_demand,19704.65217
NDPRJ_2533,block_demand,8851.97838
NDPRJ_2534,block_demand,20999.61098
NDPRJ_2535,block_demand,61544.41461
NDPRJ_2536,block_demand,30189.012
NDPRJ_2537,block_demand,77631.75
NDPRJ_2538,block_demand,24314.0415
NDPRJ_2539,block_demand,7234.5
NDPRJ_2540,block_demand,32277
NDPRJ_2541,block_demand,12243
NDPRJ_2542,block_demand,26864.4
NDPRJ_2543,block_demand,226.052916
NDPRJ_2544,block_demand,270.313116
NDPRJ_2545,block_demand,73.2532
NDPRJ_2546,block_demand,1049.9832
NDPRJ_2547,block_demand,1360.390086
NDPRJ_2548,block_demand,75127.5
NDPRJ_2549,block_demand,19477.5
NDPRJ_2550,block_demand,15582
NDPRJ_2551,block_demand,33732.85867
NDPRJ_2552,block_demand,21433.36933
NDPRJ_2553,block_demand,3489.5828
NDPRJ_2554,block_demand,378.84105
NDPRJ_2555,block_demand,349.384
NDPRJ_2556,block_demand,235.517148
NDPRJ_2557,block_demand,5987.0496
NDPRJ_2558,block_demand,12082.5054
NDPRJ_2559,block_demand,23005.71557
NDPRJ_2560,block_demand,261.522732
NDPRJ_2561,block_demand,5588.3824
NDPRJ_2562,block_demand,44292.62523
NDPRJ_2563,block_demand,43184.62817
NDPRJ_2564,block_demand,6195.976395
NDPRJ_2565,block_demand,11348.9438
NDPRJ_2566,block_demand,785.452572
NDPRJ_2567,block_demand,22260
NDPRJ_2568,block_demand,40875.16669
NDPRJ_2569,block_demand,17928
NDPRJ_2570,block_demand,54710.4516
NDPRJ_2571,block_demand,3227.7
NDPRJ_2572,block_demand,12030.45039
NDPRJ_2573,block_demand,347698.4565
NDPRJ_2574,block_demand,111300
NDPRJ_2575,block_demand,7234.5
NDPRJ_2576,block_demand,14890.23711
NDPRJ_2577,block_demand,22690.66978
NDPRJ_2578,block_demand,27158
NDPRJ_2579,block_demand,80988.54687
NDPRJ_2580,block_demand,29978.43797
NDPRJ_2581,block_demand,18228.714
NDPRJ_2582,block_demand,29230.64424
NDPRJ_2583,block_demand,2933.908236
NDPRJ_2584,block_demand,11448.63546
NDPRJ_2585,block_demand,3874.781505
NDPRJ_2586,block_demand,570363.8341
NDPRJ_2587,block_demand,26485.8028
NDPRJ_2588,block_demand,30223.95464
NDPRJ_2589,block_demand,2224.3305
NDPRJ_2590,block_demand,91822.5
NDPRJ_2591,block_demand,383872.5647
NDPRJ_2592,block_demand,67136.58851
NDPRJ_2593,block_demand,13115.82016
NDPRJ_2594,block_demand,9642.4755
NDPRJ_2595,block_demand,6898.735725
NDPRJ_2596,block_demand,19084
NDPRJ_2597,block_demand,55650
NDPRJ_2598,block_demand,143191.7796
NDPRJ_2599,block_demand,47859
NDPRJ_2600,block_demand,30855.37526
NDPRJ_2601,block_demand,524.657328
NDPRJ_2602,block_demand,155.342292
NDPRJ_2603,block_demand,103602.8203
NDPRJ_2604,block_demand,73517.44
NDPRJ_2605,block_demand,12932.3628
NDPRJ_2606,block_demand,12220.68435
NDPRJ_2607,block_demand,12897.96155
NDPRJ_2608,block_demand,711.967194
NDPRJ_2609,block_demand,13185.62298
NDPRJ_2610,block_demand,33214.16826
NDPRJ_2611,block_demand,12250.8
NDPRJ_2612,block_demand,7501.08576
NDPRJ_2613,block_demand,6364.562505
NDPRJ_2614,block_demand,122481.0311
NDPRJ_2615,block_demand,760.9689
NDPRJ_2616,block_demand,36761.14901
NDPRJ_2617,block_demand,161385
NDPRJ_2618,block_demand,7593.748575
NDPRJ_2619,block_demand,21277.76599
NDPRJ_2620,block_demand,65901.25867
NDPRJ_2621,block_demand,56907.1323
NDPRJ_2622,block_demand,5116.440546
NDPRJ_2623,block_demand,833.247126
NDPRJ_2624,block_demand,396.706302
NDPRJ_2625,block_demand,18020.12667
NDPRJ_2626,block_demand,18406.08
NDPRJ_2627,block_demand,7156.58121
NDPRJ_2628,block_demand,10444.31409
NDPRJ_2629,block_demand,63091.00602
NDPRJ_2630,block_demand,149420.25
NDPRJ_2631,block_demand,144690
NDPRJ_2632,block_demand,41918.45374
NDPRJ_2633,block_demand,389550
NDPRJ_2634,block_demand,7908.24342
NDPRJ_2635,block_demand,9575.133435
NDPRJ_2636,block_demand,14159.3782
NDPRJ_2637,block_demand,9529.0608
NDPRJ_2638,block_demand,973.091502
NDPRJ_2639,block_demand,18518.23574
NDPRJ_2640,block_demand,27332.3984
NDPRJ_2641,block_demand,55024.09127
NDPRJ_2642,block_demand,3512.394
NDPRJ_2643,block_demand,83396.14048
NDPRJ_2644,block_demand,63887.39761
NDPRJ_2645,block_demand,16855.272
NDPRJ_2646,block_demand,1814.8884
NDPRJ_2647,block_demand,194.693598
NDPRJ_2648,block_demand,12181.7772
NDPRJ_2649,block_demand,139125
NDPRJ_2650,block_demand,643.7646
NDPRJ_2651,block_demand,488.101752
NDPRJ_2652,block_demand,11143.77894
NDPRJ_2653,block_demand,12859.2514
NDPRJ_2654,block_demand,8329.64748
NDPRJ_2655,block_demand,6301.974366
NDPRJ_2656,block_demand,2940.082938
NDPRJ_2657,block_demand,36659.27328
NDPRJ_2658,block_demand,9770.49276
NDPRJ_2659,block_demand,24053.95009
NDPRJ_2660,block_demand,21425.25
NDPRJ_2661,block_demand,56807.78712
NDPRJ_2662,block_demand,36700.79724
NDPRJ_2663,block_demand,7271.229
NDPRJ_2664,block_demand,13679.35989
NDPRJ_2665,block_demand,3932.72985
NDPRJ_2666,block_demand,8721.510354
NDPRJ_2667,block_demand,124633.2
NDPRJ_2668,block_demand,330.780564
NDPRJ_2669,block_demand,49845.63822
NDPRJ_2670,block_demand,14752.4811
NDPRJ_2671,block_demand,805.7142
NDPRJ_2672,block_demand,289380
NDPRJ_2673,block_demand,16165.06506
NDPRJ_2674,block_demand,23904
NDPRJ_2675,block_demand,10017
NDPRJ_2676,block_demand,29074.98248
NDPRJ_2677,block_demand,1217.1618
NDPRJ_2678,block_demand,14207.28361
NDPRJ_2679,block_demand,48746.05544
NDPRJ_2680,block_demand,94605
NDPRJ_2681,block_demand,16861.34376
NDPRJ_2682,block_demand,36037.10698
NDPRJ_2683,block_demand,14904.97323
NDPRJ_2684,block_demand,1738.38105
NDPRJ_2685,block_demand,3147.5592
NDPRJ_2686,block_demand,38955
NDPRJ_2687,block_demand,29320.09847
NDPRJ_2688,block_demand,75684
NDPRJ_2689,block_demand,115350.6912
NDPRJ_2690,block_demand,111464.3592
NDPRJ_2691,block_demand,1897.665
NDPRJ_2692,block_demand,17028.61947
NDPRJ_2693,block_demand,22872.15
NDPRJ_2694,block_demand,328335
NDPRJ_2695,block_demand,239295
NDPRJ_2696,block_demand,846.02232
NDPRJ_2697,block_demand,1335.743568
NDPRJ_2698,block_demand,22626.34951
NDPRJ_2699,block_demand,4246.48455
NDPRJ_2700,block_demand,31796.85358
NDPRJ_2701,block_demand,5838.798
NDPRJ_2702,block_demand,414.036
NDPRJ_2703,block_demand,2936.457
NDPRJ_2704,block_demand,28684.47879
NDPRJ_2705,block_demand,376.617978
NDPRJ_2706,block_demand,38246.4
NDPRJ_2707,block_demand,18102.798
NDPRJ_2708,block_demand,9879.405174
NDPRJ_2709,block_demand,15040.31314
NDPRJ_2710,block_demand,20622.79136
NDPRJ_2711,block_demand,35499.8733
NDPRJ_2712,block_demand,20590.5
NDPRJ_2713,block_demand,36700
NDPRJ_2714,block_demand,25.71936
NDPRJ_2715,block_demand,42.2784
NDPRJ_2716,block_demand,38398.5
NDPRJ_2717,block_demand,18787.58438
NDPRJ_2718,block_demand,13107.94963
NDPRJ_2719,block_demand,7242.28258
NDPRJ_2720,block_demand,983.83635
NDPRJ_2721,block_demand,1139.749328
NDPRJ_2722,block_demand,26151.94953
NDPRJ_2723,block_demand,918.657612
NDPRJ_2724,block_demand,53094.7708
NDPRJ_2725,block_demand,24537.9771
NDPRJ_2726,block_demand,2485.36611
NDPRJ_2727,block_demand,22020
NDPRJ_2728,block_demand,18407.4451
NDPRJ_2729,block_demand,1947.75
NDPRJ_2730,block_demand,2920.47867
NDPRJ_2731,block_demand,33844.5932
NDPRJ_2732,block_demand,43397.70645
NDPRJ_2733,block_demand,39319.5075
NDPRJ_2734,block_demand,389.9952
NDPRJ_2735,block_demand,46222.72305
NDPRJ_2736,block_demand,3038.023602
NDPRJ_2737,block_demand,63322.1316
NDPRJ_2738,block_demand,8846.725482
NDPRJ_2739,block_demand,6690.448905
NDPRJ_2740,block_demand,1589.926065
NDPRJ_2741,block_demand,3485.04633
NDPRJ_2742,block_demand,7319.338425
NDPRJ_2743,block_demand,12667.78758
NDPRJ_2744,block_demand,6189.320655
NDPRJ_2745,block_demand,40271.87594
NDPRJ_2746,block_demand,6573.6
NDPRJ_2747,block_demand,560.910348
NDPRJ_2748,block_demand,10113.14651
NDPRJ_2749,block_demand,49534.58254
NDPRJ_2750,block_demand,19964.8
NDPRJ_2751,block_demand,24577.62368
NDPRJ_2752,block_demand,651.588678
NDPRJ_2753,block_demand,15974.3325
NDPRJ_2754,block_demand,9982.4
NDPRJ_2755,block_demand,34314.903
NDPRJ_2756,block_demand,38565.45
NDPRJ_2757,block_demand,11259.16365
NDPRJ_2758,block_demand,53858.7
NDPRJ_2759,block_demand,3660.3
NDPRJ_2760,block_demand,20406.28737
NDPRJ_2761,block_demand,13758.83613
NDPRJ_2762,block_demand,11865.53161
NDPRJ_2763,block_demand,97328.4
NDPRJ_2764,block_demand,2818.73727
NDPRJ_2765,block_demand,64926.2985
NDPRJ_2766,block_demand,31164
NDPRJ_2767,block_demand,6714.9324
NDPRJ_2768,block_demand,13542.984
NDPRJ_2769,block_demand,11275.80514
NDPRJ_2770,block_demand,11377.83171
NDPRJ_2771,block_demand,15974.889
NDPRJ_2772,block_demand,20034
NDPRJ_2773,block_demand,560.910348
NDPRJ_2774,block_demand,26892
NDPRJ_2775,block_demand,224.1
NDPRJ_2776,block_demand,4836.739842
NDPRJ_2777,block_demand,2618.975124
NDPRJ_2778,block_demand,1418.27661
NDPRJ_2779,block_demand,8179.236162
NDPRJ_2780,block_demand,33455.29415
NDPRJ_2781,block_demand,49068.07972
NDPRJ_2782,block_demand,58156.80433
NDPRJ_2783,block_demand,3070.818184
NDPRJ_2784,block_demand,110322.786
NDPRJ_2785,block_demand,62489.66325
NDPRJ_2786,block_demand,6158.85228
NDPRJ_2787,block_demand,41332.0341
NDPRJ_2788,block_demand,46189.5
NDPRJ_2789,block_demand,4535.475
NDPRJ_2790,block_demand,8097.075
NDPRJ_2791,block_demand,7696.70664
NDPRJ_2792,block_demand,6329.422134
NDPRJ_2793,block_demand,55782.38022
NDPRJ_2794,block_demand,26490.86153
NDPRJ_2795,block_demand,622.24353
NDPRJ_2796,block_demand,138757.8881
NDPRJ_2797,block_demand,8013.65565
NDPRJ_2798,block_demand,572.6385
NDPRJ_2799,block_demand,10362.08565
NDPRJ_2800,block_demand,4897.2
NDPRJ_2801,block_demand,3954.33318
NDPRJ_2802,block_demand,86915.46496
NDPRJ_2803,block_demand,61215
NDPRJ_2804,block_demand,1840.4586
NDPRJ_2805,block_demand,44611.44408
NDPRJ_2806,block_demand,8217
NDPRJ_2807,block_demand,35226.81796
NDPRJ_2808,block_demand,22020
NDPRJ_2809,block_demand,18993.59028
NDPRJ_2810,block_demand,38683.6306
NDPRJ_2811,block_demand,31322.6025
NDPRJ_2812,block_demand,8735.996178
NDPRJ_2813,block_demand,5976
NDPRJ_2814,block_demand,16374.456
NDPRJ_2815,block_demand,5941.58355
NDPRJ_2816,block_demand,3973.41
NDPRJ_2817,block_demand,702.030315
NDPRJ_2818,block_demand,16400.66159
NDPRJ_2819,block_demand,3090.55104
NDPRJ_2820,block_demand,121873.5
NDPRJ_2821,block_demand,59387.29262
NDPRJ_2822,block_demand,12574.92629
NDPRJ_2823,block_demand,203.419292
NDPRJ_2824,block_demand,61656
NDPRJ_2825,block_demand,158187.1729
NDPRJ_2826,block_demand,6888.357
NDPRJ_2827,block_demand,4846.6698
NDPRJ_2828,block_demand,71483.6493
NDPRJ_2829,block_demand,5145.0651
NDPRJ_2830,block_demand,2816.69136
NDPRJ_2831,block_demand,14092.8
NDPRJ_2832,block_demand,25398
NDPRJ_2833,block_demand,28524.8548
NDPRJ_2834,block_demand,249560
NDPRJ_2835,block_demand,37580.8
NDPRJ_2836,block_demand,17283.11191
NDPRJ_2837,block_demand,9920.719935
NDPRJ_2838,block_demand,9350.022708
NDPRJ_2839,block_demand,22591.72408
NDPRJ_2840,block_demand,6987.29157
NDPRJ_2841,block_demand,3231.43236
NDPRJ_2842,block_demand,5241.4002
NDPRJ_2843,block_demand,1180.26
NDPRJ_2844,block_demand,20665.92244
NDPRJ_2845,block_demand,5413.9659
NDPRJ_2846,block_demand,13923.48382
NDPRJ_2847,block_demand,19690.92
NDPRJ_2848,block_demand,11610.816
NDPRJ_2849,block_demand,10037.12264
NDPRJ_2850,block_demand,21016.47814
NDPRJ_2851,block_demand,41417.95213
NDPRJ_2852,block_demand,36147.51315
NDPRJ_2853,block_demand,18722.13473
NDPRJ_2854,block_demand,25899.51
NDPRJ_2855,block_demand,11820.33825
NDPRJ_2856,block_demand,4318.215768
NDPRJ_2857,block_demand,4482
NDPRJ_2858,block_demand,1147.170068
NDPRJ_2859,block_demand,40013.55101
NDPRJ_2860,block_demand,11162.58307
NDPRJ_2861,block_demand,19176.77036
NDPRJ_2862,block_demand,46551.09701
NDPRJ_2863,block_demand,1039.20399
NDPRJ_2864,block_demand,49553.07694
NDPRJ_2865,block_demand,8914.40667
NDPRJ_2866,block_demand,6790.7469
NDPRJ_2867,block_demand,4089.46251
NDPRJ_2868,block_demand,99.173676
NDPRJ_2869,block_demand,21377.75
NDPRJ_2870,block_demand,2642.82572
NDPRJ_2871,block_demand,214809
NDPRJ_2872,block_demand,723.778758
NDPRJ_2873,block_demand,2975.193432
NDPRJ_2874,block_demand,24956
NDPRJ_2875,block_demand,4440.87
NDPRJ_2876,block_demand,11089.20855
NDPRJ_2877,block_demand,6052.322484
NDPRJ_2878,block_demand,5044.255125
NDPRJ_2879,block_demand,2128.6
NDPRJ_2880,block_demand,2493.84456
NDPRJ_2881,block_demand,54254.59294
NDPRJ_2882,block_demand,11130
NDPRJ_2883,block_demand,6024.841515
NDPRJ_2884,block_demand,58188.53996
NDPRJ_2885,block_demand,118551.8045
NDPRJ_2886,block_demand,2003.4
NDPRJ_2887,block_demand,83475
NDPRJ_2888,block_demand,7274.71926
NDPRJ_2889,block_demand,25042.5
NDPRJ_2890,block_demand,18777.80456
NDPRJ_2891,block_demand,119.52
NDPRJ_2892,block_demand,3891.48156
NDPRJ_2893,block_demand,6336.287064
NDPRJ_2894,block_demand,57042.76368
NDPRJ_2895,block_demand,842.616
NDPRJ_2896,block_demand,2474.65533
NDPRJ_2897,block_demand,660.446604
NDPRJ_2898,block_demand,993.386792
NDPRJ_2899,block_demand,1280.035296
NDPRJ_2900,block_demand,10716.4
NDPRJ_2901,block_demand,15332.9664
NDPRJ_2902,block_demand,53895.64488
NDPRJ_2903,block_demand,7419.9258
NDPRJ_2904,block_demand,7014.14804
NDPRJ_2905,block_demand,7033.526406
NDPRJ_2906,block_demand,4220.31096
NDPRJ_2907,block_demand,65074.657
NDPRJ_2908,block_demand,8077.180125
NDPRJ_2909,block_demand,37183.104
NDPRJ_2910,block_demand,20009.48617
NDPRJ_2911,block_demand,956.16
NDPRJ_2912,block_demand,1223.420166
NDPRJ_2913,block_demand,9371.29305
NDPRJ_2914,block_demand,640.62786
NDPRJ_2915,block_demand,12456.68487
NDPRJ_2916,block_demand,4769.158752
NDPRJ_2917,block_demand,183.204932
NDPRJ_2918,block_demand,36.378508
NDPRJ_2919,block_demand,73070.1195
NDPRJ_2920,block_demand,222769.176
NDPRJ_2921,block_demand,203122.5
NDPRJ_2922,block_demand,24212.43892
NDPRJ_2923,block_demand,11492.5041
NDPRJ_2924,block_demand,8269.428615
NDPRJ_2925,block_demand,4569.23229
NDPRJ_2926,block_demand,12624.8
NDPRJ_2927,block_demand,86612
NDPRJ_2928,block_demand,38266.91561
NDPRJ_2929,block_demand,86.202428
NDPRJ_2930,block_demand,287.710038
NDPRJ_2931,block_demand,16368.2
NDPRJ_2932,block_demand,3903.26874
NDPRJ_2933,block_demand,1739.92734
NDPRJ_2934,block_demand,9974.244105
NDPRJ_2935,block_demand,29315.7162
NDPRJ_2936,block_demand,46746
NDPRJ_2937,block_demand,13606.93698
NDPRJ_2938,block_demand,47592.11929
NDPRJ_2939,block_demand,35059.5
NDPRJ_2940,block_demand,42651.7349
NDPRJ_2941,block_demand,6587.6436
NDPRJ_2942,block_demand,10295.25
NDPRJ_2943,block_demand,38014.95464
NDPRJ_2944,block_demand,6469.574274
NDPRJ_2945,block_demand,42872.4996
NDPRJ_2946,block_demand,5685.955275
NDPRJ_2947,block_demand,4310.0925
NDPRJ_2948,block_demand,203.0112
NDPRJ_2949,block_demand,34.362
NDPRJ_2950,block_demand,7407.476895
NDPRJ_2951,block_demand,14998.61261
NDPRJ_2952,block_demand,3589.886895
NDPRJ_2953,block_demand,5600.332185
NDPRJ_2954,block_demand,21975.88449
NDPRJ_2955,block_demand,389.55
NDPRJ_2956,block_demand,12229.4381
NDPRJ_2957,block_demand,46572.9285
NDPRJ_2958,block_demand,7791
NDPRJ_2959,block_demand,20402.6256
NDPRJ_2960,block_demand,12821.76
NDPRJ_2961,block_demand,22054.28421
NDPRJ_2962,block_demand,787.338
NDPRJ_2963,block_demand,16813.74492
NDPRJ_2964,block_demand,3047.81022
NDPRJ_2965,block_demand,111300
NDPRJ_2966,block_demand,36172.5
NDPRJ_2967,block_demand,47118.72777
NDPRJ_2968,block_demand,39129.2958
NDPRJ_2969,block_demand,39089.95125
NDPRJ_2970,block_demand,12196.4184
NDPRJ_2971,block_demand,933.472116
NDPRJ_2972,block_demand,32.4428
NDPRJ_2973,block_demand,19145.34741
NDPRJ_2974,block_demand,3989.2146
NDPRJ_2975,block_demand,18326.78798
NDPRJ_2976,block_demand,62230.03374
NDPRJ_2977,block_demand,55650
NDPRJ_2978,block_demand,50526.67179
NDPRJ_2979,block_demand,66057.40144
NDPRJ_2980,block_demand,691.762338
NDPRJ_2981,block_demand,2988
NDPRJ_2982,block_demand,51754.5
NDPRJ_2983,block_demand,5679.076935
NDPRJ_2984,block_demand,12243
NDPRJ_2985,block_demand,66029.29263
NDPRJ_2986,block_demand,107.410624
NDPRJ_2987,block_demand,11798.20068
NDPRJ_2988,block_demand,111300
NDPRJ_2989,block_demand,29707.95114
NDPRJ_2990,block_demand,31370.97348
NDPRJ_2991,block_demand,205737.8664
NDPRJ_2992,block_demand,994.283892
NDPRJ_2993,block_demand,3456.770886
NDPRJ_2994,block_demand,18160.86552
NDPRJ_2995,block_demand,19059.21791
NDPRJ_2996,block_demand,106.22448
NDPRJ_2997,block_demand,8013.6
NDPRJ_2998,block_demand,456.161526
NDPRJ_2999,block_demand,4406.589552
NDPRJ_3000,block_demand,171798.4061
NDPRJ_3001,block_demand,21298.53495
NDPRJ_3002,block_demand,23115.46417
NDPRJ_3003,block_demand,136045.2789
NDPRJ_3004,block_demand,356.7672
NDPRJ_3005,block_demand,25816.32
NDPRJ_3006,block_demand,29427.70887
NDPRJ_3007,block_demand,4199.810895
NDPRJ_3008,block_demand,142228.0608
NDPRJ_3009,block_demand,1094.592546
NDPRJ_3010,block_demand,10743.75005
NDPRJ_3011,block_demand,6215.50398
NDPRJ_3012,block_demand,915.454476
NDPRJ_3013,block_demand,278250
NDPRJ_3014,block_demand,94582.89582
NDPRJ_3015,block_demand,6678
NDPRJ_3016,block_demand,7347.552975
NDPRJ_3017,block_demand,11686.5
NDPRJ_3018,block_demand,448.2
NDPRJ_3019,block_demand,17687.15602
NDPRJ_3020,block_demand,37100.00185
NDPRJ_3021,block_demand,1538.3718
NDPRJ_3022,block_demand,1702.89
NDPRJ_3023,block_demand,76463.1
NDPRJ_3024,block_demand,72345
NDPRJ_3025,block_demand,5845.24227
NDPRJ_3026,block_demand,30607.5
NDPRJ_3027,block_demand,22271.84789
NDPRJ_3028,block_demand,100170
NDPRJ_3029,block_demand,118.016924
NDPRJ_3030,block_demand,15896.26111
NDPRJ_3031,block_demand,16815.29848
NDPRJ_3032,block_demand,1871.000442
NDPRJ_3033,block_demand,34746.747
NDPRJ_3034,block_demand,86652.55379
NDPRJ_3035,block_demand,60102
NDPRJ_3036,block_demand,2182.50496
NDPRJ_3037,block_demand,23445.26152
NDPRJ_3038,block_demand,56310.69906
NDPRJ_3039,block_demand,4357.11208
NDPRJ_3040,block_demand,16541.406
NDPRJ_3041,block_demand,9290.61168
NDPRJ_3042,block_demand,4360.33332
NDPRJ_3043,block_demand,6835.272465
NDPRJ_3044,block_demand,27166.96067
NDPRJ_3045,block_demand,1665.77145
NDPRJ_3046,block_demand,11630.85
NDPRJ_3047,block_demand,46190.07319
NDPRJ_3048,block_demand,28938
NDPRJ_3049,block_demand,98716.68912
NDPRJ_3050,block_demand,25277.13709
NDPRJ_3051,block_demand,6350.527575
NDPRJ_3052,block_demand,16257.30162
NDPRJ_3053,block_demand,8347.5
NDPRJ_3054,block_demand,11120.12213
NDPRJ_3055,block_demand,40466.454
NDPRJ_3056,block_demand,34241.68986
NDPRJ_3057,block_demand,25458.3576
NDPRJ_3058,block_demand,3090.713994
NDPRJ_3059,block_demand,556.5
NDPRJ_3060,block_demand,21147
NDPRJ_3061,block_demand,277112.3471
NDPRJ_3062,block_demand,4083.0405
NDPRJ_3063,block_demand,2059.05
NDPRJ_3064,block_demand,68894.82243
NDPRJ_3065,block_demand,187658.9232
NDPRJ_3066,block_demand,6026.972292
NDPRJ_3067,block_demand,18100.27936
NDPRJ_3068,block_demand,19847.5725
NDPRJ_3069,block_demand,32176.83
NDPRJ_3070,block_demand,38955
NDPRJ_3071,block_demand,48284.41642
NDPRJ_3072,block_demand,5054.11074
NDPRJ_3073,block_demand,11546.54581
NDPRJ_3074,block_demand,4251.088854
NDPRJ_3075,block_demand,7773.09183
NDPRJ_3076,block_demand,53996.83038
NDPRJ_3077,block_demand,7643.00439
NDPRJ_3078,block_demand,122318.7
NDPRJ_3079,block_demand,17787.93261
NDPRJ_3080,block_demand,8355.463515
NDPRJ_3081,block_demand,55650
NDPRJ_3082,block_demand,36633.83294
NDPRJ_3083,block_demand,72345
NDPRJ_3084,block_demand,65414.349
NDPRJ_3085,block_demand,166707.5663
NDPRJ_3086,block_demand,411810
NDPRJ_3087,block_demand,43493.91417
NDPRJ_3088,block_demand,66780
NDPRJ_3089,block_demand,140.928
NDPRJ_3090,block_demand,92.0436
NDPRJ_3091,block_demand,15780.114
NDPRJ_3092,block_demand,67392.15
NDPRJ_3093,block_demand,4267.292085
NDPRJ_3094,block_demand,70671.92171
NDPRJ_3095,block_demand,91822.5
NDPRJ_3096,block_demand,83475
NDPRJ_3097,block_demand,11136.30515
NDPRJ_3098,block_demand,11130
NDPRJ_3099,block_demand,100170
NDPRJ_3100,block_demand,43.0272
NDPRJ_3101,block_demand,8347.5
NDPRJ_3102,block_demand,1110.2175
NDPRJ_3103,block_demand,121009.7007
NDPRJ_3104,block_demand,61215
NDPRJ_3105,block_demand,22260
NDPRJ_3106,block_demand,51661.24825
NDPRJ_3107,block_demand,9368.6775
NDPRJ_3108,block_demand,13912.5
NDPRJ_3109,block_demand,4452
NDPRJ_3110,block_demand,9274.629
NDPRJ_3111,block_demand,28483.71557
NDPRJ_3112,block_demand,147847.1914
NDPRJ_3113,block_demand,47660.886
NDPRJ_3114,block_demand,122430
NDPRJ_3115,block_demand,2143.141506
NDPRJ_3116,block_demand,11450.4
NDPRJ_3117,block_demand,910681.086
NDPRJ_3118,block_demand,44519.9054
NDPRJ_3119,block_demand,7419.84789
NDPRJ_3120,block_demand,13847.75123
NDPRJ_3121,block_demand,24875.55
NDPRJ_3122,block_demand,3423.38766
NDPRJ_3123,block_demand,32174.64852
NDPRJ_3124,block_demand,12799.5
NDPRJ_3125,block_demand,4340.7
NDPRJ_3126,block_demand,44520
NDPRJ_3127,block_demand,30607.5
NDPRJ_3128,block_demand,13524.063
NDPRJ_3129,block_demand,20660.98073
NDPRJ_3130,block_demand,14758.44678
NDPRJ_3131,block_demand,29229.606
NDPRJ_3132,block_demand,11009.64018
NDPRJ_3133,block_demand,216710.6996
NDPRJ_3134,block_demand,12041.8809
NDPRJ_3135,block_demand,45616.59661
NDPRJ_3136,block_demand,6307.765002
NDPRJ_3137,block_demand,24407.12169
NDPRJ_3138,block_demand,155.3308416
NDPRJ_3139,block_demand,973.6524
NDPRJ_3140,block_demand,25651.05278
NDPRJ_3141,block_demand,13123.87687
NDPRJ_3142,block_demand,19394.381
NDPRJ_3143,block_demand,193.0167504
NDPRJ_3144,block_demand,204.904908
NDPRJ_3145,block_demand,209.6427312
NDPRJ_3146,block_demand,237.2320296
NDPRJ_3147,block_demand,262.85274
NDPRJ_3148,block_demand,790.7673276
NDPRJ_3149,block_demand,3431.978554
NDPRJ_3150,block_demand,32010.59566
NDPRJ_3151,block_demand,502.7217372
NDPRJ_3152,block_demand,1325.089613
NDPRJ_3153,block_demand,263.922912
NDPRJ_3154,block_demand,18710.07314
NDPRJ_3155,block_demand,10433.09626
NDPRJ_3156,block_demand,210.572856
NDPRJ_3157,block_demand,23572.51527
NDPRJ_3158,block_demand,12302.8794
NDPRJ_3159,block_demand,1865.320553
NDPRJ_3160,block_demand,18219.75101
NDPRJ_3161,block_demand,6823.670553
NDPRJ_3162,block_demand,1893.563595
NDPRJ_3163,block_demand,7463.857023
NDPRJ_3164,block_demand,264.1897944
NDPRJ_3165,block_demand,57302.10826
NDPRJ_3166,block_demand,16727.31818
NDPRJ_3167,block_demand,5138.871255
NDPRJ_3168,block_demand,17935.4385
NDPRJ_3169,block_demand,189.8379432
NDPRJ_3170,block_demand,10660.99293
NDPRJ_3171,block_demand,8569.16051
NDPRJ_3172,block_demand,16546.88196
NDPRJ_3173,block_demand,31670.05773
NDPRJ_3174,block_demand,52002.54429
NDPRJ_3175,block_demand,12309.87127
NDPRJ_3176,block_demand,127995
NDPRJ_3177,block_demand,8541.916614
NDPRJ_3178,block_demand,264.0629592
NDPRJ_3179,block_demand,4462.223522
NDPRJ_3180,block_demand,11069.91692
NDPRJ_3181,block_demand,12258.22361
NDPRJ_3182,block_demand,20011.72219
NDPRJ_3183,block_demand,5177.747232
NDPRJ_3184,block_demand,25296.61126
NDPRJ_3185,block_demand,30816.96994
NDPRJ_3186,block_demand,16461.9378
NDPRJ_3187,block_demand,4314.752631
NDPRJ_3188,block_demand,10356.85678
NDPRJ_3189,block_demand,10475.15755
NDPRJ_3190,block_demand,18276.34706
NDPRJ_3191,block_demand,188.66736
NDPRJ_3192,block_demand,188.66736
NDPRJ_3193,block_demand,5707.596447
NDPRJ_3194,block_demand,5341.244706
NDPRJ_3195,block_demand,2600.052588
NDPRJ_3196,block_demand,12619.70709
NDPRJ_3197,block_demand,1650.20058
NDPRJ_3198,block_demand,977.873796
NDPRJ_3199,block_demand,21652.34652
NDPRJ_3200,block_demand,28404.34544
NDPRJ_3201,block_demand,51709.02616
NDPRJ_3202,block_demand,54467.26721
NDPRJ_3203,block_demand,40050.40903
NDPRJ_3204,block_demand,15352.17812
NDPRJ_3205,block_demand,40948.79481
NDPRJ_3206,block_demand,16006.1042
NDPRJ_3207,block_demand,14949.09032
NDPRJ_3208,block_demand,19147.93625
NDPRJ_3209,block_demand,59531.00095
NDPRJ_3210,block_demand,4504.023846
NDPRJ_3211,block_demand,6680.016756
NDPRJ_3212,block_demand,8019.389826
NDPRJ_3213,block_demand,10643.21626
NDPRJ_3214,block_demand,38627.58545
NDPRJ_3215,block_demand,20804.72237
NDPRJ_3216,block_demand,11375.12489
NDPRJ_3217,block_demand,15446.78497
NDPRJ_3218,block_demand,6418.823481
NDPRJ_3219,block_demand,4569.945723
NDPRJ_3220,block_demand,248.7159
NDPRJ_3221,block_demand,2986.107768
NDPRJ_3222,block_demand,4072.81203
NDPRJ_3223,block_demand,4776.476229
NDPRJ_3224,block_demand,2730.293622
NDPRJ_3225,block_demand,4975.834563
NDPRJ_3226,block_demand,9543.035628
NDPRJ_3227,block_demand,20021.67909
NDPRJ_3228,block_demand,28893.19507
NDPRJ_3229,block_demand,166950
NDPRJ_3230,block_demand,2202.336475
NDPRJ_3231,block_demand,232077.2918
NDPRJ_3232,block_demand,7482.729051
NDPRJ_3233,block_demand,10696.41304
NDPRJ_3234,block_demand,20896.37355
NDPRJ_3235,block_demand,2896.836264
NDPRJ_3236,block_demand,25954.83834
NDPRJ_3237,block_demand,7521.685164
NDPRJ_3238,block_demand,68115.6
NDPRJ_3239,block_demand,18822.57407
NDPRJ_3240,block_demand,32375.66189
NDPRJ_3241,block_demand,8874.731439
NDPRJ_3242,block_demand,14773.7227
NDPRJ_3243,block_demand,445200
NDPRJ_3244,block_demand,11601.95986
NDPRJ_3245,block_demand,14566.21053
NDPRJ_3246,block_demand,4339.3644
NDPRJ_3247,block_demand,11428.06474
NDPRJ_3248,block_demand,64498.86198
NDPRJ_3249,block_demand,36627.48883
NDPRJ_3250,block_demand,4506.838623
NDPRJ_3251,block_demand,57413.96031
NDPRJ_3252,block_demand,20293.63366
NDPRJ_3253,block_demand,2007.819713
NDPRJ_3254,block_demand,5404.2462
NDPRJ_3255,block_demand,240.1518816
NDPRJ_3256,block_demand,24605.73877
NDPRJ_3257,block_demand,32316.61501
NDPRJ_3258,block_demand,92010.14178
NDPRJ_3259,block_demand,54068.5216
NDPRJ_3260,block_demand,13844.60667
NDPRJ_3261,block_demand,20399.18977
NDPRJ_3262,block_demand,16723.7496
NDPRJ_3263,block_demand,10593.64584
NDPRJ_3264,block_demand,52197.34489
NDPRJ_3265,block_demand,16608.64678
NDPRJ_3266,block_demand,43899.84308
NDPRJ_3267,block_demand,3165.589915
NDPRJ_3268,block_demand,8149.560741
NDPRJ_3269,block_demand,14867.2915
NDPRJ_3270,block_demand,27176.34137
NDPRJ_3271,block_demand,37245.48988
NDPRJ_3272,block_demand,47001.80747
NDPRJ_3273,block_demand,26695.99617
NDPRJ_3274,block_demand,1996.097607
NDPRJ_3275,block_demand,68050.72991
NDPRJ_3276,block_demand,7271.580708
NDPRJ_3277,block_demand,4397.923782
NDPRJ_3278,block_demand,36872.97768
NDPRJ_3279,block_demand,2185.307078
NDPRJ_3280,block_demand,20267.38608
NDPRJ_3281,block_demand,31774.34471
NDPRJ_3282,block_demand,50425.19735
NDPRJ_3283,block_demand,40825.38537
NDPRJ_3284,block_demand,10904.86681
NDPRJ_3285,block_demand,11207.33013
NDPRJ_3286,block_demand,11382.257
NDPRJ_3287,block_demand,27330.65326
NDPRJ_3288,block_demand,17740.93841
NDPRJ_3289,block_demand,5046.143886
NDPRJ_3290,block_demand,2700.308196
NDPRJ_3291,block_demand,8049.651183
NDPRJ_3292,block_demand,20010.3098
NDPRJ_3293,block_demand,3939.405624
NDPRJ_3294,block_demand,8460.929169
NDPRJ_3295,block_demand,4852.575378
NDPRJ_3296,block_demand,9307.576026
NDPRJ_3297,block_demand,11401.38947
NDPRJ_3298,block_demand,28184.69266
NDPRJ_3299,block_demand,29101.93933
NDPRJ_3300,block_demand,36386.82262
NDPRJ_3301,block_demand,12063.18261
NDPRJ_3302,block_demand,12807.50581
NDPRJ_3303,block_demand,18134.06559
NDPRJ_3304,block_demand,19882.22242
NDPRJ_3305,block_demand,919.5606
NDPRJ_3306,block_demand,11027.56505
NDPRJ_3307,block_demand,788.7477384
NDPRJ_3308,block_demand,40926.06624
NDPRJ_3309,block_demand,4095.811062
NDPRJ_3310,block_demand,32925.58851
NDPRJ_3311,block_demand,2496.338644
NDPRJ_3312,block_demand,1643.173798
NDPRJ_3313,block_demand,1498.382928
NDPRJ_3314,block_demand,11592.53386
NDPRJ_3315,block_demand,54358.96341
NDPRJ_3316,block_demand,8463.243096
NDPRJ_3317,block_demand,6882.48036
NDPRJ_3318,block_demand,7090.004004
NDPRJ_3319,block_demand,155.3836896
NDPRJ_3320,block_demand,156.7181016
NDPRJ_3321,block_demand,147.1129776
NDPRJ_3322,block_demand,139.967928
NDPRJ_3323,block_demand,157.2677208
NDPRJ_3324,block_demand,157.2677208
NDPRJ_3325,block_demand,157.2677208
NDPRJ_3326,block_demand,791.6419008
NDPRJ_3327,block_demand,7645.996134
NDPRJ_3328,block_demand,13430.80362
NDPRJ_3329,block_demand,20547.95224
NDPRJ_3330,block_demand,661.122
NDPRJ_3331,block_demand,3376.049544
NDPRJ_3332,block_demand,3901.290939
NDPRJ_3333,block_demand,4631.049423
NDPRJ_3334,block_demand,5757.831702
NDPRJ_3335,block_demand,5808.427569
NDPRJ_3336,block_demand,5916.891645
NDPRJ_3337,block_demand,6056.358336
NDPRJ_3338,block_demand,9047.935386
NDPRJ_3339,block_demand,10737.46271
NDPRJ_3340,block_demand,10770.53884
NDPRJ_3341,block_demand,11545.41389
NDPRJ_3342,block_demand,14056.54557
NDPRJ_3343,block_demand,23389.64492
NDPRJ_3344,block_demand,6955.724664
NDPRJ_3345,block_demand,6410.529405
NDPRJ_3346,block_demand,5722.770884
NDPRJ_3347,block_demand,32558.01469
NDPRJ_3348,block_demand,10355.58462
NDPRJ_3349,block_demand,8836.756992
NDPRJ_3350,block_demand,11234.79674
NDPRJ_3351,block_demand,22598.63248
NDPRJ_3352,block_demand,5142.267018
NDPRJ_3353,block_demand,10914.26276
NDPRJ_3354,block_demand,19975.74113
NDPRJ_3355,block_demand,32283.02801
NDPRJ_3356,block_demand,5560.727193
NDPRJ_3357,block_demand,15779.38944
NDPRJ_3358,block_demand,12226.14918
NDPRJ_3359,block_demand,28077.68105
NDPRJ_3360,block_demand,28666.91104
NDPRJ_3361,block_demand,157.61916
NDPRJ_3362,block_demand,5045.783274
NDPRJ_3363,block_demand,7657.165089
NDPRJ_3364,block_demand,6606
NDPRJ_3365,block_demand,2006.014437
NDPRJ_3366,block_demand,1924.385933
NDPRJ_3367,block_demand,7295.100624
NDPRJ_3368,block_demand,9035.544357
NDPRJ_3369,block_demand,9583.394472
NDPRJ_3370,block_demand,44959.75187
NDPRJ_3371,block_demand,12292.67821
NDPRJ_3372,block_demand,13227.02779
NDPRJ_3373,block_demand,324.381024
NDPRJ_3374,block_demand,1212.057
NDPRJ_3375,block_demand,983.5699824
NDPRJ_3376,block_demand,14949.11036
NDPRJ_3377,block_demand,151.0369416
NDPRJ_3378,block_demand,316.82376
NDPRJ_3379,block_demand,18203.07271
NDPRJ_3380,block_demand,23614.79702
NDPRJ_3381,block_demand,2501.395155
NDPRJ_3382,block_demand,3694.06926
NDPRJ_3383,block_demand,7244.334468
NDPRJ_3384,block_demand,7938.091854
NDPRJ_3385,block_demand,8541.99675
NDPRJ_3386,block_demand,28698.55474
NDPRJ_3387,block_demand,30863.47887
NDPRJ_3388,block_demand,511.5288672
NDPRJ_3389,block_demand,6305.521194
NDPRJ_3390,block_demand,8299.765656
NDPRJ_3391,block_demand,11119.19054
NDPRJ_3392,block_demand,264.1712976
NDPRJ_3393,block_demand,264.1818672
NDPRJ_3394,block_demand,13443.32487
NDPRJ_3395,block_demand,7096.302605
NDPRJ_3396,block_demand,6740.63964
NDPRJ_3397,block_demand,39289.15042
NDPRJ_3398,block_demand,13973.715
NDPRJ_3399,block_demand,2176.273386
NDPRJ_3400,block_demand,2234.466816
NDPRJ_3401,block_demand,248.7846024
NDPRJ_3402,block_demand,49068.64735
NDPRJ_3403,block_demand,5656.950495
NDPRJ_3404,block_demand,4000.678157
NDPRJ_3405,block_demand,29500.88639
NDPRJ_3406,block_demand,1341.179186
NDPRJ_3407,block_demand,26855.15629
NDPRJ_3408,block_demand,208.0255824
NDPRJ_3409,block_demand,263.9572632
NDPRJ_3410,block_demand,11644.50718
NDPRJ_3411,block_demand,748.189224
NDPRJ_3412,block_demand,1394.258767
NDPRJ_3413,block_demand,5827.081255
NDPRJ_3414,block_demand,17551.35985
NDPRJ_3415,block_demand,156.998196
NDPRJ_3416,block_demand,155.3149872
NDPRJ_3417,block_demand,158.2691904
NDPRJ_3418,block_demand,20401.7441
NDPRJ_3419,block_demand,1008.33984
NDPRJ_3420,block_demand,263.3838624
NDPRJ_3421,block_demand,318.8154168
NDPRJ_3422,block_demand,997.9261416
NDPRJ_3423,block_demand,4651.063389
NDPRJ_3424,block_demand,4225.839703
NDPRJ_3425,block_demand,14396.46901
NDPRJ_3426,block_demand,860.841072
NDPRJ_3427,block_demand,26503.13887
NDPRJ_3428,block_demand,158.2824024
NDPRJ_3429,block_demand,495.5765328
NDPRJ_3430,block_demand,1456.887546
NDPRJ_3431,block_demand,2328.772194
NDPRJ_3432,block_demand,1703.491862
NDPRJ_3433,block_demand,157.6931472
NDPRJ_3434,block_demand,68489.25413
NDPRJ_3435,block_demand,50816.58047
NDPRJ_3436,block_demand,323.4758004
NDPRJ_3437,block_demand,810.8556516
NDPRJ_3438,block_demand,2467.357389
NDPRJ_3439,block_demand,813.3862104
NDPRJ_3440,block_demand,32146.32601
NDPRJ_3441,block_demand,2123.787632
NDPRJ_3442,block_demand,5511.974454
NDPRJ_3443,block_demand,974.744253
NDPRJ_3444,block_demand,18335.9072
NDPRJ_3445,block_demand,1134.358344
NDPRJ_3446,block_demand,18632.09088
NDPRJ_3447,block_demand,158.0340168
NDPRJ_3448,block_demand,48737.25272
NDPRJ_3449,block_demand,2232.783598
NDPRJ_3450,block_demand,247.984578
NDPRJ_3451,block_demand,2830.816332
NDPRJ_3452,block_demand,2468.833506
NDPRJ_3453,block_demand,87.3207504
NDPRJ_3454,block_demand,253.6704
NDPRJ_3455,block_demand,11087.50512
NDPRJ_3456,block_demand,23331.39606
NDPRJ_3457,block_demand,1364.366246
NDPRJ_3458,block_demand,23342.27452
NDPRJ_3459,block_demand,9126.679023
NDPRJ_3460,block_demand,11150.28673
NDPRJ_3461,block_demand,6435.091089
NDPRJ_3462,block_demand,8877.115485
NDPRJ_3463,block_demand,48508.41435
NDPRJ_3464,block_demand,42945.31647
NDPRJ_3465,block_demand,51611.64089
NDPRJ_3466,block_demand,3179.225511
NDPRJ_3467,block_demand,222600
NDPRJ_3468,block_demand,15660.03588
NDPRJ_3469,block_demand,22727.19065
NDPRJ_3470,block_demand,8433.637099
NDPRJ_3471,block_demand,981.558
NDPRJ_3472,block_demand,13669.51874
NDPRJ_3473,block_demand,8790.027687
NDPRJ_3474,block_demand,5711.6934
NDPRJ_3475,block_demand,187.316226
NDPRJ_3476,block_demand,10318.0376
NDPRJ_3477,block_demand,1910.722716
NDPRJ_3478,block_demand,13863.66824
NDPRJ_3479,block_demand,25549.3602
NDPRJ_3480,block_demand,7681.93713
NDPRJ_3481,block_demand,8009.440296
NDPRJ_3482,block_demand,23560.44478
NDPRJ_3483,block_demand,30261.79775
NDPRJ_3484,block_demand,16369.05144
NDPRJ_3485,block_demand,16985.62906
NDPRJ_3486,block_demand,38339.79704
NDPRJ_3487,block_demand,26756.29851
NDPRJ_3488,block_demand,35059.5
NDPRJ_3489,block_demand,35762.93381
NDPRJ_3490,block_demand,6126.705756
NDPRJ_3491,block_demand,4897.128211
NDPRJ_3492,block_demand,18466.94052
NDPRJ_3493,block_demand,35216.26605
NDPRJ_3494,block_demand,4856.194793
NDPRJ_3495,block_demand,17489.60186
NDPRJ_3496,block_demand,9484.025481
NDPRJ_3497,block_demand,1452.805578
NDPRJ_3498,block_demand,41474.41685
NDPRJ_3499,block_demand,18798.68353
NDPRJ_3500,block_demand,21932.02423
NDPRJ_3501,block_demand,12626.4285
NDPRJ_3502,block_demand,12796.11
NDPRJ_3503,block_demand,15025.5
NDPRJ_3504,block_demand,16868.51936
NDPRJ_3505,block_demand,14221.73592
NDPRJ_3506,block_demand,20976.5997
NDPRJ_3507,block_demand,61808.32583
NDPRJ_3508,block_demand,63314.97278
NDPRJ_3509,block_demand,31651.99485
NDPRJ_3510,block_demand,5459.076
NDPRJ_3511,block_demand,39018.44879
NDPRJ_3512,block_demand,330569.559
NDPRJ_3513,block_demand,300510
NDPRJ_3514,block_demand,24956
NDPRJ_3515,block_demand,9882.527634
NDPRJ_3516,block_demand,14897.27281
NDPRJ_3517,block_demand,25129.95843
NDPRJ_3518,block_demand,582.05466
NDPRJ_3519,block_demand,8362.522161
NDPRJ_3520,block_demand,8806.435533
NDPRJ_3521,block_demand,20445.29802
NDPRJ_3522,block_demand,9361.918251
NDPRJ_3523,block_demand,5536.59624
NDPRJ_3524,block_demand,43071.12
NDPRJ_3525,block_demand,34865.88141
NDPRJ_3526,block_demand,10591.10432
NDPRJ_3527,block_demand,467.8750836
NDPRJ_3528,block_demand,7525.411488
NDPRJ_3529,block_demand,17931.47177
NDPRJ_3530,block_demand,51423.77205
NDPRJ_3531,block_demand,166950
NDPRJ_3532,block_demand,31700.91009
NDPRJ_3533,block_demand,490833
NDPRJ_3534,block_demand,18198.70529
NDPRJ_3535,block_demand,9217.6434
NDPRJ_3536,block_demand,3360.305729
NDPRJ_3537,block_demand,25263.6894
NDPRJ_3538,block_demand,149.784444
NDPRJ_3539,block_demand,46867.02873
NDPRJ_3540,block_demand,6503.879167
NDPRJ_3541,block_demand,5189.056425
NDPRJ_3542,block_demand,33706.614
NDPRJ_3543,block_demand,1320.637169
NDPRJ_3544,block_demand,23249.17652
NDPRJ_3545,block_demand,38755.74295
NDPRJ_3546,block_demand,42556.37306
NDPRJ_3547,block_demand,42790.99123
NDPRJ_3548,block_demand,13020.90798
NDPRJ_3549,block_demand,43715.02943
NDPRJ_3550,block_demand,48312.54194
NDPRJ_3551,block_demand,33761.89782
NDPRJ_3552,block_demand,8915.650495
NDPRJ_3553,block_demand,5927.920362
NDPRJ_3554,block_demand,3373.182144
NDPRJ_3555,block_demand,41441.00014
NDPRJ_3556,block_demand,26675.92211
NDPRJ_3557,block_demand,14308.82372
NDPRJ_3558,block_demand,23634.7008
NDPRJ_3559,block_demand,8956.630431
NDPRJ_3560,block_demand,10169.1382
NDPRJ_3561,block_demand,10276.19989
NDPRJ_3562,block_demand,11190.5216
NDPRJ_3563,block_demand,1465.544081
NDPRJ_3564,block_demand,38206.7212
NDPRJ_3565,block_demand,378.1795068
NDPRJ_3566,block_demand,4375.876365
NDPRJ_3567,block_demand,6531.084
NDPRJ_3568,block_demand,28987.68543
NDPRJ_3569,block_demand,13368.77835
NDPRJ_3570,block_demand,4183.549965
NDPRJ_3571,block_demand,57362.3505
NDPRJ_3572,block_demand,1404.340578
NDPRJ_3573,block_demand,4512.25782
NDPRJ_3574,block_demand,23957.128
NDPRJ_3575,block_demand,30653.19199
NDPRJ_3576,block_demand,24454.0313
NDPRJ_3577,block_demand,11863.15313
NDPRJ_3578,block_demand,220.9769424
NDPRJ_3579,block_demand,26144.52026
NDPRJ_3580,block_demand,16400.62374
NDPRJ_3581,block_demand,67474.75241
NDPRJ_3582,block_demand,17764.22794
NDPRJ_3583,block_demand,27530.33214
NDPRJ_3584,block_demand,29951.50114
NDPRJ_3585,block_demand,158.0842224
NDPRJ_3586,block_demand,12765.6913
NDPRJ_3587,block_demand,3791.733019
NDPRJ_3588,block_demand,460.887408
NDPRJ_3589,block_demand,5625.930103
NDPRJ_3590,block_demand,15865.0448
NDPRJ_3591,block_demand,14941.60763
NDPRJ_3592,block_demand,6396.205095
NDPRJ_3593,block_demand,11008.18215
NDPRJ_3594,block_demand,11402.08064
NDPRJ_3595,block_demand,13166.17451
NDPRJ_3596,block_demand,4670.796879
NDPRJ_3597,block_demand,10994.34867
NDPRJ_3598,block_demand,10532.62507
NDPRJ_3599,block_demand,8845.591986
NDPRJ_3600,block_demand,34298.01323
NDPRJ_3601,block_demand,50788.07097
NDPRJ_3602,block_demand,76745.64618
NDPRJ_3603,block_demand,78429.28128
NDPRJ_3604,block_demand,21334.53414
NDPRJ_3605,block_demand,6167.316645
NDPRJ_3606,block_demand,11944.65145
NDPRJ_3607,block_demand,44041.94424
NDPRJ_3608,block_demand,58644.00562
NDPRJ_3609,block_demand,11121.48444
NDPRJ_3610,block_demand,8413.647343
NDPRJ_3611,block_demand,57135.77598
NDPRJ_3612,block_demand,26917.86271
NDPRJ_3613,block_demand,56307.98111
NDPRJ_3614,block_demand,53132.13244
NDPRJ_3615,block_demand,40295.77656
NDPRJ_3616,block_demand,42317.98849
NDPRJ_3617,block_demand,29497.50065
NDPRJ_3618,block_demand,77153.64861
NDPRJ_3619,block_demand,68619.06444
NDPRJ_3620,block_demand,12968.64929
NDPRJ_3621,block_demand,5775.8022
NDPRJ_3622,block_demand,22423.00442
NDPRJ_3623,block_demand,5895.72288
NDPRJ_3624,block_demand,2639.148939
NDPRJ_3625,block_demand,41728.8787
NDPRJ_3626,block_demand,58614.24733
NDPRJ_3627,block_demand,105769.0077
NDPRJ_3628,block_demand,26086.51181
NDPRJ_3629,block_demand,3062.837988
NDPRJ_3630,block_demand,6325.43499
NDPRJ_3631,block_demand,2098.41503
NDPRJ_3632,block_demand,16380.04882
NDPRJ_3633,block_demand,31277.03072
NDPRJ_3634,block_demand,41085.38217
NDPRJ_3635,block_demand,31426.7448
NDPRJ_3636,block_demand,83158.08883
NDPRJ_3637,block_demand,3332.796138
NDPRJ_3638,block_demand,44355.17583
NDPRJ_3639,block_demand,33030.10589
NDPRJ_3640,block_demand,10686.53941
NDPRJ_3641,block_demand,16142.4556
NDPRJ_3642,block_demand,14366.86222
NDPRJ_3643,block_demand,3489.962868
NDPRJ_3644,block_demand,25302.09056
NDPRJ_3645,block_demand,26564.27262
NDPRJ_3646,block_demand,70052.06641
NDPRJ_3647,block_demand,21319.93238
NDPRJ_3648,block_demand,7189.275449
NDPRJ_3649,block_demand,11432.78275
NDPRJ_3650,block_demand,26399.2319
NDPRJ_3651,block_demand,6681.63951
NDPRJ_3652,block_demand,16308.38721
NDPRJ_3653,block_demand,17178.00304
NDPRJ_3654,block_demand,5166.748566
NDPRJ_3655,block_demand,18815.37303
NDPRJ_3656,block_demand,52971.21824
NDPRJ_3657,block_demand,27919.45252
NDPRJ_3658,block_demand,36691.33942
NDPRJ_3659,block_demand,1438.735446
NDPRJ_3660,block_demand,21548.29815
NDPRJ_3661,block_demand,12359.55559
NDPRJ_3662,block_demand,48649.07307
NDPRJ_3663,block_demand,261.6160968
NDPRJ_3664,block_demand,209.7880632
NDPRJ_3665,block_demand,13805.59969
NDPRJ_3666,block_demand,258.6592512
NDPRJ_3667,block_demand,5918.674671
NDPRJ_3668,block_demand,18071.10875
NDPRJ_3669,block_demand,4357.545255
NDPRJ_3670,block_demand,5823.272763
NDPRJ_3671,block_demand,2036.321402
NDPRJ_3672,block_demand,5181.728047
NDPRJ_3673,block_demand,2581.93588
NDPRJ_3674,block_demand,8491.250628
NDPRJ_3675,block_demand,107170.77
NDPRJ_3676,block_demand,598.4357436
NDPRJ_3677,block_demand,1421.212619
NDPRJ_3678,block_demand,10451.82795
NDPRJ_3679,block_demand,13650.79697
NDPRJ_3680,block_demand,175.7037456
NDPRJ_3681,block_demand,4520.77227
NDPRJ_3682,block_demand,12100.17539
NDPRJ_3683,block_demand,48108.43554
NDPRJ_3684,block_demand,31986.78525
NDPRJ_3685,block_demand,215.6832576
NDPRJ_3686,block_demand,22809.73073
NDPRJ_3687,block_demand,23220.65813
NDPRJ_3688,block_demand,15156.20182
NDPRJ_3689,block_demand,32706.67699
NDPRJ_3690,block_demand,8491.170492
NDPRJ_3691,block_demand,15144.14138
NDPRJ_3692,block_demand,13524.03184
NDPRJ_3693,block_demand,76316.80839
NDPRJ_3694,block_demand,10583.15082
NDPRJ_3695,block_demand,2582.98362
NDPRJ_3696,block_demand,43704.94231
NDPRJ_3697,block_demand,3705.438555
NDPRJ_3698,block_demand,7478.554831
NDPRJ_3699,block_demand,22230.73812
NDPRJ_3700,block_demand,7147.169568
NDPRJ_3701,block_demand,7645.214808
NDPRJ_3702,block_demand,260.2050552
NDPRJ_3703,block_demand,704.5784676
NDPRJ_3704,block_demand,3315.506796
NDPRJ_3705,block_demand,4920.120009
NDPRJ_3706,block_demand,1473.52379
NDPRJ_3707,block_demand,6940.959606
NDPRJ_3708,block_demand,3675.958906
NDPRJ_3709,block_demand,21061.46372
NDPRJ_3710,block_demand,38834.70696
NDPRJ_3711,block_demand,54020.2085
NDPRJ_3712,block_demand,44401.10934
NDPRJ_3713,block_demand,18287.11088
NDPRJ_3714,block_demand,23950.97756
NDPRJ_3715,block_demand,18067.12198
NDPRJ_3716,block_demand,3517.87023
NDPRJ_3717,block_demand,5924.45448
NDPRJ_3718,block_demand,12635.02309
NDPRJ_3719,block_demand,8271.988515
NDPRJ_3720,block_demand,12378.19722
NDPRJ_3721,block_demand,10426.88562
NDPRJ_3722,block_demand,7395.501015
NDPRJ_3723,block_demand,5749.006725
NDPRJ_3724,block_demand,13509.71754
NDPRJ_3725,block_demand,15515.65184
NDPRJ_3726,block_demand,35335.41826
NDPRJ_3727,block_demand,5462.961273
NDPRJ_3728,block_demand,19794.89421
NDPRJ_3729,block_demand,10457.69792
NDPRJ_3730,block_demand,25290.30055
NDPRJ_3731,block_demand,33112.7862
NDPRJ_3732,block_demand,677.352816
NDPRJ_3733,block_demand,3001.133268
NDPRJ_3734,block_demand,19918.9247
NDPRJ_3735,block_demand,28727.08316
NDPRJ_3736,block_demand,2506.826524
NDPRJ_3737,block_demand,31863.15544
NDPRJ_3738,block_demand,10425.2829
NDPRJ_3739,block_demand,10566.14196
NDPRJ_3740,block_demand,49337.77076
NDPRJ_3741,block_demand,909.030276
NDPRJ_3742,block_demand,24373.35438
NDPRJ_3743,block_demand,1632.099499
NDPRJ_3744,block_demand,40159.3773
NDPRJ_3745,block_demand,3220.735959
NDPRJ_3746,block_demand,13903.45576
NDPRJ_3747,block_demand,10892.0751
NDPRJ_3748,block_demand,3986.605728
NDPRJ_3749,block_demand,12452.49331
NDPRJ_3750,block_demand,17152.61997
NDPRJ_3751,block_demand,51581.45966
NDPRJ_3752,block_demand,25897.51105
NDPRJ_3753,block_demand,3335.661
NDPRJ_3754,block_demand,16996.66529
NDPRJ_3755,block_demand,16909.72775
NDPRJ_3756,block_demand,30237.21514
NDPRJ_3757,block_demand,15139.54355
NDPRJ_3758,block_demand,20295.87443
NDPRJ_3759,block_demand,260.8128072
NDPRJ_3760,block_demand,14890.59104
NDPRJ_3761,block_demand,26130.14586
NDPRJ_3762,block_demand,11256.33334
NDPRJ_3763,block_demand,17565.33038
NDPRJ_3764,block_demand,3001.453812
NDPRJ_3765,block_demand,10234.91984
NDPRJ_3766,block_demand,200.0111832
NDPRJ_3767,block_demand,4775.284206
NDPRJ_3768,block_demand,41569.26782
NDPRJ_3769,block_demand,2124.014697
NDPRJ_3770,block_demand,23403.91914
NDPRJ_3771,block_demand,18744.46151
NDPRJ_3772,block_demand,19611.90365
NDPRJ_3773,block_demand,38562.4449
NDPRJ_3774,block_demand,15522.55356
NDPRJ_3775,block_demand,55503.38562
NDPRJ_3776,block_demand,122430
NDPRJ_3777,block_demand,10227.95802
NDPRJ_3778,block_demand,1368.041724
NDPRJ_3779,block_demand,114224.0736
NDPRJ_3780,block_demand,1282.176
NDPRJ_3781,block_demand,5375.693169
NDPRJ_3782,block_demand,17535.10909
NDPRJ_3783,block_demand,778.9187124
NDPRJ_3784,block_demand,10672.55255
NDPRJ_3785,block_demand,3502.794645
NDPRJ_3786,block_demand,5329.01583
NDPRJ_3787,block_demand,6321.838887
NDPRJ_3788,block_demand,20644.90678
NDPRJ_3789,block_demand,1811.415539
NDPRJ_3790,block_demand,27986.81684
NDPRJ_3791,block_demand,8357.113894
NDPRJ_3792,block_demand,2585.798397
NDPRJ_3793,block_demand,13416.84994
NDPRJ_3794,block_demand,14448.41061
NDPRJ_3795,block_demand,16286.89073
NDPRJ_3796,block_demand,4319.09185
NDPRJ_3797,block_demand,1217.56635
NDPRJ_3798,block_demand,10460.2823
NDPRJ_3799,block_demand,46661.11706
NDPRJ_3800,block_demand,32276.7173
NDPRJ_3801,block_demand,6370.812
NDPRJ_3802,block_demand,24944.85428
NDPRJ_3803,block_demand,7595.901117
NDPRJ_3804,block_demand,10772.41202
NDPRJ_3805,block_demand,12532.62931
NDPRJ_3806,block_demand,15719.17725
NDPRJ_3807,block_demand,42838.11788
NDPRJ_3808,block_demand,50046.24423
NDPRJ_3809,block_demand,4298.928487
NDPRJ_3810,block_demand,18459.58804
NDPRJ_3811,block_demand,27342.44327
NDPRJ_3812,block_demand,10239.74921
NDPRJ_3813,block_demand,30976.35043
NDPRJ_3814,block_demand,46821.43135
NDPRJ_3815,block_demand,39804.36258
NDPRJ_3816,block_demand,12949.07607
NDPRJ_3817,block_demand,17473.84512
NDPRJ_3818,block_demand,30224.8851
NDPRJ_3819,block_demand,50226.08944
NDPRJ_3820,block_demand,4670.796879
NDPRJ_3821,block_demand,6301.364139
NDPRJ_3822,block_demand,12121.43146
NDPRJ_3823,block_demand,17440.08783
NDPRJ_3824,block_demand,56960.70887
NDPRJ_3825,block_demand,56979.15017
NDPRJ_3826,block_demand,96179.895
NDPRJ_3827,block_demand,194218.5
NDPRJ_3828,block_demand,22988.88
NDPRJ_3829,block_demand,6284.184984
NDPRJ_3830,block_demand,9922.159044
NDPRJ_3831,block_demand,62777.77109
NDPRJ_3832,block_demand,98.7174216
NDPRJ_3833,block_demand,167.448888
NDPRJ_3834,block_demand,167.448888
NDPRJ_3835,block_demand,182.2912488
NDPRJ_3836,block_demand,515.035584
NDPRJ_3837,block_demand,16628.16078
NDPRJ_3838,block_demand,30021.81046
NDPRJ_3839,block_demand,2889.373599
NDPRJ_3840,block_demand,7733.52468
NDPRJ_3841,block_demand,8309.592333
NDPRJ_3842,block_demand,19970.99307
NDPRJ_3843,block_demand,26503.70984
NDPRJ_3844,block_demand,16972.8994
NDPRJ_3845,block_demand,54161.25788
NDPRJ_3846,block_demand,5784.146361
NDPRJ_3847,block_demand,8072.946857
NDPRJ_3848,block_demand,636.1498728
NDPRJ_3849,block_demand,12239.76228
NDPRJ_3850,block_demand,16526.58752
NDPRJ_3851,block_demand,2445.75072
NDPRJ_3852,block_demand,26546.97326
NDPRJ_3853,block_demand,47067.36873
NDPRJ_3854,block_demand,18194.04262
NDPRJ_3855,block_demand,155820
NDPRJ_3856,block_demand,200.3916888
NDPRJ_3857,block_demand,49029.78919
NDPRJ_3858,block_demand,195.66972
NDPRJ_3859,block_demand,8517.445083
NDPRJ_3860,block_demand,26477.01454
NDPRJ_3861,block_demand,4048.691094
NDPRJ_3862,block_demand,8427.282066
NDPRJ_3863,block_demand,172.5196536
NDPRJ_3864,block_demand,57530.03508
NDPRJ_3865,block_demand,6015.929724
NDPRJ_3866,block_demand,6138.557838
NDPRJ_3867,block_demand,7768.353789
NDPRJ_3868,block_demand,28165.45001
NDPRJ_3869,block_demand,71172.54799
NDPRJ_3870,block_demand,37251.36985
NDPRJ_3871,block_demand,228.3139296
NDPRJ_3872,block_demand,256.5928944
NDPRJ_3873,block_demand,261.0479808
NDPRJ_3874,block_demand,263.9414088
NDPRJ_3875,block_demand,81756.88082
NDPRJ_3876,block_demand,10753.22947
NDPRJ_3877,block_demand,2619.744062
NDPRJ_3878,block_demand,61162.10021
NDPRJ_3879,block_demand,5697.479277
NDPRJ_3880,block_demand,9565.463691
NDPRJ_3881,block_demand,5157.43632
NDPRJ_3882,block_demand,14683.76003
NDPRJ_3883,block_demand,13034.25062
NDPRJ_3884,block_demand,45701.92141
NDPRJ_3885,block_demand,17227.61725
NDPRJ_3886,block_demand,43393.67405
NDPRJ_3887,block_demand,9606.262932
NDPRJ_3888,block_demand,9594.152379
NDPRJ_3889,block_demand,11586.0729
NDPRJ_3890,block_demand,11672.18905
NDPRJ_3891,block_demand,13047.86372
NDPRJ_3892,block_demand,13824.30143
NDPRJ_3893,block_demand,20787.31847
NDPRJ_3894,block_demand,25307.08904
NDPRJ_3895,block_demand,26536.83606
NDPRJ_3896,block_demand,27527.6576
NDPRJ_3897,block_demand,31728.80743
NDPRJ_3898,block_demand,41437.30387
NDPRJ_3899,block_demand,69150.33607
NDPRJ_3900,block_demand,37464.79206
NDPRJ_3901,block_demand,4607.339184
NDPRJ_3902,block_demand,6586.307721
NDPRJ_3903,block_demand,27146.97153
NDPRJ_3904,block_demand,291.2107788
NDPRJ_3905,block_demand,2907.727081
NDPRJ_3906,block_demand,3780.22801
NDPRJ_3907,block_demand,91317.34269
NDPRJ_3908,block_demand,7891.082073
NDPRJ_3909,block_demand,26157.24184
NDPRJ_3910,block_demand,10365.56155
NDPRJ_3911,block_demand,17098.86874
NDPRJ_3912,block_demand,14702.76228
NDPRJ_3913,block_demand,15161.70115
NDPRJ_3914,block_demand,2586.128958
NDPRJ_3915,block_demand,32259.26768
NDPRJ_3916,block_demand,6235.642602
NDPRJ_3917,block_demand,996.6915
NDPRJ_3918,block_demand,25987.82432
NDPRJ_3919,block_demand,11834.59467
NDPRJ_3920,block_demand,14059.4505
NDPRJ_3921,block_demand,32799.53458
NDPRJ_3922,block_demand,37195.39486
NDPRJ_3923,block_demand,40019.49769
NDPRJ_3924,block_demand,21196.43278
NDPRJ_3925,block_demand,10927.49522
NDPRJ_3926,block_demand,10161.90592
NDPRJ_3927,block_demand,28094.44951
NDPRJ_3928,block_demand,4984.596936
NDPRJ_3929,block_demand,17181.15538
NDPRJ_3930,block_demand,24689.94056
NDPRJ_3931,block_demand,422.797536
NDPRJ_3932,block_demand,1267.55118
NDPRJ_3933,block_demand,24898.2552
NDPRJ_3934,block_demand,37959.04308
NDPRJ_3935,block_demand,9972.244044
NDPRJ_3936,block_demand,10726.92482
NDPRJ_3937,block_demand,6281.428723
NDPRJ_3938,block_demand,25961.90033
NDPRJ_3939,block_demand,22439.88306
NDPRJ_3940,block_demand,34947.37972
NDPRJ_3941,block_demand,5199.382645
NDPRJ_3942,block_demand,20656.76691
NDPRJ_3943,block_demand,39773.52023
NDPRJ_3944,block_demand,40850.57813
NDPRJ_3945,block_demand,18919.45188
NDPRJ_3946,block_demand,2605.672125
NDPRJ_3947,block_demand,5627.941263
NDPRJ_3948,block_demand,15498.39255
NDPRJ_3949,block_demand,7060.196851
NDPRJ_3950,block_demand,32496.34002
NDPRJ_3951,block_demand,33500.84478
NDPRJ_3952,block_demand,41311.91106
NDPRJ_3953,block_demand,41323.67102
NDPRJ_3954,block_demand,47218.85582
NDPRJ_3955,block_demand,76231.98444
NDPRJ_3956,block_demand,78240.41297
NDPRJ_3957,block_demand,100170
NDPRJ_3958,block_demand,69571.94158
NDPRJ_3959,block_demand,9617.22153
NDPRJ_3960,block_demand,20259.70304
NDPRJ_3961,block_demand,24611.38835
NDPRJ_3962,block_demand,22701.03627
NDPRJ_3963,block_demand,33665.17367
NDPRJ_3964,block_demand,8347.5
NDPRJ_3965,block_demand,59.76
NDPRJ_3966,block_demand,1247.44768
NDPRJ_3967,block_demand,21989.93055
NDPRJ_3968,block_demand,1056.0339
NDPRJ_3969,block_demand,5292.71568
NDPRJ_3970,block_demand,239295
NDPRJ_3971,block_demand,467.45766
NDPRJ_3972,block_demand,7110.34608
NDPRJ_3973,block_demand,19.40696
NDPRJ_3974,block_demand,44040
NDPRJ_3975,block_demand,10234.75289
NDPRJ_3976,block_demand,6684.06585
NDPRJ_3977,block_demand,4502.36325
NDPRJ_3978,block_demand,492.281964
NDPRJ_3979,block_demand,5497.92
NDPRJ_3980,block_demand,10254.9594
NDPRJ_3981,block_demand,80491.96672
NDPRJ_3982,block_demand,8888.9745
NDPRJ_3983,block_demand,7462.091805
NDPRJ_3984,block_demand,1904.304045
NDPRJ_3985,block_demand,293.832
NDPRJ_3986,block_demand,20143.12408
NDPRJ_3987,block_demand,24239.44824
NDPRJ_3988,block_demand,2046.32594
NDPRJ_3989,block_demand,12683.36958
NDPRJ_3990,block_demand,6317.9445
NDPRJ_3991,block_demand,2736.47745
NDPRJ_3992,block_demand,3078.71382
NDPRJ_3993,block_demand,51751.84549
NDPRJ_3994,block_demand,7835.19723
NDPRJ_3995,block_demand,9349.2
NDPRJ_3996,block_demand,1068.48
NDPRJ_3997,block_demand,6688.078215
NDPRJ_3998,block_demand,353.28888
NDPRJ_3999,block_demand,4533.900105
NDPRJ_4000,block_demand,4454.70462
NDPRJ_4001,block_demand,6405.77133
NDPRJ_4002,block_demand,841.7196
NDPRJ_4003,block_demand,2723.377816
NDPRJ_4004,block_demand,19576.27875
NDPRJ_4005,block_demand,1477.981332
NDPRJ_4006,block_demand,13213.4247
NDPRJ_4007,block_demand,5375.60079
NDPRJ_4008,block_demand,27121.08315
NDPRJ_4009,block_demand,6142.37988
NDPRJ_4010,block_demand,3926.37462
NDPRJ_4011,block_demand,14821.2645
NDPRJ_4012,block_demand,1555.434195
NDPRJ_4013,block_demand,55650
NDPRJ_4014,block_demand,7445.307765
NDPRJ_4015,block_demand,7791
NDPRJ_4016,block_demand,14760.58106
NDPRJ_4017,block_demand,34922.69004
NDPRJ_4018,block_demand,1317.792
NDPRJ_4019,block_demand,66780
NDPRJ_4020,block_demand,30448.341
NDPRJ_4021,block_demand,13076.85403
NDPRJ_4022,block_demand,28843.61632
NDPRJ_4023,block_demand,15304.1936
NDPRJ_4024,block_demand,14450.1112
NDPRJ_4025,block_demand,15190.13
NDPRJ_4026,block_demand,2395.7325
NDPRJ_4027,block_demand,735.874182
NDPRJ_4028,block_demand,26636.11009
NDPRJ_4029,block_demand,194775
NDPRJ_4030,block_demand,155820
NDPRJ_4031,block_demand,39521.51144
NDPRJ_4032,block_demand,39867.66
NDPRJ_4033,block_demand,20483.652
NDPRJ_4034,block_demand,22410.5614
NDPRJ_4035,block_demand,1319.1276
NDPRJ_4036,block_demand,917.91336
NDPRJ_4037,block_demand,319.7649
NDPRJ_4038,block_demand,7429.662
NDPRJ_4039,block_demand,1093.523476
NDPRJ_4040,block_demand,4059.90018
NDPRJ_4041,block_demand,4079.623968
NDPRJ_4042,block_demand,38167.8532
NDPRJ_4043,block_demand,104684.58
NDPRJ_4044,block_demand,6433.06209
NDPRJ_4045,block_demand,15956.18503
NDPRJ_4046,block_demand,4917.99084
NDPRJ_4047,block_demand,7193.2
NDPRJ_4048,block_demand,100170
NDPRJ_4049,block_demand,19155.198
NDPRJ_4050,block_demand,747
NDPRJ_4051,block_demand,26643.0256
NDPRJ_4052,block_demand,16511.20474
NDPRJ_4053,block_demand,14825.16
NDPRJ_4054,block_demand,12465.81703
NDPRJ_4055,block_demand,11466.00357
NDPRJ_4056,block_demand,7929.240165
NDPRJ_4057,block_demand,5291.3133
NDPRJ_4058,block_demand,1626.41577
NDPRJ_4059,block_demand,99.396465
NDPRJ_4060,block_demand,62978.62085
NDPRJ_4061,block_demand,658.00989
NDPRJ_4062,block_demand,28294.1295
NDPRJ_4063,block_demand,24604.18499
NDPRJ_4064,block_demand,33864.23357
NDPRJ_4065,block_demand,25752.63852
NDPRJ_4066,block_demand,3617.25
NDPRJ_4067,block_demand,1177.364628
NDPRJ_4068,block_demand,7046.57616
NDPRJ_4069,block_demand,1192.023
NDPRJ_4070,block_demand,42294
NDPRJ_4071,block_demand,13195.74469
NDPRJ_4072,block_demand,9580.42575
NDPRJ_4073,block_demand,4151.12271
NDPRJ_4074,block_demand,8547.84
NDPRJ_4075,block_demand,3446.652024
NDPRJ_4076,block_demand,12288.71091
NDPRJ_4077,block_demand,10447.55848
NDPRJ_4078,block_demand,6012.453825
NDPRJ_4079,block_demand,1669.5
NDPRJ_4080,block_demand,784.920516
NDPRJ_4081,block_demand,5565
NDPRJ_4082,block_demand,13912.5
NDPRJ_4083,block_demand,20034
NDPRJ_4084,block_demand,14228.79552
NDPRJ_4085,block_demand,16720.19704
NDPRJ_4086,block_demand,2990596.441
NDPRJ_4087,block_demand,18642.75
NDPRJ_4088,block_demand,25203.885
NDPRJ_4089,block_demand,22667.9145
NDPRJ_4090,block_demand,222.606
NDPRJ_4091,block_demand,39559.58179
NDPRJ_4092,block_demand,10128.3
NDPRJ_4093,block_demand,79503.42645
NDPRJ_4094,block_demand,29249.04455
NDPRJ_4095,block_demand,149.4
NDPRJ_4096,block_demand,45.648928
NDPRJ_4097,block_demand,25042.5
NDPRJ_4098,block_demand,4731.657945
NDPRJ_4099,block_demand,680.1543
NDPRJ_4100,block_demand,4571.363685
NDPRJ_4101,block_demand,316.031796
NDPRJ_4102,block_demand,18154.6995
NDPRJ_4103,block_demand,1861.843848
NDPRJ_4104,block_demand,27825
NDPRJ_4105,block_demand,277.33456
NDPRJ_4106,block_demand,4848.23913
NDPRJ_4107,block_demand,12078.15914
NDPRJ_4108,block_demand,10781.09244
NDPRJ_4109,block_demand,5442.64791
NDPRJ_4110,block_demand,65611.86198
NDPRJ_4111,block_demand,16492.9905
NDPRJ_4112,block_demand,11018.7
NDPRJ_4113,block_demand,4092.807075
NDPRJ_4114,block_demand,110552.6928
NDPRJ_4115,block_demand,491.66775
NDPRJ_4116,block_demand,248.092
NDPRJ_4117,block_demand,3537.771084
NDPRJ_4118,block_demand,924.832314
NDPRJ_4119,block_demand,8404.27413
NDPRJ_4120,block_demand,10557.6954
NDPRJ_4121,block_demand,8009.42625
NDPRJ_4122,block_demand,13503.83979
NDPRJ_4123,block_demand,25539.04269
NDPRJ_4124,block_demand,19251.44414
NDPRJ_4125,block_demand,14325.47309
NDPRJ_4126,block_demand,7749.75222
NDPRJ_4127,block_demand,74199.8145
NDPRJ_4128,block_demand,46663.12602
NDPRJ_4129,block_demand,13343.6457
NDPRJ_4130,block_demand,16138.5
NDPRJ_4131,block_demand,598.91643
NDPRJ_4132,block_demand,13912.5
NDPRJ_4133,block_demand,1187.84925
NDPRJ_4134,block_demand,19818.91016
NDPRJ_4135,block_demand,22260
NDPRJ_4136,block_demand,272.36223
NDPRJ_4137,block_demand,257.49255
NDPRJ_4138,block_demand,7743.2523
NDPRJ_4139,block_demand,7596.30276
NDPRJ_4140,block_demand,4478.30019
NDPRJ_4141,block_demand,104.8788
NDPRJ_4142,block_demand,4279.86342
NDPRJ_4143,block_demand,5310.71289
NDPRJ_4144,block_demand,198.386766
NDPRJ_4145,block_demand,194.22
NDPRJ_4146,block_demand,39433.0335
NDPRJ_4147,block_demand,587.367352
NDPRJ_4148,block_demand,16493.87952
NDPRJ_4149,block_demand,29967.84008
NDPRJ_4150,block_demand,5893.8915
NDPRJ_4151,block_demand,12940.1832
NDPRJ_4152,block_demand,126.248
NDPRJ_4153,block_demand,3987.951345
NDPRJ_4154,block_demand,1404.028332
NDPRJ_4155,block_demand,1702.695225
NDPRJ_4156,block_demand,772.765524
NDPRJ_4157,block_demand,13819.67126
NDPRJ_4158,block_demand,5505.74388
NDPRJ_4159,block_demand,7846.18108
NDPRJ_4160,block_demand,22020
NDPRJ_4161,block_demand,1547.028036
NDPRJ_4162,block_demand,6110.46
NDPRJ_4163,block_demand,5822.202504
NDPRJ_4164,block_demand,539.0352
NDPRJ_4165,block_demand,1922.653998
NDPRJ_4166,block_demand,7955.0562
NDPRJ_4167,block_demand,10727.17191
NDPRJ_4168,block_demand,1169.424948
NDPRJ_4169,block_demand,3461.399298
NDPRJ_4170,block_demand,4088.26256
NDPRJ_4171,block_demand,814.74
NDPRJ_4172,block_demand,7457.72328
NDPRJ_4173,block_demand,3561.6
NDPRJ_4174,block_demand,642.42
NDPRJ_4175,block_demand,2435.412
NDPRJ_4176,block_demand,2159.116784
NDPRJ_4177,block_demand,5036.325
NDPRJ_4178,block_demand,77196.33608
NDPRJ_4179,block_demand,8511.884535
NDPRJ_4180,block_demand,7799.931825
NDPRJ_4181,block_demand,52290
NDPRJ_4182,block_demand,1966.59152
NDPRJ_4183,block_demand,4885.652625
NDPRJ_4184,block_demand,32101.10705
NDPRJ_4185,block_demand,4292.841
NDPRJ_4186,block_demand,463.14
NDPRJ_4187,block_demand,29656.33576
NDPRJ_4188,block_demand,14611.7979
NDPRJ_4189,block_demand,2241
NDPRJ_4190,block_demand,18042.34772
NDPRJ_4191,block_demand,46770.9312
NDPRJ_4192,block_demand,17128.17403
NDPRJ_4193,block_demand,68030.5668
NDPRJ_4194,block_demand,74239.326
NDPRJ_4195,block_demand,8332.038
NDPRJ_4196,block_demand,22998.047
NDPRJ_4197,block_demand,4222.1655
NDPRJ_4198,block_demand,26712
NDPRJ_4199,block_demand,31167.97898
NDPRJ_4200,block_demand,26307.7584
NDPRJ_4201,block_demand,57472.71001
NDPRJ_4202,block_demand,127.61748
NDPRJ_4203,block_demand,352.854352
NDPRJ_4204,block_demand,65011.63778
NDPRJ_4205,block_demand,89299.89663
NDPRJ_4206,block_demand,7810.24377
NDPRJ_4207,block_demand,10097.93736
NDPRJ_4208,block_demand,3542.2338
NDPRJ_4209,block_demand,13951.23797
NDPRJ_4210,block_demand,9827.37819
NDPRJ_4211,block_demand,8097.559155
NDPRJ_4212,block_demand,38267.166
NDPRJ_4213,block_demand,39694.74988
NDPRJ_4214,block_demand,45206.71544
NDPRJ_4215,block_demand,858.507678
NDPRJ_4216,block_demand,317205
NDPRJ_4217,block_demand,13102.72572
NDPRJ_4218,block_demand,50079.25692
NDPRJ_4219,block_demand,12447.792
NDPRJ_4220,block_demand,881.646255
NDPRJ_4221,block_demand,25480.30968
NDPRJ_4222,block_demand,90436.24276
NDPRJ_4223,block_demand,6949.707244
NDPRJ_4224,block_demand,406.2186
NDPRJ_4225,block_demand,15731.6985
NDPRJ_4226,block_demand,37363.23192
NDPRJ_4227,block_demand,26734.12644
NDPRJ_4228,block_demand,110138.8683
NDPRJ_4229,block_demand,66780
NDPRJ_4230,block_demand,19371.40327
NDPRJ_4231,block_demand,355.48236
NDPRJ_4232,block_demand,2030.373555
NDPRJ_4233,block_demand,9957.415545
NDPRJ_4234,block_demand,9194.10345
NDPRJ_4235,block_demand,667.8
NDPRJ_4236,block_demand,18982.92732
NDPRJ_4237,block_demand,43.37206
NDPRJ_4238,block_demand,22636.96223
NDPRJ_4239,block_demand,163865.5988
NDPRJ_4240,block_demand,5349.617805
NDPRJ_4241,block_demand,1645.72632
NDPRJ_4242,block_demand,108.56898
NDPRJ_4243,block_demand,4802.983316
NDPRJ_4244,block_demand,1539.40143
NDPRJ_4245,block_demand,39275.6553
NDPRJ_4246,block_demand,598.176285
NDPRJ_4247,block_demand,3428.5965
NDPRJ_4248,block_demand,21147
NDPRJ_4249,block_demand,2757.54654
NDPRJ_4250,block_demand,9563.810076
NDPRJ_4251,block_demand,68148.23
NDPRJ_4252,block_demand,3744.671805
NDPRJ_4253,block_demand,30087.68448
NDPRJ_4254,block_demand,4737.367635
NDPRJ_4255,block_demand,24872.5449
NDPRJ_4256,block_demand,16219.5097
NDPRJ_4257,block_demand,12896.63707
NDPRJ_4258,block_demand,8748.547468
NDPRJ_4259,block_demand,40068
NDPRJ_4260,block_demand,95006.03616
NDPRJ_4261,block_demand,835.791408
NDPRJ_4262,block_demand,17448.19493
NDPRJ_4263,block_demand,657.004428
NDPRJ_4264,block_demand,13703.80464
NDPRJ_4265,block_demand,17766.42596
NDPRJ_4266,block_demand,7522.1788
NDPRJ_4267,block_demand,13703.80464
NDPRJ_4268,block_demand,3943.687335
NDPRJ_4269,block_demand,3241.350945
NDPRJ_4270,block_demand,253.98
NDPRJ_4271,block_demand,53396.15274
NDPRJ_4272,block_demand,16611.58622
NDPRJ_4273,block_demand,11105.11889
NDPRJ_4274,block_demand,13540.22932
NDPRJ_4275,block_demand,860.225778
NDPRJ_4276,block_demand,3590.187405
NDPRJ_4277,block_demand,9004.44825
NDPRJ_4278,block_demand,165.230424
NDPRJ_4279,block_demand,1335.6
NDPRJ_4280,block_demand,15351.609
NDPRJ_4281,block_demand,81050.48532
NDPRJ_4282,block_demand,1101.60288
NDPRJ_4283,block_demand,267120
NDPRJ_4284,block_demand,7616.412
NDPRJ_4285,block_demand,68631.13047
NDPRJ_4286,block_demand,48143.64975
NDPRJ_4287,block_demand,6295.75128
NDPRJ_4288,block_demand,28045.88042
NDPRJ_4289,block_demand,7568.2887
NDPRJ_4290,block_demand,41796.1551
NDPRJ_4291,block_demand,9728.9556
NDPRJ_4292,block_demand,93052.95129
NDPRJ_4293,block_demand,39897.54639
NDPRJ_4294,block_demand,35165.89167
NDPRJ_4295,block_demand,8028.074565
NDPRJ_4296,block_demand,6711.39
NDPRJ_4297,block_demand,6329.8536
NDPRJ_4298,block_demand,163.733436
NDPRJ_4299,block_demand,117.519272
NDPRJ_4300,block_demand,3325.92225
NDPRJ_4301,block_demand,382.464
NDPRJ_4302,block_demand,267120
NDPRJ_4303,block_demand,7890.118215
NDPRJ_4304,block_demand,5761.461195
NDPRJ_4305,block_demand,445.2
NDPRJ_4306,block_demand,92.63814
NDPRJ_4307,block_demand,7420.371
NDPRJ_4308,block_demand,8832.0798
NDPRJ_4309,block_demand,15276.89467
NDPRJ_4310,block_demand,319.303005
NDPRJ_4311,block_demand,14860.51444
NDPRJ_4312,block_demand,9362.572695
NDPRJ_4313,block_demand,2647.954995
NDPRJ_4314,block_demand,1953.39291
NDPRJ_4315,block_demand,123669.882
NDPRJ_4316,block_demand,71954.28135
NDPRJ_4317,block_demand,27825
NDPRJ_4318,block_demand,8409.321585
NDPRJ_4319,block_demand,25539.81623
NDPRJ_4320,block_demand,12906.22557
NDPRJ_4321,block_demand,6677.48802
NDPRJ_4322,block_demand,1684.546148
NDPRJ_4323,block_demand,1665.18156
NDPRJ_4324,block_demand,106.551844
NDPRJ_4325,block_demand,1244.295828
NDPRJ_4326,block_demand,11130
NDPRJ_4327,block_demand,22260
NDPRJ_4328,block_demand,5451.57417
NDPRJ_4329,block_demand,2838.52842
NDPRJ_4330,block_demand,7189.32333
NDPRJ_4331,block_demand,210.612168
NDPRJ_4332,block_demand,21155.77044
NDPRJ_4333,block_demand,5918.90061
NDPRJ_4334,block_demand,9266.43732
NDPRJ_4335,block_demand,4304.4162
NDPRJ_4336,block_demand,1860.204092
NDPRJ_4337,block_demand,138568.5
NDPRJ_4338,block_demand,6455.4
NDPRJ_4339,block_demand,317093.7
NDPRJ_4340,block_demand,1080.04407
NDPRJ_4341,block_demand,133.36938
NDPRJ_4342,block_demand,162266.3291
NDPRJ_4343,block_demand,20587.92507
NDPRJ_4344,block_demand,117592.9577
NDPRJ_4345,block_demand,94949.12322
NDPRJ_4346,block_demand,2671.2
NDPRJ_4347,block_demand,16757.35799
NDPRJ_4348,block_demand,2337.3
NDPRJ_4349,block_demand,10469.93535
NDPRJ_4350,block_demand,958.52673
NDPRJ_4351,block_demand,19328.9145
NDPRJ_4352,block_demand,3504.074595
NDPRJ_4353,block_demand,32587.70508
NDPRJ_4354,block_demand,3936.4584
NDPRJ_4355,block_demand,19289.403
NDPRJ_4356,block_demand,785.481292
NDPRJ_4357,block_demand,21503.95023
NDPRJ_4358,block_demand,4930.283925
NDPRJ_4359,block_demand,2533.037745
NDPRJ_4360,block_demand,13473.978
NDPRJ_4361,block_demand,1969.63158
NDPRJ_4362,block_demand,9878.187564
NDPRJ_4363,block_demand,128239.3647
NDPRJ_4364,block_demand,7264.756905
NDPRJ_4365,block_demand,21820.67664
NDPRJ_4366,block_demand,478.180448
NDPRJ_4367,block_demand,149.4
NDPRJ_4368,block_demand,5238.36716
NDPRJ_4369,block_demand,8190.55587
NDPRJ_4370,block_demand,2211.01902
NDPRJ_4371,block_demand,5121.052125
NDPRJ_4372,block_demand,2023.595385
NDPRJ_4373,block_demand,5162.923185
NDPRJ_4374,block_demand,25599
NDPRJ_4375,block_demand,16048.00197
NDPRJ_4376,block_demand,268.207362
NDPRJ_4377,block_demand,267.673652
NDPRJ_4378,block_demand,32123.406
NDPRJ_4379,block_demand,19756.50127
NDPRJ_4380,block_demand,6678
NDPRJ_4381,block_demand,13153.50078
NDPRJ_4382,block_demand,3038.49
NDPRJ_4383,block_demand,9591.29976
NDPRJ_4384,block_demand,31515.01238
NDPRJ_4385,block_demand,1101.87
NDPRJ_4386,block_demand,14401.60785
NDPRJ_4387,block_demand,22744.34977
NDPRJ_4388,block_demand,72345
NDPRJ_4389,block_demand,79649.46318
NDPRJ_4390,block_demand,2288.86029
NDPRJ_4391,block_demand,89040
NDPRJ_4392,block_demand,89040
NDPRJ_4393,block_demand,23687.4225
NDPRJ_4394,block_demand,16710.87694
NDPRJ_4395,block_demand,31817.2852
NDPRJ_4396,block_demand,141543.2207
NDPRJ_4397,block_demand,478.272795
NDPRJ_4398,block_demand,1040.24319
NDPRJ_4399,block_demand,8904
NDPRJ_4400,block_demand,4730.25
NDPRJ_4401,block_demand,12010.9395
NDPRJ_4402,block_demand,2894.439975
NDPRJ_4403,block_demand,48021.55365
NDPRJ_4404,block_demand,822.835335
NDPRJ_4405,block_demand,4438.8666
NDPRJ_4406,block_demand,1884.99906
NDPRJ_4407,block_demand,23339.0535
NDPRJ_4408,block_demand,17971.0545
NDPRJ_4409,block_demand,14273.65181
NDPRJ_4410,block_demand,1317.792
NDPRJ_4411,block_demand,17808
NDPRJ_4412,block_demand,22756.398
NDPRJ_4413,block_demand,4106.441325
NDPRJ_4414,block_demand,8959.010025
NDPRJ_4415,block_demand,25852.764
NDPRJ_4416,block_demand,990.40305
NDPRJ_4417,block_demand,771.014152
NDPRJ_4418,block_demand,5565
NDPRJ_4419,block_demand,4173.75
NDPRJ_4420,block_demand,1888.813404
NDPRJ_4421,block_demand,846.0522
NDPRJ_4422,block_demand,3720.76344
NDPRJ_4423,block_demand,1494
NDPRJ_4424,block_demand,7086.57182
NDPRJ_4425,block_demand,555943.5
NDPRJ_4426,block_demand,25165.33386
NDPRJ_4427,block_demand,946.679436
NDPRJ_4428,block_demand,1430.48325
NDPRJ_4429,block_demand,16695
NDPRJ_4430,block_demand,4471.560975
NDPRJ_4431,block_demand,7365.525584
NDPRJ_4432,block_demand,45489.09467
NDPRJ_4433,block_demand,63351.72071
NDPRJ_4434,block_demand,10276
NDPRJ_4435,block_demand,5198.639355
NDPRJ_4436,block_demand,1456.1379
NDPRJ_4437,block_demand,17808
NDPRJ_4438,block_demand,12706.59232
NDPRJ_4439,block_demand,39186.49106
NDPRJ_4440,block_demand,2141.7459
NDPRJ_4441,block_demand,2242.233476
NDPRJ_4442,block_demand,45792.54299
NDPRJ_4443,block_demand,1209.592364
NDPRJ_4444,block_demand,443.002764
NDPRJ_4445,block_demand,7422.192
NDPRJ_4446,block_demand,58215.465
NDPRJ_4447,block_demand,14707.53816
NDPRJ_4448,block_demand,16307.676
NDPRJ_4449,block_demand,6245.037435
NDPRJ_4450,block_demand,23714.94699
NDPRJ_4451,block_demand,190126.44
NDPRJ_4452,block_demand,1533.53152
NDPRJ_4453,block_demand,7253.615775
NDPRJ_4454,block_demand,7345.8
NDPRJ_4455,block_demand,4282.67052
NDPRJ_4456,block_demand,2534.571
NDPRJ_4457,block_demand,90125.92664
NDPRJ_4458,block_demand,600.756822
NDPRJ_4459,block_demand,2088.026352
NDPRJ_4460,block_demand,2501.975524
NDPRJ_4461,block_demand,608.749722
NDPRJ_4462,block_demand,2626.986
NDPRJ_4463,block_demand,4340.7
NDPRJ_4464,block_demand,223.00068
NDPRJ_4465,block_demand,1446.9
NDPRJ_4466,block_demand,10109.11744
NDPRJ_4467,block_demand,12556.4208
NDPRJ_4468,block_demand,44522.50425
NDPRJ_4469,block_demand,1602.07446
NDPRJ_4470,block_demand,2234.904
NDPRJ_4471,block_demand,30048.47906
NDPRJ_4472,block_demand,144.0475
NDPRJ_4473,block_demand,59223.843
NDPRJ_4474,block_demand,1316.679
NDPRJ_4475,block_demand,97035.61392
NDPRJ_4476,block_demand,1425.965288
NDPRJ_4477,block_demand,1315.540206
NDPRJ_4478,block_demand,94.967604
NDPRJ_4479,block_demand,3162.038565
NDPRJ_4480,block_demand,7528.332
NDPRJ_4481,block_demand,1563.214065
NDPRJ_4482,block_demand,1160.829036
NDPRJ_4483,block_demand,3058.00089
NDPRJ_4484,block_demand,13423.14173
NDPRJ_4485,block_demand,9273.99459
NDPRJ_4486,block_demand,8062.321575
NDPRJ_4487,block_demand,6884.17212
NDPRJ_4488,block_demand,830.801448
NDPRJ_4489,block_demand,1391.25
NDPRJ_4490,block_demand,11719.56723
NDPRJ_4491,block_demand,4976.005965
NDPRJ_4492,block_demand,158.7138
NDPRJ_4493,block_demand,29346.08145
NDPRJ_4494,block_demand,22.02
NDPRJ_4495,block_demand,163572.045
NDPRJ_4496,block_demand,34148.5095
NDPRJ_4497,block_demand,83.4191
NDPRJ_4498,block_demand,17722.24335
NDPRJ_4499,block_demand,30364.69905
NDPRJ_4500,block_demand,7941.38856
NDPRJ_4501,block_demand,34294.89126
NDPRJ_4502,block_demand,10115.39477
NDPRJ_4503,block_demand,4911.952815
NDPRJ_4504,block_demand,14093.81327
NDPRJ_4505,block_demand,4452
NDPRJ_4506,block_demand,37917.72
NDPRJ_4507,block_demand,15583.94775
NDPRJ_4508,block_demand,100362.638
NDPRJ_4509,block_demand,1494
NDPRJ_4510,block_demand,32644.65
NDPRJ_4511,block_demand,57.11988
NDPRJ_4512,block_demand,7234.5
NDPRJ_4513,block_demand,657.28215
NDPRJ_4514,block_demand,12799.5
NDPRJ_4515,block_demand,2273.239026
NDPRJ_4516,block_demand,2988
NDPRJ_4517,block_demand,14841.0926
NDPRJ_4518,block_demand,3846.528
NDPRJ_4519,block_demand,13974.44958
NDPRJ_4520,block_demand,20047.84016
NDPRJ_4521,block_demand,9195.59487
NDPRJ_4522,block_demand,71362.05405
NDPRJ_4523,block_demand,23546.78382
NDPRJ_4524,block_demand,74075.45344
NDPRJ_4525,block_demand,78897.39795
NDPRJ_4526,block_demand,64828.4658
NDPRJ_4527,block_demand,4805.934
NDPRJ_4528,block_demand,27449.08425
NDPRJ_4529,block_demand,20757.45
NDPRJ_4530,block_demand,12243
NDPRJ_4531,block_demand,797.74275
NDPRJ_4532,block_demand,468.16119
NDPRJ_4533,block_demand,51175.74
NDPRJ_4534,block_demand,2932.755
NDPRJ_4535,block_demand,3177.738
NDPRJ_4536,block_demand,66770.83496
NDPRJ_4537,block_demand,170.2413
NDPRJ_4538,block_demand,43589.36804
NDPRJ_4539,block_demand,1175.46156
NDPRJ_4540,block_demand,16654.3755
NDPRJ_4541,block_demand,67674.47915
NDPRJ_4542,block_demand,2643.8202
NDPRJ_4543,block_demand,2356.6662
NDPRJ_4544,block_demand,622.167
NDPRJ_4545,block_demand,149.4
NDPRJ_4546,block_demand,22653.48604
NDPRJ_4547,block_demand,21559.76732
NDPRJ_4548,block_demand,17076.58193
NDPRJ_4549,block_demand,11592.2088
NDPRJ_4550,block_demand,573.38226
NDPRJ_4551,block_demand,5578.38684
NDPRJ_4552,block_demand,21119.59238
NDPRJ_4553,block_demand,28503.68624
NDPRJ_4554,block_demand,5322.228128
NDPRJ_4555,block_demand,375.808
NDPRJ_4556,block_demand,486.54795
NDPRJ_4557,block_demand,573265.6755
NDPRJ_4558,block_demand,4171.151145
NDPRJ_4559,block_demand,4783.87434
NDPRJ_4560,block_demand,1039.731552
NDPRJ_4561,block_demand,980.872254
NDPRJ_4562,block_demand,1847.783682
NDPRJ_4563,block_demand,672.3
NDPRJ_4564,block_demand,13598.42164
NDPRJ_4565,block_demand,20812.46724
NDPRJ_4566,block_demand,92968.44
NDPRJ_4567,block_demand,6640.398176
NDPRJ_4568,block_demand,36721.209
NDPRJ_4569,block_demand,235.635174
NDPRJ_4570,block_demand,10653.13515
NDPRJ_4571,block_demand,3895.5
NDPRJ_4572,block_demand,17632.27956
NDPRJ_4573,block_demand,4856.50098
NDPRJ_4574,block_demand,11249.63632
NDPRJ_4575,block_demand,4432.5225
NDPRJ_4576,block_demand,3323.36235
NDPRJ_4577,block_demand,6761.87568
NDPRJ_4578,block_demand,1484.742
NDPRJ_4579,block_demand,12583.14393
NDPRJ_4580,block_demand,218.494512
NDPRJ_4581,block_demand,154.89792
NDPRJ_4582,block_demand,2892.42135
NDPRJ_4583,block_demand,2884.946085
NDPRJ_4584,block_demand,2030.30121
NDPRJ_4585,block_demand,28828.08928
NDPRJ_4586,block_demand,37878.70674
NDPRJ_4587,block_demand,147.906
NDPRJ_4588,block_demand,252.720604
NDPRJ_4589,block_demand,20705.74938
NDPRJ_4590,block_demand,222.399064
NDPRJ_4591,block_demand,72231.36043
NDPRJ_4592,block_demand,370.5232
NDPRJ_4593,block_demand,1409.4268
NDPRJ_4594,block_demand,180.88696
NDPRJ_4595,block_demand,17601.76666
NDPRJ_4596,block_demand,15865.0359
NDPRJ_4597,block_demand,5118.20841
NDPRJ_4598,block_demand,14525.03955
NDPRJ_4599,block_demand,14580.97893
NDPRJ_4600,block_demand,8773.90143
NDPRJ_4601,block_demand,9618.93555
NDPRJ_4602,block_demand,10978.38157
NDPRJ_4603,block_demand,5672.220855
NDPRJ_4604,block_demand,5338.99422
NDPRJ_4605,block_demand,249.2664
NDPRJ_4606,block_demand,3087.9072
NDPRJ_4607,block_demand,190.332072
NDPRJ_4608,block_demand,128.025748
NDPRJ_4609,block_demand,1667.274
NDPRJ_4610,block_demand,15530.05629
NDPRJ_4611,block_demand,7092.063825
NDPRJ_4612,block_demand,2686.180626
NDPRJ_4613,block_demand,956.558898
NDPRJ_4614,block_demand,275.204492
NDPRJ_4615,block_demand,145.798824
NDPRJ_4616,block_demand,422.190928
NDPRJ_4617,block_demand,8655.118488
NDPRJ_4618,block_demand,7077.505785
NDPRJ_4619,block_demand,21789.27334
NDPRJ_4620,block_demand,320.844612
NDPRJ_4621,block_demand,3912.541492
NDPRJ_4622,block_demand,429.034744
NDPRJ_4623,block_demand,831.3284
NDPRJ_4624,block_demand,227.940764
NDPRJ_4625,block_demand,156.846992
NDPRJ_4626,block_demand,4075.270452
NDPRJ_4627,block_demand,143.676096
NDPRJ_4628,block_demand,8167.57032
NDPRJ_4629,block_demand,26487.0506
NDPRJ_4630,block_demand,35429.71698
NDPRJ_4631,block_demand,14.68
NDPRJ_4632,block_demand,254.2788
NDPRJ_4633,block_demand,4510.69962
NDPRJ_4634,block_demand,1546.79175
NDPRJ_4635,block_demand,12421.08
NDPRJ_4636,block_demand,1815.542295
NDPRJ_4637,block_demand,1040.56244
NDPRJ_4638,block_demand,1233.98612
NDPRJ_4639,block_demand,1141.4928
NDPRJ_4640,block_demand,1983.366
NDPRJ_4641,block_demand,10181.11435
NDPRJ_4642,block_demand,9545.7636
NDPRJ_4643,block_demand,763.518
NDPRJ_4644,block_demand,28.626
NDPRJ_4645,block_demand,930.707596
NDPRJ_4646,block_demand,10369.65106
NDPRJ_4647,block_demand,2137.044492
NDPRJ_4648,block_demand,13676.38818
NDPRJ_4649,block_demand,1449.417546
NDPRJ_4650,block_demand,10580.45625
NDPRJ_4651,block_demand,1774.917795
NDPRJ_4652,block_demand,54484.8003
NDPRJ_4653,block_demand,257.3404
NDPRJ_4654,block_demand,192.027612
NDPRJ_4655,block_demand,866.52
NDPRJ_4656,block_demand,6402.9777
NDPRJ_4657,block_demand,40624.5
NDPRJ_4658,block_demand,26733.3863
NDPRJ_4659,block_demand,22883.90328
NDPRJ_4660,block_demand,27314.17195
NDPRJ_4661,block_demand,11619.4974
NDPRJ_4662,block_demand,1314.525004
NDPRJ_4663,block_demand,6791.67264
NDPRJ_4664,block_demand,854.784
NDPRJ_4665,block_demand,4652.34
NDPRJ_4666,block_demand,1562.652
NDPRJ_4667,block_demand,22430.289
NDPRJ_4668,block_demand,68573.7108
NDPRJ_4669,block_demand,3686.256
NDPRJ_4670,block_demand,7771.57137
NDPRJ_4671,block_demand,276.39
NDPRJ_4672,block_demand,20014.5225
NDPRJ_4673,block_demand,24643.4895
NDPRJ_4674,block_demand,36176.0616
NDPRJ_4675,block_demand,135.865854
NDPRJ_4676,block_demand,158.364
NDPRJ_4677,block_demand,1001.7
NDPRJ_4678,block_demand,11383.4959
NDPRJ_4679,block_demand,304.44732
NDPRJ_4680,block_demand,33.764
NDPRJ_4681,block_demand,13282.542
NDPRJ_4682,block_demand,527.286384
NDPRJ_4683,block_demand,234.788076
NDPRJ_4684,block_demand,5860.637802
NDPRJ_4685,block_demand,46399.13355
NDPRJ_4686,block_demand,155.076584
NDPRJ_4687,block_demand,578.24802
NDPRJ_4688,block_demand,9553.26348
NDPRJ_4689,block_demand,10848.47333
NDPRJ_4690,block_demand,85.1445
NDPRJ_4691,block_demand,43.1592
NDPRJ_4692,block_demand,60.68628
NDPRJ_4693,block_demand,298.21722
NDPRJ_4694,block_demand,86.587758
NDPRJ_4695,block_demand,433.23525
NDPRJ_4696,block_demand,445.2
NDPRJ_4697,block_demand,474.28269
NDPRJ_4698,block_demand,138.81408
NDPRJ_4699,block_demand,537.8016
NDPRJ_4700,block_demand,145.43343
NDPRJ_4701,block_demand,146.5614
NDPRJ_4702,block_demand,662.59116
NDPRJ_4703,block_demand,203.69196
NDPRJ_4704,block_demand,765.744
NDPRJ_4705,block_demand,216.848124
NDPRJ_4706,block_demand,814.58244
NDPRJ_4707,block_demand,234.88
NDPRJ_4708,block_demand,239.4308
NDPRJ_4709,block_demand,928.414515
NDPRJ_4710,block_demand,972.2055
NDPRJ_4711,block_demand,975.973005
NDPRJ_4712,block_demand,1020.621
NDPRJ_4713,block_demand,292.132
NDPRJ_4714,block_demand,298.8
NDPRJ_4715,block_demand,1183.119
NDPRJ_4716,block_demand,334.1168
NDPRJ_4717,block_demand,364.153536
NDPRJ_4718,block_demand,1359.61854
NDPRJ_4719,block_demand,361.954484
NDPRJ_4720,block_demand,393.80346
NDPRJ_4721,block_demand,403.38
NDPRJ_4722,block_demand,410.04324
NDPRJ_4723,block_demand,1599.20292
NDPRJ_4724,block_demand,1669.5
NDPRJ_4725,block_demand,448.58844
NDPRJ_4726,block_demand,1680.145845
NDPRJ_4727,block_demand,450.72004
NDPRJ_4728,block_demand,475.839
NDPRJ_4729,block_demand,484.611768
NDPRJ_4730,block_demand,482.03248
NDPRJ_4731,block_demand,1836.45
NDPRJ_4732,block_demand,1872.27747
NDPRJ_4733,block_demand,1899.0006
NDPRJ_4734,block_demand,514.3842
NDPRJ_4735,block_demand,509.42536
NDPRJ_4736,block_demand,1937.1765
NDPRJ_4737,block_demand,513.8
NDPRJ_4738,block_demand,526.907772
NDPRJ_4739,block_demand,2059.05
NDPRJ_4740,block_demand,562.882428
NDPRJ_4741,block_demand,2103.57
NDPRJ_4742,block_demand,574.5924
NDPRJ_4743,block_demand,596.106
NDPRJ_4744,block_demand,590.2828
NDPRJ_4745,block_demand,2282.657265
NDPRJ_4746,block_demand,2282.66283
NDPRJ_4747,block_demand,2365.03596
NDPRJ_4748,block_demand,2399.56122
NDPRJ_4749,block_demand,2449.07859
NDPRJ_4750,block_demand,2545.39761
NDPRJ_4751,block_demand,2554.335
NDPRJ_4752,block_demand,2692.28022
NDPRJ_4753,block_demand,772.86114
NDPRJ_4754,block_demand,782.856
NDPRJ_4755,block_demand,3030.1425
NDPRJ_4756,block_demand,826.3372
NDPRJ_4757,block_demand,3160.92
NDPRJ_4758,block_demand,3197.7603
NDPRJ_4759,block_demand,862.1874
NDPRJ_4760,block_demand,3224.021535
NDPRJ_4761,block_demand,3289.01517
NDPRJ_4762,block_demand,3319.84527
NDPRJ_4763,block_demand,896.4
NDPRJ_4764,block_demand,3426.68214
NDPRJ_4765,block_demand,926.935866
NDPRJ_4766,block_demand,917.5
NDPRJ_4767,block_demand,933.648
NDPRJ_4768,block_demand,3618.363
NDPRJ_4769,block_demand,3655.965705
NDPRJ_4770,block_demand,3699.484005
NDPRJ_4771,block_demand,3801.701925
NDPRJ_4772,block_demand,1018.3516
NDPRJ_4773,block_demand,1021.88948
NDPRJ_4774,block_demand,3895.5
NDPRJ_4775,block_demand,1045.8
NDPRJ_4776,block_demand,1066.00635
NDPRJ_4777,block_demand,1072.904148
NDPRJ_4778,block_demand,1057.16552
NDPRJ_4779,block_demand,1089.126
NDPRJ_4780,block_demand,1108.957356
NDPRJ_4781,block_demand,1095.128
NDPRJ_4782,block_demand,1120.5
NDPRJ_4783,block_demand,1129.29966
NDPRJ_4784,block_demand,4239.9735
NDPRJ_4785,block_demand,1171.464
NDPRJ_4786,block_demand,4472.239905
NDPRJ_4787,block_demand,4527.684
NDPRJ_4788,block_demand,4580.60715
NDPRJ_4789,block_demand,1218.23448
NDPRJ_4790,block_demand,1218.44
NDPRJ_4791,block_demand,1272.27546
NDPRJ_4792,block_demand,4794.2475
NDPRJ_4793,block_demand,4859.358
NDPRJ_4794,block_demand,4869.0411
NDPRJ_4795,block_demand,1284.997652
NDPRJ_4796,block_demand,4892.341755
NDPRJ_4797,block_demand,1316.8116
NDPRJ_4798,block_demand,4988.466
NDPRJ_4799,block_demand,5008.5
NDPRJ_4800,block_demand,5114.235
NDPRJ_4801,block_demand,1370.8184
NDPRJ_4802,block_demand,1399.93776
NDPRJ_4803,block_demand,5267.43945
NDPRJ_4804,block_demand,1429.359102
NDPRJ_4805,block_demand,5338.777185
NDPRJ_4806,block_demand,5467.056
NDPRJ_4807,block_demand,5565
NDPRJ_4808,block_demand,1468
NDPRJ_4809,block_demand,5565
NDPRJ_4810,block_demand,5580.582
NDPRJ_4811,block_demand,5645.89284
NDPRJ_4812,block_demand,1518.722712
NDPRJ_4813,block_demand,5843.25
NDPRJ_4814,block_demand,1595.508336
NDPRJ_4815,block_demand,5962.468995
NDPRJ_4816,block_demand,6124.839
NDPRJ_4817,block_demand,1695.69
NDPRJ_4818,block_demand,6325.86906
NDPRJ_4819,block_demand,1708.699752
NDPRJ_4820,block_demand,1725.57
NDPRJ_4821,block_demand,6632.64525
NDPRJ_4822,block_demand,6678
NDPRJ_4823,block_demand,1941.200514
NDPRJ_4824,block_demand,1947.433482
NDPRJ_4825,block_demand,7319.6445
NDPRJ_4826,block_demand,7342.461
NDPRJ_4827,block_demand,1966.948244
NDPRJ_4828,block_demand,7597.254525
NDPRJ_4829,block_demand,7668.46983
NDPRJ_4830,block_demand,7697.508
NDPRJ_4831,block_demand,7945.935165
NDPRJ_4832,block_demand,2099.24
NDPRJ_4833,block_demand,2153.601
NDPRJ_4834,block_demand,8044.2075
NDPRJ_4835,block_demand,8138.8125
NDPRJ_4836,block_demand,2230.3926
NDPRJ_4837,block_demand,8392.02
NDPRJ_4838,block_demand,8458.8
NDPRJ_4839,block_demand,8545.44705
NDPRJ_4840,block_demand,8547.84
NDPRJ_4841,block_demand,8620.491075
NDPRJ_4842,block_demand,8639.289645
NDPRJ_4843,block_demand,8646.61875
NDPRJ_4844,block_demand,2323.0206
NDPRJ_4845,block_demand,8704.04955
NDPRJ_4846,block_demand,2349.95742
NDPRJ_4847,block_demand,8759.31
NDPRJ_4848,block_demand,2325.4588
NDPRJ_4849,block_demand,8903.4435
NDPRJ_4850,block_demand,8904
NDPRJ_4851,block_demand,8907.49482
NDPRJ_4852,block_demand,8920.1385
NDPRJ_4853,block_demand,8941.67505
NDPRJ_4854,block_demand,8980.2405
NDPRJ_4855,block_demand,9111.14043
NDPRJ_4856,block_demand,9130.12821
NDPRJ_4857,block_demand,9284.729475
NDPRJ_4858,block_demand,9296.3325
NDPRJ_4859,block_demand,9301.8975
NDPRJ_4860,block_demand,2549.218176
NDPRJ_4861,block_demand,2581.9308
NDPRJ_4862,block_demand,9623.5545
NDPRJ_4863,block_demand,2648.862
NDPRJ_4864,block_demand,2680.941168
NDPRJ_4865,block_demand,10017
NDPRJ_4866,block_demand,10039.26
NDPRJ_4867,block_demand,10217.34
NDPRJ_4868,block_demand,10278.555
NDPRJ_4869,block_demand,10517.59401
NDPRJ_4870,block_demand,10635.828
NDPRJ_4871,block_demand,10770.8349
NDPRJ_4872,block_demand,10821.699
NDPRJ_4873,block_demand,11017.587
NDPRJ_4874,block_demand,11035.23918
NDPRJ_4875,block_demand,11055.429
NDPRJ_4876,block_demand,11105.78112
NDPRJ_4877,block_demand,11124.9915
NDPRJ_4878,block_demand,11130
NDPRJ_4879,block_demand,11130
NDPRJ_4880,block_demand,3003.5376
NDPRJ_4881,block_demand,11248.03365
NDPRJ_4882,block_demand,11284.707
NDPRJ_4883,block_demand,11566.296
NDPRJ_4884,block_demand,11594.6775
NDPRJ_4885,block_demand,11659.2315
NDPRJ_4886,block_demand,11686.33305
NDPRJ_4887,block_demand,11739.924
NDPRJ_4888,block_demand,11800.61589
NDPRJ_4889,block_demand,3191.31846
NDPRJ_4890,block_demand,11914.1085
NDPRJ_4891,block_demand,3153.98332
NDPRJ_4892,block_demand,12273.6075
NDPRJ_4893,block_demand,12283.068
NDPRJ_4894,block_demand,3286.82998
NDPRJ_4895,block_demand,3382.290504
NDPRJ_4896,block_demand,12698.71785
NDPRJ_4897,block_demand,13015.38305
NDPRJ_4898,block_demand,3511.54242
NDPRJ_4899,block_demand,13194.0585
NDPRJ_4900,block_demand,13387.33652
NDPRJ_4901,block_demand,13559.1225
NDPRJ_4902,block_demand,13658.736
NDPRJ_4903,block_demand,13691.2356
NDPRJ_4904,block_demand,13886.901
NDPRJ_4905,block_demand,13966.4805
NDPRJ_4906,block_demand,3739.470164
NDPRJ_4907,block_demand,14225.41439
NDPRJ_4908,block_demand,14259.1995
NDPRJ_4909,block_demand,3810.7812
NDPRJ_4910,block_demand,14457.87
NDPRJ_4911,block_demand,14578.6305
NDPRJ_4912,block_demand,14586.7554
NDPRJ_4913,block_demand,14686.035
NDPRJ_4914,block_demand,14696.7031
NDPRJ_4915,block_demand,14795.6655
NDPRJ_4916,block_demand,14840.1855
NDPRJ_4917,block_demand,14840.1855
NDPRJ_4918,block_demand,14878.19445
NDPRJ_4919,block_demand,15222.7236
NDPRJ_4920,block_demand,15223.01298
NDPRJ_4921,block_demand,15416.44125
NDPRJ_4922,block_demand,15524.09061
NDPRJ_4923,block_demand,15715.0035
NDPRJ_4924,block_demand,15871.9365
NDPRJ_4925,block_demand,15895.866
NDPRJ_4926,block_demand,16030.92298
NDPRJ_4927,block_demand,16060.71799
NDPRJ_4928,block_demand,16143.09113
NDPRJ_4929,block_demand,16266.495
NDPRJ_4930,block_demand,16330.97109
NDPRJ_4931,block_demand,16387.96226
NDPRJ_4932,block_demand,16594.7187
NDPRJ_4933,block_demand,4393.4304
NDPRJ_4934,block_demand,16683.87
NDPRJ_4935,block_demand,4404
NDPRJ_4936,block_demand,16695.5565
NDPRJ_4937,block_demand,16708.9125
NDPRJ_4938,block_demand,4542.045354
NDPRJ_4939,block_demand,17230.9095
NDPRJ_4940,block_demand,17349.444
NDPRJ_4941,block_demand,17442.99165
NDPRJ_4942,block_demand,17612.112
NDPRJ_4943,block_demand,4739.715
NDPRJ_4944,block_demand,17661.084
NDPRJ_4945,block_demand,4667.6528
NDPRJ_4946,block_demand,17700.5955
NDPRJ_4947,block_demand,4782.7422
NDPRJ_4948,block_demand,18003.7767
NDPRJ_4949,block_demand,4870.44
NDPRJ_4950,block_demand,18353.9265
NDPRJ_4951,block_demand,18364.55565
NDPRJ_4952,block_demand,4941.97272
NDPRJ_4953,block_demand,18425.67605
NDPRJ_4954,block_demand,18535.3455
NDPRJ_4955,block_demand,4983.6852
NDPRJ_4956,block_demand,18841.82118
NDPRJ_4957,block_demand,5012.9264
NDPRJ_4958,block_demand,19121.34
NDPRJ_4959,block_demand,19172.72165
NDPRJ_4960,block_demand,19180.329
NDPRJ_4961,block_demand,19347.98575
NDPRJ_4962,block_demand,19477.5
NDPRJ_4963,block_demand,5258.88
NDPRJ_4964,block_demand,19662.8145
NDPRJ_4965,block_demand,5200.39
NDPRJ_4966,block_demand,19941.621
NDPRJ_4967,block_demand,20654.32499
NDPRJ_4968,block_demand,20679.54
NDPRJ_4969,block_demand,20841.4815
NDPRJ_4970,block_demand,5635.368
NDPRJ_4971,block_demand,5582.658668
NDPRJ_4972,block_demand,21169.8165
NDPRJ_4973,block_demand,21173.1555
NDPRJ_4974,block_demand,5611.34926
NDPRJ_4975,block_demand,21446.98689
NDPRJ_4976,block_demand,5721.883788
NDPRJ_4977,block_demand,5868.55152
NDPRJ_4978,block_demand,22181.5335
NDPRJ_4979,block_demand,22259.8887
NDPRJ_4980,block_demand,22259.8887
NDPRJ_4981,block_demand,22260
NDPRJ_4982,block_demand,22370.46525
NDPRJ_4983,block_demand,6042.523338
NDPRJ_4984,block_demand,22605.03557
NDPRJ_4985,block_demand,6084.0162
NDPRJ_4986,block_demand,23040.02379
NDPRJ_4987,block_demand,23168.6532
NDPRJ_4988,block_demand,23193.96282
NDPRJ_4989,block_demand,23378.0085
NDPRJ_4990,block_demand,23427.63717
NDPRJ_4991,block_demand,6189.6752
NDPRJ_4992,block_demand,23606.73
NDPRJ_4993,block_demand,23615.4114
NDPRJ_4994,block_demand,23691.81885
NDPRJ_4995,block_demand,24069.27054
NDPRJ_4996,block_demand,24259.5045
NDPRJ_4997,block_demand,6449.658
NDPRJ_4998,block_demand,6603.48
NDPRJ_4999,block_demand,24744.8838
NDPRJ_5000,block_demand,6618.1844
NDPRJ_5001,block_demand,25137.59472
NDPRJ_5002,block_demand,25307.98389
NDPRJ_5003,block_demand,25355.8095
NDPRJ_5004,block_demand,25507.02725
NDPRJ_5005,block_demand,6779.03316
NDPRJ_5006,block_demand,25944.03
NDPRJ_5007,block_demand,25982.04451
NDPRJ_5008,block_demand,26149.75135
NDPRJ_5009,block_demand,26458.9038
NDPRJ_5010,block_demand,26723.98701
NDPRJ_5011,block_demand,26869.63975
NDPRJ_5012,block_demand,27049.239
NDPRJ_5013,block_demand,7234.4508
NDPRJ_5014,block_demand,27945.37095
NDPRJ_5015,block_demand,28076.538
NDPRJ_5016,block_demand,28113.01658
NDPRJ_5017,block_demand,7603.75035
NDPRJ_5018,block_demand,28511.79334
NDPRJ_5019,block_demand,28869.5505
NDPRJ_5020,block_demand,7618.92
NDPRJ_5021,block_demand,29265.8898
NDPRJ_5022,block_demand,29599.43364
NDPRJ_5023,block_demand,29691.63456
NDPRJ_5024,block_demand,29938.0305
NDPRJ_5025,block_demand,8055.4986
NDPRJ_5026,block_demand,30051
NDPRJ_5027,block_demand,7939.350636
NDPRJ_5028,block_demand,30385.89614
NDPRJ_5029,block_demand,30769.00186
NDPRJ_5030,block_demand,31199.96103
NDPRJ_5031,block_demand,31673.50358
NDPRJ_5032,block_demand,8408.4104
NDPRJ_5033,block_demand,31914.162
NDPRJ_5034,block_demand,32097.9183
NDPRJ_5035,block_demand,32277
NDPRJ_5036,block_demand,8680.14
NDPRJ_5037,block_demand,8687.1618
NDPRJ_5038,block_demand,33351.75175
NDPRJ_5039,block_demand,9113.4
NDPRJ_5040,block_demand,34027.1925
NDPRJ_5041,block_demand,34188.42168
NDPRJ_5042,block_demand,34212.51257
NDPRJ_5043,block_demand,9076.0568
NDPRJ_5044,block_demand,34419.525
NDPRJ_5045,block_demand,34645.464
NDPRJ_5046,block_demand,35108.16592
NDPRJ_5047,block_demand,35139.636
NDPRJ_5048,block_demand,35176.30935
NDPRJ_5049,block_demand,9460.557792
NDPRJ_5050,block_demand,9477.4878
NDPRJ_5051,block_demand,35547.27225
NDPRJ_5052,block_demand,35616
NDPRJ_5053,block_demand,36529.9789
NDPRJ_5054,block_demand,9749.1348
NDPRJ_5055,block_demand,9960.9462
NDPRJ_5056,block_demand,9806.8272
NDPRJ_5057,block_demand,9822.724172
NDPRJ_5058,block_demand,37582.05885
NDPRJ_5059,block_demand,37642.72292
NDPRJ_5060,block_demand,37784.95875
NDPRJ_5061,block_demand,37809.2778
NDPRJ_5062,block_demand,38186.30099
NDPRJ_5063,block_demand,38210.74247
NDPRJ_5064,block_demand,39382.73703
NDPRJ_5065,block_demand,39678.45
NDPRJ_5066,block_demand,10480.89316
NDPRJ_5067,block_demand,10714.95157
NDPRJ_5068,block_demand,40166.50606
NDPRJ_5069,block_demand,40825.85283
NDPRJ_5070,block_demand,41746.05897
NDPRJ_5071,block_demand,42328.503
NDPRJ_5072,block_demand,11180.33204
NDPRJ_5073,block_demand,42640.38229
NDPRJ_5074,block_demand,42887.229
NDPRJ_5075,block_demand,42924.54233
NDPRJ_5076,block_demand,43584.82958
NDPRJ_5077,block_demand,43938.4575
NDPRJ_5078,block_demand,11826.0558
NDPRJ_5079,block_demand,44080.93263
NDPRJ_5080,block_demand,44334.51855
NDPRJ_5081,block_demand,44363.5289
NDPRJ_5082,block_demand,44426.70834
NDPRJ_5083,block_demand,44516.661
NDPRJ_5084,block_demand,44520
NDPRJ_5085,block_demand,11854.78556
NDPRJ_5086,block_demand,11993.23117
NDPRJ_5087,block_demand,11997.10962
NDPRJ_5088,block_demand,46013.92981
NDPRJ_5089,block_demand,47158.3665
NDPRJ_5090,block_demand,47669.79
NDPRJ_5091,block_demand,12588.6828
NDPRJ_5092,block_demand,48143.8334
NDPRJ_5093,block_demand,48783.40772
NDPRJ_5094,block_demand,48852.909
NDPRJ_5095,block_demand,49340.87603
NDPRJ_5096,block_demand,49363.05812
NDPRJ_5097,block_demand,13084.215
NDPRJ_5098,block_demand,49847.34667
NDPRJ_5099,block_demand,50491.52325
NDPRJ_5100,block_demand,50529.08144
NDPRJ_5101,block_demand,50690.63895
NDPRJ_5102,block_demand,51684.9375
NDPRJ_5103,block_demand,13702.76414
NDPRJ_5104,block_demand,13985.59636
NDPRJ_5105,block_demand,53089.7494
NDPRJ_5106,block_demand,14026.8868
NDPRJ_5107,block_demand,53185.818
NDPRJ_5108,block_demand,54201.987
NDPRJ_5109,block_demand,54404.48065
NDPRJ_5110,block_demand,54667.7775
NDPRJ_5111,block_demand,55086.59383
NDPRJ_5112,block_demand,55337.247
NDPRJ_5113,block_demand,55650
NDPRJ_5114,block_demand,14680
NDPRJ_5115,block_demand,55667.28489
NDPRJ_5116,block_demand,56094.6435
NDPRJ_5117,block_demand,56994.13115
NDPRJ_5118,block_demand,15203.1952
NDPRJ_5119,block_demand,57925.01096
NDPRJ_5120,block_demand,15333.58443
NDPRJ_5121,block_demand,58476.12403
NDPRJ_5122,block_demand,59800.9335
NDPRJ_5123,block_demand,15781.734
NDPRJ_5124,block_demand,15960.32941
NDPRJ_5125,block_demand,16434
NDPRJ_5126,block_demand,61566.1515
NDPRJ_5127,block_demand,61830.22188
NDPRJ_5128,block_demand,16752.7449
NDPRJ_5129,block_demand,62625.04857
NDPRJ_5130,block_demand,16631.76032
NDPRJ_5131,block_demand,63163.98543
NDPRJ_5132,block_demand,63648.85831
NDPRJ_5133,block_demand,65086.74858
NDPRJ_5134,block_demand,17501.65748
NDPRJ_5135,block_demand,17587.15086
NDPRJ_5136,block_demand,66780
NDPRJ_5137,block_demand,66781.53038
NDPRJ_5138,block_demand,66832.8675
NDPRJ_5139,block_demand,17632.882
NDPRJ_5140,block_demand,67375.97811
NDPRJ_5141,block_demand,17945.74069
NDPRJ_5142,block_demand,68475.099
NDPRJ_5143,block_demand,18201.4384
NDPRJ_5144,block_demand,18295.56362
NDPRJ_5145,block_demand,70889.196
NDPRJ_5146,block_demand,71565.9
NDPRJ_5147,block_demand,73174.185
NDPRJ_5148,block_demand,73333.40521
NDPRJ_5149,block_demand,19755.7568
NDPRJ_5150,block_demand,19779.70869
NDPRJ_5151,block_demand,75061.41006
NDPRJ_5152,block_demand,75127.5
NDPRJ_5153,block_demand,76593.17075
NDPRJ_5154,block_demand,79795.422
NDPRJ_5155,block_demand,79957.4748
NDPRJ_5156,block_demand,81807.45888
NDPRJ_5157,block_demand,21823.1412
NDPRJ_5158,block_demand,83475
NDPRJ_5159,block_demand,84818.391
NDPRJ_5160,block_demand,22682.30288
NDPRJ_5161,block_demand,86897.21344
NDPRJ_5162,block_demand,6263.222
NDPRJ_5163,block_demand,89445.6885
NDPRJ_5164,block_demand,24528.812
NDPRJ_5165,block_demand,25030.4276
NDPRJ_5166,block_demand,97228.39665
NDPRJ_5167,block_demand,99335.25
NDPRJ_5168,block_demand,101560.6935
NDPRJ_5169,block_demand,102794.454
NDPRJ_5170,block_demand,104184.1848
NDPRJ_5171,block_demand,27980.29286
NDPRJ_5172,block_demand,24834.97955
NDPRJ_5173,block_demand,112007.7734
NDPRJ_5174,block_demand,29968.77079
NDPRJ_5175,block_demand,118534.5
NDPRJ_5176,block_demand,2103.468336
NDPRJ_5177,block_demand,122430
NDPRJ_5178,block_demand,123401.649
NDPRJ_5179,block_demand,33857.028
NDPRJ_5180,block_demand,127982.757
NDPRJ_5181,block_demand,33764
NDPRJ_5182,block_demand,127995
NDPRJ_5183,block_demand,128352.2007
NDPRJ_5184,block_demand,135464.7047
NDPRJ_5185,block_demand,6918.382332
NDPRJ_5186,block_demand,142632.063
NDPRJ_5187,block_demand,37706.23179
NDPRJ_5188,block_demand,143753.3771
NDPRJ_5189,block_demand,144279.0748
NDPRJ_5190,block_demand,41982.0108
NDPRJ_5191,block_demand,42471.44053
NDPRJ_5192,block_demand,182181.7055
NDPRJ_5193,block_demand,182532
NDPRJ_5194,block_demand,184618.875
NDPRJ_5195,block_demand,49718.92864
NDPRJ_5196,block_demand,228165
NDPRJ_5197,block_demand,69045.0312
NDPRJ_5198,block_demand,69496.21806
NDPRJ_5199,block_demand,71654.8416
NDPRJ_5200,block_demand,72546.31396
NDPRJ_5201,block_demand,398315.988
NDPRJ_5202,block_demand,445200
NDPRJ_5203,block_demand,154419.84
NDPRJ_5204,block_demand,156591.56
NDPRJ_5205,block_demand,1764105
NDPRJ_5206,block_demand,269.917245
NDPRJ_5207,block_demand,1160.26911
NDPRJ_5208,block_demand,339.49656
NDPRJ_5209,block_demand,355.5740916
NDPRJ_5210,block_demand,380.4167718
NDPRJ_5211,block_demand,1519.245
NDPRJ_5212,block_demand,1545.853491
NDPRJ_5213,block_demand,2323.555007
NDPRJ_5214,block_demand,2343.978
NDPRJ_5215,block_demand,670.059
NDPRJ_5216,block_demand,3255.525
NDPRJ_5217,block_demand,3617.25
NDPRJ_5218,block_demand,3677.108253
NDPRJ_5219,block_demand,4163.88882
NDPRJ_5220,block_demand,4475.98515
NDPRJ_5221,block_demand,5020.482558
NDPRJ_5222,block_demand,5179.902
NDPRJ_5223,block_demand,1483.617447
NDPRJ_5224,block_demand,1536.437518
NDPRJ_5225,block_demand,1553.909549
NDPRJ_5226,block_demand,5805.758595
NDPRJ_5227,block_demand,6029.536149
NDPRJ_5228,block_demand,6073.087839
NDPRJ_5229,block_demand,6352.079097
NDPRJ_5230,block_demand,6424.778588
NDPRJ_5231,block_demand,1839.587747
NDPRJ_5232,block_demand,1872.158441
NDPRJ_5233,block_demand,7089.81
NDPRJ_5234,block_demand,7276.069437
NDPRJ_5235,block_demand,7292.057682
NDPRJ_5236,block_demand,7957.95
NDPRJ_5237,block_demand,8027.762925
NDPRJ_5238,block_demand,8092.497231
NDPRJ_5239,block_demand,8225.908645
NDPRJ_5240,block_demand,8277.801714
NDPRJ_5241,block_demand,8559.838696
NDPRJ_5242,block_demand,8923.75575
NDPRJ_5243,block_demand,9404.85
NDPRJ_5244,block_demand,9537.255819
NDPRJ_5245,block_demand,10113.30288
NDPRJ_5246,block_demand,10119.76329
NDPRJ_5247,block_demand,2797.603146
NDPRJ_5248,block_demand,10792.59349
NDPRJ_5249,block_demand,11072.0767
NDPRJ_5250,block_demand,11227.944
NDPRJ_5251,block_demand,11287.59245
NDPRJ_5252,block_demand,11575.2
NDPRJ_5253,block_demand,11611.95126
NDPRJ_5254,block_demand,12153.96
NDPRJ_5255,block_demand,12198.6258
NDPRJ_5256,block_demand,12690.63691
NDPRJ_5257,block_demand,3438.319388
NDPRJ_5258,block_demand,12854.2596
NDPRJ_5259,block_demand,13300.45462
NDPRJ_5260,block_demand,3577.845094
NDPRJ_5261,block_demand,13388.74446
NDPRJ_5262,block_demand,13401.32526
NDPRJ_5263,block_demand,13949.9825
NDPRJ_5264,block_demand,14038.49661
NDPRJ_5265,block_demand,3805.350518
NDPRJ_5266,block_demand,14469
NDPRJ_5267,block_demand,14469
NDPRJ_5268,block_demand,3923.244
NDPRJ_5269,block_demand,14669.30884
NDPRJ_5270,block_demand,14786.07367
NDPRJ_5271,block_demand,4267.623251
NDPRJ_5272,block_demand,16060.59
NDPRJ_5273,block_demand,16101.84835
NDPRJ_5274,block_demand,16304.05986
NDPRJ_5275,block_demand,16354.94734
NDPRJ_5276,block_demand,16398.20965
NDPRJ_5277,block_demand,16553.05688
NDPRJ_5278,block_demand,4369.753175
NDPRJ_5279,block_demand,16650.2958
NDPRJ_5280,block_demand,16676.77407
NDPRJ_5281,block_demand,16890.83569
NDPRJ_5282,block_demand,16974.72695
NDPRJ_5283,block_demand,17391.738
NDPRJ_5284,block_demand,17673.66647
NDPRJ_5285,block_demand,4771.95044
NDPRJ_5286,block_demand,17888.4443
NDPRJ_5287,block_demand,18052.1321
NDPRJ_5288,block_demand,18551.18961
NDPRJ_5289,block_demand,18808.63653
NDPRJ_5290,block_demand,5074.626773
NDPRJ_5291,block_demand,19231.09516
NDPRJ_5292,block_demand,19440.16497
NDPRJ_5293,block_demand,5256.715792
NDPRJ_5294,block_demand,19648.85859
NDPRJ_5295,block_demand,19754.5257
NDPRJ_5296,block_demand,19853.63835
NDPRJ_5297,block_demand,20076.04135
NDPRJ_5298,block_demand,20180.26156
NDPRJ_5299,block_demand,5433.450165
NDPRJ_5300,block_demand,20256.6
NDPRJ_5301,block_demand,20432.77454
NDPRJ_5302,block_demand,20647.42216
NDPRJ_5303,block_demand,5554.692
NDPRJ_5304,block_demand,20908.00885
NDPRJ_5305,block_demand,21511.40956
NDPRJ_5306,block_demand,21547.50971
NDPRJ_5307,block_demand,21703.5
NDPRJ_5308,block_demand,5838.826149
NDPRJ_5309,block_demand,21932.14637
NDPRJ_5310,block_demand,22006.86429
NDPRJ_5311,block_demand,22077.69728
NDPRJ_5312,block_demand,22254.70379
NDPRJ_5313,block_demand,22275.70554
NDPRJ_5314,block_demand,22620.27754
NDPRJ_5315,block_demand,22620.27754
NDPRJ_5316,block_demand,22718.13863
NDPRJ_5317,block_demand,22853.22844
NDPRJ_5318,block_demand,23108.07094
NDPRJ_5319,block_demand,6270.433697
NDPRJ_5320,block_demand,23783.78048
NDPRJ_5321,block_demand,23786.31255
NDPRJ_5322,block_demand,23835.86888
NDPRJ_5323,block_demand,23920.99724
NDPRJ_5324,block_demand,24025.74556
NDPRJ_5325,block_demand,24092.9396
NDPRJ_5326,block_demand,24114.93971
NDPRJ_5327,block_demand,24258.80498
NDPRJ_5328,block_demand,24631.21534
NDPRJ_5329,block_demand,24681.11168
NDPRJ_5330,block_demand,24881.76054
NDPRJ_5331,block_demand,25170.30857
NDPRJ_5332,block_demand,25181.96335
NDPRJ_5333,block_demand,25209.64255
NDPRJ_5334,block_demand,25320.75
NDPRJ_5335,block_demand,25390.2012
NDPRJ_5336,block_demand,25439.52602
NDPRJ_5337,block_demand,25707.66553
NDPRJ_5338,block_demand,6974.906328
NDPRJ_5339,block_demand,26044.2
NDPRJ_5340,block_demand,26153.80991
NDPRJ_5341,block_demand,26275.52314
NDPRJ_5342,block_demand,26518.5517
NDPRJ_5343,block_demand,26543.69882
NDPRJ_5344,block_demand,26881.50656
NDPRJ_5345,block_demand,26901.61847
NDPRJ_5346,block_demand,26999.87745
NDPRJ_5347,block_demand,26999.87745
NDPRJ_5348,block_demand,27355.81485
NDPRJ_5349,block_demand,27380.89686
NDPRJ_5350,block_demand,27473.16567
NDPRJ_5351,block_demand,28255.88793
NDPRJ_5352,block_demand,28679.41727
NDPRJ_5353,block_demand,28731.08607
NDPRJ_5354,block_demand,28799.46656
NDPRJ_5355,block_demand,28938
NDPRJ_5356,block_demand,28938
NDPRJ_5357,block_demand,28938
NDPRJ_5358,block_demand,28961.1504
NDPRJ_5359,block_demand,29026.76731
NDPRJ_5360,block_demand,29063.56922
NDPRJ_5361,block_demand,29148.61076
NDPRJ_5362,block_demand,29544.12088
NDPRJ_5363,block_demand,29631.49917
NDPRJ_5364,block_demand,29661.45
NDPRJ_5365,block_demand,29680.80229
NDPRJ_5366,block_demand,30527.83925
NDPRJ_5367,block_demand,8202.176681
NDPRJ_5368,block_demand,31050.06163
NDPRJ_5369,block_demand,8353.01376
NDPRJ_5370,block_demand,31130.0535
NDPRJ_5371,block_demand,31180.695
NDPRJ_5372,block_demand,31357.10105
NDPRJ_5373,block_demand,31377.58915
NDPRJ_5374,block_demand,31445.62239
NDPRJ_5375,block_demand,31773.25843
NDPRJ_5376,block_demand,32522.75263
NDPRJ_5377,block_demand,33046.20487
NDPRJ_5378,block_demand,33091.18176
NDPRJ_5379,block_demand,33267.03799
NDPRJ_5380,block_demand,33278.7
NDPRJ_5381,block_demand,33490.59851
NDPRJ_5382,block_demand,33516.1797
NDPRJ_5383,block_demand,33676.5975
NDPRJ_5384,block_demand,33735.91317
NDPRJ_5385,block_demand,33777.30897
NDPRJ_5386,block_demand,33974.60826
NDPRJ_5387,block_demand,34002.15
NDPRJ_5388,block_demand,34247.64552
NDPRJ_5389,block_demand,34342.24384
NDPRJ_5390,block_demand,34417.91672
NDPRJ_5391,block_demand,34443.46173
NDPRJ_5392,block_demand,9247.960098
NDPRJ_5393,block_demand,34557.7596
NDPRJ_5394,block_demand,34700.27925
NDPRJ_5395,block_demand,34894.23619
NDPRJ_5396,block_demand,35087.325
NDPRJ_5397,block_demand,9453.918755
NDPRJ_5398,block_demand,35240.68193
NDPRJ_5399,block_demand,35516.75769
NDPRJ_5400,block_demand,35829.1434
NDPRJ_5401,block_demand,36172.5
NDPRJ_5402,block_demand,36172.5
NDPRJ_5403,block_demand,36461.88
NDPRJ_5404,block_demand,36823.03347
NDPRJ_5405,block_demand,37165.55811
NDPRJ_5406,block_demand,37204.90656
NDPRJ_5407,block_demand,9820.24472
NDPRJ_5408,block_demand,9885.887955
NDPRJ_5409,block_demand,37682.98402
NDPRJ_5410,block_demand,37827.59444
NDPRJ_5411,block_demand,37986.18915
NDPRJ_5412,block_demand,37987.50583
NDPRJ_5413,block_demand,10255.67057
NDPRJ_5414,block_demand,10105.07724
NDPRJ_5415,block_demand,38342.85
NDPRJ_5416,block_demand,38436.8985
NDPRJ_5417,block_demand,39211.70622
NDPRJ_5418,block_demand,39442.26973
NDPRJ_5419,block_demand,10454.78772
NDPRJ_5420,block_demand,39660.62141
NDPRJ_5421,block_demand,40189.28973
NDPRJ_5422,block_demand,40354.041
NDPRJ_5423,block_demand,40444.18287
NDPRJ_5424,block_demand,10682.1106
NDPRJ_5425,block_demand,40513.2
NDPRJ_5426,block_demand,40547.18768
NDPRJ_5427,block_demand,40754.4344
NDPRJ_5428,block_demand,40796.21364
NDPRJ_5429,block_demand,40857.09196
NDPRJ_5430,block_demand,40968.9735
NDPRJ_5431,block_demand,40969.3714
NDPRJ_5432,block_demand,11050.9568
NDPRJ_5433,block_demand,41236.65
NDPRJ_5434,block_demand,41236.65
NDPRJ_5435,block_demand,42844.19931
NDPRJ_5436,block_demand,11653.2
NDPRJ_5437,block_demand,43407
NDPRJ_5438,block_demand,44038.10161
NDPRJ_5439,block_demand,44081.57372
NDPRJ_5440,block_demand,44413.29725
NDPRJ_5441,block_demand,12041.64
NDPRJ_5442,block_demand,44934.65872
NDPRJ_5443,block_demand,45695.96686
NDPRJ_5444,block_demand,45807.02367
NDPRJ_5445,block_demand,46136.43216
NDPRJ_5446,block_demand,46300.8
NDPRJ_5447,block_demand,46631.14174
NDPRJ_5448,block_demand,12618.76279
NDPRJ_5449,block_demand,47067.657
NDPRJ_5450,block_demand,47089.73669
NDPRJ_5451,block_demand,47248.5195
NDPRJ_5452,block_demand,47448.39427
NDPRJ_5453,block_demand,47622.66614
NDPRJ_5454,block_demand,48079.40906
NDPRJ_5455,block_demand,48865.22768
NDPRJ_5456,block_demand,49759.83872
NDPRJ_5457,block_demand,49876.68313
NDPRJ_5458,block_demand,50028.0144
NDPRJ_5459,block_demand,50167.21341
NDPRJ_5460,block_demand,50239.84056
NDPRJ_5461,block_demand,50442.73211
NDPRJ_5462,block_demand,50641.5
NDPRJ_5463,block_demand,50770.66476
NDPRJ_5464,block_demand,51364.95
NDPRJ_5465,block_demand,52088.4
NDPRJ_5466,block_demand,13983.84
NDPRJ_5467,block_demand,52517.86886
NDPRJ_5468,block_demand,52564.1986
NDPRJ_5469,block_demand,53459.56202
NDPRJ_5470,block_demand,53787.06783
NDPRJ_5471,block_demand,54011.01902
NDPRJ_5472,block_demand,55022.17785
NDPRJ_5473,block_demand,55097.952
NDPRJ_5474,block_demand,14850.16802
NDPRJ_5475,block_demand,15029.32626
NDPRJ_5476,block_demand,15040.8707
NDPRJ_5477,block_demand,56101.00819
NDPRJ_5478,block_demand,14866.43027
NDPRJ_5479,block_demand,56637.95278
NDPRJ_5480,block_demand,15337.08727
NDPRJ_5481,block_demand,15155.79715
NDPRJ_5482,block_demand,57629.66528
NDPRJ_5483,block_demand,57736.4465
NDPRJ_5484,block_demand,57763.99547
NDPRJ_5485,block_demand,57876
NDPRJ_5486,block_demand,58615.68422
NDPRJ_5487,block_demand,58735.58882
NDPRJ_5488,block_demand,59078.3739
NDPRJ_5489,block_demand,15889.8238
NDPRJ_5490,block_demand,16052.50441
NDPRJ_5491,block_demand,60198.2745
NDPRJ_5492,block_demand,16207.84545
NDPRJ_5493,block_demand,60510.56616
NDPRJ_5494,block_demand,16119.0964
NDPRJ_5495,block_demand,61466.88025
NDPRJ_5496,block_demand,61575.91863
NDPRJ_5497,block_demand,62216.7
NDPRJ_5498,block_demand,63193.3575
NDPRJ_5499,block_demand,63231.12159
NDPRJ_5500,block_demand,17049.99114
NDPRJ_5501,block_demand,17122.26429
NDPRJ_5502,block_demand,64170.54312
NDPRJ_5503,block_demand,64498.02723
NDPRJ_5504,block_demand,65068.02625
NDPRJ_5505,block_demand,65472.225
NDPRJ_5506,block_demand,65835.04964
NDPRJ_5507,block_demand,66627.11888
NDPRJ_5508,block_demand,67554.43709
NDPRJ_5509,block_demand,67681.59789
NDPRJ_5510,block_demand,67869.83235
NDPRJ_5511,block_demand,67895.29055
NDPRJ_5512,block_demand,18124.74656
NDPRJ_5513,block_demand,68727.75
NDPRJ_5514,block_demand,69568.70275
NDPRJ_5515,block_demand,18972.49141
NDPRJ_5516,block_demand,18695.46884
NDPRJ_5517,block_demand,71225.27303
NDPRJ_5518,block_demand,71236.47927
NDPRJ_5519,block_demand,71903.6955
NDPRJ_5520,block_demand,19036.29
NDPRJ_5521,block_demand,72928.12964
NDPRJ_5522,block_demand,73042.57943
NDPRJ_5523,block_demand,74657.64538
NDPRJ_5524,block_demand,75962.25
NDPRJ_5525,block_demand,77007.43268
NDPRJ_5526,block_demand,77746.03896
NDPRJ_5527,block_demand,78260.77364
NDPRJ_5528,block_demand,79149.04725
NDPRJ_5529,block_demand,21353.20521
NDPRJ_5530,block_demand,80085.37241
NDPRJ_5531,block_demand,21145.74376
NDPRJ_5532,block_demand,80307.66689
NDPRJ_5533,block_demand,21774.70339
NDPRJ_5534,block_demand,22122.53158
NDPRJ_5535,block_demand,22669.84201
NDPRJ_5536,block_demand,85430.40188
NDPRJ_5537,block_demand,86922.0979
NDPRJ_5538,block_demand,87812.93976
NDPRJ_5539,block_demand,88129.2321
NDPRJ_5540,block_demand,88764.52248
NDPRJ_5541,block_demand,90065.07578
NDPRJ_5542,block_demand,90765.07153
NDPRJ_5543,block_demand,91547.93848
NDPRJ_5544,block_demand,92241.78491
NDPRJ_5545,block_demand,94048.5
NDPRJ_5546,block_demand,24953.1468
NDPRJ_5547,block_demand,25347.16842
NDPRJ_5548,block_demand,96110.91126
NDPRJ_5549,block_demand,97665.75
NDPRJ_5550,block_demand,99397.60249
NDPRJ_5551,block_demand,99546.72
NDPRJ_5552,block_demand,100513.7411
NDPRJ_5553,block_demand,101283
NDPRJ_5554,block_demand,26889.90944
NDPRJ_5555,block_demand,103486.6287
NDPRJ_5556,block_demand,28181.21906
NDPRJ_5557,block_demand,105013.4844
NDPRJ_5558,block_demand,105042.4803
NDPRJ_5559,block_demand,27768.74672
NDPRJ_5560,block_demand,105479.01
NDPRJ_5561,block_demand,108517.5
NDPRJ_5562,block_demand,108517.5
NDPRJ_5563,block_demand,108517.5
NDPRJ_5564,block_demand,22844.40291
NDPRJ_5565,block_demand,111440.4478
NDPRJ_5566,block_demand,23041.44209
NDPRJ_5567,block_demand,114354.5695
NDPRJ_5568,block_demand,30850.01551
NDPRJ_5569,block_demand,115752
NDPRJ_5570,block_demand,116305.4899
NDPRJ_5571,block_demand,31085.836
NDPRJ_5572,block_demand,117930.6914
NDPRJ_5573,block_demand,122986.5
NDPRJ_5574,block_demand,123832.5531
NDPRJ_5575,block_demand,32701.88248
NDPRJ_5576,block_demand,125265.7148
NDPRJ_5577,block_demand,34625.48722
NDPRJ_5578,block_demand,129614.0255
NDPRJ_5579,block_demand,130221
NDPRJ_5580,block_demand,35007.6896
NDPRJ_5581,block_demand,133036.4504
NDPRJ_5582,block_demand,133188.6281
NDPRJ_5583,block_demand,133336.4651
NDPRJ_5584,block_demand,137053.4644
NDPRJ_5585,block_demand,137455.5
NDPRJ_5586,block_demand,138198.2589
NDPRJ_5587,block_demand,37391.62284
NDPRJ_5588,block_demand,140508.8641
NDPRJ_5589,block_demand,140768.6333
NDPRJ_5590,block_demand,141952.8269
NDPRJ_5591,block_demand,29009.41224
NDPRJ_5592,block_demand,144617.655
NDPRJ_5593,block_demand,144690
NDPRJ_5594,block_demand,144690
NDPRJ_5595,block_demand,151924.5
NDPRJ_5596,block_demand,151924.5
NDPRJ_5597,block_demand,155104.9164
NDPRJ_5598,block_demand,32689.4924
NDPRJ_5599,block_demand,158742.9728
NDPRJ_5600,block_demand,159947.5967
NDPRJ_5601,block_demand,21836.44145
NDPRJ_5602,block_demand,161905.1077
NDPRJ_5603,block_demand,161915.9233
NDPRJ_5604,block_demand,162879.8336
NDPRJ_5605,block_demand,21626.8285
NDPRJ_5606,block_demand,164722.9165
NDPRJ_5607,block_demand,165324.7545
NDPRJ_5608,block_demand,34051.52542
NDPRJ_5609,block_demand,169332.3384
NDPRJ_5610,block_demand,169411.7334
NDPRJ_5611,block_demand,171218.5353
NDPRJ_5612,block_demand,173628
NDPRJ_5613,block_demand,176406.8149
NDPRJ_5614,block_demand,178692.15
NDPRJ_5615,block_demand,36309.24042
NDPRJ_5616,block_demand,180726.4842
NDPRJ_5617,block_demand,183339.043
NDPRJ_5618,block_demand,29615.44248
NDPRJ_5619,block_demand,37310.2476
NDPRJ_5620,block_demand,38844
NDPRJ_5621,block_demand,186367.5277
NDPRJ_5622,block_demand,38398.24846
NDPRJ_5623,block_demand,190267.35
NDPRJ_5624,block_demand,39312.0702
NDPRJ_5625,block_demand,200395.65
NDPRJ_5626,block_demand,202801.7145
NDPRJ_5627,block_demand,53539.39864
NDPRJ_5628,block_demand,41858.42428
NDPRJ_5629,block_demand,208758.7826
NDPRJ_5630,block_demand,209077.05
NDPRJ_5631,block_demand,42572
NDPRJ_5632,block_demand,44291.2734
NDPRJ_5633,block_demand,217035
NDPRJ_5634,block_demand,45813.24711
NDPRJ_5635,block_demand,31480.35571
NDPRJ_5636,block_demand,60331.5431
NDPRJ_5637,block_demand,231504
NDPRJ_5638,block_demand,235440.5808
NDPRJ_5639,block_demand,63704.16
NDPRJ_5640,block_demand,239948.774
NDPRJ_5641,block_demand,51380
NDPRJ_5642,block_demand,253207.5
NDPRJ_5643,block_demand,256052.8289
NDPRJ_5644,block_demand,259042.5149
NDPRJ_5645,block_demand,260442
NDPRJ_5646,block_demand,53722.23804
NDPRJ_5647,block_demand,268761.675
NDPRJ_5648,block_demand,269287.3916
NDPRJ_5649,block_demand,271812.905
NDPRJ_5650,block_demand,282232.7625
NDPRJ_5651,block_demand,283417.2311
NDPRJ_5652,block_demand,350845.115
NDPRJ_5653,block_demand,354490.5
NDPRJ_5654,block_demand,368905.2413
NDPRJ_5655,block_demand,383345.4696
NDPRJ_5656,block_demand,411185.0844
NDPRJ_5657,block_demand,424665.15
NDPRJ_5658,block_demand,87331.32
NDPRJ_5659,block_demand,447225.3233
NDPRJ_5660,block_demand,97931.43108
NDPRJ_5661,block_demand,476472.8514
NDPRJ_5662,block_demand,613251.2022
NDPRJ_5663,block_demand,131010.4856
NDPRJ_5664,block_demand,687047.5514
NDPRJ_5665,block_demand,882609
NDPRJ_5666,block_demand,976657.5
NDPRJ_5667,block_demand,76.91112
NDPRJ_5668,block_demand,83.2158
NDPRJ_5669,block_demand,333.4548
NDPRJ_5670,block_demand,90.778184
NDPRJ_5671,block_demand,363.24981
NDPRJ_5672,block_demand,102.953776
NDPRJ_5673,block_demand,123.312
NDPRJ_5674,block_demand,134.46
NDPRJ_5675,block_demand,501.963
NDPRJ_5676,block_demand,507.566955
NDPRJ_5677,block_demand,142.6896
NDPRJ_5678,block_demand,554.479905
NDPRJ_5679,block_demand,596.84625
NDPRJ_5680,block_demand,173.224
NDPRJ_5681,block_demand,195.714
NDPRJ_5682,block_demand,248.894996
NDPRJ_5683,block_demand,993.3525
NDPRJ_5684,block_demand,1030.1928
NDPRJ_5685,block_demand,297.301518
NDPRJ_5686,block_demand,298.68048
NDPRJ_5687,block_demand,293.6
NDPRJ_5688,block_demand,311.354082
NDPRJ_5689,block_demand,312.246
NDPRJ_5690,block_demand,345.381426
NDPRJ_5691,block_demand,344.184344
NDPRJ_5692,block_demand,1333.76355
NDPRJ_5693,block_demand,1335.6
NDPRJ_5694,block_demand,355.995872
NDPRJ_5695,block_demand,418.309542
NDPRJ_5696,block_demand,418.32
NDPRJ_5697,block_demand,1580.46
NDPRJ_5698,block_demand,1669.5
NDPRJ_5699,block_demand,1836.45
NDPRJ_5700,block_demand,496.008
NDPRJ_5701,block_demand,512.929476
NDPRJ_5702,block_demand,2103.57
NDPRJ_5703,block_demand,567.03276
NDPRJ_5704,block_demand,2185.3755
NDPRJ_5705,block_demand,587.029712
NDPRJ_5706,block_demand,2226
NDPRJ_5707,block_demand,2380.707
NDPRJ_5708,block_demand,649.89
NDPRJ_5709,block_demand,644.452
NDPRJ_5710,block_demand,2867.6445
NDPRJ_5711,block_demand,807.02892
NDPRJ_5712,block_demand,3472.56
NDPRJ_5713,block_demand,3505.95
NDPRJ_5714,block_demand,956.16
NDPRJ_5715,block_demand,3622.815
NDPRJ_5716,block_demand,986.04
NDPRJ_5717,block_demand,3710.742
NDPRJ_5718,block_demand,3790.683225
NDPRJ_5719,block_demand,1033.5492
NDPRJ_5720,block_demand,1098.084024
NDPRJ_5721,block_demand,4115.874
NDPRJ_5722,block_demand,1114.730204
NDPRJ_5723,block_demand,1155.7584
NDPRJ_5724,block_demand,4755.48171
NDPRJ_5725,block_demand,4758.64263
NDPRJ_5726,block_demand,4761.174705
NDPRJ_5727,block_demand,4782.04902
NDPRJ_5728,block_demand,4844.76657
NDPRJ_5729,block_demand,4934.146035
NDPRJ_5730,block_demand,5282.39817
NDPRJ_5731,block_demand,1472.408712
NDPRJ_5732,block_demand,5539.451085
NDPRJ_5733,block_demand,5562.6627
NDPRJ_5734,block_demand,5565
NDPRJ_5735,block_demand,5566.471386
NDPRJ_5736,block_demand,5717.33631
NDPRJ_5737,block_demand,5767.566
NDPRJ_5738,block_demand,1589.4666
NDPRJ_5739,block_demand,5936.001855
NDPRJ_5740,block_demand,1670.70285
NDPRJ_5741,block_demand,6306.8145
NDPRJ_5742,block_demand,6337.783725
NDPRJ_5743,block_demand,1692.025608
NDPRJ_5744,block_demand,6449.99082
NDPRJ_5745,block_demand,1760.254704
NDPRJ_5746,block_demand,6678
NDPRJ_5747,block_demand,6681.544905
NDPRJ_5748,block_demand,6807.58659
NDPRJ_5749,block_demand,1830.90447
NDPRJ_5750,block_demand,6836.6025
NDPRJ_5751,block_demand,6852.234585
NDPRJ_5752,block_demand,7027.2594
NDPRJ_5753,block_demand,7048.601175
NDPRJ_5754,block_demand,7154.714595
NDPRJ_5755,block_demand,7269.82662
NDPRJ_5756,block_demand,7275.575265
NDPRJ_5757,block_demand,7288.60293
NDPRJ_5758,block_demand,1933.931456
NDPRJ_5759,block_demand,7412.58
NDPRJ_5760,block_demand,7447.083
NDPRJ_5761,block_demand,7512.75
NDPRJ_5762,block_demand,7512.75
NDPRJ_5763,block_demand,7546.94136
NDPRJ_5764,block_demand,7550.341575
NDPRJ_5765,block_demand,7581.63357
NDPRJ_5766,block_demand,7634.20056
NDPRJ_5767,block_demand,7750.4868
NDPRJ_5768,block_demand,7792.151955
NDPRJ_5769,block_demand,7963.94907
NDPRJ_5770,block_demand,8153.838
NDPRJ_5771,block_demand,8282.11125
NDPRJ_5772,block_demand,2242.1952
NDPRJ_5773,block_demand,2371.4262
NDPRJ_5774,block_demand,8979.144195
NDPRJ_5775,block_demand,9228.211335
NDPRJ_5776,block_demand,2437.762268
NDPRJ_5777,block_demand,9271.08966
NDPRJ_5778,block_demand,9296.32137
NDPRJ_5779,block_demand,9335.827305
NDPRJ_5780,block_demand,9738.75
NDPRJ_5781,block_demand,2683.971
NDPRJ_5782,block_demand,10078.215
NDPRJ_5783,block_demand,10506.72
NDPRJ_5784,block_demand,10557.52845
NDPRJ_5785,block_demand,10578.35824
NDPRJ_5786,block_demand,10602.8832
NDPRJ_5787,block_demand,10695.98009
NDPRJ_5788,block_demand,2883.42
NDPRJ_5789,block_demand,10895.93053
NDPRJ_5790,block_demand,10899.8316
NDPRJ_5791,block_demand,11078.31785
NDPRJ_5792,block_demand,11124.97481
NDPRJ_5793,block_demand,11130
NDPRJ_5794,block_demand,11130
NDPRJ_5795,block_demand,11130
NDPRJ_5796,block_demand,11130.5565
NDPRJ_5797,block_demand,11148.3645
NDPRJ_5798,block_demand,11222.07293
NDPRJ_5799,block_demand,11273.93316
NDPRJ_5800,block_demand,11500.9629
NDPRJ_5801,block_demand,11909.1
NDPRJ_5802,block_demand,11996.98805
NDPRJ_5803,block_demand,12117.98784
NDPRJ_5804,block_demand,12132.41232
NDPRJ_5805,block_demand,12213.66132
NDPRJ_5806,block_demand,3286.8
NDPRJ_5807,block_demand,3272.59038
NDPRJ_5808,block_demand,12500.93775
NDPRJ_5809,block_demand,12772.4541
NDPRJ_5810,block_demand,12952.72115
NDPRJ_5811,block_demand,12980.0453
NDPRJ_5812,block_demand,13241.30535
NDPRJ_5813,block_demand,13628.37893
NDPRJ_5814,block_demand,3665.0808
NDPRJ_5815,block_demand,13834.59
NDPRJ_5816,block_demand,3734.4024
NDPRJ_5817,block_demand,13912.5
NDPRJ_5818,block_demand,14130.93738
NDPRJ_5819,block_demand,14268.02002
NDPRJ_5820,block_demand,14541.84585
NDPRJ_5821,block_demand,14546.44254
NDPRJ_5822,block_demand,14638.53773
NDPRJ_5823,block_demand,14833.86923
NDPRJ_5824,block_demand,14839.629
NDPRJ_5825,block_demand,15025.5
NDPRJ_5826,block_demand,15025.5
NDPRJ_5827,block_demand,15031.9554
NDPRJ_5828,block_demand,15042.7515
NDPRJ_5829,block_demand,4067.46834
NDPRJ_5830,block_demand,15479.69304
NDPRJ_5831,block_demand,15539.06046
NDPRJ_5832,block_demand,15553.062
NDPRJ_5833,block_demand,4276.8738
NDPRJ_5834,block_demand,16138.5
NDPRJ_5835,block_demand,4353.00057
NDPRJ_5836,block_demand,16260.3735
NDPRJ_5837,block_demand,16695
NDPRJ_5838,block_demand,16728.9465
NDPRJ_5839,block_demand,4511.88
NDPRJ_5840,block_demand,4533.675966
NDPRJ_5841,block_demand,17123.62186
NDPRJ_5842,block_demand,4631.4
NDPRJ_5843,block_demand,17321.95847
NDPRJ_5844,block_demand,17371.45914
NDPRJ_5845,block_demand,17472.4305
NDPRJ_5846,block_demand,17696.7
NDPRJ_5847,block_demand,17750.30208
NDPRJ_5848,block_demand,17808
NDPRJ_5849,block_demand,17808.08904
NDPRJ_5850,block_demand,4930.2
NDPRJ_5851,block_demand,18367.42163
NDPRJ_5852,block_demand,4885.498128
NDPRJ_5853,block_demand,18549.87015
NDPRJ_5854,block_demand,5049.141822
NDPRJ_5855,block_demand,5070.636
NDPRJ_5856,block_demand,5180.1462
NDPRJ_5857,block_demand,5223.771
NDPRJ_5858,block_demand,19461.30585
NDPRJ_5859,block_demand,21419.85195
NDPRJ_5860,block_demand,21465.7632
NDPRJ_5861,block_demand,21560.4795
NDPRJ_5862,block_demand,22037.4
NDPRJ_5863,block_demand,22148.7
NDPRJ_5864,block_demand,22260
NDPRJ_5865,block_demand,22260
NDPRJ_5866,block_demand,22260
NDPRJ_5867,block_demand,22804.257
NDPRJ_5868,block_demand,22888.845
NDPRJ_5869,block_demand,6121.56
NDPRJ_5870,block_demand,24449.271
NDPRJ_5871,block_demand,24513.19616
NDPRJ_5872,block_demand,24619.40418
NDPRJ_5873,block_demand,6653.6037
NDPRJ_5874,block_demand,24864.21966
NDPRJ_5875,block_demand,25266.82515
NDPRJ_5876,block_demand,25697.40033
NDPRJ_5877,block_demand,25801.76077
NDPRJ_5878,block_demand,6890.907972
NDPRJ_5879,block_demand,26155.5
NDPRJ_5880,block_demand,26600.7
NDPRJ_5881,block_demand,26666.91793
NDPRJ_5882,block_demand,7177.052
NDPRJ_5883,block_demand,7312.130514
NDPRJ_5884,block_demand,27518.42415
NDPRJ_5885,block_demand,27531.6299
NDPRJ_5886,block_demand,7522.636608
NDPRJ_5887,block_demand,28402.647
NDPRJ_5888,block_demand,28938
NDPRJ_5889,block_demand,29216.25
NDPRJ_5890,block_demand,29619.7125
NDPRJ_5891,block_demand,7900.1888
NDPRJ_5892,block_demand,8161.905308
NDPRJ_5893,block_demand,32054.4
NDPRJ_5894,block_demand,8614.404
NDPRJ_5895,block_demand,32124.519
NDPRJ_5896,block_demand,33378.87
NDPRJ_5897,block_demand,33390
NDPRJ_5898,block_demand,33390
NDPRJ_5899,block_demand,8828.770732
NDPRJ_5900,block_demand,33481.86702
NDPRJ_5901,block_demand,34192.18362
NDPRJ_5902,block_demand,34324.3635
NDPRJ_5903,block_demand,35025.76497
NDPRJ_5904,block_demand,9412.2
NDPRJ_5905,block_demand,9973.74978
NDPRJ_5906,block_demand,37470.8145
NDPRJ_5907,block_demand,10280.77873
NDPRJ_5908,block_demand,38398.5
NDPRJ_5909,block_demand,40068
NDPRJ_5910,block_demand,41281.24791
NDPRJ_5911,block_demand,41883.8595
NDPRJ_5912,block_demand,11204.45128
NDPRJ_5913,block_demand,43421.50239
NDPRJ_5914,block_demand,44200.0125
NDPRJ_5915,block_demand,11744
NDPRJ_5916,block_demand,45523.74792
NDPRJ_5917,block_demand,12358.81748
NDPRJ_5918,block_demand,12478
NDPRJ_5919,block_demand,12753.63902
NDPRJ_5920,block_demand,48351.74736
NDPRJ_5921,block_demand,51307.074
NDPRJ_5922,block_demand,14386.4
NDPRJ_5923,block_demand,14795.5302
NDPRJ_5924,block_demand,55650
NDPRJ_5925,block_demand,14940
NDPRJ_5926,block_demand,55650
NDPRJ_5927,block_demand,58432.5
NDPRJ_5928,block_demand,16148
NDPRJ_5929,block_demand,64255.77165
NDPRJ_5930,block_demand,65110.5
NDPRJ_5931,block_demand,72241.16267
NDPRJ_5932,block_demand,72683.79163
NDPRJ_5933,block_demand,73068.45
NDPRJ_5934,block_demand,74200.00371
NDPRJ_5935,block_demand,77910
NDPRJ_5936,block_demand,21319.50857
NDPRJ_5937,block_demand,21978.20017
NDPRJ_5938,block_demand,22020
NDPRJ_5939,block_demand,22111.11289
NDPRJ_5940,block_demand,22688.20424
NDPRJ_5941,block_demand,89040
NDPRJ_5942,block_demand,24222
NDPRJ_5943,block_demand,24875.1
NDPRJ_5944,block_demand,92935.5
NDPRJ_5945,block_demand,24700.22155
NDPRJ_5946,block_demand,25212.62284
NDPRJ_5947,block_demand,100170
NDPRJ_5948,block_demand,100170
NDPRJ_5949,block_demand,26515.78083
NDPRJ_5950,block_demand,27073.0728
NDPRJ_5951,block_demand,102326.0201
NDPRJ_5952,block_demand,27668.98159
NDPRJ_5953,block_demand,28115.61289
NDPRJ_5954,block_demand,27884.87286
NDPRJ_5955,block_demand,28151.7259
NDPRJ_5956,block_demand,28953.72
NDPRJ_5957,block_demand,29141.64528
NDPRJ_5958,block_demand,29880
NDPRJ_5959,block_demand,111300.1669
NDPRJ_5960,block_demand,29959.929
NDPRJ_5961,block_demand,29767.2643
NDPRJ_5962,block_demand,29915.9639
NDPRJ_5963,block_demand,115918.7552
NDPRJ_5964,block_demand,30867.53324
NDPRJ_5965,block_demand,118770.2779
NDPRJ_5966,block_demand,31875.57361
NDPRJ_5967,block_demand,32747.71806
NDPRJ_5968,block_demand,32476.44509
NDPRJ_5969,block_demand,33204.256
NDPRJ_5970,block_demand,33479.29168
NDPRJ_5971,block_demand,134557.031
NDPRJ_5972,block_demand,36197.0294
NDPRJ_5973,block_demand,141749.6822
NDPRJ_5974,block_demand,40263.3
NDPRJ_5975,block_demand,41900.2021
NDPRJ_5976,block_demand,43306
NDPRJ_5977,block_demand,166950
NDPRJ_5978,block_demand,44820
NDPRJ_5979,block_demand,45226.85598
NDPRJ_5980,block_demand,177949.9905
NDPRJ_5981,block_demand,38989.3137
NDPRJ_5982,block_demand,180432.2754
NDPRJ_5983,block_demand,184172.6176
NDPRJ_5984,block_demand,194775
NDPRJ_5985,block_demand,52572.84982
NDPRJ_5986,block_demand,55018.63413
NDPRJ_5987,block_demand,54954.99838
NDPRJ_5988,block_demand,210048.3985
NDPRJ_5989,block_demand,61214.56359
NDPRJ_5990,block_demand,237500.2875
NDPRJ_5991,block_demand,64180.32876
NDPRJ_5992,block_demand,64447.76753
NDPRJ_5993,block_demand,73400
NDPRJ_5994,block_demand,313728.4332
NDPRJ_5995,block_demand,321688.164
NDPRJ_5996,block_demand,345044.5636
NDPRJ_5997,block_demand,404044.1538
NDPRJ_5998,block_demand,422940
NDPRJ_5999,block_demand,463981.875
NDPRJ_6000,block_demand,523110
NDPRJ_6001,block_demand,578760
NDPRJ_6002,block_demand,164340
NDPRJ_6003,block_demand,166163.2253
NDPRJ_6004,block_demand,731797.5
NDPRJ_6005,block_demand,1165867.5
NDPRJ_6006,block_demand,354350.8312
NDCBP_1,batching_plant_capacity,3240000
NDCBP_2,batching_plant_capacity,3240000
NDCBP_3,batching_plant_capacity,3600000
NDCBP_4,batching_plant_capacity,6480000
NDCBP_5,batching_plant_capacity,4860000
NDCBP_6,batching_plant_capacity,6480000
NDCBP_7,batching_plant_capacity,3420000
NDCBP_8,batching_plant_capacity,4860000
NDCBP_9,batching_plant_capacity,1800000
NDCBP_10,batching_plant_capacity,4320000
NDCBP_11,batching_plant_capacity,2160000
NDCBP_12,batching_plant_capacity,6480000
NDCBP_13,batching_plant_capacity,9720000
NDCBP_14,batching_plant_capacity,3600000
NDCBP_15,batching_plant_capacity,3960000
NDCBP_16,batching_plant_capacity,7020000
NDCBP_17,batching_plant_capacity,2160000
NDCBP_18,batching_plant_capacity,1080000
NDCBP_19,batching_plant_capacity,3240000
NDCBP_20,batching_plant_capacity,3780000
NDCBP_21,batching_plant_capacity,5400000
NDCBP_22,batching_plant_capacity,3600000
NDCBP_23,batching_plant_capacity,4860000
NDCBP_24,batching_plant_capacity,4500000
NDCBP_25,batching_plant_capacity,4320000
NDCBP_26,batching_plant_capacity,6480000
NDCBP_27,batching_plant_capacity,2160000
NDCBP_28,batching_plant_capacity,4320000
NDCBP_29,batching_plant_capacity,6480000
NDCBP_30,batching_plant_capacity,3780000
NDCBP_31,batching_plant_capacity,3600000
NDCBP_32,batching_plant_capacity,2160000
NDCBP_33,batching_plant_capacity,2160000
NDCBP_34,batching_plant_capacity,2160000
NDCBP_35,batching_plant_capacity,2160000
NDCBP_36,batching_plant_capacity,2520000
NDCBP_37,batching_plant_capacity,2160000
NDCBP_38,batching_plant_capacity,3600000
NDCBP_39,batching_plant_capacity,3780000
NDCBP_40,batching_plant_capacity,3240000
NDCBP_41,batching_plant_capacity,3240000
NDCBP_42,batching_plant_capacity,5760000
NDCBP_43,batching_plant_capacity,3240000
NDCBP_44,batching_plant_capacity,9720000
NDCBP_45,batching_plant_capacity,3780000
NDCBP_46,batching_plant_capacity,3780000
NDCBP_47,batching_plant_capacity,3240000
NDCBP_48,batching_plant_capacity,4860000
NDCBP_49,batching_plant_capacity,2880000
NDCBP_50,batching_plant_capacity,5760000
NDCBP_51,batching_plant_capacity,3240000
NDCBP_52,batching_plant_capacity,2160000
NDCBP_53,batching_plant_capacity,5400000
NDCBP_54,batching_plant_capacity,2700000
NDCBP_55,batching_plant_capacity,4320000
NDCBP_56,batching_plant_capacity,3240000
NDCBP_57,batching_plant_capacity,5040000
NDCBP_58,batching_plant_capacity,6480000
NDCBP_59,batching_plant_capacity,3600000
NDCBP_60,batching_plant_capacity,2880000
NDCBP_61,batching_plant_capacity,4860000
NDCBP_62,batching_plant_capacity,4320000
NDCBP_63,batching_plant_capacity,4860000
NDCBP_64,batching_plant_capacity,6480000
NDCBP_65,batching_plant_capacity,6480000
NDCBP_66,batching_plant_capacity,3240000
NDCBP_67,batching_plant_capacity,3960000
NDCBP_68,batching_plant_capacity,3600000
NDCBP_69,batching_plant_capacity,3780000
NDCBP_70,batching_plant_capacity,4140000
NDCBP_71,batching_plant_capacity,4140000
NDCBP_72,batching_plant_capacity,4140000
NDCBP_73,batching_plant_capacity,4140000
NDCBP_74,batching_plant_capacity,3240000
NDCBP_75,batching_plant_capacity,4500000
NDCBP_76,batching_plant_capacity,2880000
NDCBP_77,batching_plant_capacity,6480000
NDCBP_78,batching_plant_capacity,2880000
NDCBP_79,batching_plant_capacity,3240000
NDCBP_80,batching_plant_capacity,1440000
NDCBP_81,batching_plant_capacity,2700000
NDCBP_82,batching_plant_capacity,2160000
NDCBP_83,batching_plant_capacity,2700000
NDCBP_84,batching_plant_capacity,3780000
NDCBP_85,batching_plant_capacity,4320000
NDCBP_86,batching_plant_capacity,3240000
NDCBP_87,batching_plant_capacity,3240000
NDCBP_88,batching_plant_capacity,3240000
NDCBP_89,batching_plant_capacity,4500000
NDCBP_90,batching_plant_capacity,2520000
NDCBP_91,batching_plant_capacity,3240000
NDCBP_92,batching_plant_capacity,3240000
NDCBP_93,batching_plant_capacity,3240000
NDCBP_94,batching_plant_capacity,4320000
NDCBP_95,batching_plant_capacity,2880000
NDCBP_96,batching_plant_capacity,2160000
NDCBP_97,batching_plant_capacity,3600000
NDCBP_98,batching_plant_capacity,1080000
NDCBP_99,batching_plant_capacity,2160000
NDCBP_100,batching_plant_capacity,9600000
NDCBP_101,batching_plant_capacity,1440000
NDCBP_102,batching_plant_capacity,960000
NDCBP_103,batching_plant_capacity,1440000
NDCBP_104,batching_plant_capacity,480000
NDCBP_105,batching_plant_capacity,2496000
NDCBP_106,batching_plant_capacity,960000
NDCBP_107,batching_plant_capacity,300000
NDCBP_108,batching_plant_capacity,960000
NDCBP_109,batching_plant_capacity,2400000
NDCBP_110,batching_plant_capacity,480000
NDCBP_111,batching_plant_capacity,2400000
NDCBP_112,batching_plant_capacity,600000
NDCBP_113,batching_plant_capacity,1920000
NDCBP_114,batching_plant_capacity,576000
NDCBP_115,batching_plant_capacity,1920000
NDCBP_116,batching_plant_capacity,720000
NDCBP_117,batching_plant_capacity,480000
NDCBP_118,batching_plant_capacity,600000
NDCBP_119,batching_plant_capacity,1920000
NDCBP_120,batching_plant_capacity,600000
NDCBP_121,batching_plant_capacity,720000
NDCBP_122,batching_plant_capacity,960000
NDCBP_123,batching_plant_capacity,480000
NDCBP_124,batching_plant_capacity,504000
NDCBP_125,batching_plant_capacity,6480000
NDCBP_126,batching_plant_capacity,1440000
NDCBP_127,batching_plant_capacity,720000
NDCBP_128,batching_plant_capacity,960000
NDCBP_129,batching_plant_capacity,840000
NDCBP_130,batching_plant_capacity,4800000
NDCBP_131,batching_plant_capacity,528000
NDCBP_132,batching_plant_capacity,240000
NDCBP_133,batching_plant_capacity,960000
NDCBP_134,batching_plant_capacity,2520000
NDCBP_135,batching_plant_capacity,480000
NDCBP_136,batching_plant_capacity,1920000
NDCBP_137,batching_plant_capacity,480000
NDCBP_138,batching_plant_capacity,480000
NDCBP_139,batching_plant_capacity,1440000
NDCBP_140,batching_plant_capacity,480000
NDCBP_141,batching_plant_capacity,720000
NDCBP_142,batching_plant_capacity,4800000
NDCBP_143,batching_plant_capacity,2160000
NDCBP_144,batching_plant_capacity,3600000
NDCBP_145,batching_plant_capacity,480000
NDCBP_146,batching_plant_capacity,720000
NDCBP_147,batching_plant_capacity,480000
NDCBP_148,batching_plant_capacity,840000
NDCBP_149,batching_plant_capacity,480000
NDCBP_150,batching_plant_capacity,480000
NDCBP_151,batching_plant_capacity,360000
NDCBP_152,batching_plant_capacity,960000
NDCBP_153,batching_plant_capacity,360000
NDCBP_154,batching_plant_capacity,240000
NDCBP_155,batching_plant_capacity,672000
NDCBP_156,batching_plant_capacity,1200000
NDCBP_157,batching_plant_capacity,528000
NDCBP_158,batching_plant_capacity,840000
NDCBP_159,batching_plant_capacity,720000
NDCBP_160,batching_plant_capacity,1440000
NDCBP_161,batching_plant_capacity,1440000
NDCBP_162,batching_plant_capacity,1440000
NDCBP_163,batching_plant_capacity,7200000
NDCBP_164,batching_plant_capacity,2400000
NDCBP_165,batching_plant_capacity,600000
NDCBP_166,batching_plant_capacity,240000
NDCBP_167,batching_plant_capacity,264000
NDCBP_168,batching_plant_capacity,240000
NDCBP_169,batching_plant_capacity,240000
NDCBP_170,batching_plant_capacity,240000
NDCBP_171,batching_plant_capacity,2325600
NDCBP_172,batching_plant_capacity,720000
NDCBP_173,batching_plant_capacity,528000
NDCBP_174,batching_plant_capacity,864000
NDCBP_175,batching_plant_capacity,720000
NDCBP_176,batching_plant_capacity,8640000
NDCBP_177,batching_plant_capacity,480000
NDCBP_178,batching_plant_capacity,960000
NDCBP_179,batching_plant_capacity,1440000
NDCBP_180,batching_plant_capacity,480000
NDCBP_181,batching_plant_capacity,600000
NDCBP_182,batching_plant_capacity,1200000
NDCBP_183,batching_plant_capacity,720000
NDCBP_184,batching_plant_capacity,840000
NDCBP_185,batching_plant_capacity,720000
NDCBP_186,batching_plant_capacity,300000
NDCBP_187,batching_plant_capacity,4080000
NDCBP_188,batching_plant_capacity,2400000
NDCBP_189,batching_plant_capacity,480000
NDCBP_190,batching_plant_capacity,960000
NDCBP_191,batching_plant_capacity,864000
NDCBP_192,batching_plant_capacity,1200000
NDCBP_193,batching_plant_capacity,528000
NDCBP_194,batching_plant_capacity,2400000
NDCBP_195,batching_plant_capacity,480000
NDCBP_196,batching_plant_capacity,480000
NDCBP_197,batching_plant_capacity,480000
NDCBP_198,batching_plant_capacity,720000
NDCBP_199,batching_plant_capacity,480000
NDCBP_200,batching_plant_capacity,720000
NDCBP_201,batching_plant_capacity,720000
NDCBP_202,batching_plant_capacity,720000
NDCBP_203,batching_plant_capacity,960000
NDCBP_204,batching_plant_capacity,480000
NDCBP_205,batching_plant_capacity,1200000
NDCBP_206,batching_plant_capacity,3784320
NDCBP_207,batching_plant_capacity,2400000
NDCBP_208,batching_plant_capacity,1440000
NDCBP_209,batching_plant_capacity,960000
NDCBP_210,batching_plant_capacity,480000
NDCBP_211,batching_plant_capacity,480000
NDCBP_212,batching_plant_capacity,864000
NDCBP_213,batching_plant_capacity,720000
NDCBP_214,batching_plant_capacity,720000
NDCBP_215,batching_plant_capacity,720000
NDCBP_216,batching_plant_capacity,600000
NDCBP_217,batching_plant_capacity,2400000
NDCBP_218,batching_plant_capacity,240000
NDCBP_219,batching_plant_capacity,720000
NDCBP_220,batching_plant_capacity,480000
NDCBP_221,batching_plant_capacity,480000
NDCBP_222,batching_plant_capacity,480000
NDCBP_223,batching_plant_capacity,720000
NDCBP_224,batching_plant_capacity,480000
NDCBP_225,batching_plant_capacity,720000
NDCBP_226,batching_plant_capacity,240000
NDCBP_227,batching_plant_capacity,480000
NDCBP_228,batching_plant_capacity,480000
NDCBP_229,batching_plant_capacity,720000
NDCBP_230,batching_plant_capacity,12000000
NDCBP_231,batching_plant_capacity,720000
NDCBP_232,batching_plant_capacity,1200000
NDCBP_233,batching_plant_capacity,480000
NDCBP_234,batching_plant_capacity,1080000
NDCBP_235,batching_plant_capacity,1728000
NDCBP_236,batching_plant_capacity,480000
NDCBP_237,batching_plant_capacity,2880000
NDCBP_238,batching_plant_capacity,480000
NDCBP_239,batching_plant_capacity,975120
NDCBP_240,batching_plant_capacity,8640000
NDCBP_241,batching_plant_capacity,960000
NDCBP_242,batching_plant_capacity,720000
NDCBP_243,batching_plant_capacity,2280000
NDCBP_244,batching_plant_capacity,480000
NDCBP_245,batching_plant_capacity,1680000
NDCBP_246,batching_plant_capacity,720000
NDCBP_247,batching_plant_capacity,840000
NDCBP_248,batching_plant_capacity,1440000
NDCBP_249,batching_plant_capacity,960000
NDCBP_250,batching_plant_capacity,600000
NDCBP_251,batching_plant_capacity,1440000
NDCBP_252,batching_plant_capacity,3120000
NDCBP_253,batching_plant_capacity,4800000
NDCBP_254,batching_plant_capacity,300000
NDCBP_255,batching_plant_capacity,240000
NDCBP_256,batching_plant_capacity,720000
NDCBP_257,batching_plant_capacity,360000
NDCBP_258,batching_plant_capacity,600000
NDCBP_259,batching_plant_capacity,720000
NDCBP_260,batching_plant_capacity,600000
NDCBP_261,batching_plant_capacity,480000
NDCBP_262,batching_plant_capacity,480000
NDCBP_263,batching_plant_capacity,480000
NDCBP_264,batching_plant_capacity,1296000
NDCBP_265,batching_plant_capacity,240000
NDCBP_266,batching_plant_capacity,720000
NDCBP_267,batching_plant_capacity,960000
NDCBP_268,batching_plant_capacity,1440000
NDCBP_269,batching_plant_capacity,480000
NDCBP_270,batching_plant_capacity,720000
NDCBP_271,batching_plant_capacity,480000
NDCBP_272,batching_plant_capacity,480000
NDCBP_273,batching_plant_capacity,720000
NDCBP_274,batching_plant_capacity,1920000
NDCBP_275,batching_plant_capacity,2400000
NDCBP_276,batching_plant_capacity,720000
NDCBP_277,batching_plant_capacity,1296000
NDCBP_278,batching_plant_capacity,720000
NDCBP_279,batching_plant_capacity,360000
NDCBP_280,batching_plant_capacity,360000
NDCBP_281,batching_plant_capacity,480000
NDCBP_282,batching_plant_capacity,1296000
NDCBP_283,batching_plant_capacity,720000
NDCBP_284,batching_plant_capacity,720000
NDCBP_285,batching_plant_capacity,480000
NDCBP_286,batching_plant_capacity,960000
NDCBP_287,batching_plant_capacity,960000
NDCBP_288,batching_plant_capacity,300000
NDCBP_289,batching_plant_capacity,720000
NDCBP_290,batching_plant_capacity,480000
NDCBP_291,batching_plant_capacity,720000
NDCBP_292,batching_plant_capacity,552000
NDCBP_293,batching_plant_capacity,720000
NDCBP_294,batching_plant_capacity,600000
NDCBP_295,batching_plant_capacity,720000
NDCBP_296,batching_plant_capacity,1440000
NDCBP_297,batching_plant_capacity,480000
NDCBP_298,batching_plant_capacity,240000
NDCBP_299,batching_plant_capacity,2400000
NDCBP_300,batching_plant_capacity,240000
NDCBP_301,batching_plant_capacity,720000
NDCBP_302,batching_plant_capacity,480000
NDCBP_303,batching_plant_capacity,480000
NDCBP_304,batching_plant_capacity,360000
NDCBP_305,batching_plant_capacity,240000
NDCBP_306,batching_plant_capacity,240000
NDCBP_307,batching_plant_capacity,300000
NDCBP_308,batching_plant_capacity,600000
NDCBP_309,batching_plant_capacity,2160000
NDCBP_310,batching_plant_capacity,600000
NDCBP_311,batching_plant_capacity,720000
NDCBP_312,batching_plant_capacity,960000
NDCBP_313,batching_plant_capacity,600000
NDCBP_314,batching_plant_capacity,840000
NDCBP_315,batching_plant_capacity,960000
NDCBP_316,batching_plant_capacity,1920000
NDCBP_317,batching_plant_capacity,720000
NDCBP_318,batching_plant_capacity,960000
NDCBP_319,batching_plant_capacity,720000
NDCBP_320,batching_plant_capacity,960000
NDCBP_321,batching_plant_capacity,600000
NDCBP_322,batching_plant_capacity,480000
NDCBP_323,batching_plant_capacity,2880000
NDCBP_324,batching_plant_capacity,240000
NDCBP_325,batching_plant_capacity,1440000
NDCBP_326,batching_plant_capacity,480000
NDCBP_327,batching_plant_capacity,600000
NDCBP_328,batching_plant_capacity,480000
NDCBP_329,batching_plant_capacity,720000
NDCBP_330,batching_plant_capacity,600000
NDCBP_331,batching_plant_capacity,480000
NDCBP_332,batching_plant_capacity,720000
NDCBP_333,batching_plant_capacity,300000
NDCBP_334,batching_plant_capacity,720000
NDCBP_335,batching_plant_capacity,480000
NDCBP_336,batching_plant_capacity,480000
NDCBP_337,batching_plant_capacity,684000
NDCBP_338,batching_plant_capacity,300000
NDCBP_339,batching_plant_capacity,1200000
NDCBP_340,batching_plant_capacity,720000
NDCBP_341,batching_plant_capacity,960000
NDCBP_342,batching_plant_capacity,720000
NDCBP_343,batching_plant_capacity,1080000
NDCBP_344,batching_plant_capacity,720000
NDCBP_345,batching_plant_capacity,720000
NDCBP_346,batching_plant_capacity,720000
NDCBP_347,batching_plant_capacity,720000
NDCBP_348,batching_plant_capacity,600000
NDCBP_349,batching_plant_capacity,504000
NDCBP_350,batching_plant_capacity,720000
NDCBP_351,batching_plant_capacity,1200000
NDCBP_352,batching_plant_capacity,720000
NDCBP_353,batching_plant_capacity,600000
NDCBP_354,batching_plant_capacity,240000
NDCBP_355,batching_plant_capacity,480000
NDCBP_356,batching_plant_capacity,480000
NDCBP_357,batching_plant_capacity,720000
NDCBP_358,batching_plant_capacity,1200000
NDCBP_359,batching_plant_capacity,480000
NDCBP_360,batching_plant_capacity,720000
NDCBP_361,batching_plant_capacity,720000
NDCBP_362,batching_plant_capacity,480000
NDCBP_363,batching_plant_capacity,480000
NDCBP_364,batching_plant_capacity,720000
NDCBP_365,batching_plant_capacity,624000
NDCBP_366,batching_plant_capacity,240000
NDCBP_367,batching_plant_capacity,504000
NDCBP_368,batching_plant_capacity,360000
NDCBP_369,batching_plant_capacity,480000
NDCBP_370,batching_plant_capacity,672000
NDCBP_371,batching_plant_capacity,420000
NDCBP_372,batching_plant_capacity,480000
NDCBP_373,batching_plant_capacity,1200000
NDCBP_374,batching_plant_capacity,480000
NDCBP_375,batching_plant_capacity,480000
NDCBP_376,batching_plant_capacity,960000
NDCBP_377,batching_plant_capacity,720000
NDCBP_378,batching_plant_capacity,792000
NDCBP_379,batching_plant_capacity,600000
NDCBP_380,batching_plant_capacity,600000
NDCBP_381,batching_plant_capacity,720000
NDCBP_382,batching_plant_capacity,746400
NDCBP_383,batching_plant_capacity,720000
NDCBP_384,batching_plant_capacity,720000
NDCBP_385,batching_plant_capacity,960000
NDCBP_386,batching_plant_capacity,720000
NDCBP_387,batching_plant_capacity,480000
NDCBP_388,batching_plant_capacity,960000
NDCBP_389,batching_plant_capacity,960000
NDCBP_390,batching_plant_capacity,720000
NDCBP_391,batching_plant_capacity,600000
NDCBP_392,batching_plant_capacity,720000
NDCBP_393,batching_plant_capacity,720000
NDCBP_394,batching_plant_capacity,720000
NDCBP_395,batching_plant_capacity,480000
NDCBP_396,batching_plant_capacity,840000
NDCBP_397,batching_plant_capacity,720000
NDCBP_398,batching_plant_capacity,720000
NDCBP_399,batching_plant_capacity,1200000
NDCBP_400,batching_plant_capacity,497760
NDCBP_401,batching_plant_capacity,960000
NDCBP_402,batching_plant_capacity,720000
NDCBP_403,batching_plant_capacity,480000
NDCBP_404,batching_plant_capacity,720000
NDCBP_405,batching_plant_capacity,746400
NDCBP_406,batching_plant_capacity,480000
NDCBP_407,batching_plant_capacity,1200000
NDCBP_408,batching_plant_capacity,720000
NDCBP_409,batching_plant_capacity,720000
NDCBP_410,batching_plant_capacity,480000
NDCBP_411,batching_plant_capacity,480000
NDCBP_412,batching_plant_capacity,480000
NDCBP_413,batching_plant_capacity,1036800
NDCBP_414,batching_plant_capacity,720000
NDCBP_415,batching_plant_capacity,300000
NDCBP_416,batching_plant_capacity,480000
NDCBP_417,batching_plant_capacity,960000
NDCBP_418,batching_plant_capacity,720000
NDCBP_419,batching_plant_capacity,504000
NDCBP_420,batching_plant_capacity,960000
NDCBP_421,batching_plant_capacity,480000
NDCBP_422,batching_plant_capacity,720000
NDCBP_423,batching_plant_capacity,5040000
NDCBP_424,batching_plant_capacity,480000
NDCBP_425,batching_plant_capacity,720000
NDCBP_426,batching_plant_capacity,1200000
NDCBP_427,batching_plant_capacity,2160000
NDCBP_428,batching_plant_capacity,720000
NDCBP_429,batching_plant_capacity,876000
NDCBP_430,batching_plant_capacity,480000
NDCBP_431,batching_plant_capacity,480000
NDCBP_432,batching_plant_capacity,2160000
NDCBP_433,batching_plant_capacity,5280000
NDCBP_434,batching_plant_capacity,720000
NDCBP_435,batching_plant_capacity,720000
NDCBP_436,batching_plant_capacity,528000
NDCBP_437,batching_plant_capacity,480000
NDCBP_438,batching_plant_capacity,720000
NDCBP_439,batching_plant_capacity,480000
NDCBP_440,batching_plant_capacity,1200000
NDCBP_441,batching_plant_capacity,1200000
NDCBP_442,batching_plant_capacity,720000
NDCBP_443,batching_plant_capacity,600000
NDCBP_444,batching_plant_capacity,480000
NDCBP_445,batching_plant_capacity,1440000
NDCBP_446,batching_plant_capacity,960000
NDCBP_447,batching_plant_capacity,2400000
NDCBP_448,batching_plant_capacity,720000
NDCBP_449,batching_plant_capacity,576000
NDCBP_450,batching_plant_capacity,480000
NDCBP_451,batching_plant_capacity,600000
NDCBP_452,batching_plant_capacity,960000
NDCBP_453,batching_plant_capacity,480000
NDCBP_454,batching_plant_capacity,4320000
NDCBP_455,batching_plant_capacity,720000
NDCBP_456,batching_plant_capacity,720000
NDCBP_457,batching_plant_capacity,2400000
NDCBP_458,batching_plant_capacity,600000
NDCBP_459,batching_plant_capacity,1080000
NDCBP_460,batching_plant_capacity,720000
NDCBP_461,batching_plant_capacity,480000
NDCBP_462,batching_plant_capacity,480000
NDCBP_463,batching_plant_capacity,600000
NDCBP_464,batching_plant_capacity,480000
NDCBP_465,batching_plant_capacity,1200000
NDCBP_466,batching_plant_capacity,360000
NDCBP_467,batching_plant_capacity,1200000
NDCBP_468,batching_plant_capacity,2400000
NDCBP_469,batching_plant_capacity,480000
NDCBP_470,batching_plant_capacity,480000
NDCBP_471,batching_plant_capacity,360000
NDCBP_472,batching_plant_capacity,1440000
NDCBP_473,batching_plant_capacity,300000
NDCBP_474,batching_plant_capacity,240000
NDCBP_475,batching_plant_capacity,720000
NDCBP_476,batching_plant_capacity,720000
NDCBP_477,batching_plant_capacity,1440000
NDCBP_478,batching_plant_capacity,480000
NDCBP_479,batching_plant_capacity,720000
NDCBP_480,batching_plant_capacity,480000
NDCBP_481,batching_plant_capacity,600000
NDCBP_482,batching_plant_capacity,240000
NDCBP_483,batching_plant_capacity,1200000
NDCBP_484,batching_plant_capacity,600000
NDCBP_485,batching_plant_capacity,240000
NDCBP_486,batching_plant_capacity,600000
NDCBP_487,batching_plant_capacity,552000
NDCBP_488,batching_plant_capacity,480000
NDCBP_489,batching_plant_capacity,480000
NDCBP_490,batching_plant_capacity,480000
NDCBP_491,batching_plant_capacity,480000
NDCBP_492,batching_plant_capacity,1440000
NDCBP_493,batching_plant_capacity,480000
NDCBP_494,batching_plant_capacity,240000
NDCBP_495,batching_plant_capacity,480000
NDCBP_496,batching_plant_capacity,1200000
NDCBP_497,batching_plant_capacity,240000
NDCBP_498,batching_plant_capacity,600000
NDCBP_499,batching_plant_capacity,480000
NDCBP_500,batching_plant_capacity,1440000
NDCBP_501,batching_plant_capacity,1440000
NDCBP_502,batching_plant_capacity,480000
NDCBP_503,batching_plant_capacity,480000
NDCBP_504,batching_plant_capacity,720000
NDCBP_505,batching_plant_capacity,600000
NDCBP_506,batching_plant_capacity,240000
NDCBP_507,batching_plant_capacity,480000
NDCBP_508,batching_plant_capacity,960000
NDCBP_509,batching_plant_capacity,720000
NDCBP_510,batching_plant_capacity,720000
NDCBP_511,batching_plant_capacity,2400000
NDCBP_512,batching_plant_capacity,480000
NDCBP_513,batching_plant_capacity,1440000
NDCBP_514,batching_plant_capacity,864000
NDCBP_515,batching_plant_capacity,240000
NDCBP_516,batching_plant_capacity,960000
NDCBP_517,batching_plant_capacity,1200000
NDCBP_518,batching_plant_capacity,720000
NDCBP_519,batching_plant_capacity,528000
NDCBP_520,batching_plant_capacity,480000
NDCBP_521,batching_plant_capacity,1200000
NDCBP_522,batching_plant_capacity,720000
NDCBP_523,batching_plant_capacity,720000
NDCBP_524,batching_plant_capacity,480000
NDCBP_525,batching_plant_capacity,600000
NDCBP_526,batching_plant_capacity,600000
NDCBP_527,batching_plant_capacity,480000
NDCBP_528,batching_plant_capacity,600000
NDCBP_529,batching_plant_capacity,1440000
NDCBP_530,batching_plant_capacity,720000
NDCBP_531,batching_plant_capacity,1440000
NDCBP_532,batching_plant_capacity,720000
NDCBP_533,batching_plant_capacity,600000
NDCBP_534,batching_plant_capacity,720000
NDCBP_535,batching_plant_capacity,480000
NDCBP_536,batching_plant_capacity,2400000
NDCBP_537,batching_plant_capacity,960000
NDCBP_538,batching_plant_capacity,1200000
NDCBP_539,batching_plant_capacity,276000
NDCBP_540,batching_plant_capacity,240000
NDCBP_541,batching_plant_capacity,360000
NDCBP_542,batching_plant_capacity,480000
NDCBP_543,batching_plant_capacity,960000
NDCBP_544,batching_plant_capacity,480000
NDCBP_545,batching_plant_capacity,480000
NDCBP_546,batching_plant_capacity,480000
NDCBP_547,batching_plant_capacity,480000
NDCBP_548,batching_plant_capacity,360000
NDCBP_549,batching_plant_capacity,1200000
NDCBP_550,batching_plant_capacity,480000
NDCBP_551,batching_plant_capacity,360000
NDCBP_552,batching_plant_capacity,960000
NDCBP_553,batching_plant_capacity,480000
NDCBP_554,batching_plant_capacity,300000
NDCBP_555,batching_plant_capacity,480000
NDCBP_556,batching_plant_capacity,600000
NDCBP_557,batching_plant_capacity,960000
NDCBP_558,batching_plant_capacity,720000
NDCBP_559,batching_plant_capacity,480000
NDCBP_560,batching_plant_capacity,360000
NDCBP_561,batching_plant_capacity,480000
NDCBP_562,batching_plant_capacity,600000
NDCBP_563,batching_plant_capacity,240000
NDCBP_564,batching_plant_capacity,960000
NDCBP_565,batching_plant_capacity,264000
NDCBP_566,batching_plant_capacity,600000
NDCBP_567,batching_plant_capacity,960000
NDCBP_568,batching_plant_capacity,1440000
NDCBP_569,batching_plant_capacity,720000
NDCBP_570,batching_plant_capacity,600000
NDCBP_571,batching_plant_capacity,480000
NDCBP_572,batching_plant_capacity,720000
NDCBP_573,batching_plant_capacity,720000
NDCBP_574,batching_plant_capacity,480000
NDCBP_575,batching_plant_capacity,720000
NDCBP_576,batching_plant_capacity,960000
NDCBP_577,batching_plant_capacity,720000
NDCBP_578,batching_plant_capacity,1920000
NDCBP_579,batching_plant_capacity,360000
NDCBP_580,batching_plant_capacity,600000
NDCBP_581,batching_plant_capacity,480000
NDCBP_582,batching_plant_capacity,720000
NDCBP_583,batching_plant_capacity,960000
NDCBP_584,batching_plant_capacity,720000
NDCBP_585,batching_plant_capacity,720000
NDCBP_586,batching_plant_capacity,480000
NDCBP_587,batching_plant_capacity,480000
NDCBP_588,batching_plant_capacity,1440000
NDCBP_589,batching_plant_capacity,504000
NDCBP_590,batching_plant_capacity,720000
NDCBP_591,batching_plant_capacity,1440000
NDCBP_592,batching_plant_capacity,720000
NDCBP_593,batching_plant_capacity,480000
NDCBP_594,batching_plant_capacity,480000
NDCBP_595,batching_plant_capacity,720000
NDCBP_596,batching_plant_capacity,480000
NDCBP_597,batching_plant_capacity,600000
NDCBP_598,batching_plant_capacity,540000
NDCBP_599,batching_plant_capacity,720000
NDCBP_600,batching_plant_capacity,720000
NDCBP_601,batching_plant_capacity,864000
NDCBP_602,batching_plant_capacity,480000
NDCBP_603,batching_plant_capacity,720000
NDCBP_604,batching_plant_capacity,480000
NDCBP_605,batching_plant_capacity,480000
NDCBP_606,batching_plant_capacity,480000
NDCBP_607,batching_plant_capacity,480000
NDCBP_608,batching_plant_capacity,720000
NDCBP_609,batching_plant_capacity,720000
NDCBP_610,batching_plant_capacity,720000
NDCBP_611,batching_plant_capacity,600000
NDCBP_612,batching_plant_capacity,960000
NDCBP_613,batching_plant_capacity,720000
NDCBP_614,batching_plant_capacity,480000
NDCBP_615,batching_plant_capacity,480000
NDCBP_616,batching_plant_capacity,720000
NDCBP_617,batching_plant_capacity,1200000
NDCBP_618,batching_plant_capacity,600000
NDCBP_619,batching_plant_capacity,600000
NDCBP_620,batching_plant_capacity,720000
NDCBP_621,batching_plant_capacity,562800
NDCBP_622,batching_plant_capacity,720000
NDCBP_623,batching_plant_capacity,720000
NDCBP_624,batching_plant_capacity,480000
NDCBP_625,batching_plant_capacity,720000
NDCBP_626,batching_plant_capacity,600000
NDCBP_627,batching_plant_capacity,720000
NDCBP_628,batching_plant_capacity,480000
NDCBP_629,batching_plant_capacity,480000
NDCBP_630,batching_plant_capacity,480000
NDCBP_631,batching_plant_capacity,480000
NDCBP_632,batching_plant_capacity,480000
NDCBP_633,batching_plant_capacity,720000
NDCBP_634,batching_plant_capacity,1200000
NDCBP_635,batching_plant_capacity,600000
NDCBP_636,batching_plant_capacity,1920000
NDCBP_637,batching_plant_capacity,720000
NDBMP_1,block_plant_capacity,600000
NDBMP_2,block_plant_capacity,600000
NDBMP_3,block_plant_capacity,600000
NDBMP_4,block_plant_capacity,600000
NDBMP_5,block_plant_capacity,600000
NDBMP_6,block_plant_capacity,600000
NDBMP_7,block_plant_capacity,600000
NDBMP_8,block_plant_capacity,600000
NDBMP_9,block_plant_capacity,600000
NDBMP_10,block_plant_capacity,600000
NDBMP_11,block_plant_capacity,600000
NDBMP_12,block_plant_capacity,600000
NDBMP_13,block_plant_capacity,600000
NDBMP_14,block_plant_capacity,600000
NDBMP_15,block_plant_capacity,600000
NDBMP_16,block_plant_capacity,600000
NDBMP_17,block_plant_capacity,600000
NDBMP_18,block_plant_capacity,600000
NDBMP_19,block_plant_capacity,600000
NDBMP_20,block_plant_capacity,600000
NDBMP_21,block_plant_capacity,600000
NDBMP_22,block_plant_capacity,600000
NDBMP_23,block_plant_capacity,600000
NDBMP_24,block_plant_capacity,600000
NDBMP_25,block_plant_capacity,600000
NDBMP_26,block_plant_capacity,600000
NDBMP_27,block_plant_capacity,600000
NDBMP_28,block_plant_capacity,600000
NDBMP_29,block_plant_capacity,600000
NDBMP_30,block_plant_capacity,600000
NDBMP_31,block_plant_capacity,600000
NDBMP_32,block_plant_capacity,600000
NDBMP_33,block_plant_capacity,600000
NDBMP_34,block_plant_capacity,600000
NDBMP_35,block_plant_capacity,600000
NDBMP_36,block_plant_capacity,700000
NDBMP_37,block_plant_capacity,800000
NDBMP_38,block_plant_capacity,1000000
NDBMP_39,block_plant_capacity,1000000
NDBMP_40,block_plant_capacity,1200000
NDBMP_41,block_plant_capacity,1200000
NDBMP_42,block_plant_capacity,1400000
NDBMP_43,block_plant_capacity,2000000
NDBMP_44,block_plant_capacity,2000000
NDBMP_45,block_plant_capacity,600000
NDBMP_46,block_plant_capacity,600000
NDBMP_47,block_plant_capacity,600000
NDBMP_48,block_plant_capacity,600000
NDBMP_49,block_plant_capacity,600000
NDBMP_50,block_plant_capacity,600000
NDBMP_51,block_plant_capacity,600000
NDBMP_52,block_plant_capacity,600000
NDBMP_53,block_plant_capacity,600000
NDBMP_54,block_plant_capacity,800000
NDBMP_55,block_plant_capacity,1200000
NDBMP_56,block_plant_capacity,1200000
NDBMP_57,block_plant_capacity,600000
NDBMP_58,block_plant_capacity,600000
NDBMP_59,block_plant_capacity,600000
NDBMP_60,block_plant_capacity,600000
NDBMP_61,block_plant_capacity,600000
NDBMP_62,block_plant_capacity,600000
NDBMP_63,block_plant_capacity,600000
NDBMP_64,block_plant_capacity,600000
NDBMP_65,block_plant_capacity,600000
NDBMP_66,block_plant_capacity,600000
NDBMP_67,block_plant_capacity,600000
NDBMP_68,block_plant_capacity,600000
NDBMP_69,block_plant_capacity,600000
NDBMP_70,block_plant_capacity,600000
NDBMP_71,block_plant_capacity,600000
NDBMP_72,block_plant_capacity,600000
NDBMP_73,block_plant_capacity,600000
NDBMP_74,block_plant_capacity,600000
NDBMP_75,block_plant_capacity,600000
NDBMP_76,block_plant_capacity,600000
NDBMP_77,block_plant_capacity,600000
NDBMP_78,block_plant_capacity,600000
NDBMP_79,block_plant_capacity,600000
NDBMP_80,block_plant_capacity,600000
NDBMP_81,block_plant_capacity,600000
NDBMP_82,block_plant_capacity,600000
NDBMP_83,block_plant_capacity,600000
NDBMP_84,block_plant_capacity,600000
NDBMP_85,block_plant_capacity,600000
NDBMP_86,block_plant_capacity,1200000
NDBMP_87,block_plant_capacity,1200000
NDBMP_88,block_plant_capacity,1800000
NDBMP_89,block_plant_capacity,2000000
NDBMP_90,block_plant_capacity,600000
NDBMP_91,block_plant_capacity,600000
NDBMP_92,block_plant_capacity,600000
NDBMP_93,block_plant_capacity,600000
NDBMP_94,block_plant_capacity,600000
NDBMP_95,block_plant_capacity,600000
NDBMP_96,block_plant_capacity,600000
NDBMP_97,block_plant_capacity,600000
NDBMP_98,block_plant_capacity,600000
NDBMP_99,block_plant_capacity,600000
NDBMP_100,block_plant_capacity,600000
NDBMP_101,block_plant_capacity,600000
NDBMP_102,block_plant_capacity,600000
NDBMP_103,block_plant_capacity,600000
NDBMP_104,block_plant_capacity,800000
NDBMP_105,block_plant_capacity,1000000
NDBMP_106,block_plant_capacity,1000000
NDBMP_107,block_plant_capacity,1200000
NDBMP_108,block_plant_capacity,600000
NDBMP_109,block_plant_capacity,600000
NDBMP_110,block_plant_capacity,600000
NDBMP_111,block_plant_capacity,600000
NDBMP_112,block_plant_capacity,600000
NDBMP_113,block_plant_capacity,600000
NDBMP_114,block_plant_capacity,600000
NDBMP_115,block_plant_capacity,600000
NDBMP_116,block_plant_capacity,600000
NDBMP_117,block_plant_capacity,600000
NDBMP_118,block_plant_capacity,600000
NDBMP_119,block_plant_capacity,600000
NDBMP_120,block_plant_capacity,600000
NDBMP_121,block_plant_capacity,600000
NDBMP_122,block_plant_capacity,600000
NDBMP_123,block_plant_capacity,600000
NDBMP_124,block_plant_capacity,600000
NDBMP_125,block_plant_capacity,600000
NDBMP_126,block_plant_capacity,600000
NDBMP_127,block_plant_capacity,600000
NDBMP_128,block_plant_capacity,600000
NDBMP_129,block_plant_capacity,600000
NDBMP_130,block_plant_capacity,600000
NDBMP_131,block_plant_capacity,600000
NDBMP_132,block_plant_capacity,600000
NDBMP_133,block_plant_capacity,600000
NDBMP_134,block_plant_capacity,600000
NDBMP_135,block_plant_capacity,600000
NDBMP_136,block_plant_capacity,600000
NDBMP_137,block_plant_capacity,600000
NDBMP_138,block_plant_capacity,600000
NDBMP_139,block_plant_capacity,600000
NDBMP_140,block_plant_capacity,600000
NDBMP_141,block_plant_capacity,600000
NDBMP_142,block_plant_capacity,600000
NDBMP_143,block_plant_capacity,600000
NDBMP_144,block_plant_capacity,600000
NDBMP_145,block_plant_capacity,600000
NDBMP_146,block_plant_capacity,600000
NDBMP_147,block_plant_capacity,600000
NDBMP_148,block_plant_capacity,600000
NDBMP_149,block_plant_capacity,600000
NDBMP_150,block_plant_capacity,600000
NDBMP_151,block_plant_capacity,600000
NDBMP_152,block_plant_capacity,600000
NDBMP_153,block_plant_capacity,600000
NDBMP_154,block_plant_capacity,600000
NDBMP_155,block_plant_capacity,600000
NDBMP_156,block_plant_capacity,600000
NDBMP_157,block_plant_capacity,600000
NDBMP_158,block_plant_capacity,600000
NDBMP_159,block_plant_capacity,600000
NDBMP_160,block_plant_capacity,600000
NDBMP_161,block_plant_capacity,600000
NDBMP_162,block_plant_capacity,600000
NDBMP_163,block_plant_capacity,600000
NDBMP_164,block_plant_capacity,600000
NDBMP_165,block_plant_capacity,600000
NDBMP_166,block_plant_capacity,600000
NDBMP_167,block_plant_capacity,600000
NDBMP_168,block_plant_capacity,600000
NDBMP_169,block_plant_capacity,600000
NDBMP_170,block_plant_capacity,600000
NDBMP_171,block_plant_capacity,600000
NDBMP_172,block_plant_capacity,600000
NDBMP_173,block_plant_capacity,600000
NDBMP_174,block_plant_capacity,600000
NDBMP_175,block_plant_capacity,600000
NDBMP_176,block_plant_capacity,600000
NDBMP_177,block_plant_capacity,600000
NDBMP_178,block_plant_capacity,600000
NDBMP_179,block_plant_capacity,1000000
NDBMP_180,block_plant_capacity,1000000
NDBMP_181,block_plant_capacity,1200000
NDBMP_182,block_plant_capacity,600000
NDBMP_183,block_plant_capacity,600000
NDBMP_184,block_plant_capacity,600000
NDBMP_185,block_plant_capacity,600000
NDBMP_186,block_plant_capacity,600000
NDBMP_187,block_plant_capacity,600000
NDBMP_188,block_plant_capacity,600000
NDBMP_189,block_plant_capacity,600000
NDBMP_190,block_plant_capacity,600000
NDBMP_191,block_plant_capacity,600000
NDBMP_192,block_plant_capacity,600000
NDBMP_193,block_plant_capacity,600000
NDBMP_194,block_plant_capacity,600000
NDBMP_195,block_plant_capacity,600000
NDBMP_196,block_plant_capacity,600000
NDBMP_197,block_plant_capacity,600000
NDBMP_198,block_plant_capacity,600000
NDBMP_199,block_plant_capacity,600000
NDBMP_200,block_plant_capacity,600000
NDBMP_201,block_plant_capacity,600000
NDBMP_202,block_plant_capacity,600000
NDBMP_203,block_plant_capacity,600000
NDBMP_204,block_plant_capacity,600000
NDBMP_205,block_plant_capacity,600000
NDBMP_206,block_plant_capacity,600000
NDBMP_207,block_plant_capacity,600000
NDBMP_208,block_plant_capacity,600000
NDBMP_209,block_plant_capacity,600000
NDBMP_210,block_plant_capacity,600000
NDBMP_211,block_plant_capacity,600000
NDBMP_212,block_plant_capacity,600000
NDBMP_213,block_plant_capacity,600000
NDBMP_214,block_plant_capacity,600000
NDBMP_215,block_plant_capacity,600000
NDBMP_216,block_plant_capacity,600000
NDBMP_217,block_plant_capacity,600000
NDBMP_218,block_plant_capacity,600000
NDBMP_219,block_plant_capacity,600000
NDBMP_220,block_plant_capacity,600000
NDBMP_221,block_plant_capacity,600000
NDBMP_222,block_plant_capacity,600000
NDBMP_223,block_plant_capacity,600000
NDBMP_224,block_plant_capacity,600000
NDBMP_225,block_plant_capacity,1200000
NDBMP_226,block_plant_capacity,1200000
NDBMP_227,block_plant_capacity,1200000
NDBMP_228,block_plant_capacity,600000
NDBMP_229,block_plant_capacity,600000
NDBMP_230,block_plant_capacity,600000
NDBMP_231,block_plant_capacity,600000
NDBMP_232,block_plant_capacity,600000
NDBMP_233,block_plant_capacity,600000
NDBMP_234,block_plant_capacity,600000
NDBMP_235,block_plant_capacity,600000
NDBMP_236,block_plant_capacity,600000
NDBMP_237,block_plant_capacity,600000
NDBMP_238,block_plant_capacity,600000
NDBMP_239,block_plant_capacity,600000
NDBMP_240,block_plant_capacity,600000
NDBMP_241,block_plant_capacity,600000
NDBMP_242,block_plant_capacity,600000
NDBMP_243,block_plant_capacity,600000
NDBMP_244,block_plant_capacity,600000
NDBMP_245,block_plant_capacity,600000
NDBMP_246,block_plant_capacity,600000
NDBMP_247,block_plant_capacity,600000
NDBMP_248,block_plant_capacity,600000
NDBMP_249,block_plant_capacity,600000
NDBMP_250,block_plant_capacity,600000
NDBMP_251,block_plant_capacity,600000
NDBMP_252,block_plant_capacity,600000
NDBMP_253,block_plant_capacity,600000
NDBMP_254,block_plant_capacity,600000
NDBMP_255,block_plant_capacity,600000
NDBMP_256,block_plant_capacity,600000
NDBMP_257,block_plant_capacity,600000
NDBMP_258,block_plant_capacity,600000
NDBMP_259,block_plant_capacity,600000
NDBMP_260,block_plant_capacity,600000
NDBMP_261,block_plant_capacity,600000
NDBMP_262,block_plant_capacity,600000
NDBMP_263,block_plant_capacity,600000
NDBMP_264,block_plant_capacity,600000
NDBMP_265,block_plant_capacity,600000
NDBMP_266,block_plant_capacity,600000
NDBMP_267,block_plant_capacity,600000
NDBMP_268,block_plant_capacity,600000
NDBMP_269,block_plant_capacity,600000
NDBMP_270,block_plant_capacity,600000
NDBMP_271,block_plant_capacity,600000
NDBMP_272,block_plant_capacity,600000
NDBMP_273,block_plant_capacity,600000
NDBMP_274,block_plant_capacity,600000
NDBMP_275,block_plant_capacity,600000
NDBMP_276,block_plant_capacity,600000
NDBMP_277,block_plant_capacity,600000
NDBMP_278,block_plant_capacity,600000
NDBMP_279,block_plant_capacity,600000
NDBMP_280,block_plant_capacity,600000
NDBMP_281,block_plant_capacity,600000
NDBMP_282,block_plant_capacity,600000
NDBMP_283,block_plant_capacity,600000
NDBMP_284,block_plant_capacity,600000
NDBMP_285,block_plant_capacity,600000
NDBMP_286,block_plant_capacity,600000
NDBMP_287,block_plant_capacity,600000
NDBMP_288,block_plant_capacity,1200000
NDBMP_289,block_plant_capacity,1200000
NDBMP_290,block_plant_capacity,1200000
NDBMP_291,block_plant_capacity,600000
NDBMP_292,block_plant_capacity,600000
NDBMP_293,block_plant_capacity,600000
NDBMP_294,block_plant_capacity,600000
NDBMP_295,block_plant_capacity,600000
NDBMP_296,block_plant_capacity,600000
NDBMP_297,block_plant_capacity,600000
NDBMP_298,block_plant_capacity,600000
NDBMP_299,block_plant_capacity,600000
NDBMP_300,block_plant_capacity,600000
NDBMP_301,block_plant_capacity,600000
NDBMP_302,block_plant_capacity,600000
NDBMP_303,block_plant_capacity,600000
NDBMP_304,block_plant_capacity,600000
NDBMP_305,block_plant_capacity,600000
NDBMP_306,block_plant_capacity,600000
NDBMP_307,block_plant_capacity,600000
NDBMP_308,block_plant_capacity,600000
NDBMP_309,block_plant_capacity,600000
NDBMP_310,block_plant_capacity,600000
NDBMP_311,block_plant_capacity,600000
NDBMP_312,block_plant_capacity,600000
NDBMP_313,block_plant_capacity,600000
NDBMP_314,block_plant_capacity,600000
NDBMP_315,block_plant_capacity,600000
NDBMP_316,block_plant_capacity,600000
NDBMP_317,block_plant_capacity,600000
NDBMP_318,block_plant_capacity,600000
NDBMP_319,block_plant_capacity,600000
NDBMP_320,block_plant_capacity,600000
NDBMP_321,block_plant_capacity,600000
NDBMP_322,block_plant_capacity,600000
NDBMP_323,block_plant_capacity,600000
NDBMP_324,block_plant_capacity,600000
NDBMP_325,block_plant_capacity,600000
NDBMP_326,block_plant_capacity,600000
NDBMP_327,block_plant_capacity,600000
NDBMP_328,block_plant_capacity,600000
NDBMP_329,block_plant_capacity,600000
NDBMP_330,block_plant_capacity,600000
NDBMP_331,block_plant_capacity,600000
NDBMP_332,block_plant_capacity,600000
NDBMP_333,block_plant_capacity,600000
NDBMP_334,block_plant_capacity,600000
NDBMP_335,block_plant_capacity,600000
NDBMP_336,block_plant_capacity,600000
NDBMP_337,block_plant_capacity,600000
NDBMP_338,block_plant_capacity,600000
NDBMP_339,block_plant_capacity,600000
NDBMP_340,block_plant_capacity,1000000
NDBMP_341,block_plant_capacity,1200000
NDBMP_342,block_plant_capacity,600000
NDBMP_343,block_plant_capacity,800000
NDBMP_344,block_plant_capacity,1000000
NDBMP_345,block_plant_capacity,1000000
NDBMP_346,block_plant_capacity,1200000
NDCEM_1,cement_supply_capacity,1200000
NDCEM_2,cement_supply_capacity,1800000
NDCEM_3,cement_supply_capacity,1650000
NDCEM_4,cement_supply_capacity,750000
NDCEM_5,cement_supply_capacity,750000
NDCEM_6,cement_supply_capacity,1260000
NDCEM_7,cement_supply_capacity,1350000
NDCEM_8,cement_supply_capacity,2700000
NDCEM_9,cement_supply_capacity,1800000
NDCEM_10,cement_supply_capacity,1200000
NDCEM_11,cement_supply_capacity,1350000
NDCEM_12,cement_supply_capacity,240000
NDCEM_13,cement_supply_capacity,750000
NDCEM_14,cement_supply_capacity,6000000
NDCEM_15,cement_supply_capacity,2700000
NDCEM_16,cement_supply_capacity,1200000
NDCEM_17,cement_supply_capacity,2250000
NDCEM_18,cement_supply_capacity,1500000
NDCEM_19,cement_supply_capacity,600000
NDCEM_20,cement_supply_capacity,2700000
NDCEM_21,cement_supply_capacity,750000
NDCEM_22,cement_supply_capacity,3000000
NDCEM_23,cement_supply_capacity,2700000
NDCEM_24,cement_supply_capacity,750000
NDCEM_25,cement_supply_capacity,180000
NDCEM_26,cement_supply_capacity,1200000
NDCEM_27,cement_supply_capacity,750000
NDCEM_28,cement_supply_capacity,5250000
NDCEM_29,cement_supply_capacity,1500000
NDCEM_30,cement_supply_capacity,1800000
NDCEM_31,cement_supply_capacity,1200000
NDCEM_32,cement_supply_capacity,750000
NDCEM_33,cement_supply_capacity,750000
NDCEM_34,cement_supply_capacity,8100000
NDCEM_35,cement_supply_capacity,255000
NDCEM_36,cement_supply_capacity,4500000
NDCEM_37,cement_supply_capacity,2130000
NDCEM_38,cement_supply_capacity,600000
NDCEM_39,cement_supply_capacity,180000
NDCEM_40,cement_supply_capacity,6600000
NDCEM_41,cement_supply_capacity,5700000
NDCEM_42,cement_supply_capacity,4500000
NDCEM_43,cement_supply_capacity,750000
NDCEM_44,cement_supply_capacity,750000
NDCEM_45,cement_supply_capacity,2850000
NDCEM_46,cement_supply_capacity,1500000
NDCEM_47,cement_supply_capacity,750000
NDCEM_48,cement_supply_capacity,1350000
NDCEM_49,cement_supply_capacity,1350000
NDCEM_50,cement_supply_capacity,1350000
NDCEM_51,cement_supply_capacity,750000
NDCEM_52,cement_supply_capacity,99000
NDCEM_53,cement_supply_capacity,2400000
NDCEM_54,cement_supply_capacity,1560000
NDCEM_55,cement_supply_capacity,1200000
NDCEM_56,cement_supply_capacity,2850000
NDCEM_57,cement_supply_capacity,2700000
NDCEM_58,cement_supply_capacity,750000
NDCEM_59,cement_supply_capacity,150000
NDCEM_60,cement_supply_capacity,1500000
NDCEM_61,cement_supply_capacity,3240000
NDCEM_62,cement_supply_capacity,750000
NDCEM_63,cement_supply_capacity,960000
NDCEM_64,cement_supply_capacity,750000
NDCEM_65,cement_supply_capacity,1200000
NDCEM_66,cement_supply_capacity,1200000
NDCEM_67,cement_supply_capacity,2400000
NDCEM_68,cement_supply_capacity,600000
NDCEM_69,cement_supply_capacity,1350000
NDCEM_70,cement_supply_capacity,2700000
NDCEM_71,cement_supply_capacity,6300000
NDCEM_72,cement_supply_capacity,2400000
NDCEM_73,cement_supply_capacity,7200000
NDCEM_74,cement_supply_capacity,600000
NDCEM_75,cement_supply_capacity,150000
NDCEM_76,cement_supply_capacity,28500000
NDCEM_77,cement_supply_capacity,3000000
NDCEM_78,cement_supply_capacity,1350000
NDCEM_79,cement_supply_capacity,2700000
NDCEM_80,cement_supply_capacity,1500000
NDCEM_81,cement_supply_capacity,2700000
NDCEM_82,cement_supply_capacity,750000
NDCEM_83,cement_supply_capacity,1350000
NDCEM_84,cement_supply_capacity,1350000
NDCEM_85,cement_supply_capacity,2400000
NDCEM_86,cement_supply_capacity,1800000
NDCEM_87,cement_supply_capacity,750000
NDCEM_88,cement_supply_capacity,750000
NDCEM_89,cement_supply_capacity,1500000
NDCEM_90,cement_supply_capacity,2700000
NDCEM_91,cement_supply_capacity,3300000
NDCEM_92,cement_supply_capacity,3000000
NDCEM_93,cement_supply_capacity,3600000
NDCEM_94,cement_supply_capacity,1650000
NDCEM_95,cement_supply_capacity,1500000
NDCEM_96,cement_supply_capacity,2700000
NDCEM_97,cement_supply_capacity,1350000
NDCEM_98,cement_supply_capacity,1350000
NDCEM_99,cement_supply_capacity,3750000
NDCEM_100,cement_supply_capacity,1740000
NDSND_1,marine_sand_supply_capacity,4800000
NDSND_2,marine_sand_supply_capacity,4800000
NDSND_3,marine_sand_supply_capacity,4800000
NDSND_4,marine_sand_supply_capacity,4800000
NDSND_5,marine_sand_supply_capacity,4800000
NDSND_6,marine_sand_supply_capacity,4800000
NDSND_7,marine_sand_supply_capacity,4800000
NDSND_8,marine_sand_supply_capacity,4800000
NDSND_9,marine_sand_supply_capacity,4800000
NDSND_10,marine_sand_supply_capacity,4800000
NDSND_11,marine_sand_supply_capacity,4800000
NDSND_12,marine_sand_supply_capacity,4800000
NDSND_13,marine_sand_supply_capacity,4800000
NDSND_14,marine_sand_supply_capacity,4800000
NDSND_15,marine_sand_supply_capacity,4800000
NDSND_16,marine_sand_supply_capacity,4800000
NDSND_17,marine_sand_supply_capacity,4800000
NDSND_18,marine_sand_supply_capacity,4800000
NDSND_19,marine_sand_supply_capacity,4800000
NDSND_20,marine_sand_supply_capacity,4800000
NDSND_21,marine_sand_supply_capacity,4800000
NDSND_22,marine_sand_supply_capacity,4800000
NDSND_23,marine_sand_supply_capacity,4800000
NDSND_24,marine_sand_supply_capacity,4800000
NDSND_25,marine_sand_supply_capacity,4800000
NDSND_26,marine_sand_supply_capacity,4800000
NDSND_27,marine_sand_supply_capacity,4800000
NDSND_28,marine_sand_supply_capacity,4800000
NDSND_29,marine_sand_supply_capacity,4800000
NDSND_30,marine_sand_supply_capacity,4800000
NDSND_31,marine_sand_supply_capacity,4800000
NDSND_32,marine_sand_supply_capacity,4800000
NDSND_33,marine_sand_supply_capacity,4800000
NDSND_34,marine_sand_supply_capacity,4800000
NDSND_35,marine_sand_supply_capacity,4800000
NDSND_36,marine_sand_supply_capacity,4800000
NDSND_37,marine_sand_supply_capacity,4800000
NDSND_38,marine_sand_supply_capacity,4800000
NDSND_39,marine_sand_supply_capacity,4800000
NDSND_40,marine_sand_supply_capacity,4800000
NDSND_41,marine_sand_supply_capacity,4800000
NDSND_42,marine_sand_supply_capacity,4800000
NDSND_43,marine_sand_supply_capacity,4800000
NDSND_44,marine_sand_supply_capacity,4800000
NDSND_45,marine_sand_supply_capacity,4800000
NDSND_46,marine_sand_supply_capacity,4800000
NDSND_47,marine_sand_supply_capacity,4800000
NDSND_48,marine_sand_supply_capacity,4800000
NDSND_49,marine_sand_supply_capacity,4800000
NDSND_50,marine_sand_supply_capacity,4800000
NDSND_51,marine_sand_supply_capacity,4800000
NDSND_52,marine_sand_supply_capacity,4800000
NDSND_53,marine_sand_supply_capacity,4800000
NDSND_54,marine_sand_supply_capacity,4800000
NDSND_55,marine_sand_supply_capacity,4800000
NDSND_56,marine_sand_supply_capacity,4800000
NDSND_57,marine_sand_supply_capacity,4800000
NDSND_58,marine_sand_supply_capacity,4800000
NDSND_59,marine_sand_supply_capacity,4800000
NDSND_60,marine_sand_supply_capacity,4800000
NDSND_61,marine_sand_supply_capacity,4800000
NDSND_62,marine_sand_supply_capacity,4800000
NDSND_63,marine_sand_supply_capacity,4800000
NDSND_64,marine_sand_supply_capacity,4800000
NDSND_65,marine_sand_supply_capacity,4800000
NDSND_66,marine_sand_supply_capacity,4800000
NDSND_67,marine_sand_supply_capacity,4800000
NDSND_68,marine_sand_supply_capacity,4800000
NDSND_69,marine_sand_supply_capacity,4800000
NDSND_70,marine_sand_supply_capacity,4800000
NDSND_71,marine_sand_supply_capacity,4800000
NDSND_72,marine_sand_supply_capacity,4800000
NDSND_73,marine_sand_supply_capacity,4800000
NDSND_74,marine_sand_supply_capacity,4800000
NDSND_75,marine_sand_supply_capacity,4800000
NDSND_76,marine_sand_supply_capacity,4800000
NDSND_77,marine_sand_supply_capacity,4800000
NDSND_78,marine_sand_supply_capacity,4800000
NDQRY_1,natural_coarse_aggregate_supply_capacity,783000
NDQRY_2,natural_coarse_aggregate_supply_capacity,540000
NDQRY_3,natural_coarse_aggregate_supply_capacity,270000
NDQRY_4,natural_coarse_aggregate_supply_capacity,270000
NDQRY_5,natural_coarse_aggregate_supply_capacity,783000
NDQRY_6,natural_coarse_aggregate_supply_capacity,270000
NDQRY_7,natural_coarse_aggregate_supply_capacity,783000
NDQRY_8,natural_coarse_aggregate_supply_capacity,783000
NDQRY_9,natural_coarse_aggregate_supply_capacity,2160000
NDQRY_10,natural_coarse_aggregate_supply_capacity,2160000
NDQRY_11,natural_coarse_aggregate_supply_capacity,783000
NDQRY_12,natural_coarse_aggregate_supply_capacity,2160000
NDQRY_13,natural_coarse_aggregate_supply_capacity,783000
NDQRY_14,natural_coarse_aggregate_supply_capacity,5400000
NDQRY_15,natural_coarse_aggregate_supply_capacity,675000
NDQRY_16,natural_coarse_aggregate_supply_capacity,783000
NDQRY_17,natural_coarse_aggregate_supply_capacity,783000
NDQRY_18,natural_coarse_aggregate_supply_capacity,270000
NDQRY_19,natural_coarse_aggregate_supply_capacity,2160000
NDQRY_20,natural_coarse_aggregate_supply_capacity,59000
NDQRY_21,natural_coarse_aggregate_supply_capacity,1080000
NDQRY_22,natural_coarse_aggregate_supply_capacity,1674000
NDQRY_23,natural_coarse_aggregate_supply_capacity,10260000
NDQRY_24,natural_coarse_aggregate_supply_capacity,1107000
NDQRY_25,natural_coarse_aggregate_supply_capacity,2160000
NDQRY_26,natural_coarse_aggregate_supply_capacity,810000
NDQRY_27,natural_coarse_aggregate_supply_capacity,999000
NDQRY_28,natural_coarse_aggregate_supply_capacity,58000
NDQRY_29,natural_coarse_aggregate_supply_capacity,50000
NDQRY_30,natural_coarse_aggregate_supply_capacity,3240000
NDQRY_31,natural_coarse_aggregate_supply_capacity,4050000
NDQRY_32,natural_coarse_aggregate_supply_capacity,810000
NDQRY_33,natural_coarse_aggregate_supply_capacity,810000
NDQRY_34,natural_coarse_aggregate_supply_capacity,2160000
NDQRY_35,natural_coarse_aggregate_supply_capacity,1431000
NDQRY_36,natural_coarse_aggregate_supply_capacity,1350000
NDQRY_37,natural_coarse_aggregate_supply_capacity,1620000
NDQRY_38,natural_coarse_aggregate_supply_capacity,1620000
NDQRY_39,natural_coarse_aggregate_supply_capacity,405000
NDQRY_40,natural_coarse_aggregate_supply_capacity,1620000
NDQRY_41,natural_coarse_aggregate_supply_capacity,810000
NDQRY_42,natural_coarse_aggregate_supply_capacity,12960000
NDQRY_43,natural_coarse_aggregate_supply_capacity,810000
NDQRY_44,natural_coarse_aggregate_supply_capacity,2700000
NDQRY_45,natural_coarse_aggregate_supply_capacity,32400
NDQRY_46,natural_coarse_aggregate_supply_capacity,675000
NDQRY_47,natural_coarse_aggregate_supply_capacity,675000
NDQRY_48,natural_coarse_aggregate_supply_capacity,135000
NDQRY_49,natural_coarse_aggregate_supply_capacity,135000
NDQRY_50,natural_coarse_aggregate_supply_capacity,256500
NDQRY_51,natural_coarse_aggregate_supply_capacity,256500
NDQRY_52,natural_coarse_aggregate_supply_capacity,135000
NDQRY_53,natural_coarse_aggregate_supply_capacity,297000
NDQRY_54,natural_coarse_aggregate_supply_capacity,270000
NDQRY_55,natural_coarse_aggregate_supply_capacity,135000
NDQRY_56,natural_coarse_aggregate_supply_capacity,162000
NDQRY_57,natural_coarse_aggregate_supply_capacity,189000
NDQRY_58,natural_coarse_aggregate_supply_capacity,2160000
NDQRY_59,natural_coarse_aggregate_supply_capacity,675000
NDQRY_60,natural_coarse_aggregate_supply_capacity,810000
NDQRY_61,natural_coarse_aggregate_supply_capacity,1026000
NDQRY_62,natural_coarse_aggregate_supply_capacity,4320000
NDQRY_63,natural_coarse_aggregate_supply_capacity,1620000
NDQRY_64,natural_coarse_aggregate_supply_capacity,70000
NDQRY_65,natural_coarse_aggregate_supply_capacity,270000
NDQRY_66,natural_coarse_aggregate_supply_capacity,243000
NDQRY_67,natural_coarse_aggregate_supply_capacity,486000
NDQRY_68,natural_coarse_aggregate_supply_capacity,405000
NDQRY_69,natural_coarse_aggregate_supply_capacity,2160000
NDQRY_70,natural_coarse_aggregate_supply_capacity,756000
NDQRY_71,natural_coarse_aggregate_supply_capacity,270000
NDQRY_72,natural_coarse_aggregate_supply_capacity,1080000
NDQRY_73,natural_coarse_aggregate_supply_capacity,405000
NDQRY_74,natural_coarse_aggregate_supply_capacity,270000
NDQRY_75,natural_coarse_aggregate_supply_capacity,2160000
NDQRY_76,natural_coarse_aggregate_supply_capacity,756000
NDQRY_77,natural_coarse_aggregate_supply_capacity,405000
NDQRY_78,natural_coarse_aggregate_supply_capacity,270000
NDQRY_79,natural_coarse_aggregate_supply_capacity,270000
NDQRY_80,natural_coarse_aggregate_supply_capacity,270000
NDQRY_81,natural_coarse_aggregate_supply_capacity,162000
NDQRY_82,natural_coarse_aggregate_supply_capacity,243000
NDQRY_83,natural_coarse_aggregate_supply_capacity,216000
NDQRY_84,natural_coarse_aggregate_supply_capacity,256500
NDQRY_85,natural_coarse_aggregate_supply_capacity,540000
NDQRY_86,natural_coarse_aggregate_supply_capacity,405000
NDQRY_87,natural_coarse_aggregate_supply_capacity,783000
NDQRY_88,natural_coarse_aggregate_supply_capacity,256500
NDQRY_89,natural_coarse_aggregate_supply_capacity,135000
NDQRY_90,natural_coarse_aggregate_supply_capacity,135000
NDQRY_91,natural_coarse_aggregate_supply_capacity,405000
NDQRY_92,natural_coarse_aggregate_supply_capacity,243000
NDQRY_93,natural_coarse_aggregate_supply_capacity,243000
NDQRY_94,natural_coarse_aggregate_supply_capacity,243000
NDQRY_95,natural_coarse_aggregate_supply_capacity,135000
NDQRY_96,natural_coarse_aggregate_supply_capacity,450000
NDQRY_97,natural_coarse_aggregate_supply_capacity,256500
NDQRY_98,natural_coarse_aggregate_supply_capacity,256500
NDQRY_99,natural_coarse_aggregate_supply_capacity,256500
NDQRY_100,natural_coarse_aggregate_supply_capacity,135000
NDQRY_101,natural_coarse_aggregate_supply_capacity,256500
NDQRY_102,natural_coarse_aggregate_supply_capacity,135000
NDQRY_103,natural_coarse_aggregate_supply_capacity,135000
NDQRY_104,natural_coarse_aggregate_supply_capacity,216000
NDQRY_105,natural_coarse_aggregate_supply_capacity,270000
NDQRY_106,natural_coarse_aggregate_supply_capacity,54000
NDQRY_107,natural_coarse_aggregate_supply_capacity,270000
NDQRY_108,natural_coarse_aggregate_supply_capacity,10000
NDQRY_109,natural_coarse_aggregate_supply_capacity,216000
NDQRY_110,natural_coarse_aggregate_supply_capacity,810000
NDQRY_111,natural_coarse_aggregate_supply_capacity,540000
NDQRY_112,natural_coarse_aggregate_supply_capacity,135000
NDQRY_113,natural_coarse_aggregate_supply_capacity,243000
NDQRY_114,natural_coarse_aggregate_supply_capacity,270000
NDQRY_115,natural_coarse_aggregate_supply_capacity,810000
NDQRY_116,natural_coarse_aggregate_supply_capacity,216000
NDQRY_117,natural_coarse_aggregate_supply_capacity,810000
NDQRY_118,natural_coarse_aggregate_supply_capacity,270000
NDQRY_119,natural_coarse_aggregate_supply_capacity,540000
NDQRY_120,natural_coarse_aggregate_supply_capacity,540000
NDQRY_121,natural_coarse_aggregate_supply_capacity,675000
NDQRY_122,natural_coarse_aggregate_supply_capacity,540000
NDQRY_123,natural_coarse_aggregate_supply_capacity,540000
NDQRY_124,natural_coarse_aggregate_supply_capacity,540000
NDQRY_125,natural_coarse_aggregate_supply_capacity,540000
NDQRY_126,natural_coarse_aggregate_supply_capacity,540000
NDQRY_127,natural_coarse_aggregate_supply_capacity,540000
NDQRY_128,natural_coarse_aggregate_supply_capacity,675000
NDQRY_129,natural_coarse_aggregate_supply_capacity,135000
NDQRY_130,natural_coarse_aggregate_supply_capacity,162000
NDQRY_131,natural_coarse_aggregate_supply_capacity,162000
NDQRY_132,natural_coarse_aggregate_supply_capacity,1822500
NDQRY_133,natural_coarse_aggregate_supply_capacity,1016550
NDQRY_134,natural_coarse_aggregate_supply_capacity,270000
NDQRY_135,natural_coarse_aggregate_supply_capacity,162000
NDQRY_136,natural_coarse_aggregate_supply_capacity,162000
NDQRY_137,natural_coarse_aggregate_supply_capacity,783000
NDQRY_138,natural_coarse_aggregate_supply_capacity,783000
NDQRY_139,natural_coarse_aggregate_supply_capacity,216000
NDQRY_140,natural_coarse_aggregate_supply_capacity,243000
NDQRY_141,natural_coarse_aggregate_supply_capacity,540000
NDQRY_142,natural_coarse_aggregate_supply_capacity,270000
NDQRY_143,natural_coarse_aggregate_supply_capacity,540000
NDQRY_144,natural_coarse_aggregate_supply_capacity,49000
NDQRY_145,natural_coarse_aggregate_supply_capacity,540000
NDQRY_146,natural_coarse_aggregate_supply_capacity,270000
NDQRY_147,natural_coarse_aggregate_supply_capacity,270000
NDQRY_148,natural_coarse_aggregate_supply_capacity,270000
NDQRY_149,natural_coarse_aggregate_supply_capacity,270000
NDQRY_150,natural_coarse_aggregate_supply_capacity,243000
NDQRY_151,natural_coarse_aggregate_supply_capacity,162000
NDQRY_152,natural_coarse_aggregate_supply_capacity,540000
NDQRY_153,natural_coarse_aggregate_supply_capacity,270000
NDQRY_154,natural_coarse_aggregate_supply_capacity,270000
NDQRY_155,natural_coarse_aggregate_supply_capacity,405000
NDQRY_156,natural_coarse_aggregate_supply_capacity,5400000
NDQRY_157,natural_coarse_aggregate_supply_capacity,540000
NDQRY_158,natural_coarse_aggregate_supply_capacity,1080000
NDQRY_159,natural_coarse_aggregate_supply_capacity,162000
NDQRY_160,natural_coarse_aggregate_supply_capacity,270000
NDQRY_161,natural_coarse_aggregate_supply_capacity,270000
NDQRY_162,natural_coarse_aggregate_supply_capacity,135000
NDQRY_163,natural_coarse_aggregate_supply_capacity,135000
NDQRY_164,natural_coarse_aggregate_supply_capacity,135000
NDQRY_165,natural_coarse_aggregate_supply_capacity,216000
NDQRY_166,natural_coarse_aggregate_supply_capacity,540000
NDQRY_167,natural_coarse_aggregate_supply_capacity,297000
NDQRY_168,natural_coarse_aggregate_supply_capacity,162000
NDQRY_169,natural_coarse_aggregate_supply_capacity,243000
NDQRY_170,natural_coarse_aggregate_supply_capacity,135000
NDQRY_171,natural_coarse_aggregate_supply_capacity,2000000
NDQRY_172,natural_coarse_aggregate_supply_capacity,1700000
NDQRY_173,natural_coarse_aggregate_supply_capacity,315000
NDQRY_174,natural_coarse_aggregate_supply_capacity,200000
NDQRY_175,natural_coarse_aggregate_supply_capacity,2100000
NDQRY_176,natural_coarse_aggregate_supply_capacity,3000000
NDQRY_177,natural_coarse_aggregate_supply_capacity,5000000
NDQRY_178,natural_coarse_aggregate_supply_capacity,1500000
NDQRY_179,natural_coarse_aggregate_supply_capacity,1800000
NDQRY_180,natural_coarse_aggregate_supply_capacity,500000
NDQRY_181,natural_coarse_aggregate_supply_capacity,500000
NDQRY_182,natural_coarse_aggregate_supply_capacity,98000
NDQRY_183,natural_coarse_aggregate_supply_capacity,1400000
NDQRY_184,natural_coarse_aggregate_supply_capacity,4300000
NDQRY_185,natural_coarse_aggregate_supply_capacity,3500000
NDQRY_186,natural_coarse_aggregate_supply_capacity,500000
NDQRY_187,natural_coarse_aggregate_supply_capacity,300000
NDQRY_188,natural_coarse_aggregate_supply_capacity,50000
NDQRY_189,natural_coarse_aggregate_supply_capacity,500000
NDQRY_190,natural_coarse_aggregate_supply_capacity,60000
NDQRY_191,natural_coarse_aggregate_supply_capacity,1000000
NDQRY_192,natural_coarse_aggregate_supply_capacity,1915600
NDQRY_193,natural_coarse_aggregate_supply_capacity,1230000
NDQRY_194,natural_coarse_aggregate_supply_capacity,1300000
NDQRY_195,natural_coarse_aggregate_supply_capacity,1010000
NDQRY_196,natural_coarse_aggregate_supply_capacity,500000
NDQRY_197,natural_coarse_aggregate_supply_capacity,792900
NDQRY_198,natural_coarse_aggregate_supply_capacity,792900
NDQRY_199,natural_coarse_aggregate_supply_capacity,500000
NDQRY_200,natural_coarse_aggregate_supply_capacity,43000
NDQRY_201,natural_coarse_aggregate_supply_capacity,5000000
NDQRY_202,natural_coarse_aggregate_supply_capacity,500000
NDQRY_203,natural_coarse_aggregate_supply_capacity,500000
NDQRY_204,natural_coarse_aggregate_supply_capacity,95000
NDQRY_205,natural_coarse_aggregate_supply_capacity,150000
NDQRY_206,natural_coarse_aggregate_supply_capacity,670000
NDQRY_207,natural_coarse_aggregate_supply_capacity,900000
NDQRY_208,natural_coarse_aggregate_supply_capacity,2000000
NDQRY_209,natural_coarse_aggregate_supply_capacity,1888900
NDQRY_210,natural_coarse_aggregate_supply_capacity,4000000
NDQRY_211,natural_coarse_aggregate_supply_capacity,500000
NDQRY_212,natural_coarse_aggregate_supply_capacity,500000
NDQRY_213,natural_coarse_aggregate_supply_capacity,10000000
NDQRY_214,natural_coarse_aggregate_supply_capacity,10800000
NDQRY_215,natural_coarse_aggregate_supply_capacity,640000
NDQRY_216,natural_coarse_aggregate_supply_capacity,980000
NDQRY_217,natural_coarse_aggregate_supply_capacity,5800000
NDQRY_218,natural_coarse_aggregate_supply_capacity,9916000
NDQRY_219,natural_coarse_aggregate_supply_capacity,5000000
NDQRY_220,natural_coarse_aggregate_supply_capacity,9900000
NDQRY_221,natural_coarse_aggregate_supply_capacity,8000000
NDQRY_222,natural_coarse_aggregate_supply_capacity,8000000
NDQRY_223,natural_coarse_aggregate_supply_capacity,6000000
NDQRY_224,natural_coarse_aggregate_supply_capacity,9900000
NDQRY_225,natural_coarse_aggregate_supply_capacity,6500000
NDQRY_226,natural_coarse_aggregate_supply_capacity,9500000
NDQRY_227,natural_coarse_aggregate_supply_capacity,4000000
NDQRY_228,natural_coarse_aggregate_supply_capacity,4000000
NDQRY_229,natural_coarse_aggregate_supply_capacity,2500000
NDQRY_230,natural_coarse_aggregate_supply_capacity,750000
NDQRY_231,natural_coarse_aggregate_supply_capacity,5000000
NDQRY_232,natural_coarse_aggregate_supply_capacity,4150000
NDQRY_233,natural_coarse_aggregate_supply_capacity,9800000
NDQRY_234,natural_coarse_aggregate_supply_capacity,1500000
NDQRY_235,natural_coarse_aggregate_supply_capacity,2300000
NDQRY_236,natural_coarse_aggregate_supply_capacity,5000000
NDQRY_237,natural_coarse_aggregate_supply_capacity,1500000
NDQRY_238,natural_coarse_aggregate_supply_capacity,1000000
NDQRY_239,natural_coarse_aggregate_supply_capacity,8000000
NDQRY_240,natural_coarse_aggregate_supply_capacity,3240000
NDQRY_241,natural_coarse_aggregate_supply_capacity,3728000
NDQRY_242,natural_coarse_aggregate_supply_capacity,4372500
NDQRY_243,natural_coarse_aggregate_supply_capacity,2000000
NDQRY_244,natural_coarse_aggregate_supply_capacity,500000
NDQRY_245,natural_coarse_aggregate_supply_capacity,6000000
NDQRY_246,natural_coarse_aggregate_supply_capacity,2000000
NDQRY_247,natural_coarse_aggregate_supply_capacity,3000000
NDQRY_248,natural_coarse_aggregate_supply_capacity,800000
NDQRY_249,natural_coarse_aggregate_supply_capacity,15000000
NDQRY_250,natural_coarse_aggregate_supply_capacity,780000
NDQRY_251,natural_coarse_aggregate_supply_capacity,3000000
NDQRY_252,natural_coarse_aggregate_supply_capacity,1130000
NDQRY_253,natural_coarse_aggregate_supply_capacity,2000000
NDQRY_254,natural_coarse_aggregate_supply_capacity,500000
NDQRY_255,natural_coarse_aggregate_supply_capacity,10000000
NDQRY_256,natural_coarse_aggregate_supply_capacity,6000000
NDQRY_257,natural_coarse_aggregate_supply_capacity,1500000
NDQRY_258,natural_coarse_aggregate_supply_capacity,5000000
NDQRY_259,natural_coarse_aggregate_supply_capacity,1500000
NDQRY_260,natural_coarse_aggregate_supply_capacity,3000000
NDQRY_261,natural_coarse_aggregate_supply_capacity,1500000
NDQRY_262,natural_coarse_aggregate_supply_capacity,10000000
NDQRY_263,natural_coarse_aggregate_supply_capacity,8000000
NDQRY_264,natural_coarse_aggregate_supply_capacity,1000000
NDQRY_265,natural_coarse_aggregate_supply_capacity,3000000
NDQRY_266,natural_coarse_aggregate_supply_capacity,12130000
NDQRY_267,natural_coarse_aggregate_supply_capacity,2000000
NDQRY_268,natural_coarse_aggregate_supply_capacity,3100000
NDQRY_269,natural_coarse_aggregate_supply_capacity,4000000
NDQRY_270,natural_coarse_aggregate_supply_capacity,3600000
NDQRY_271,natural_coarse_aggregate_supply_capacity,1800000
NDQRY_272,natural_coarse_aggregate_supply_capacity,4500000
NDQRY_273,natural_coarse_aggregate_supply_capacity,3000000
NDQRY_274,natural_coarse_aggregate_supply_capacity,1700000
NDQRY_275,natural_coarse_aggregate_supply_capacity,2000000
NDQRY_276,natural_coarse_aggregate_supply_capacity,2700000
NDQRY_277,natural_coarse_aggregate_supply_capacity,1000000
NDQRY_278,natural_coarse_aggregate_supply_capacity,1000000
NDQRY_279,natural_coarse_aggregate_supply_capacity,5000000
NDQRY_280,natural_coarse_aggregate_supply_capacity,4000000
NDQRY_281,natural_coarse_aggregate_supply_capacity,5000000
NDQRY_282,natural_coarse_aggregate_supply_capacity,3300000
NDQRY_283,natural_coarse_aggregate_supply_capacity,5000000
NDQRY_284,natural_coarse_aggregate_supply_capacity,2000000
NDQRY_285,natural_coarse_aggregate_supply_capacity,8800000
NDQRY_286,natural_coarse_aggregate_supply_capacity,3000000
NDQRY_287,natural_coarse_aggregate_supply_capacity,4000000
NDQRY_288,natural_coarse_aggregate_supply_capacity,5000000
NDQRY_289,natural_coarse_aggregate_supply_capacity,3000000
NDQRY_290,natural_coarse_aggregate_supply_capacity,1500000
NDQRY_291,natural_coarse_aggregate_supply_capacity,4500000
NDQRY_292,natural_coarse_aggregate_supply_capacity,5000000
NDQRY_293,natural_coarse_aggregate_supply_capacity,2000000
NDQRY_294,natural_coarse_aggregate_supply_capacity,5000000
NDQRY_295,natural_coarse_aggregate_supply_capacity,1500000
NDQRY_296,natural_coarse_aggregate_supply_capacity,8000000
NDQRY_297,natural_coarse_aggregate_supply_capacity,3500000
NDQRY_298,natural_coarse_aggregate_supply_capacity,1500000
NDQRY_299,natural_coarse_aggregate_supply_capacity,6000000
NDQRY_300,natural_coarse_aggregate_supply_capacity,3500000
NDQRY_301,natural_coarse_aggregate_supply_capacity,6000000
NDQRY_302,natural_coarse_aggregate_supply_capacity,1335000
NDQRY_303,natural_coarse_aggregate_supply_capacity,2670000
NDQRY_304,natural_coarse_aggregate_supply_capacity,9662100
NDQRY_305,natural_coarse_aggregate_supply_capacity,1800000
NDQRY_306,natural_coarse_aggregate_supply_capacity,4200000
NDQRY_307,natural_coarse_aggregate_supply_capacity,1200000
NDQRY_308,natural_coarse_aggregate_supply_capacity,6000000
NDQRY_309,natural_coarse_aggregate_supply_capacity,2696100
NDQRY_310,natural_coarse_aggregate_supply_capacity,9800000
NDQRY_311,natural_coarse_aggregate_supply_capacity,1370000
NDQRY_312,natural_coarse_aggregate_supply_capacity,3000000
NDQRY_313,natural_coarse_aggregate_supply_capacity,760000
NDQRY_314,natural_coarse_aggregate_supply_capacity,6000000
NDQRY_315,natural_coarse_aggregate_supply_capacity,2500000
NDQRY_316,natural_coarse_aggregate_supply_capacity,1000000
NDQRY_317,natural_coarse_aggregate_supply_capacity,4500000
NDQRY_318,natural_coarse_aggregate_supply_capacity,9705600
NDQRY_319,natural_coarse_aggregate_supply_capacity,12420000
NDQRY_320,natural_coarse_aggregate_supply_capacity,1566000
NDQRY_321,natural_coarse_aggregate_supply_capacity,2970000
NDQRY_322,natural_coarse_aggregate_supply_capacity,2808000
NDQRY_323,natural_coarse_aggregate_supply_capacity,1000000
NDQRY_324,natural_coarse_aggregate_supply_capacity,10260000
NDQRY_325,natural_coarse_aggregate_supply_capacity,1080000
NDQRY_326,natural_coarse_aggregate_supply_capacity,14750000
NDQRY_327,natural_coarse_aggregate_supply_capacity,5940000
NDQRY_328,natural_coarse_aggregate_supply_capacity,3616900
NDQRY_329,natural_coarse_aggregate_supply_capacity,874800
NDQRY_330,natural_coarse_aggregate_supply_capacity,4242000
NDQRY_331,natural_coarse_aggregate_supply_capacity,8000000
NDQRY_332,natural_coarse_aggregate_supply_capacity,3300000
NDQRY_333,natural_coarse_aggregate_supply_capacity,2052000
NDQRY_334,natural_coarse_aggregate_supply_capacity,1000000
NDQRY_335,natural_coarse_aggregate_supply_capacity,2000000
NDQRY_336,natural_coarse_aggregate_supply_capacity,2000000
NDQRY_337,natural_coarse_aggregate_supply_capacity,10500000
NDQRY_338,natural_coarse_aggregate_supply_capacity,1200000
NDQRY_339,natural_coarse_aggregate_supply_capacity,6500000
NDQRY_340,natural_coarse_aggregate_supply_capacity,1300000
NDQRY_341,natural_coarse_aggregate_supply_capacity,5000000
NDQRY_342,natural_coarse_aggregate_supply_capacity,5000000
NDQRY_343,natural_coarse_aggregate_supply_capacity,900000
NDQRY_344,natural_coarse_aggregate_supply_capacity,1300000
NDQRY_345,natural_coarse_aggregate_supply_capacity,9000000
NDQRY_346,natural_coarse_aggregate_supply_capacity,3000000
NDQRY_347,natural_coarse_aggregate_supply_capacity,1000000
NDQRY_348,natural_coarse_aggregate_supply_capacity,3000000
NDQRY_349,natural_coarse_aggregate_supply_capacity,1620000
NDQRY_350,natural_coarse_aggregate_supply_capacity,2500000
NDQRY_351,natural_coarse_aggregate_supply_capacity,205800
NDQRY_352,natural_coarse_aggregate_supply_capacity,1855000
NDQRY_353,natural_coarse_aggregate_supply_capacity,600000
NDQRY_354,natural_coarse_aggregate_supply_capacity,3680000
NDQRY_355,natural_coarse_aggregate_supply_capacity,1000000
NDQRY_356,natural_coarse_aggregate_supply_capacity,1000000
NDQRY_357,natural_coarse_aggregate_supply_capacity,1000000
NDQRY_358,natural_coarse_aggregate_supply_capacity,500000
NDQRY_359,natural_coarse_aggregate_supply_capacity,650000
NDQRY_360,natural_coarse_aggregate_supply_capacity,1800000
NDQRY_361,natural_coarse_aggregate_supply_capacity,2000000
NDQRY_362,natural_coarse_aggregate_supply_capacity,3200000
NDQRY_363,natural_coarse_aggregate_supply_capacity,3500000
NDQRY_364,natural_coarse_aggregate_supply_capacity,2690000
NDQRY_365,natural_coarse_aggregate_supply_capacity,5000000
NDQRY_366,natural_coarse_aggregate_supply_capacity,800000
NDQRY_367,natural_coarse_aggregate_supply_capacity,1664000
NDQRY_368,natural_coarse_aggregate_supply_capacity,1000000
NDQRY_369,natural_coarse_aggregate_supply_capacity,1150000
NDQRY_370,natural_coarse_aggregate_supply_capacity,4250000
NDQRY_371,natural_coarse_aggregate_supply_capacity,3500000
NDQRY_372,natural_coarse_aggregate_supply_capacity,5447800
NDQRY_373,natural_coarse_aggregate_supply_capacity,3000000
NDQRY_374,natural_coarse_aggregate_supply_capacity,2950000
NDQRY_375,natural_coarse_aggregate_supply_capacity,1500000
NDQRY_376,natural_coarse_aggregate_supply_capacity,10191400
NDQRY_377,natural_coarse_aggregate_supply_capacity,6000000
NDQRY_378,natural_coarse_aggregate_supply_capacity,3000000
NDQRY_379,natural_coarse_aggregate_supply_capacity,800000
NDQRY_380,natural_coarse_aggregate_supply_capacity,6000000
NDQRY_381,natural_coarse_aggregate_supply_capacity,5000000
NDQRY_382,natural_coarse_aggregate_supply_capacity,6000000
NDQRY_383,natural_coarse_aggregate_supply_capacity,3900000
NDQRY_384,natural_coarse_aggregate_supply_capacity,9800000
NDQRY_385,natural_coarse_aggregate_supply_capacity,2500000
NDQRY_386,natural_coarse_aggregate_supply_capacity,4000000
NDQRY_387,natural_coarse_aggregate_supply_capacity,1500000
NDQRY_388,natural_coarse_aggregate_supply_capacity,2700000
NDQRY_389,natural_coarse_aggregate_supply_capacity,1215000
NDQRY_390,natural_coarse_aggregate_supply_capacity,2000000
NDQRY_391,natural_coarse_aggregate_supply_capacity,500000
NDQRY_392,natural_coarse_aggregate_supply_capacity,1500000
NDQRY_393,natural_coarse_aggregate_supply_capacity,4000000
NDQRY_394,natural_coarse_aggregate_supply_capacity,8658000
NDQRY_395,natural_coarse_aggregate_supply_capacity,1300000
NDQRY_396,natural_coarse_aggregate_supply_capacity,1400000
NDQRY_397,natural_coarse_aggregate_supply_capacity,2350000
NDQRY_398,natural_coarse_aggregate_supply_capacity,2840000
NDQRY_399,natural_coarse_aggregate_supply_capacity,3000000
NDQRY_400,natural_coarse_aggregate_supply_capacity,980000
NDQRY_401,natural_coarse_aggregate_supply_capacity,1654300
NDQRY_402,natural_coarse_aggregate_supply_capacity,8897850
NDQRY_403,natural_coarse_aggregate_supply_capacity,2500000
NDQRY_404,natural_coarse_aggregate_supply_capacity,2800000
NDQRY_405,natural_coarse_aggregate_supply_capacity,4131000
NDQRY_406,natural_coarse_aggregate_supply_capacity,8000000
NDQRY_407,natural_coarse_aggregate_supply_capacity,1000000
NDQRY_408,natural_coarse_aggregate_supply_capacity,2500000
NDQRY_409,natural_coarse_aggregate_supply_capacity,1900000
NDQRY_410,natural_coarse_aggregate_supply_capacity,6000000
NDQRY_411,natural_coarse_aggregate_supply_capacity,3000000
NDQRY_412,natural_coarse_aggregate_supply_capacity,1200000
NDQRY_413,natural_coarse_aggregate_supply_capacity,1550000
NDQRY_414,natural_coarse_aggregate_supply_capacity,2000000
NDQRY_415,natural_coarse_aggregate_supply_capacity,9000000
NDQRY_416,natural_coarse_aggregate_supply_capacity,3750000
NDQRY_417,natural_coarse_aggregate_supply_capacity,2336000
NDQRY_418,natural_coarse_aggregate_supply_capacity,2814740
NDWRP_1,recycling_plant_capacity,300000
NDWRP_2,recycling_plant_capacity,1500000
NDWRP_3,recycling_plant_capacity,2000000
NDWRP_4,recycling_plant_capacity,450000
NDWRP_5,recycling_plant_capacity,750000
NDWRP_6,recycling_plant_capacity,670000
NDWRP_7,recycling_plant_capacity,750000
NDWRP_8,recycling_plant_capacity,600000
NDWRP_9,recycling_plant_capacity,1000000
NDWRP_10,recycling_plant_capacity,450000
NDWRP_11,recycling_plant_capacity,450000
NDWRP_12,recycling_plant_capacity,750000
NDWRP_13,recycling_plant_capacity,750000
NDWRP_14,recycling_plant_capacity,750000
NDWRP_15,recycling_plant_capacity,600000
NDWRP_16,recycling_plant_capacity,1500000
NDWRP_17,recycling_plant_capacity,300000
NDWRP_18,recycling_plant_capacity,500000
NDWRP_19,recycling_plant_capacity,750000
NDWRP_20,recycling_plant_capacity,1500000
NDWRP_21,recycling_plant_capacity,1000000
NDWRP_22,recycling_plant_capacity,750000
NDWRP_23,recycling_plant_capacity,891000
NDWRP_24,recycling_plant_capacity,3000000
NDWRP_25,recycling_plant_capacity,1350000
NDWRP_26,recycling_plant_capacity,600000
NDWRP_27,recycling_plant_capacity,1500000
NDWRP_28,recycling_plant_capacity,450000
NDWRP_29,recycling_plant_capacity,1080000
NDWRP_30,recycling_plant_capacity,1000000
NDWRP_31,recycling_plant_capacity,1000000
NDWRP_32,recycling_plant_capacity,100000
NDWRP_33,recycling_plant_capacity,300000
NDWRP_34,recycling_plant_capacity,150000
NDWRP_35,recycling_plant_capacity,60000
NDWRP_36,recycling_plant_capacity,365000
NDWRP_37,recycling_plant_capacity,300000
NDWRP_38,recycling_plant_capacity,1404000
NDWRP_39,recycling_plant_capacity,450000
NDWRP_40,recycling_plant_capacity,4800000
NDWRP_41,recycling_plant_capacity,1800000
NDWRP_42,recycling_plant_capacity,675000
NDWRP_43,recycling_plant_capacity,3019500
NDWRP_44,recycling_plant_capacity,810000
NDWRP_45,recycling_plant_capacity,594000
NDWRP_46,recycling_plant_capacity,4500000
NDWRP_47,recycling_plant_capacity,450000
NDWRP_48,recycling_plant_capacity,900000
NDWRP_49,recycling_plant_capacity,2340000
NDWRP_50,recycling_plant_capacity,923000
NDWRP_51,recycling_plant_capacity,486000
NDWRP_52,recycling_plant_capacity,900000
NDWRP_53,recycling_plant_capacity,450000
NDWRP_54,recycling_plant_capacity,1500000
NDWRP_55,recycling_plant_capacity,450000
NDWRP_56,recycling_plant_capacity,489000
NDWRP_57,recycling_plant_capacity,312000
NDWRP_58,recycling_plant_capacity,750000
NDWRP_59,recycling_plant_capacity,720000
NDWRP_60,recycling_plant_capacity,504000
NDWRP_61,recycling_plant_capacity,600000
NDWRP_62,recycling_plant_capacity,780000
NDWRP_63,recycling_plant_capacity,876000
NDWRP_64,recycling_plant_capacity,600000
NDWRP_65,recycling_plant_capacity,300000
NDWRP_66,recycling_plant_capacity,680000
NDWRP_67,recycling_plant_capacity,390000
NDWRP_68,recycling_plant_capacity,166546
NDWRP_69,recycling_plant_capacity,300000
NDWRP_70,recycling_plant_capacity,300000
NDWRP_71,recycling_plant_capacity,300000
NDWRP_72,recycling_plant_capacity,300000
NDWRP_73,recycling_plant_capacity,300000
NDWRP_74,recycling_plant_capacity,750000
NDWRP_75,recycling_plant_capacity,240000
NDWRP_76,recycling_plant_capacity,800000
NDWRP_77,recycling_plant_capacity,288000
NDWRP_78,recycling_plant_capacity,1600000
NDWRP_79,recycling_plant_capacity,4864000
NDWRP_80,recycling_plant_capacity,160000
NDWRP_81,recycling_plant_capacity,384000
NDWRP_82,recycling_plant_capacity,960000
NDWRP_83,recycling_plant_capacity,1920000
NDWRP_84,recycling_plant_capacity,3200000
NDWRP_85,recycling_plant_capacity,1920000
NDWRP_86,recycling_plant_capacity,1600000
NDWRP_87,recycling_plant_capacity,480000
NDWRP_88,recycling_plant_capacity,1954560
NDWRP_89,recycling_plant_capacity,240000
NDWRP_90,recycling_plant_capacity,480000
NDWRP_91,recycling_plant_capacity,400000
NDWRP_92,recycling_plant_capacity,750000
NDWRP_93,recycling_plant_capacity,1600000
NDWRP_94,recycling_plant_capacity,800000
NDWRP_95,recycling_plant_capacity,1536000
NDWRP_96,recycling_plant_capacity,2500000
NDWRP_97,recycling_plant_capacity,960000
NDWRP_98,recycling_plant_capacity,432000
NDWRP_99,recycling_plant_capacity,1800000
NDWRP_100,recycling_plant_capacity,2250000
NDWRP_101,recycling_plant_capacity,1800000
NDWRP_102,recycling_plant_capacity,225000
NDWRP_103,recycling_plant_capacity,1200000
NDWRP_104,recycling_plant_capacity,1350000
NDWRP_105,recycling_plant_capacity,300000
NDWRP_106,recycling_plant_capacity,1500000
NDWRP_107,recycling_plant_capacity,1500000
NDWRP_108,recycling_plant_capacity,1650000
NDWRP_109,recycling_plant_capacity,1950000
NDWRP_110,recycling_plant_capacity,1200000
NDWRP_111,recycling_plant_capacity,2100000
NDWRP_112,recycling_plant_capacity,900000
NDWRP_113,recycling_plant_capacity,480000
NDWRP_114,recycling_plant_capacity,1200000
NDWRP_115,recycling_plant_capacity,1200000
NDWRP_116,recycling_plant_capacity,750000
NDWRP_117,recycling_plant_capacity,2250000
NDWRP_118,recycling_plant_capacity,1080000
NDWRP_119,recycling_plant_capacity,1725000
NDWRP_120,recycling_plant_capacity,450000
NDWRP_121,recycling_plant_capacity,945000
NDWRP_122,recycling_plant_capacity,600000
NDWRP_123,recycling_plant_capacity,2772000
NDWRP_124,recycling_plant_capacity,2295000
NDWRP_125,recycling_plant_capacity,1500000
NDWRP_126,recycling_plant_capacity,900000
NDWRP_127,recycling_plant_capacity,2250000
NDWRP_128,recycling_plant_capacity,720000
NDWRP_129,recycling_plant_capacity,1770000
NDWRP_130,recycling_plant_capacity,1575000
NDWRP_131,recycling_plant_capacity,1350000
NDWRP_132,recycling_plant_capacity,3735000
NDWRP_133,recycling_plant_capacity,225000
NDWRP_134,recycling_plant_capacity,1620000
NDWRP_135,recycling_plant_capacity,1290000
NDWRP_136,recycling_plant_capacity,1650000
NDWRP_137,recycling_plant_capacity,1500000
NDWRP_138,recycling_plant_capacity,930000
NDWRP_139,recycling_plant_capacity,1200000
NDWRP_140,recycling_plant_capacity,2250000
NDWRP_141,recycling_plant_capacity,900000
NDWRP_142,recycling_plant_capacity,480000
NDWRP_143,recycling_plant_capacity,6675000
NDWRP_144,recycling_plant_capacity,1530000
NDWRP_145,recycling_plant_capacity,927000
NDWRP_146,recycling_plant_capacity,2745000
NDWRP_147,recycling_plant_capacity,1650000
NDWRP_148,recycling_plant_capacity,450000
NDWRP_149,recycling_plant_capacity,450000
NDWRP_150,recycling_plant_capacity,750000
NDWRP_151,recycling_plant_capacity,975000
NDWRP_152,recycling_plant_capacity,4500000
NDWRP_153,recycling_plant_capacity,1229486.4
NDWRP_154,recycling_plant_capacity,3040000
NDWRP_155,recycling_plant_capacity,1268800
NDWRP_156,recycling_plant_capacity,1119552
NDWRP_157,recycling_plant_capacity,314750.592
NDWRP_158,recycling_plant_capacity,240000
NDWRP_159,recycling_plant_capacity,240000
NDWRP_160,recycling_plant_capacity,1440000
NDWRP_161,recycling_plant_capacity,2880000
NDWRP_162,recycling_plant_capacity,1536000
NDWRP_163,recycling_plant_capacity,249600
NDWRP_164,recycling_plant_capacity,8000
NDWRP_165,recycling_plant_capacity,1264000
NDWRP_166,recycling_plant_capacity,61872
NDWRP_167,recycling_plant_capacity,1401648.224
NDWRP_168,recycling_plant_capacity,2400000
NDWRP_169,recycling_plant_capacity,1600000
NDWRP_170,recycling_plant_capacity,1600000
NDWRP_171,recycling_plant_capacity,720000
NDWRP_172,recycling_plant_capacity,1408000
NDWRP_173,recycling_plant_capacity,249600
NDWRP_174,recycling_plant_capacity,232000
NDWRP_175,recycling_plant_capacity,105600
NDWRP_176,recycling_plant_capacity,480000
NDWRP_177,recycling_plant_capacity,1344000
NDWRP_178,recycling_plant_capacity,720000
NDWRP_179,recycling_plant_capacity,416000
NDWRP_180,recycling_plant_capacity,384000
NDWRP_181,recycling_plant_capacity,480000
NDWRP_182,recycling_plant_capacity,748800
NDWRP_183,recycling_plant_capacity,1000000
NDWRP_184,recycling_plant_capacity,900000
NDWRP_185,recycling_plant_capacity,675000
NDWRP_186,recycling_plant_capacity,795000
NDWRP_187,recycling_plant_capacity,1500000
NDWRP_188,recycling_plant_capacity,450000
NDWRP_189,recycling_plant_capacity,750000
NDWRP_190,recycling_plant_capacity,540000
NDWRP_191,recycling_plant_capacity,750000
NDWRP_192,recycling_plant_capacity,300000
NDWRP_193,recycling_plant_capacity,450000
NDWRP_194,recycling_plant_capacity,195000
NDWRP_195,recycling_plant_capacity,1575000
NDWRP_196,recycling_plant_capacity,300000
NDWRP_197,recycling_plant_capacity,1350000
NDWRP_198,recycling_plant_capacity,300000
NDWRP_199,recycling_plant_capacity,300000
NDWRP_200,recycling_plant_capacity,600000
NDWRP_201,recycling_plant_capacity,300000
NDWRP_202,recycling_plant_capacity,300000
NDWRP_203,recycling_plant_capacity,900000
NDWRP_204,recycling_plant_capacity,450000
NDWRP_205,recycling_plant_capacity,1200000
NDWRP_206,recycling_plant_capacity,450000
NDWRP_207,recycling_plant_capacity,450000
NDWRP_208,recycling_plant_capacity,150000
NDWRP_209,recycling_plant_capacity,500000
NDWRP_210,recycling_plant_capacity,350000
NDWRP_211,recycling_plant_capacity,550000
NDWRP_212,recycling_plant_capacity,650000
NDWRP_213,recycling_plant_capacity,600000
NDWRP_214,recycling_plant_capacity,600000
NDWRP_215,recycling_plant_capacity,550000
NDWRP_216,recycling_plant_capacity,450000
NDWRP_217,recycling_plant_capacity,500000
NDWRP_218,recycling_plant_capacity,300000
NDWRP_219,recycling_plant_capacity,1600000
NDWRP_220,recycling_plant_capacity,300000
NDWRP_221,recycling_plant_capacity,400000
NDWRP_222,recycling_plant_capacity,3000000
NDWRP_223,recycling_plant_capacity,600000
NDWRP_224,recycling_plant_capacity,1080000
NDWRP_225,recycling_plant_capacity,508500
NDWRP_226,recycling_plant_capacity,360000
NDWRP_227,recycling_plant_capacity,1500000
NDWRP_228,recycling_plant_capacity,600000
NDWRP_229,recycling_plant_capacity,750000
NDWRP_230,recycling_plant_capacity,1000000
NDWRP_231,recycling_plant_capacity,300000
NDWRP_232,recycling_plant_capacity,600000
NDWRP_233,recycling_plant_capacity,600000
NDWRP_234,recycling_plant_capacity,300000
NDWRP_235,recycling_plant_capacity,100000
NDWRP_236,recycling_plant_capacity,100000
NDWRP_237,recycling_plant_capacity,500000
NDWRP_238,recycling_plant_capacity,300000
NDWRP_239,recycling_plant_capacity,500000
NDWRP_240,recycling_plant_capacity,300000
NDWRP_241,recycling_plant_capacity,300000
NDWRP_242,recycling_plant_capacity,500000
NDWRP_243,recycling_plant_capacity,300000
NDWRP_244,recycling_plant_capacity,1000000
NDWRP_245,recycling_plant_capacity,300000
NDWRP_246,recycling_plant_capacity,1260000
NDWRP_247,recycling_plant_capacity,1000000
NDWRP_248,recycling_plant_capacity,1500000
NDWRP_249,recycling_plant_capacity,770000
NDWRP_250,recycling_plant_capacity,240000
NDWRP_251,recycling_plant_capacity,200000
NDWRP_252,recycling_plant_capacity,100000
NDWRP_253,recycling_plant_capacity,1080000
NDWRP_254,recycling_plant_capacity,2000000
NDWRP_255,recycling_plant_capacity,200000
NDWRP_256,recycling_plant_capacity,900000
NDWRP_257,recycling_plant_capacity,300000
NDWRP_258,recycling_plant_capacity,500000
NDWRP_259,recycling_plant_capacity,1000000
NDWRP_260,recycling_plant_capacity,2000000
NDWRP_261,recycling_plant_capacity,770000
NDWRP_262,recycling_plant_capacity,300000
NDWRP_263,recycling_plant_capacity,1250000
NDWRP_264,recycling_plant_capacity,300000
NDWRP_265,recycling_plant_capacity,500000
NDWRP_266,recycling_plant_capacity,300000
NDWRP_267,recycling_plant_capacity,300000
NDWRP_268,recycling_plant_capacity,650000
NDWRP_269,recycling_plant_capacity,650000
NDWRP_270,recycling_plant_capacity,650000
NDWRP_271,recycling_plant_capacity,650000
NDWRP_272,recycling_plant_capacity,650000
NDWRP_273,recycling_plant_capacity,650000
NDWRP_274,recycling_plant_capacity,2250000
NDWRP_275,recycling_plant_capacity,900000
NDWRP_276,recycling_plant_capacity,1050000
NDWRP_277,recycling_plant_capacity,600000
NDWRP_278,recycling_plant_capacity,450000
NDWRP_279,recycling_plant_capacity,600000
NDWRP_280,recycling_plant_capacity,600000
NDWRP_281,recycling_plant_capacity,960000
NDWRP_282,recycling_plant_capacity,960000
NDWRP_283,recycling_plant_capacity,960000
NDWRP_284,recycling_plant_capacity,960000
NDWRP_285,recycling_plant_capacity,960000
NDWRP_286,recycling_plant_capacity,300000
NDWRP_287,recycling_plant_capacity,1350000
NDWRP_288,recycling_plant_capacity,600000
NDWRP_289,recycling_plant_capacity,200000
