grid_cell_id,waste_concrete_network_input_t_per_year
NDGRD_1,0
NDGRD_2,0
NDGRD_3,0
NDGRD_4,0
NDGRD_5,0
NDGRD_6,0
NDGRD_7,0
NDGRD_8,0
NDGRD_9,0
NDGRD_10,0
NDGRD_11,0
NDGRD_12,0
NDGRD_13,0
NDGRD_14,0
NDGRD_15,0
NDGRD_16,0
NDGRD_17,0
NDGRD_18,0
NDGRD_19,0
NDGRD_20,0
NDGRD_21,0
NDGRD_22,0
NDGRD_23,0
NDGRD_24,0
NDGRD_25,0
NDGRD_26,0
NDGRD_27,0
NDGRD_28,0
NDGRD_29,0
NDGRD_30,0
NDGRD_31,0
NDGRD_32,0
NDGRD_33,0
NDGRD_34,0
NDGRD_35,0
NDGRD_36,0
NDGRD_37,0
NDGRD_38,0
NDGRD_39,0
NDGRD_40,0
NDGRD_41,0
NDGRD_42,0
NDGRD_43,0
NDGRD_44,0
NDGRD_45,0
NDGRD_46,0
NDGRD_47,0
NDGRD_48,0
NDGRD_49,0
NDGRD_50,0
NDGRD_51,0
NDGRD_52,0
NDGRD_53,0
NDGRD_54,0
NDGRD_55,0
NDGRD_56,0
NDGRD_57,0
NDGRD_58,0
NDGRD_59,0
NDGRD_60,0
NDGRD_61,0
NDGRD_62,0
NDGRD_63,0
NDGRD_64,0
NDGRD_65,0
NDGRD_66,0
NDGRD_67,0
NDGRD_68,0
NDGRD_69,0
NDGRD_70,0
NDGRD_71,0
NDGRD_72,0
NDGRD_73,0
NDGRD_74,0
NDGRD_75,0
NDGRD_76,0
NDGRD_77,0
NDGRD_78,0
NDGRD_79,0
NDGRD_80,0
NDGRD_81,0
NDGRD_82,0
NDGRD_83,0
NDGRD_84,0
NDGRD_85,0
NDGRD_86,0
NDGRD_87,0
NDGRD_88,0
NDGRD_89,0
NDGRD_90,0
NDGRD_91,0
NDGRD_92,0
NDGRD_93,0
NDGRD_94,0
NDGRD_95,0
NDGRD_96,0
NDGRD_97,0
NDGRD_98,0
NDGRD_99,0
NDGRD_100,0
NDGRD_101,0
NDGRD_102,0
NDGRD_103,0
NDGRD_104,0
NDGRD_105,0
NDGRD_106,0
NDGRD_107,0
NDGRD_108,0
NDGRD_109,0
NDGRD_110,0
NDGRD_111,0
NDGRD_112,0
NDGRD_113,0
NDGRD_114,0
NDGRD_115,0
NDGRD_116,0
NDGRD_117,0
NDGRD_118,0
NDGRD_119,0
NDGRD_120,0
NDGRD_121,0
NDGRD_122,0
NDGRD_123,0
NDGRD_124,0
NDGRD_125,0
NDGRD_126,0
NDGRD_127,0
NDGRD_128,0
NDGRD_129,0
NDGRD_130,0
NDGRD_131,0
NDGRD_132,0
NDGRD_133,0
NDGRD_134,0
NDGRD_135,0
NDGRD_136,0
NDGRD_137,0
NDGRD_138,0
NDGRD_139,0
NDGRD_140,0
NDGRD_141,0
NDGRD_142,0
NDGRD_143,0
NDGRD_144,0
NDGRD_145,0
NDGRD_146,0
NDGRD_147,0
NDGRD_148,0
NDGRD_149,0
NDGRD_150,0
NDGRD_151,0
NDGRD_152,0
NDGRD_153,0
NDGRD_154,0
NDGRD_155,0
NDGRD_156,0
NDGRD_157,0
NDGRD_158,0
NDGRD_159,0
NDGRD_160,0
NDGRD_161,0
NDGRD_162,0
NDGRD_163,0
NDGRD_164,0
NDGRD_165,0
NDGRD_166,0
NDGRD_167,0
NDGRD_168,0
NDGRD_169,0
NDGRD_170,0
NDGRD_171,0
NDGRD_172,0
NDGRD_173,0
NDGRD_174,0
NDGRD_175,0
NDGRD_176,0
NDGRD_177,0
NDGRD_178,0
NDGRD_179,0
NDGRD_180,0
NDGRD_181,0
NDGRD_182,0
NDGRD_183,0
NDGRD_184,0
NDGRD_185,0
NDGRD_186,0
NDGRD_187,0
NDGRD_188,0
NDGRD_189,0
NDGRD_190,0
NDGRD_191,0
NDGRD_192,0
NDGRD_193,0
NDGRD_194,0
NDGRD_195,0
NDGRD_196,0
NDGRD_197,0
NDGRD_198,0
NDGRD_199,0
NDGRD_200,0
NDGRD_201,0
NDGRD_202,0
NDGRD_203,0
NDGRD_204,0
NDGRD_205,0
NDGRD_206,0
NDGRD_207,0
NDGRD_208,0
NDGRD_209,0
NDGRD_210,0
NDGRD_211,0
NDGRD_212,0
NDGRD_213,0
NDGRD_214,0
NDGRD_215,0
NDGRD_216,0
NDGRD_217,0
NDGRD_218,0
NDGRD_219,0
NDGRD_220,0
NDGRD_221,0
NDGRD_222,0
NDGRD_223,0
NDGRD_224,0
NDGRD_225,0
NDGRD_226,0
NDGRD_227,0
NDGRD_228,0
NDGRD_229,0
NDGRD_230,0
NDGRD_231,0
NDGRD_232,0
NDGRD_233,0
NDGRD_234,0
NDGRD_235,0
NDGRD_236,0
NDGRD_237,0
NDGRD_238,0
NDGRD_239,0
NDGRD_240,0
NDGRD_241,0
NDGRD_242,0
NDGRD_243,0
NDGRD_244,0
NDGRD_245,0
NDGRD_246,0
NDGRD_247,0
NDGRD_248,0
NDGRD_249,0
NDGRD_250,0
NDGRD_251,0
NDGRD_252,0
NDGRD_253,0
NDGRD_254,0
NDGRD_255,0
NDGRD_256,0
NDGRD_257,0
NDGRD_258,0
NDGRD_259,0
NDGRD_260,0
NDGRD_261,0
NDGRD_262,0
NDGRD_263,0
NDGRD_264,0
NDGRD_265,0
NDGRD_266,0
NDGRD_267,0
NDGRD_268,0
NDGRD_269,0
NDGRD_270,0
NDGRD_271,0
NDGRD_272,0
NDGRD_273,0
NDGRD_274,0
NDGRD_275,0
NDGRD_276,0
NDGRD_277,0
NDGRD_278,0
NDGRD_279,0
NDGRD_280,0
NDGRD_281,0
NDGRD_282,0
NDGRD_283,0
NDGRD_284,0
NDGRD_285,0
NDGRD_286,0
NDGRD_287,0
NDGRD_288,0
NDGRD_289,0
NDGRD_290,0
NDGRD_291,0
NDGRD_292,0
NDGRD_293,0
NDGRD_294,0
NDGRD_295,0
NDGRD_296,0
NDGRD_297,0
NDGRD_298,0
NDGRD_299,0
NDGRD_300,0
NDGRD_301,0
NDGRD_302,0
NDGRD_303,0
NDGRD_304,0
NDGRD_305,0
NDGRD_306,0
NDGRD_307,0
NDGRD_308,0
NDGRD_309,0
NDGRD_310,0
NDGRD_311,0
NDGRD_312,0
NDGRD_313,0
NDGRD_314,0
NDGRD_315,0
NDGRD_316,0
NDGRD_317,0
NDGRD_318,0
NDGRD_319,0
NDGRD_320,0
NDGRD_321,0
NDGRD_322,0
NDGRD_323,0
NDGRD_324,0
NDGRD_325,0
NDGRD_326,0
NDGRD_327,0
NDGRD_328,0
NDGRD_329,0
NDGRD_330,0
NDGRD_331,0
NDGRD_332,0
NDGRD_333,0
NDGRD_334,0
NDGRD_335,0
NDGRD_336,0
NDGRD_337,0
NDGRD_338,0
NDGRD_339,0
NDGRD_340,0
NDGRD_341,0
NDGRD_342,0
NDGRD_343,0
NDGRD_344,0
NDGRD_345,0
NDGRD_346,0
NDGRD_347,0
NDGRD_348,0
NDGRD_349,0
NDGRD_350,0
NDGRD_351,0
NDGRD_352,0
NDGRD_353,0
NDGRD_354,0
NDGRD_355,0
NDGRD_356,0
NDGRD_357,0
NDGRD_358,0
NDGRD_359,0
NDGRD_360,0
NDGRD_361,0
NDGRD_362,0
NDGRD_363,0
NDGRD_364,0
NDGRD_365,0
NDGRD_366,0
NDGRD_367,0
NDGRD_368,0
NDGRD_369,0
NDGRD_370,0
NDGRD_371,0
NDGRD_372,0
NDGRD_373,0
NDGRD_374,0
NDGRD_375,0
NDGRD_376,0
NDGRD_377,0
NDGRD_378,0
NDGRD_379,0
NDGRD_380,0
NDGRD_381,0
NDGRD_382,0
NDGRD_383,0
NDGRD_384,0
NDGRD_385,0
NDGRD_386,0
NDGRD_387,0
NDGRD_388,0
NDGRD_389,0
NDGRD_390,0
NDGRD_391,0
NDGRD_392,0
NDGRD_393,0
NDGRD_394,0
NDGRD_395,0
NDGRD_396,0
NDGRD_397,0
NDGRD_398,0
NDGRD_399,0
NDGRD_400,0
NDGRD_401,0
NDGRD_402,0
NDGRD_403,0
NDGRD_404,0
NDGRD_405,0
NDGRD_406,0
NDGRD_407,0
NDGRD_408,0
NDGRD_409,0
NDGRD_410,0
NDGRD_411,0
NDGRD_412,0
NDGRD_413,0
NDGRD_414,0
NDGRD_415,0
NDGRD_416,0
NDGRD_417,0
NDGRD_418,0
NDGRD_419,0
NDGRD_420,0
NDGRD_421,0
NDGRD_422,0
NDGRD_423,0
NDGRD_424,0
NDGRD_425,0
NDGRD_426,0
NDGRD_427,0
NDGRD_428,0
NDGRD_429,0
NDGRD_430,0
NDGRD_431,0
NDGRD_432,0
NDGRD_433,0
NDGRD_434,0
NDGRD_435,0
NDGRD_436,0
NDGRD_437,0
NDGRD_438,0
NDGRD_439,0
NDGRD_440,0
NDGRD_441,0
NDGRD_442,0
NDGRD_443,0
NDGRD_444,0
NDGRD_445,0
NDGRD_446,0
NDGRD_447,0
NDGRD_448,0
NDGRD_449,0
NDGRD_450,0
NDGRD_451,0
NDGRD_452,0
NDGRD_453,0
NDGRD_454,0
NDGRD_455,0
NDGRD_456,0
NDGRD_457,0
NDGRD_458,0
NDGRD_459,0
NDGRD_460,0
NDGRD_461,0
NDGRD_462,0
NDGRD_463,0
NDGRD_464,0
NDGRD_465,0
NDGRD_466,0
NDGRD_467,0
NDGRD_468,0
NDGRD_469,0
NDGRD_470,0
NDGRD_471,0
NDGRD_472,0
NDGRD_473,0
NDGRD_474,0
NDGRD_475,0
NDGRD_476,0
NDGRD_477,0
NDGRD_478,0
NDGRD_479,0
NDGRD_480,0
NDGRD_481,0
NDGRD_482,0
NDGRD_483,0
NDGRD_484,0
NDGRD_485,0
NDGRD_486,0
NDGRD_487,0
NDGRD_488,0
NDGRD_489,0
NDGRD_490,0
NDGRD_491,0
NDGRD_492,0
NDGRD_493,0
NDGRD_494,0
NDGRD_495,0
NDGRD_496,0
NDGRD_497,0
NDGRD_498,0
NDGRD_499,0
NDGRD_500,0
NDGRD_501,0
NDGRD_502,0
NDGRD_503,0
NDGRD_504,0
NDGRD_505,0
NDGRD_506,0
NDGRD_507,0
NDGRD_508,0
NDGRD_509,0
NDGRD_510,0
NDGRD_511,0
NDGRD_512,0
NDGRD_513,0
NDGRD_514,0
NDGRD_515,0
NDGRD_516,0
NDGRD_517,0
NDGRD_518,0
NDGRD_519,0
NDGRD_520,0
NDGRD_521,0
NDGRD_522,0
NDGRD_523,0
NDGRD_524,0
NDGRD_525,0
NDGRD_526,0
NDGRD_527,0
NDGRD_528,0
NDGRD_529,0
NDGRD_530,0
NDGRD_531,0
NDGRD_532,0
NDGRD_533,0
NDGRD_534,0
NDGRD_535,0
NDGRD_536,0
NDGRD_537,0
NDGRD_538,0
NDGRD_539,0
NDGRD_540,0
NDGRD_541,0
NDGRD_542,0
NDGRD_543,0
NDGRD_544,0
NDGRD_545,0
NDGRD_546,0
NDGRD_547,0
NDGRD_548,0
NDGRD_549,0
NDGRD_550,0
NDGRD_551,0
NDGRD_552,0
NDGRD_553,0
NDGRD_554,0
NDGRD_555,0
NDGRD_556,0
NDGRD_557,0
NDGRD_558,0
NDGRD_559,0
NDGRD_560,0
NDGRD_561,0
NDGRD_562,0
NDGRD_563,0
NDGRD_564,0
NDGRD_565,0
NDGRD_566,0
NDGRD_567,0
NDGRD_568,0
NDGRD_569,0
NDGRD_570,0
NDGRD_571,0
NDGRD_572,0
NDGRD_573,0
NDGRD_574,0
NDGRD_575,0
NDGRD_576,0
NDGRD_577,0
NDGRD_578,0
NDGRD_579,0
NDGRD_580,0
NDGRD_581,0
NDGRD_582,0
NDGRD_583,0
NDGRD_584,0
NDGRD_585,0
NDGRD_586,0
NDGRD_587,0
NDGRD_588,0
NDGRD_589,0
NDGRD_590,0
NDGRD_591,0
NDGRD_592,0
NDGRD_593,0
NDGRD_594,0
NDGRD_595,0
NDGRD_596,0
NDGRD_597,0
NDGRD_598,0
NDGRD_599,0
NDGRD_600,0
NDGRD_601,0
NDGRD_602,0
NDGRD_603,0
NDGRD_604,0
NDGRD_605,0
NDGRD_606,0
NDGRD_607,0
NDGRD_608,0
NDGRD_609,0
NDGRD_610,0
NDGRD_611,0
NDGRD_612,0
NDGRD_613,0
NDGRD_614,0
NDGRD_615,0
NDGRD_616,0
NDGRD_617,0
NDGRD_618,0
NDGRD_619,0
NDGRD_620,0
NDGRD_621,0
NDGRD_622,0
NDGRD_623,0
NDGRD_624,0
NDGRD_625,0
NDGRD_626,0
NDGRD_627,0
NDGRD_628,0
NDGRD_629,0
NDGRD_630,0
NDGRD_631,0
NDGRD_632,0
NDGRD_633,0
NDGRD_634,0
NDGRD_635,0
NDGRD_636,0
NDGRD_637,0
NDGRD_638,0
NDGRD_639,0
NDGRD_640,0
NDGRD_641,0
NDGRD_642,0
NDGRD_643,0
NDGRD_644,0
NDGRD_645,0
NDGRD_646,0
NDGRD_647,0
NDGRD_648,0
NDGRD_649,0
NDGRD_650,0
NDGRD_651,0
NDGRD_652,0
NDGRD_653,0
NDGRD_654,0
NDGRD_655,0
NDGRD_656,0
NDGRD_657,0
NDGRD_658,0
NDGRD_659,0
NDGRD_660,0
NDGRD_661,0
NDGRD_662,0
NDGRD_663,0
NDGRD_664,0
NDGRD_665,0
NDGRD_666,0
NDGRD_667,0
NDGRD_668,0
NDGRD_669,0
NDGRD_670,0
NDGRD_671,0
NDGRD_672,0
NDGRD_673,0
NDGRD_674,0
NDGRD_675,0
NDGRD_676,0
NDGRD_677,0
NDGRD_678,0
NDGRD_679,0
NDGRD_680,0
NDGRD_681,0
NDGRD_682,0
NDGRD_683,0
NDGRD_684,0
NDGRD_685,0
NDGRD_686,0
NDGRD_687,0
NDGRD_688,0
NDGRD_689,0
NDGRD_690,0
NDGRD_691,0
NDGRD_692,0
NDGRD_693,0
NDGRD_694,0
NDGRD_695,0
NDGRD_696,0
NDGRD_697,0
NDGRD_698,0
NDGRD_699,0
NDGRD_700,0
NDGRD_701,0
NDGRD_702,0
NDGRD_703,0
NDGRD_704,0
NDGRD_705,0
NDGRD_706,0
NDGRD_707,0
NDGRD_708,0
NDGRD_709,0
NDGRD_710,0
NDGRD_711,0
NDGRD_712,0
NDGRD_713,0
NDGRD_714,0
NDGRD_715,0
NDGRD_716,0
NDGRD_717,0
NDGRD_718,0
NDGRD_719,0
NDGRD_720,0
NDGRD_721,0
NDGRD_722,0
NDGRD_723,0
NDGRD_724,0
NDGRD_725,0
NDGRD_726,0
NDGRD_727,0
NDGRD_728,0
NDGRD_729,0
NDGRD_730,0
NDGRD_731,0
NDGRD_732,0
NDGRD_733,0
NDGRD_734,0
NDGRD_735,0
NDGRD_736,0
NDGRD_737,0
NDGRD_738,0
NDGRD_739,0
NDGRD_740,0
NDGRD_741,0
NDGRD_742,0
NDGRD_743,0
NDGRD_744,0
NDGRD_745,0
NDGRD_746,0
NDGRD_747,0
NDGRD_748,0
NDGRD_749,0
NDGRD_750,0
NDGRD_751,0
NDGRD_752,0
NDGRD_753,0
NDGRD_754,0
NDGRD_755,0
NDGRD_756,0
NDGRD_757,0
NDGRD_758,0
NDGRD_759,0
NDGRD_760,0
NDGRD_761,0
NDGRD_762,0
NDGRD_763,0
NDGRD_764,0
NDGRD_765,0
NDGRD_766,0
NDGRD_767,0
NDGRD_768,0
NDGRD_769,0
NDGRD_770,0
NDGRD_771,0
NDGRD_772,0
NDGRD_773,0
NDGRD_774,0
NDGRD_775,0
NDGRD_776,0
NDGRD_777,0
NDGRD_778,0
NDGRD_779,0
NDGRD_780,0
NDGRD_781,0
NDGRD_782,0
NDGRD_783,0
NDGRD_784,0
NDGRD_785,0
NDGRD_786,0
NDGRD_787,0
NDGRD_788,0
NDGRD_789,0
NDGRD_790,0
NDGRD_791,0
NDGRD_792,0
NDGRD_793,0
NDGRD_794,0
NDGRD_795,0
NDGRD_796,0
NDGRD_797,0
NDGRD_798,0
NDGRD_799,0
NDGRD_800,0
NDGRD_801,0
NDGRD_802,0
NDGRD_803,0
NDGRD_804,0
NDGRD_805,0
NDGRD_806,0
NDGRD_807,0
NDGRD_808,0
NDGRD_809,0
NDGRD_810,0
NDGRD_811,0
NDGRD_812,0
NDGRD_813,0
NDGRD_814,0
NDGRD_815,0
NDGRD_816,0
NDGRD_817,0
NDGRD_818,0
NDGRD_819,0
NDGRD_820,0
NDGRD_821,0
NDGRD_822,0
NDGRD_823,0
NDGRD_824,0
NDGRD_825,0
NDGRD_826,0
NDGRD_827,0
NDGRD_828,0
NDGRD_829,0
NDGRD_830,0
NDGRD_831,0
NDGRD_832,0
NDGRD_833,0
NDGRD_834,0
NDGRD_835,0
NDGRD_836,0
NDGRD_837,0
NDGRD_838,0
NDGRD_839,0
NDGRD_840,0
NDGRD_841,0
NDGRD_842,0
NDGRD_843,0
NDGRD_844,0
NDGRD_845,0
NDGRD_846,0
NDGRD_847,0
NDGRD_848,0
NDGRD_849,0
NDGRD_850,0
NDGRD_851,0
NDGRD_852,0
NDGRD_853,0
NDGRD_854,0
NDGRD_855,0
NDGRD_856,0
NDGRD_857,0
NDGRD_858,0
NDGRD_859,0
NDGRD_860,0
NDGRD_861,0
NDGRD_862,0
NDGRD_863,0
NDGRD_864,0
NDGRD_865,0
NDGRD_866,0
NDGRD_867,0
NDGRD_868,0
NDGRD_869,0
NDGRD_870,0
NDGRD_871,0
NDGRD_872,0
NDGRD_873,0
NDGRD_874,0
NDGRD_875,0
NDGRD_876,0
NDGRD_877,0
NDGRD_878,0
NDGRD_879,0
NDGRD_880,0
NDGRD_881,0
NDGRD_882,0
NDGRD_883,0
NDGRD_884,0
NDGRD_885,0
NDGRD_886,0
NDGRD_887,0
NDGRD_888,0
NDGRD_889,0
NDGRD_890,0
NDGRD_891,0
NDGRD_892,0
NDGRD_893,0
NDGRD_894,0
NDGRD_895,0
NDGRD_896,0
NDGRD_897,0
NDGRD_898,0
NDGRD_899,0
NDGRD_900,0
NDGRD_901,0
NDGRD_902,0
NDGRD_903,0
NDGRD_904,0
NDGRD_905,0
NDGRD_906,0
NDGRD_907,0
NDGRD_908,0
NDGRD_909,0
NDGRD_910,0
NDGRD_911,0
NDGRD_912,0
NDGRD_913,0
NDGRD_914,0
NDGRD_915,0
NDGRD_916,0
NDGRD_917,0
NDGRD_918,0
NDGRD_919,0
NDGRD_920,0
NDGRD_921,0
NDGRD_922,0
NDGRD_923,0
NDGRD_924,0
NDGRD_925,0
NDGRD_926,0
NDGRD_927,0
NDGRD_928,0
NDGRD_929,0
NDGRD_930,0
NDGRD_931,0
NDGRD_932,0
NDGRD_933,0
NDGRD_934,0
NDGRD_935,0
NDGRD_936,0
NDGRD_937,0
NDGRD_938,0
NDGRD_939,0
NDGRD_940,0
NDGRD_941,0
NDGRD_942,0
NDGRD_943,0
NDGRD_944,0
NDGRD_945,0
NDGRD_946,0
NDGRD_947,0
NDGRD_948,0
NDGRD_949,0
NDGRD_950,0
NDGRD_951,0
NDGRD_952,0
NDGRD_953,0
NDGRD_954,0
NDGRD_955,0
NDGRD_956,0
NDGRD_957,0
NDGRD_958,0
NDGRD_959,0
NDGRD_960,0
NDGRD_961,0
NDGRD_962,0
NDGRD_963,0
NDGRD_964,0
NDGRD_965,0
NDGRD_966,0
NDGRD_967,0
NDGRD_968,0
NDGRD_969,0
NDGRD_970,0
NDGRD_971,0
NDGRD_972,0
NDGRD_973,0
NDGRD_974,0
NDGRD_975,0
NDGRD_976,0
NDGRD_977,0
NDGRD_978,0
NDGRD_979,0
NDGRD_980,0
NDGRD_981,0
NDGRD_982,0
NDGRD_983,0
NDGRD_984,0
NDGRD_985,0
NDGRD_986,0
NDGRD_987,0
NDGRD_988,0
NDGRD_989,0
NDGRD_990,0
NDGRD_991,0
NDGRD_992,0
NDGRD_993,0
NDGRD_994,0
NDGRD_995,0
NDGRD_996,0
NDGRD_997,0
NDGRD_998,0
NDGRD_999,0
NDGRD_1000,0
NDGRD_1001,0
NDGRD_1002,0
NDGRD_1003,0
NDGRD_1004,0
NDGRD_1005,0
NDGRD_1006,0
NDGRD_1007,0
NDGRD_1008,0
NDGRD_1009,0
NDGRD_1010,0
NDGRD_1011,0
NDGRD_1012,0
NDGRD_1013,0
NDGRD_1014,0
NDGRD_1015,0
NDGRD_1016,0
NDGRD_1017,0
NDGRD_1018,0
NDGRD_1019,0
NDGRD_1020,0
NDGRD_1021,0
NDGRD_1022,0
NDGRD_1023,0
NDGRD_1024,0
NDGRD_1025,0
NDGRD_1026,0
NDGRD_1027,0
NDGRD_1028,0
NDGRD_1029,0
NDGRD_1030,0
NDGRD_1031,0
NDGRD_1032,0
NDGRD_1033,0
NDGRD_1034,0
NDGRD_1035,0
NDGRD_1036,0
NDGRD_1037,0
NDGRD_1038,0
NDGRD_1039,0
NDGRD_1040,0
NDGRD_1041,0
NDGRD_1042,0
NDGRD_1043,0
NDGRD_1044,0
NDGRD_1045,0
NDGRD_1046,0
NDGRD_1047,0
NDGRD_1048,0
NDGRD_1049,0
NDGRD_1050,0
NDGRD_1051,0
NDGRD_1052,0
NDGRD_1053,0
NDGRD_1054,0
NDGRD_1055,0
NDGRD_1056,0
NDGRD_1057,0
NDGRD_1058,0
NDGRD_1059,0
NDGRD_1060,0
NDGRD_1061,0
NDGRD_1062,0
NDGRD_1063,0
NDGRD_1064,0
NDGRD_1065,0
NDGRD_1066,0
NDGRD_1067,0
NDGRD_1068,0
NDGRD_1069,0
NDGRD_1070,0
NDGRD_1071,0
NDGRD_1072,0
NDGRD_1073,0
NDGRD_1074,0
NDGRD_1075,0
NDGRD_1076,0
NDGRD_1077,0
NDGRD_1078,0
NDGRD_1079,0
NDGRD_1080,0
NDGRD_1081,0
NDGRD_1082,0
NDGRD_1083,0
NDGRD_1084,0
NDGRD_1085,0
NDGRD_1086,0
NDGRD_1087,0
NDGRD_1088,0
NDGRD_1089,0
NDGRD_1090,0
NDGRD_1091,0
NDGRD_1092,0
NDGRD_1093,0
NDGRD_1094,0
NDGRD_1095,0
NDGRD_1096,0
NDGRD_1097,0
NDGRD_1098,0
NDGRD_1099,0
NDGRD_1100,0
NDGRD_1101,0
NDGRD_1102,0
NDGRD_1103,0
NDGRD_1104,0
NDGRD_1105,0
NDGRD_1106,0
NDGRD_1107,0
NDGRD_1108,0
NDGRD_1109,0
NDGRD_1110,0
NDGRD_1111,0
NDGRD_1112,0
NDGRD_1113,0
NDGRD_1114,0
NDGRD_1115,0
NDGRD_1116,0
NDGRD_1117,0
NDGRD_1118,0
NDGRD_1119,0
NDGRD_1120,0
NDGRD_1121,0
NDGRD_1122,0
NDGRD_1123,0
NDGRD_1124,0
NDGRD_1125,0
NDGRD_1126,0
NDGRD_1127,0
NDGRD_1128,0
NDGRD_1129,0
NDGRD_1130,0
NDGRD_1131,0
NDGRD_1132,0
NDGRD_1133,0
NDGRD_1134,0
NDGRD_1135,0
NDGRD_1136,0
NDGRD_1137,0
NDGRD_1138,0
NDGRD_1139,0
NDGRD_1140,0
NDGRD_1141,0
NDGRD_1142,0
NDGRD_1143,0
NDGRD_1144,0
NDGRD_1145,0
NDGRD_1146,0
NDGRD_1147,0
NDGRD_1148,0
NDGRD_1149,0
NDGRD_1150,0
NDGRD_1151,0
NDGRD_1152,0
NDGRD_1153,0
NDGRD_1154,0
NDGRD_1155,0
NDGRD_1156,0
NDGRD_1157,0
NDGRD_1158,0
NDGRD_1159,0
NDGRD_1160,0
NDGRD_1161,0
NDGRD_1162,0
NDGRD_1163,0
NDGRD_1164,0
NDGRD_1165,0
NDGRD_1166,0
NDGRD_1167,0
NDGRD_1168,0
NDGRD_1169,0
NDGRD_1170,0
NDGRD_1171,0
NDGRD_1172,0
NDGRD_1173,0
NDGRD_1174,0
NDGRD_1175,0
NDGRD_1176,0
NDGRD_1177,0
NDGRD_1178,0
NDGRD_1179,0
NDGRD_1180,0
NDGRD_1181,0
NDGRD_1182,0
NDGRD_1183,0
NDGRD_1184,0
NDGRD_1185,0
NDGRD_1186,0
NDGRD_1187,0
NDGRD_1188,0
NDGRD_1189,0
NDGRD_1190,0
NDGRD_1191,0
NDGRD_1192,0
NDGRD_1193,0
NDGRD_1194,0
NDGRD_1195,0
NDGRD_1196,0
NDGRD_1197,0
NDGRD_1198,0
NDGRD_1199,0
NDGRD_1200,0
NDGRD_1201,0
NDGRD_1202,0
NDGRD_1203,0
NDGRD_1204,0
NDGRD_1205,0
NDGRD_1206,0
NDGRD_1207,0
NDGRD_1208,0
NDGRD_1209,0
NDGRD_1210,0
NDGRD_1211,0
NDGRD_1212,0
NDGRD_1213,0
NDGRD_1214,0
NDGRD_1215,0
NDGRD_1216,0
NDGRD_1217,0
NDGRD_1218,0
NDGRD_1219,0
NDGRD_1220,0
NDGRD_1221,0
NDGRD_1222,0
NDGRD_1223,0
NDGRD_1224,0
NDGRD_1225,0
NDGRD_1226,0
NDGRD_1227,0
NDGRD_1228,0
NDGRD_1229,0
NDGRD_1230,0
NDGRD_1231,0
NDGRD_1232,0
NDGRD_1233,0
NDGRD_1234,0
NDGRD_1235,0
NDGRD_1236,0
NDGRD_1237,0
NDGRD_1238,0
NDGRD_1239,0
NDGRD_1240,0
NDGRD_1241,0
NDGRD_1242,0
NDGRD_1243,0
NDGRD_1244,0
NDGRD_1245,0
NDGRD_1246,0
NDGRD_1247,0
NDGRD_1248,0
NDGRD_1249,0
NDGRD_1250,0
NDGRD_1251,0
NDGRD_1252,0
NDGRD_1253,0
NDGRD_1254,0
NDGRD_1255,0
NDGRD_1256,0
NDGRD_1257,0
NDGRD_1258,0
NDGRD_1259,0
NDGRD_1260,0
NDGRD_1261,0
NDGRD_1262,0
NDGRD_1263,0
NDGRD_1264,0
NDGRD_1265,0
NDGRD_1266,0
NDGRD_1267,0
NDGRD_1268,0
NDGRD_1269,0
NDGRD_1270,0
NDGRD_1271,0
NDGRD_1272,0
NDGRD_1273,0
NDGRD_1274,0
NDGRD_1275,0
NDGRD_1276,0
NDGRD_1277,0
NDGRD_1278,0
NDGRD_1279,0
NDGRD_1280,0
NDGRD_1281,0
NDGRD_1282,0
NDGRD_1283,0
NDGRD_1284,0
NDGRD_1285,0
NDGRD_1286,0
NDGRD_1287,0
NDGRD_1288,0
NDGRD_1289,0
NDGRD_1290,0
NDGRD_1291,0
NDGRD_1292,0
NDGRD_1293,0
NDGRD_1294,0
NDGRD_1295,0
NDGRD_1296,0
NDGRD_1297,0
NDGRD_1298,0
NDGRD_1299,0
NDGRD_1300,0
NDGRD_1301,0
NDGRD_1302,0
NDGRD_1303,0
NDGRD_1304,0
NDGRD_1305,0
NDGRD_1306,0
NDGRD_1307,0
NDGRD_1308,0
NDGRD_1309,0
NDGRD_1310,0
NDGRD_1311,0
NDGRD_1312,0
NDGRD_1313,0
NDGRD_1314,0
NDGRD_1315,0
NDGRD_1316,0
NDGRD_1317,0
NDGRD_1318,0
NDGRD_1319,0
NDGRD_1320,0
NDGRD_1321,0
NDGRD_1322,0
NDGRD_1323,0
NDGRD_1324,0
NDGRD_1325,0
NDGRD_1326,0
NDGRD_1327,0
NDGRD_1328,0
NDGRD_1329,0
NDGRD_1330,0
NDGRD_1331,0
NDGRD_1332,0
NDGRD_1333,0
NDGRD_1334,0
NDGRD_1335,0
NDGRD_1336,0
NDGRD_1337,0
NDGRD_1338,0
NDGRD_1339,0
NDGRD_1340,0
NDGRD_1341,0
NDGRD_1342,0
NDGRD_1343,0
NDGRD_1344,0
NDGRD_1345,0
NDGRD_1346,0
NDGRD_1347,0
NDGRD_1348,0
NDGRD_1349,0
NDGRD_1350,0
NDGRD_1351,0
NDGRD_1352,0
NDGRD_1353,0
NDGRD_1354,0
NDGRD_1355,0
NDGRD_1356,0
NDGRD_1357,0
NDGRD_1358,0
NDGRD_1359,0
NDGRD_1360,0
NDGRD_1361,0
NDGRD_1362,0
NDGRD_1363,0
NDGRD_1364,0
NDGRD_1365,0
NDGRD_1366,0
NDGRD_1367,0
NDGRD_1368,0
NDGRD_1369,0
NDGRD_1370,0
NDGRD_1371,0
NDGRD_1372,0
NDGRD_1373,0
NDGRD_1374,0
NDGRD_1375,0
NDGRD_1376,0
NDGRD_1377,0
NDGRD_1378,0
NDGRD_1379,0
NDGRD_1380,0
NDGRD_1381,0
NDGRD_1382,0
NDGRD_1383,0
NDGRD_1384,0
NDGRD_1385,0
NDGRD_1386,0
NDGRD_1387,0
NDGRD_1388,0
NDGRD_1389,0
NDGRD_1390,0
NDGRD_1391,0
NDGRD_1392,0
NDGRD_1393,0
NDGRD_1394,0
NDGRD_1395,0
NDGRD_1396,0
NDGRD_1397,0
NDGRD_1398,0
NDGRD_1399,0
NDGRD_1400,0
NDGRD_1401,0
NDGRD_1402,0
NDGRD_1403,0
NDGRD_1404,0
NDGRD_1405,0
NDGRD_1406,0
NDGRD_1407,0
NDGRD_1408,0
NDGRD_1409,0
NDGRD_1410,0
NDGRD_1411,0
NDGRD_1412,0
NDGRD_1413,0
NDGRD_1414,0
NDGRD_1415,0
NDGRD_1416,0
NDGRD_1417,0
NDGRD_1418,0
NDGRD_1419,0
NDGRD_1420,0
NDGRD_1421,0
NDGRD_1422,0
NDGRD_1423,0
NDGRD_1424,0
NDGRD_1425,0
NDGRD_1426,0
NDGRD_1427,0
NDGRD_1428,0
NDGRD_1429,0
NDGRD_1430,0
NDGRD_1431,0
NDGRD_1432,0
NDGRD_1433,0
NDGRD_1434,0
NDGRD_1435,0
NDGRD_1436,0
NDGRD_1437,0
NDGRD_1438,0
NDGRD_1439,0
NDGRD_1440,0
NDGRD_1441,0
NDGRD_1442,0
NDGRD_1443,0
NDGRD_1444,0
NDGRD_1445,0
NDGRD_1446,0
NDGRD_1447,0
NDGRD_1448,0
NDGRD_1449,0
NDGRD_1450,0
NDGRD_1451,0
NDGRD_1452,0
NDGRD_1453,0
NDGRD_1454,0
NDGRD_1455,0
NDGRD_1456,0
NDGRD_1457,0
NDGRD_1458,0
NDGRD_1459,0
NDGRD_1460,0
NDGRD_1461,0
NDGRD_1462,0
NDGRD_1463,0
NDGRD_1464,0
NDGRD_1465,0
NDGRD_1466,0
NDGRD_1467,0
NDGRD_1468,0
NDGRD_1469,0
NDGRD_1470,0
NDGRD_1471,0
NDGRD_1472,0
NDGRD_1473,0
NDGRD_1474,0
NDGRD_1475,0
NDGRD_1476,0
NDGRD_1477,0
NDGRD_1478,0
NDGRD_1479,0
NDGRD_1480,0
NDGRD_1481,0
NDGRD_1482,0
NDGRD_1483,0
NDGRD_1484,0
NDGRD_1485,0
NDGRD_1486,0
NDGRD_1487,0
NDGRD_1488,0
NDGRD_1489,0
NDGRD_1490,0
NDGRD_1491,0
NDGRD_1492,0
NDGRD_1493,0
NDGRD_1494,0
NDGRD_1495,0
NDGRD_1496,0
NDGRD_1497,0
NDGRD_1498,0
NDGRD_1499,0
NDGRD_1500,0
NDGRD_1501,0
NDGRD_1502,0
NDGRD_1503,0
NDGRD_1504,0
NDGRD_1505,0
NDGRD_1506,0
NDGRD_1507,0
NDGRD_1508,0
NDGRD_1509,0
NDGRD_1510,0
NDGRD_1511,0
NDGRD_1512,0
NDGRD_1513,0
NDGRD_1514,0
NDGRD_1515,0
NDGRD_1516,0
NDGRD_1517,0
NDGRD_1518,0
NDGRD_1519,0
NDGRD_1520,0
NDGRD_1521,0
NDGRD_1522,0
NDGRD_1523,0
NDGRD_1524,0
NDGRD_1525,0
NDGRD_1526,0
NDGRD_1527,0
NDGRD_1528,0
NDGRD_1529,0
NDGRD_1530,0
NDGRD_1531,0
NDGRD_1532,0
NDGRD_1533,0
NDGRD_1534,0
NDGRD_1535,0
NDGRD_1536,0
NDGRD_1537,0
NDGRD_1538,0
NDGRD_1539,0
NDGRD_1540,0
NDGRD_1541,0
NDGRD_1542,0
NDGRD_1543,0
NDGRD_1544,0
NDGRD_1545,0
NDGRD_1546,0
NDGRD_1547,0
NDGRD_1548,0
NDGRD_1549,0
NDGRD_1550,0
NDGRD_1551,0
NDGRD_1552,0
NDGRD_1553,0
NDGRD_1554,0
NDGRD_1555,0
NDGRD_1556,0
NDGRD_1557,0
NDGRD_1558,0
NDGRD_1559,0
NDGRD_1560,0
NDGRD_1561,0
NDGRD_1562,0
NDGRD_1563,0
NDGRD_1564,0
NDGRD_1565,0
NDGRD_1566,0
NDGRD_1567,0
NDGRD_1568,0
NDGRD_1569,0
NDGRD_1570,0
NDGRD_1571,0
NDGRD_1572,0
NDGRD_1573,0
NDGRD_1574,0
NDGRD_1575,0
NDGRD_1576,0
NDGRD_1577,0
NDGRD_1578,0
NDGRD_1579,0
NDGRD_1580,0
NDGRD_1581,0
NDGRD_1582,0
NDGRD_1583,0
NDGRD_1584,0
NDGRD_1585,0
NDGRD_1586,0
NDGRD_1587,0
NDGRD_1588,0
NDGRD_1589,0
NDGRD_1590,0
NDGRD_1591,0
NDGRD_1592,0
NDGRD_1593,0
NDGRD_1594,0
NDGRD_1595,0
NDGRD_1596,0
NDGRD_1597,0
NDGRD_1598,0
NDGRD_1599,0
NDGRD_1600,0
NDGRD_1601,0
NDGRD_1602,0
NDGRD_1603,0
NDGRD_1604,0
NDGRD_1605,0
NDGRD_1606,0
NDGRD_1607,0
NDGRD_1608,0
NDGRD_1609,0
NDGRD_1610,0
NDGRD_1611,0
NDGRD_1612,0
NDGRD_1613,0
NDGRD_1614,0
NDGRD_1615,0
NDGRD_1616,0
NDGRD_1617,0
NDGRD_1618,0
NDGRD_1619,0
NDGRD_1620,0
NDGRD_1621,0
NDGRD_1622,0
NDGRD_1623,0
NDGRD_1624,0
NDGRD_1625,0
NDGRD_1626,0
NDGRD_1627,0
NDGRD_1628,0
NDGRD_1629,0
NDGRD_1630,0
NDGRD_1631,0
NDGRD_1632,0
NDGRD_1633,0
NDGRD_1634,0
NDGRD_1635,0
NDGRD_1636,0
NDGRD_1637,0
NDGRD_1638,0
NDGRD_1639,0
NDGRD_1640,0
NDGRD_1641,0
NDGRD_1642,0
NDGRD_1643,0
NDGRD_1644,0
NDGRD_1645,0
NDGRD_1646,0
NDGRD_1647,0
NDGRD_1648,0
NDGRD_1649,0
NDGRD_1650,0
NDGRD_1651,0
NDGRD_1652,0
NDGRD_1653,0
NDGRD_1654,0
NDGRD_1655,0
NDGRD_1656,0
NDGRD_1657,0
NDGRD_1658,0
NDGRD_1659,0
NDGRD_1660,0
NDGRD_1661,0
NDGRD_1662,0
NDGRD_1663,0
NDGRD_1664,0
NDGRD_1665,0
NDGRD_1666,0
NDGRD_1667,0
NDGRD_1668,0
NDGRD_1669,0
NDGRD_1670,0
NDGRD_1671,0
NDGRD_1672,0
NDGRD_1673,0
NDGRD_1674,0
NDGRD_1675,0
NDGRD_1676,0
NDGRD_1677,0
NDGRD_1678,0
NDGRD_1679,0
NDGRD_1680,0
NDGRD_1681,0
NDGRD_1682,0
NDGRD_1683,0
NDGRD_1684,0
NDGRD_1685,0
NDGRD_1686,0
NDGRD_1687,0
NDGRD_1688,0
NDGRD_1689,0
NDGRD_1690,0
NDGRD_1691,0
NDGRD_1692,0
NDGRD_1693,0
NDGRD_1694,0
NDGRD_1695,0
NDGRD_1696,0
NDGRD_1697,0
NDGRD_1698,0
NDGRD_1699,0
NDGRD_1700,0
NDGRD_1701,0
NDGRD_1702,0
NDGRD_1703,0
NDGRD_1704,0
NDGRD_1705,0
NDGRD_1706,0
NDGRD_1707,0
NDGRD_1708,0
NDGRD_1709,0
NDGRD_1710,0
NDGRD_1711,0
NDGRD_1712,0
NDGRD_1713,0
NDGRD_1714,0
NDGRD_1715,0
NDGRD_1716,0
NDGRD_1717,0
NDGRD_1718,0
NDGRD_1719,0
NDGRD_1720,0
NDGRD_1721,0
NDGRD_1722,0
NDGRD_1723,0
NDGRD_1724,0
NDGRD_1725,0
NDGRD_1726,0
NDGRD_1727,0
NDGRD_1728,0
NDGRD_1729,0
NDGRD_1730,0
NDGRD_1731,0
NDGRD_1732,0
NDGRD_1733,0
NDGRD_1734,0
NDGRD_1735,0
NDGRD_1736,0
NDGRD_1737,0
NDGRD_1738,0
NDGRD_1739,0
NDGRD_1740,0
NDGRD_1741,0
NDGRD_1742,0
NDGRD_1743,0
NDGRD_1744,0
NDGRD_1745,0
NDGRD_1746,0
NDGRD_1747,0
NDGRD_1748,0
NDGRD_1749,0
NDGRD_1750,0
NDGRD_1751,0
NDGRD_1752,0
NDGRD_1753,0
NDGRD_1754,0
NDGRD_1755,0
NDGRD_1756,0
NDGRD_1757,0
NDGRD_1758,0
NDGRD_1759,0
NDGRD_1760,0
NDGRD_1761,0
NDGRD_1762,0
NDGRD_1763,0
NDGRD_1764,0
NDGRD_1765,0
NDGRD_1766,0
NDGRD_1767,0
NDGRD_1768,0
NDGRD_1769,0
NDGRD_1770,0
NDGRD_1771,0
NDGRD_1772,0
NDGRD_1773,0
NDGRD_1774,0
NDGRD_1775,0
NDGRD_1776,0
NDGRD_1777,0
NDGRD_1778,0
NDGRD_1779,0
NDGRD_1780,0
NDGRD_1781,0
NDGRD_1782,0
NDGRD_1783,0
NDGRD_1784,0
NDGRD_1785,0
NDGRD_1786,0
NDGRD_1787,0
NDGRD_1788,0
NDGRD_1789,0
NDGRD_1790,0
NDGRD_1791,0
NDGRD_1792,0
NDGRD_1793,0
NDGRD_1794,0
NDGRD_1795,0
NDGRD_1796,0
NDGRD_1797,0
NDGRD_1798,0
NDGRD_1799,0
NDGRD_1800,0
NDGRD_1801,0
NDGRD_1802,0
NDGRD_1803,0
NDGRD_1804,0
NDGRD_1805,0
NDGRD_1806,0
NDGRD_1807,0
NDGRD_1808,0
NDGRD_1809,0
NDGRD_1810,0
NDGRD_1811,0
NDGRD_1812,0
NDGRD_1813,0
NDGRD_1814,0
NDGRD_1815,0
NDGRD_1816,0
NDGRD_1817,0
NDGRD_1818,0
NDGRD_1819,0
NDGRD_1820,0
NDGRD_1821,0
NDGRD_1822,0
NDGRD_1823,0
NDGRD_1824,0
NDGRD_1825,0
NDGRD_1826,0
NDGRD_1827,0
NDGRD_1828,0
NDGRD_1829,0
NDGRD_1830,0
NDGRD_1831,0
NDGRD_1832,0
NDGRD_1833,0
NDGRD_1834,0
NDGRD_1835,0
NDGRD_1836,0
NDGRD_1837,0
NDGRD_1838,0
NDGRD_1839,0
NDGRD_1840,0
NDGRD_1841,0
NDGRD_1842,0
NDGRD_1843,0
NDGRD_1844,0
NDGRD_1845,0
NDGRD_1846,0
NDGRD_1847,0
NDGRD_1848,0
NDGRD_1849,0
NDGRD_1850,0
NDGRD_1851,0
NDGRD_1852,0
NDGRD_1853,0
NDGRD_1854,0
NDGRD_1855,0
NDGRD_1856,0
NDGRD_1857,0
NDGRD_1858,0
NDGRD_1859,0
NDGRD_1860,0
NDGRD_1861,0
NDGRD_1862,0
NDGRD_1863,0
NDGRD_1864,0
NDGRD_1865,0
NDGRD_1866,0
NDGRD_1867,0
NDGRD_1868,0
NDGRD_1869,0
NDGRD_1870,0
NDGRD_1871,0
NDGRD_1872,0
NDGRD_1873,0
NDGRD_1874,0
NDGRD_1875,0
NDGRD_1876,0
NDGRD_1877,0
NDGRD_1878,0
NDGRD_1879,0
NDGRD_1880,0
NDGRD_1881,0
NDGRD_1882,0
NDGRD_1883,0
NDGRD_1884,0
NDGRD_1885,0
NDGRD_1886,0
NDGRD_1887,0
NDGRD_1888,0
NDGRD_1889,0
NDGRD_1890,0
NDGRD_1891,0
NDGRD_1892,0
NDGRD_1893,0
NDGRD_1894,0
NDGRD_1895,0
NDGRD_1896,0
NDGRD_1897,0
NDGRD_1898,0
NDGRD_1899,0
NDGRD_1900,0
NDGRD_1901,0
NDGRD_1902,0
NDGRD_1903,0
NDGRD_1904,0
NDGRD_1905,0
NDGRD_1906,0
NDGRD_1907,0
NDGRD_1908,0
NDGRD_1909,0
NDGRD_1910,0
NDGRD_1911,0
NDGRD_1912,0
NDGRD_1913,0
NDGRD_1914,0
NDGRD_1915,0
NDGRD_1916,0
NDGRD_1917,0
NDGRD_1918,0
NDGRD_1919,0
NDGRD_1920,0
NDGRD_1921,0
NDGRD_1922,0
NDGRD_1923,0
NDGRD_1924,0
NDGRD_1925,0
NDGRD_1926,0
NDGRD_1927,0
NDGRD_1928,0
NDGRD_1929,0
NDGRD_1930,0
NDGRD_1931,0
NDGRD_1932,0
NDGRD_1933,0
NDGRD_1934,0
NDGRD_1935,0
NDGRD_1936,0
NDGRD_1937,0
NDGRD_1938,0
NDGRD_1939,0
NDGRD_1940,0
NDGRD_1941,0
NDGRD_1942,0
NDGRD_1943,0
NDGRD_1944,0
NDGRD_1945,0
NDGRD_1946,0
NDGRD_1947,0
NDGRD_1948,0
NDGRD_1949,0
NDGRD_1950,0
NDGRD_1951,0
NDGRD_1952,0
NDGRD_1953,0
NDGRD_1954,0
NDGRD_1955,0
NDGRD_1956,0
NDGRD_1957,0
NDGRD_1958,0
NDGRD_1959,0
NDGRD_1960,0
NDGRD_1961,0
NDGRD_1962,0
NDGRD_1963,0
NDGRD_1964,0
NDGRD_1965,0
NDGRD_1966,0
NDGRD_1967,0
NDGRD_1968,0
NDGRD_1969,0
NDGRD_1970,0
NDGRD_1971,0
NDGRD_1972,0
NDGRD_1973,0
NDGRD_1974,0
NDGRD_1975,0
NDGRD_1976,0
NDGRD_1977,0
NDGRD_1978,0
NDGRD_1979,0
NDGRD_1980,0
NDGRD_1981,0
NDGRD_1982,0
NDGRD_1983,0
NDGRD_1984,0
NDGRD_1985,0
NDGRD_1986,0
NDGRD_1987,0
NDGRD_1988,0
NDGRD_1989,0
NDGRD_1990,0
NDGRD_1991,0
NDGRD_1992,0
NDGRD_1993,0
NDGRD_1994,0
NDGRD_1995,0
NDGRD_1996,0
NDGRD_1997,0
NDGRD_1998,0
NDGRD_1999,0
NDGRD_2000,0
NDGRD_2001,0
NDGRD_2002,0
NDGRD_2003,0
NDGRD_2004,0
NDGRD_2005,0
NDGRD_2006,0
NDGRD_2007,0
NDGRD_2008,0
NDGRD_2009,0
NDGRD_2010,0
NDGRD_2011,0
NDGRD_2012,0
NDGRD_2013,0
NDGRD_2014,0
NDGRD_2015,0
NDGRD_2016,0
NDGRD_2017,0
NDGRD_2018,0
NDGRD_2019,0
NDGRD_2020,0
NDGRD_2021,0
NDGRD_2022,0
NDGRD_2023,0
NDGRD_2024,0
NDGRD_2025,0
NDGRD_2026,0
NDGRD_2027,0
NDGRD_2028,0
NDGRD_2029,0
NDGRD_2030,0
NDGRD_2031,0
NDGRD_2032,0
NDGRD_2033,0
NDGRD_2034,0
NDGRD_2035,0
NDGRD_2036,0
NDGRD_2037,0
NDGRD_2038,0
NDGRD_2039,0
NDGRD_2040,0
NDGRD_2041,0
NDGRD_2042,0
NDGRD_2043,0
NDGRD_2044,0
NDGRD_2045,0
NDGRD_2046,0
NDGRD_2047,0
NDGRD_2048,0
NDGRD_2049,0
NDGRD_2050,0
NDGRD_2051,0
NDGRD_2052,0
NDGRD_2053,0
NDGRD_2054,0
NDGRD_2055,0
NDGRD_2056,0
NDGRD_2057,0
NDGRD_2058,0
NDGRD_2059,0
NDGRD_2060,0
NDGRD_2061,0
NDGRD_2062,0
NDGRD_2063,0
NDGRD_2064,0
NDGRD_2065,0
NDGRD_2066,0
NDGRD_2067,0
NDGRD_2068,0
NDGRD_2069,0
NDGRD_2070,0
NDGRD_2071,0
NDGRD_2072,0
NDGRD_2073,0
NDGRD_2074,0
NDGRD_2075,0
NDGRD_2076,0
NDGRD_2077,0
NDGRD_2078,0
NDGRD_2079,0
NDGRD_2080,0
NDGRD_2081,0
NDGRD_2082,0
NDGRD_2083,0
NDGRD_2084,0
NDGRD_2085,0
NDGRD_2086,0
NDGRD_2087,0
NDGRD_2088,0
NDGRD_2089,0
NDGRD_2090,0
NDGRD_2091,0
NDGRD_2092,0
NDGRD_2093,0
NDGRD_2094,0
NDGRD_2095,0
NDGRD_2096,0
NDGRD_2097,0
NDGRD_2098,0
NDGRD_2099,0
NDGRD_2100,0
NDGRD_2101,0
NDGRD_2102,0
NDGRD_2103,0
NDGRD_2104,0
NDGRD_2105,0
NDGRD_2106,0
NDGRD_2107,0
NDGRD_2108,0
NDGRD_2109,0
NDGRD_2110,0
NDGRD_2111,0
NDGRD_2112,0
NDGRD_2113,0
NDGRD_2114,0
NDGRD_2115,0
NDGRD_2116,0
NDGRD_2117,0
NDGRD_2118,0
NDGRD_2119,0
NDGRD_2120,0
NDGRD_2121,0
NDGRD_2122,0
NDGRD_2123,0
NDGRD_2124,0
NDGRD_2125,0
NDGRD_2126,0
NDGRD_2127,0
NDGRD_2128,0
NDGRD_2129,0
NDGRD_2130,0
NDGRD_2131,0
NDGRD_2132,0
NDGRD_2133,0
NDGRD_2134,0
NDGRD_2135,0
NDGRD_2136,0
NDGRD_2137,0
NDGRD_2138,0
NDGRD_2139,0
NDGRD_2140,0
NDGRD_2141,0
NDGRD_2142,0
NDGRD_2143,0
NDGRD_2144,0
NDGRD_2145,0
NDGRD_2146,0
NDGRD_2147,0
NDGRD_2148,0
NDGRD_2149,0
NDGRD_2150,0
NDGRD_2151,0
NDGRD_2152,0
NDGRD_2153,0
NDGRD_2154,0
NDGRD_2155,0
NDGRD_2156,0
NDGRD_2157,0
NDGRD_2158,0
NDGRD_2159,0
NDGRD_2160,0
NDGRD_2161,0
NDGRD_2162,0
NDGRD_2163,0
NDGRD_2164,0
NDGRD_2165,0
NDGRD_2166,0
NDGRD_2167,0
NDGRD_2168,0
NDGRD_2169,0
NDGRD_2170,0
NDGRD_2171,0
NDGRD_2172,0
NDGRD_2173,0
NDGRD_2174,0
NDGRD_2175,0
NDGRD_2176,0
NDGRD_2177,0
NDGRD_2178,0
NDGRD_2179,0
NDGRD_2180,0
NDGRD_2181,0
NDGRD_2182,0
NDGRD_2183,0
NDGRD_2184,0
NDGRD_2185,0
NDGRD_2186,0
NDGRD_2187,0
NDGRD_2188,0
NDGRD_2189,0
NDGRD_2190,0
NDGRD_2191,0
NDGRD_2192,0
NDGRD_2193,0
NDGRD_2194,0
NDGRD_2195,0
NDGRD_2196,0
NDGRD_2197,0
NDGRD_2198,0
NDGRD_2199,0
NDGRD_2200,0
NDGRD_2201,0
NDGRD_2202,0
NDGRD_2203,0
NDGRD_2204,0
NDGRD_2205,0
NDGRD_2206,0
NDGRD_2207,0
NDGRD_2208,0
NDGRD_2209,0
NDGRD_2210,0
NDGRD_2211,0
NDGRD_2212,0
NDGRD_2213,0
NDGRD_2214,0
NDGRD_2215,0
NDGRD_2216,0
NDGRD_2217,0
NDGRD_2218,0
NDGRD_2219,0
NDGRD_2220,0
NDGRD_2221,0
NDGRD_2222,0
NDGRD_2223,0
NDGRD_2224,0
NDGRD_2225,0
NDGRD_2226,0
NDGRD_2227,0
NDGRD_2228,0
NDGRD_2229,0
NDGRD_2230,0
NDGRD_2231,0
NDGRD_2232,0
NDGRD_2233,0
NDGRD_2234,0
NDGRD_2235,0
NDGRD_2236,0
NDGRD_2237,0
NDGRD_2238,0
NDGRD_2239,0
NDGRD_2240,0
NDGRD_2241,0
NDGRD_2242,0
NDGRD_2243,0
NDGRD_2244,0
NDGRD_2245,0
NDGRD_2246,0
NDGRD_2247,0
NDGRD_2248,0
NDGRD_2249,0
NDGRD_2250,0
NDGRD_2251,0
NDGRD_2252,0
NDGRD_2253,0
NDGRD_2254,0
NDGRD_2255,0
NDGRD_2256,0
NDGRD_2257,0
NDGRD_2258,0
NDGRD_2259,0
NDGRD_2260,0
NDGRD_2261,0
NDGRD_2262,0
NDGRD_2263,0
NDGRD_2264,0
NDGRD_2265,0
NDGRD_2266,0
NDGRD_2267,0
NDGRD_2268,0
NDGRD_2269,0
NDGRD_2270,0
NDGRD_2271,0
NDGRD_2272,0
NDGRD_2273,0
NDGRD_2274,0
NDGRD_2275,0
NDGRD_2276,0
NDGRD_2277,0
NDGRD_2278,0
NDGRD_2279,0
NDGRD_2280,0
NDGRD_2281,0
NDGRD_2282,0
NDGRD_2283,0
NDGRD_2284,0
NDGRD_2285,0
NDGRD_2286,0
NDGRD_2287,0
NDGRD_2288,0
NDGRD_2289,0
NDGRD_2290,0
NDGRD_2291,0
NDGRD_2292,0
NDGRD_2293,0
NDGRD_2294,0
NDGRD_2295,0
NDGRD_2296,0
NDGRD_2297,0
NDGRD_2298,0
NDGRD_2299,0
NDGRD_2300,0
NDGRD_2301,0
NDGRD_2302,0
NDGRD_2303,0
NDGRD_2304,0
NDGRD_2305,0
NDGRD_2306,0
NDGRD_2307,0
NDGRD_2308,0
NDGRD_2309,0
NDGRD_2310,0
NDGRD_2311,0
NDGRD_2312,0
NDGRD_2313,0
NDGRD_2314,0
NDGRD_2315,0
NDGRD_2316,0
NDGRD_2317,0
NDGRD_2318,0
NDGRD_2319,0
NDGRD_2320,0
NDGRD_2321,0
NDGRD_2322,0
NDGRD_2323,0
NDGRD_2324,0
NDGRD_2325,0
NDGRD_2326,0
NDGRD_2327,0
NDGRD_2328,0
NDGRD_2329,0
NDGRD_2330,0
NDGRD_2331,0
NDGRD_2332,0
NDGRD_2333,0
NDGRD_2334,0
NDGRD_2335,0
NDGRD_2336,0
NDGRD_2337,0
NDGRD_2338,0
NDGRD_2339,0
NDGRD_2340,0
NDGRD_2341,0
NDGRD_2342,0
NDGRD_2343,0
NDGRD_2344,0
NDGRD_2345,0
NDGRD_2346,0
NDGRD_2347,0
NDGRD_2348,0
NDGRD_2349,0
NDGRD_2350,0
NDGRD_2351,0
NDGRD_2352,0
NDGRD_2353,0
NDGRD_2354,0
NDGRD_2355,0
NDGRD_2356,0
NDGRD_2357,0
NDGRD_2358,0
NDGRD_2359,0
NDGRD_2360,0
NDGRD_2361,0
NDGRD_2362,0
NDGRD_2363,0
NDGRD_2364,0
NDGRD_2365,0
NDGRD_2366,0
NDGRD_2367,0
NDGRD_2368,0
NDGRD_2369,0
NDGRD_2370,0
NDGRD_2371,0
NDGRD_2372,0
NDGRD_2373,0
NDGRD_2374,0
NDGRD_2375,0
NDGRD_2376,0
NDGRD_2377,0
NDGRD_2378,0
NDGRD_2379,0
NDGRD_2380,0
NDGRD_2381,0
NDGRD_2382,0
NDGRD_2383,0
NDGRD_2384,0
NDGRD_2385,0
NDGRD_2386,0
NDGRD_2387,0
NDGRD_2388,0
NDGRD_2389,0
NDGRD_2390,0
NDGRD_2391,0
NDGRD_2392,0
NDGRD_2393,0
NDGRD_2394,0
NDGRD_2395,0
NDGRD_2396,0
NDGRD_2397,0
NDGRD_2398,0
NDGRD_2399,0
NDGRD_2400,0
NDGRD_2401,0
NDGRD_2402,0
NDGRD_2403,0
NDGRD_2404,0
NDGRD_2405,0
NDGRD_2406,0
NDGRD_2407,0
NDGRD_2408,0
NDGRD_2409,0
NDGRD_2410,0
NDGRD_2411,0
NDGRD_2412,0
NDGRD_2413,0
NDGRD_2414,0
NDGRD_2415,0
NDGRD_2416,0
NDGRD_2417,0
NDGRD_2418,0
NDGRD_2419,0
NDGRD_2420,0
NDGRD_2421,0
NDGRD_2422,0
NDGRD_2423,0
NDGRD_2424,0
NDGRD_2425,0
NDGRD_2426,0
NDGRD_2427,0
NDGRD_2428,0
NDGRD_2429,0
NDGRD_2430,0
NDGRD_2431,0
NDGRD_2432,0
NDGRD_2433,0
NDGRD_2434,0
NDGRD_2435,0
NDGRD_2436,0
NDGRD_2437,0
NDGRD_2438,0
NDGRD_2439,0
NDGRD_2440,0
NDGRD_2441,0
NDGRD_2442,0
NDGRD_2443,0
NDGRD_2444,0
NDGRD_2445,0
NDGRD_2446,0
NDGRD_2447,0
NDGRD_2448,0
NDGRD_2449,0
NDGRD_2450,0
NDGRD_2451,0
NDGRD_2452,0
NDGRD_2453,0
NDGRD_2454,0
NDGRD_2455,0
NDGRD_2456,0
NDGRD_2457,0
NDGRD_2458,0
NDGRD_2459,0
NDGRD_2460,0
NDGRD_2461,0
NDGRD_2462,0
NDGRD_2463,0
NDGRD_2464,0
NDGRD_2465,0
NDGRD_2466,0
NDGRD_2467,0
NDGRD_2468,0
NDGRD_2469,0
NDGRD_2470,0
NDGRD_2471,0
NDGRD_2472,0
NDGRD_2473,0
NDGRD_2474,0
NDGRD_2475,0
NDGRD_2476,0
NDGRD_2477,0
NDGRD_2478,0
NDGRD_2479,0
NDGRD_2480,0
NDGRD_2481,0
NDGRD_2482,0
NDGRD_2483,0
NDGRD_2484,0
NDGRD_2485,0
NDGRD_2486,0
NDGRD_2487,0
NDGRD_2488,0
NDGRD_2489,0
NDGRD_2490,0
NDGRD_2491,0
NDGRD_2492,0
NDGRD_2493,0
NDGRD_2494,0
NDGRD_2495,0
NDGRD_2496,0
NDGRD_2497,0
NDGRD_2498,0
NDGRD_2499,0
NDGRD_2500,0
NDGRD_2501,0
NDGRD_2502,0
NDGRD_2503,0
NDGRD_2504,0
NDGRD_2505,0
NDGRD_2506,0
NDGRD_2507,0
NDGRD_2508,0
NDGRD_2509,0
NDGRD_2510,0
NDGRD_2511,0
NDGRD_2512,0
NDGRD_2513,0
NDGRD_2514,0
NDGRD_2515,0
NDGRD_2516,0
NDGRD_2517,0
NDGRD_2518,0
NDGRD_2519,0
NDGRD_2520,0
NDGRD_2521,0
NDGRD_2522,0
NDGRD_2523,0
NDGRD_2524,0
NDGRD_2525,0
NDGRD_2526,0
NDGRD_2527,0
NDGRD_2528,0
NDGRD_2529,0
NDGRD_2530,0
NDGRD_2531,0
NDGRD_2532,0
NDGRD_2533,0
NDGRD_2534,0
NDGRD_2535,0
NDGRD_2536,0
NDGRD_2537,0
NDGRD_2538,0
NDGRD_2539,0
NDGRD_2540,0
NDGRD_2541,0
NDGRD_2542,0
NDGRD_2543,0
NDGRD_2544,0
NDGRD_2545,0
NDGRD_2546,0
NDGRD_2547,0
NDGRD_2548,0
NDGRD_2549,0
NDGRD_2550,0
NDGRD_2551,0
NDGRD_2552,0
NDGRD_2553,0
NDGRD_2554,0
NDGRD_2555,0
NDGRD_2556,0
NDGRD_2557,0
NDGRD_2558,0
NDGRD_2559,0
NDGRD_2560,0
NDGRD_2561,0
NDGRD_2562,0
NDGRD_2563,0
NDGRD_2564,0
NDGRD_2565,0
NDGRD_2566,0
NDGRD_2567,0
NDGRD_2568,0
NDGRD_2569,0
NDGRD_2570,0
NDGRD_2571,0
NDGRD_2572,0
NDGRD_2573,0
NDGRD_2574,0
NDGRD_2575,0
NDGRD_2576,0
NDGRD_2577,0
NDGRD_2578,0
NDGRD_2579,0
NDGRD_2580,0
NDGRD_2581,0
NDGRD_2582,0
NDGRD_2583,0
NDGRD_2584,0
NDGRD_2585,0
NDGRD_2586,0
NDGRD_2587,0
NDGRD_2588,0
NDGRD_2589,0
NDGRD_2590,0
NDGRD_2591,0
NDGRD_2592,0
NDGRD_2593,0
NDGRD_2594,0
NDGRD_2595,0
NDGRD_2596,0
NDGRD_2597,0
NDGRD_2598,0
NDGRD_2599,0
NDGRD_2600,0
NDGRD_2601,0
NDGRD_2602,0
NDGRD_2603,0
NDGRD_2604,0
NDGRD_2605,0
NDGRD_2606,0
NDGRD_2607,0
NDGRD_2608,0
NDGRD_2609,0
NDGRD_2610,0
NDGRD_2611,0
NDGRD_2612,0
NDGRD_2613,0
NDGRD_2614,0
NDGRD_2615,0
NDGRD_2616,0
NDGRD_2617,0
NDGRD_2618,0
NDGRD_2619,0
NDGRD_2620,0
NDGRD_2621,0
NDGRD_2622,0
NDGRD_2623,0
NDGRD_2624,0
NDGRD_2625,0
NDGRD_2626,0
NDGRD_2627,0
NDGRD_2628,0
NDGRD_2629,0
NDGRD_2630,0
NDGRD_2631,0
NDGRD_2632,0
NDGRD_2633,0
NDGRD_2634,0
NDGRD_2635,0
NDGRD_2636,0
NDGRD_2637,0
NDGRD_2638,0
NDGRD_2639,0
NDGRD_2640,0
NDGRD_2641,0
NDGRD_2642,0
NDGRD_2643,0
NDGRD_2644,0
NDGRD_2645,0
NDGRD_2646,0
NDGRD_2647,0
NDGRD_2648,0
NDGRD_2649,0
NDGRD_2650,0
NDGRD_2651,0
NDGRD_2652,0
NDGRD_2653,0
NDGRD_2654,0
NDGRD_2655,0
NDGRD_2656,0
NDGRD_2657,0
NDGRD_2658,0
NDGRD_2659,0
NDGRD_2660,0
NDGRD_2661,0
NDGRD_2662,0
NDGRD_2663,0
NDGRD_2664,0
NDGRD_2665,0
NDGRD_2666,0
NDGRD_2667,0
NDGRD_2668,0
NDGRD_2669,0
NDGRD_2670,0
NDGRD_2671,0
NDGRD_2672,0
NDGRD_2673,0
NDGRD_2674,0
NDGRD_2675,0
NDGRD_2676,0
NDGRD_2677,0
NDGRD_2678,0
NDGRD_2679,0
NDGRD_2680,0
NDGRD_2681,0
NDGRD_2682,0
NDGRD_2683,0
NDGRD_2684,0
NDGRD_2685,0
NDGRD_2686,0
NDGRD_2687,0
NDGRD_2688,0
NDGRD_2689,0
NDGRD_2690,0
NDGRD_2691,0
NDGRD_2692,0
NDGRD_2693,0
NDGRD_2694,0
NDGRD_2695,0
NDGRD_2696,0
NDGRD_2697,0
NDGRD_2698,0
NDGRD_2699,0
NDGRD_2700,0
NDGRD_2701,0
NDGRD_2702,0
NDGRD_2703,0
NDGRD_2704,0
NDGRD_2705,0
NDGRD_2706,0
NDGRD_2707,0
NDGRD_2708,0
NDGRD_2709,0
NDGRD_2710,0
NDGRD_2711,0
NDGRD_2712,0
NDGRD_2713,0
NDGRD_2714,0
NDGRD_2715,0
NDGRD_2716,0
NDGRD_2717,0
NDGRD_2718,0
NDGRD_2719,0
NDGRD_2720,0
NDGRD_2721,0
NDGRD_2722,0
NDGRD_2723,0
NDGRD_2724,0
NDGRD_2725,0
NDGRD_2726,0
NDGRD_2727,0
NDGRD_2728,0
NDGRD_2729,0
NDGRD_2730,0
NDGRD_2731,0
NDGRD_2732,0
NDGRD_2733,0
NDGRD_2734,0
NDGRD_2735,0
NDGRD_2736,0
NDGRD_2737,0
NDGRD_2738,0
NDGRD_2739,0
NDGRD_2740,0
NDGRD_2741,0
NDGRD_2742,0
NDGRD_2743,0
NDGRD_2744,0
NDGRD_2745,0
NDGRD_2746,0
NDGRD_2747,0
NDGRD_2748,0
NDGRD_2749,0
NDGRD_2750,0
NDGRD_2751,0
NDGRD_2752,0
NDGRD_2753,0
NDGRD_2754,0
NDGRD_2755,0
NDGRD_2756,0
NDGRD_2757,0
NDGRD_2758,0
NDGRD_2759,0
NDGRD_2760,0
NDGRD_2761,0
NDGRD_2762,0
NDGRD_2763,0
NDGRD_2764,0
NDGRD_2765,0
NDGRD_2766,0
NDGRD_2767,0
NDGRD_2768,0
NDGRD_2769,0
NDGRD_2770,0
NDGRD_2771,0
NDGRD_2772,0
NDGRD_2773,0
NDGRD_2774,0
NDGRD_2775,0
NDGRD_2776,0
NDGRD_2777,0
NDGRD_2778,0
NDGRD_2779,0
NDGRD_2780,0
NDGRD_2781,0
NDGRD_2782,0
NDGRD_2783,0
NDGRD_2784,0
NDGRD_2785,0
NDGRD_2786,0
NDGRD_2787,0
NDGRD_2788,0
NDGRD_2789,0
NDGRD_2790,0
NDGRD_2791,0
NDGRD_2792,0
NDGRD_2793,0
NDGRD_2794,0
NDGRD_2795,0
NDGRD_2796,0
NDGRD_2797,0
NDGRD_2798,0
NDGRD_2799,0
NDGRD_2800,0
NDGRD_2801,0
NDGRD_2802,0
NDGRD_2803,0
NDGRD_2804,0
NDGRD_2805,0
NDGRD_2806,0
NDGRD_2807,0
NDGRD_2808,0
NDGRD_2809,0
NDGRD_2810,0
NDGRD_2811,0
NDGRD_2812,0
NDGRD_2813,0
NDGRD_2814,0
NDGRD_2815,0
NDGRD_2816,0
NDGRD_2817,0
NDGRD_2818,0
NDGRD_2819,0
NDGRD_2820,0
NDGRD_2821,0
NDGRD_2822,0
NDGRD_2823,0
NDGRD_2824,0
NDGRD_2825,0
NDGRD_2826,0
NDGRD_2827,0
NDGRD_2828,0
NDGRD_2829,0
NDGRD_2830,0
NDGRD_2831,0
NDGRD_2832,0
NDGRD_2833,0
NDGRD_2834,0
NDGRD_2835,0
NDGRD_2836,0
NDGRD_2837,0
NDGRD_2838,0
NDGRD_2839,0
NDGRD_2840,0
NDGRD_2841,0
NDGRD_2842,0
NDGRD_2843,0
NDGRD_2844,0
NDGRD_2845,0
NDGRD_2846,0
NDGRD_2847,0
NDGRD_2848,0
NDGRD_2849,0
NDGRD_2850,0
NDGRD_2851,0
NDGRD_2852,0
NDGRD_2853,0
NDGRD_2854,0
NDGRD_2855,0
NDGRD_2856,0
NDGRD_2857,0
NDGRD_2858,0
NDGRD_2859,0
NDGRD_2860,0
NDGRD_2861,0
NDGRD_2862,0
NDGRD_2863,0
NDGRD_2864,0
NDGRD_2865,0
NDGRD_2866,0
NDGRD_2867,0
NDGRD_2868,0
NDGRD_2869,0
NDGRD_2870,0
NDGRD_2871,0
NDGRD_2872,0
NDGRD_2873,0
NDGRD_2874,0
NDGRD_2875,0
NDGRD_2876,0
NDGRD_2877,0
NDGRD_2878,0
NDGRD_2879,0
NDGRD_2880,0
NDGRD_2881,0
NDGRD_2882,0
NDGRD_2883,0
NDGRD_2884,0
NDGRD_2885,0
NDGRD_2886,0
NDGRD_2887,0
NDGRD_2888,0
NDGRD_2889,0
NDGRD_2890,0
NDGRD_2891,0
NDGRD_2892,0
NDGRD_2893,0
NDGRD_2894,0
NDGRD_2895,0
NDGRD_2896,0
NDGRD_2897,0
NDGRD_2898,0
NDGRD_2899,0
NDGRD_2900,0
NDGRD_2901,0
NDGRD_2902,0
NDGRD_2903,0
NDGRD_2904,0
NDGRD_2905,0
NDGRD_2906,0
NDGRD_2907,0
NDGRD_2908,0
NDGRD_2909,0
NDGRD_2910,0
NDGRD_2911,0
NDGRD_2912,0
NDGRD_2913,0
NDGRD_2914,0
NDGRD_2915,0
NDGRD_2916,0
NDGRD_2917,0
NDGRD_2918,0
NDGRD_2919,0
NDGRD_2920,0
NDGRD_2921,0
NDGRD_2922,0
NDGRD_2923,0
NDGRD_2924,0
NDGRD_2925,0
NDGRD_2926,0
NDGRD_2927,0
NDGRD_2928,0
NDGRD_2929,0
NDGRD_2930,0
NDGRD_2931,0
NDGRD_2932,0
NDGRD_2933,0
NDGRD_2934,0
NDGRD_2935,0
NDGRD_2936,0
NDGRD_2937,0
NDGRD_2938,0
NDGRD_2939,0
NDGRD_2940,0
NDGRD_2941,0
NDGRD_2942,0
NDGRD_2943,0
NDGRD_2944,0
NDGRD_2945,0
NDGRD_2946,0
NDGRD_2947,0
NDGRD_2948,0
NDGRD_2949,0
NDGRD_2950,0
NDGRD_2951,0
NDGRD_2952,0
NDGRD_2953,0
NDGRD_2954,0
NDGRD_2955,0
NDGRD_2956,0
NDGRD_2957,0
NDGRD_2958,0
NDGRD_2959,0
NDGRD_2960,0
NDGRD_2961,0
NDGRD_2962,0
NDGRD_2963,0
NDGRD_2964,0
NDGRD_2965,0
NDGRD_2966,0
NDGRD_2967,0
NDGRD_2968,0
NDGRD_2969,0
NDGRD_2970,0
NDGRD_2971,0
NDGRD_2972,0
NDGRD_2973,0
NDGRD_2974,0
NDGRD_2975,0
NDGRD_2976,0
NDGRD_2977,0
NDGRD_2978,0
NDGRD_2979,0
NDGRD_2980,0
NDGRD_2981,0
NDGRD_2982,0
NDGRD_2983,0
NDGRD_2984,0
NDGRD_2985,0
NDGRD_2986,0
NDGRD_2987,0
NDGRD_2988,0
NDGRD_2989,0
NDGRD_2990,0
NDGRD_2991,0
NDGRD_2992,0
NDGRD_2993,0
NDGRD_2994,0
NDGRD_2995,0
NDGRD_2996,0
NDGRD_2997,0
NDGRD_2998,0
NDGRD_2999,0
NDGRD_3000,0
NDGRD_3001,0
NDGRD_3002,0
NDGRD_3003,0
NDGRD_3004,0
NDGRD_3005,0
NDGRD_3006,0
NDGRD_3007,0
NDGRD_3008,0
NDGRD_3009,0
NDGRD_3010,0
NDGRD_3011,0
NDGRD_3012,0
NDGRD_3013,0
NDGRD_3014,0
NDGRD_3015,0
NDGRD_3016,0
NDGRD_3017,0
NDGRD_3018,0
NDGRD_3019,0
NDGRD_3020,0
NDGRD_3021,0
NDGRD_3022,0
NDGRD_3023,0
NDGRD_3024,0
NDGRD_3025,0
NDGRD_3026,0
NDGRD_3027,0
NDGRD_3028,0
NDGRD_3029,0
NDGRD_3030,0
NDGRD_3031,0
NDGRD_3032,0
NDGRD_3033,0
NDGRD_3034,0
NDGRD_3035,0
NDGRD_3036,0
NDGRD_3037,0
NDGRD_3038,0
NDGRD_3039,0
NDGRD_3040,0
NDGRD_3041,0
NDGRD_3042,0
NDGRD_3043,0
NDGRD_3044,0
NDGRD_3045,0
NDGRD_3046,0
NDGRD_3047,0
NDGRD_3048,0
NDGRD_3049,0
NDGRD_3050,0
NDGRD_3051,0
NDGRD_3052,0
NDGRD_3053,0
NDGRD_3054,0
NDGRD_3055,0
NDGRD_3056,0
NDGRD_3057,0
NDGRD_3058,0
NDGRD_3059,0
NDGRD_3060,0
NDGRD_3061,0
NDGRD_3062,0
NDGRD_3063,0
NDGRD_3064,0
NDGRD_3065,0
NDGRD_3066,0
NDGRD_3067,0
NDGRD_3068,0
NDGRD_3069,0
NDGRD_3070,0
NDGRD_3071,0
NDGRD_3072,0
NDGRD_3073,0
NDGRD_3074,0
NDGRD_3075,0
NDGRD_3076,0
NDGRD_3077,0
NDGRD_3078,0
NDGRD_3079,0
NDGRD_3080,0
NDGRD_3081,0
NDGRD_3082,0
NDGRD_3083,0
NDGRD_3084,0
NDGRD_3085,0
NDGRD_3086,0
NDGRD_3087,0
NDGRD_3088,0
NDGRD_3089,0
NDGRD_3090,0
NDGRD_3091,0
NDGRD_3092,0
NDGRD_3093,0
NDGRD_3094,0
NDGRD_3095,0
NDGRD_3096,0
NDGRD_3097,0
NDGRD_3098,0
NDGRD_3099,0
NDGRD_3100,0
NDGRD_3101,0
NDGRD_3102,0
NDGRD_3103,0
NDGRD_3104,0
NDGRD_3105,0
NDGRD_3106,0
NDGRD_3107,0
NDGRD_3108,0
NDGRD_3109,0
NDGRD_3110,0
NDGRD_3111,0
NDGRD_3112,0
NDGRD_3113,0
NDGRD_3114,0
NDGRD_3115,0
NDGRD_3116,0
NDGRD_3117,0
NDGRD_3118,0
NDGRD_3119,0
NDGRD_3120,0
NDGRD_3121,0
NDGRD_3122,0
NDGRD_3123,0
NDGRD_3124,0
NDGRD_3125,0
NDGRD_3126,0
NDGRD_3127,0
NDGRD_3128,0
NDGRD_3129,0
NDGRD_3130,0
NDGRD_3131,0
NDGRD_3132,0
NDGRD_3133,0
NDGRD_3134,0
NDGRD_3135,0
NDGRD_3136,0
NDGRD_3137,0
NDGRD_3138,0
NDGRD_3139,0
NDGRD_3140,0
NDGRD_3141,0
NDGRD_3142,0
NDGRD_3143,0
NDGRD_3144,0
NDGRD_3145,0
NDGRD_3146,0
NDGRD_3147,0
NDGRD_3148,0
NDGRD_3149,0
NDGRD_3150,0
NDGRD_3151,0
NDGRD_3152,0
NDGRD_3153,0
NDGRD_3154,0
NDGRD_3155,0
NDGRD_3156,0
NDGRD_3157,0
NDGRD_3158,0
NDGRD_3159,0
NDGRD_3160,0
NDGRD_3161,0
NDGRD_3162,0
NDGRD_3163,0
NDGRD_3164,0
NDGRD_3165,0
NDGRD_3166,0
NDGRD_3167,0
NDGRD_3168,0
NDGRD_3169,0
NDGRD_3170,0
NDGRD_3171,0
NDGRD_3172,0
NDGRD_3173,0
NDGRD_3174,0
NDGRD_3175,0
NDGRD_3176,0
NDGRD_3177,0
NDGRD_3178,0
NDGRD_3179,0
NDGRD_3180,0
NDGRD_3181,0
NDGRD_3182,0
NDGRD_3183,0
NDGRD_3184,0
NDGRD_3185,0
NDGRD_3186,0
NDGRD_3187,0
NDGRD_3188,0
NDGRD_3189,0
NDGRD_3190,0
NDGRD_3191,0
NDGRD_3192,0
NDGRD_3193,0
NDGRD_3194,0
NDGRD_3195,0
NDGRD_3196,0
NDGRD_3197,0
NDGRD_3198,0
NDGRD_3199,0
NDGRD_3200,0
NDGRD_3201,0
NDGRD_3202,0
NDGRD_3203,0
NDGRD_3204,0
NDGRD_3205,0
NDGRD_3206,0
NDGRD_3207,0
NDGRD_3208,0
NDGRD_3209,0
NDGRD_3210,0
NDGRD_3211,0
NDGRD_3212,0
NDGRD_3213,0
NDGRD_3214,0
NDGRD_3215,0
NDGRD_3216,0
NDGRD_3217,0
NDGRD_3218,0
NDGRD_3219,0
NDGRD_3220,0
NDGRD_3221,0
NDGRD_3222,0
NDGRD_3223,0
NDGRD_3224,0
NDGRD_3225,0
NDGRD_3226,0
NDGRD_3227,0
NDGRD_3228,0
NDGRD_3229,0
NDGRD_3230,0
NDGRD_3231,0
NDGRD_3232,0
NDGRD_3233,0
NDGRD_3234,0
NDGRD_3235,0
NDGRD_3236,0
NDGRD_3237,0
NDGRD_3238,0
NDGRD_3239,0
NDGRD_3240,0
NDGRD_3241,0
NDGRD_3242,0
NDGRD_3243,0
NDGRD_3244,0
NDGRD_3245,0
NDGRD_3246,0
NDGRD_3247,0
NDGRD_3248,0
NDGRD_3249,0
NDGRD_3250,0
NDGRD_3251,0
NDGRD_3252,0
NDGRD_3253,0
NDGRD_3254,0
NDGRD_3255,0
NDGRD_3256,0
NDGRD_3257,0
NDGRD_3258,0
NDGRD_3259,0
NDGRD_3260,0
NDGRD_3261,0
NDGRD_3262,0
NDGRD_3263,0
NDGRD_3264,0
NDGRD_3265,0
NDGRD_3266,0
NDGRD_3267,0
NDGRD_3268,0
NDGRD_3269,0
NDGRD_3270,0
NDGRD_3271,0
NDGRD_3272,0
NDGRD_3273,0
NDGRD_3274,0
NDGRD_3275,0
NDGRD_3276,0
NDGRD_3277,0
NDGRD_3278,0
NDGRD_3279,0
NDGRD_3280,0
NDGRD_3281,0
NDGRD_3282,0
NDGRD_3283,0
NDGRD_3284,0
NDGRD_3285,0
NDGRD_3286,0
NDGRD_3287,0
NDGRD_3288,0
NDGRD_3289,0
NDGRD_3290,0
NDGRD_3291,0
NDGRD_3292,0
NDGRD_3293,0
NDGRD_3294,0
NDGRD_3295,0
NDGRD_3296,0
NDGRD_3297,0
NDGRD_3298,0
NDGRD_3299,0
NDGRD_3300,0
NDGRD_3301,0
NDGRD_3302,0
NDGRD_3303,0
NDGRD_3304,0
NDGRD_3305,0
NDGRD_3306,0
NDGRD_3307,0
NDGRD_3308,0
NDGRD_3309,0
NDGRD_3310,0
NDGRD_3311,0
NDGRD_3312,0
NDGRD_3313,0
NDGRD_3314,0
NDGRD_3315,0
NDGRD_3316,0
NDGRD_3317,0
NDGRD_3318,0
NDGRD_3319,0
NDGRD_3320,0
NDGRD_3321,0
NDGRD_3322,0
NDGRD_3323,0
NDGRD_3324,0
NDGRD_3325,0
NDGRD_3326,0
NDGRD_3327,0
NDGRD_3328,0
NDGRD_3329,0
NDGRD_3330,0
NDGRD_3331,0
NDGRD_3332,0
NDGRD_3333,0
NDGRD_3334,0
NDGRD_3335,0
NDGRD_3336,0
NDGRD_3337,0
NDGRD_3338,0
NDGRD_3339,0
NDGRD_3340,0
NDGRD_3341,0
NDGRD_3342,0
NDGRD_3343,0
NDGRD_3344,0
NDGRD_3345,0
NDGRD_3346,0
NDGRD_3347,0
NDGRD_3348,0
NDGRD_3349,0
NDGRD_3350,0
NDGRD_3351,0
NDGRD_3352,0
NDGRD_3353,0
NDGRD_3354,0
NDGRD_3355,0
NDGRD_3356,0
NDGRD_3357,0
NDGRD_3358,0
NDGRD_3359,0
NDGRD_3360,0
NDGRD_3361,0
NDGRD_3362,0
NDGRD_3363,0
NDGRD_3364,0
NDGRD_3365,0
NDGRD_3366,0
NDGRD_3367,0
NDGRD_3368,0
NDGRD_3369,0
NDGRD_3370,0
NDGRD_3371,0
NDGRD_3372,0
NDGRD_3373,0
NDGRD_3374,0
NDGRD_3375,0
NDGRD_3376,0
NDGRD_3377,0
NDGRD_3378,0
NDGRD_3379,0
NDGRD_3380,0
NDGRD_3381,0
NDGRD_3382,0
NDGRD_3383,0
NDGRD_3384,0
NDGRD_3385,0
NDGRD_3386,0
NDGRD_3387,0
NDGRD_3388,0
NDGRD_3389,0
NDGRD_3390,0
NDGRD_3391,0
NDGRD_3392,0
NDGRD_3393,0
NDGRD_3394,0
NDGRD_3395,0
NDGRD_3396,0
NDGRD_3397,0
NDGRD_3398,0
NDGRD_3399,0
NDGRD_3400,0
NDGRD_3401,0
NDGRD_3402,0
NDGRD_3403,0
NDGRD_3404,0
NDGRD_3405,0
NDGRD_3406,0
NDGRD_3407,0
NDGRD_3408,0
NDGRD_3409,0
NDGRD_3410,0
NDGRD_3411,0
NDGRD_3412,0
NDGRD_3413,0
NDGRD_3414,0
NDGRD_3415,0
NDGRD_3416,0
NDGRD_3417,0
NDGRD_3418,0
NDGRD_3419,0
NDGRD_3420,0
NDGRD_3421,0
NDGRD_3422,0
NDGRD_3423,0
NDGRD_3424,0
NDGRD_3425,0
NDGRD_3426,0
NDGRD_3427,0
NDGRD_3428,0
NDGRD_3429,0
NDGRD_3430,0
NDGRD_3431,0
NDGRD_3432,0
NDGRD_3433,0
NDGRD_3434,0
NDGRD_3435,0
NDGRD_3436,0
NDGRD_3437,0
NDGRD_3438,0
NDGRD_3439,0
NDGRD_3440,0
NDGRD_3441,0
NDGRD_3442,0
NDGRD_3443,0
NDGRD_3444,0
NDGRD_3445,0
NDGRD_3446,0
NDGRD_3447,0
NDGRD_3448,0
NDGRD_3449,0
NDGRD_3450,0
NDGRD_3451,0
NDGRD_3452,0
NDGRD_3453,0
NDGRD_3454,0
NDGRD_3455,0
NDGRD_3456,0
NDGRD_3457,0
NDGRD_3458,0
NDGRD_3459,0
NDGRD_3460,0
NDGRD_3461,0
NDGRD_3462,0
NDGRD_3463,0
NDGRD_3464,0
NDGRD_3465,0
NDGRD_3466,0
NDGRD_3467,0
NDGRD_3468,0
NDGRD_3469,0
NDGRD_3470,0
NDGRD_3471,0
NDGRD_3472,0
NDGRD_3473,0
NDGRD_3474,0
NDGRD_3475,0
NDGRD_3476,0
NDGRD_3477,0
NDGRD_3478,0
NDGRD_3479,0
NDGRD_3480,0
NDGRD_3481,0
NDGRD_3482,0
NDGRD_3483,0
NDGRD_3484,0
NDGRD_3485,0
NDGRD_3486,0
NDGRD_3487,0
NDGRD_3488,0
NDGRD_3489,0
NDGRD_3490,0
NDGRD_3491,0
NDGRD_3492,0
NDGRD_3493,0
NDGRD_3494,0
NDGRD_3495,0
NDGRD_3496,0
NDGRD_3497,0
NDGRD_3498,0
NDGRD_3499,0
NDGRD_3500,0
NDGRD_3501,0
NDGRD_3502,0
NDGRD_3503,0
NDGRD_3504,0
NDGRD_3505,0
NDGRD_3506,0
NDGRD_3507,0
NDGRD_3508,0
NDGRD_3509,0
NDGRD_3510,0
NDGRD_3511,0
NDGRD_3512,0
NDGRD_3513,0
NDGRD_3514,0
NDGRD_3515,0
NDGRD_3516,0
NDGRD_3517,0
NDGRD_3518,0
NDGRD_3519,0
NDGRD_3520,0
NDGRD_3521,0
NDGRD_3522,0
NDGRD_3523,0
NDGRD_3524,0
NDGRD_3525,0
NDGRD_3526,0
NDGRD_3527,0
NDGRD_3528,0
NDGRD_3529,0
NDGRD_3530,0
NDGRD_3531,0
NDGRD_3532,0
NDGRD_3533,0
NDGRD_3534,0
NDGRD_3535,0
NDGRD_3536,0
NDGRD_3537,0
NDGRD_3538,0
NDGRD_3539,0
NDGRD_3540,0
NDGRD_3541,0
NDGRD_3542,0
NDGRD_3543,0
NDGRD_3544,0
NDGRD_3545,0
NDGRD_3546,0
NDGRD_3547,0
NDGRD_3548,0
NDGRD_3549,0
NDGRD_3550,0
NDGRD_3551,0
NDGRD_3552,0
NDGRD_3553,0
NDGRD_3554,0
NDGRD_3555,0
NDGRD_3556,0
NDGRD_3557,0
NDGRD_3558,0
NDGRD_3559,0
NDGRD_3560,0
NDGRD_3561,0
NDGRD_3562,0
NDGRD_3563,0
NDGRD_3564,0
NDGRD_3565,0
NDGRD_3566,0
NDGRD_3567,0
NDGRD_3568,0
NDGRD_3569,0
NDGRD_3570,0
NDGRD_3571,0
NDGRD_3572,0
NDGRD_3573,0
NDGRD_3574,0
NDGRD_3575,0
NDGRD_3576,0
NDGRD_3577,0
NDGRD_3578,0
NDGRD_3579,0
NDGRD_3580,0
NDGRD_3581,0
NDGRD_3582,0
NDGRD_3583,0
NDGRD_3584,0
NDGRD_3585,0
NDGRD_3586,0
NDGRD_3587,0
NDGRD_3588,0
NDGRD_3589,0
NDGRD_3590,0
NDGRD_3591,0
NDGRD_3592,0
NDGRD_3593,0
NDGRD_3594,0
NDGRD_3595,0
NDGRD_3596,0
NDGRD_3597,0
NDGRD_3598,0
NDGRD_3599,0
NDGRD_3600,0
NDGRD_3601,0
NDGRD_3602,0
NDGRD_3603,0
NDGRD_3604,0
NDGRD_3605,0
NDGRD_3606,0
NDGRD_3607,0
NDGRD_3608,0
NDGRD_3609,0
NDGRD_3610,0
NDGRD_3611,0
NDGRD_3612,0
NDGRD_3613,0
NDGRD_3614,0
NDGRD_3615,0
NDGRD_3616,0
NDGRD_3617,0
NDGRD_3618,0
NDGRD_3619,0
NDGRD_3620,0
NDGRD_3621,0
NDGRD_3622,0
NDGRD_3623,0
NDGRD_3624,0
NDGRD_3625,0
NDGRD_3626,0
NDGRD_3627,0
NDGRD_3628,0
NDGRD_3629,0
NDGRD_3630,0
NDGRD_3631,0
NDGRD_3632,0
NDGRD_3633,0
NDGRD_3634,0
NDGRD_3635,0
NDGRD_3636,0
NDGRD_3637,0
NDGRD_3638,0
NDGRD_3639,0
NDGRD_3640,0
NDGRD_3641,0
NDGRD_3642,0
NDGRD_3643,0
NDGRD_3644,0
NDGRD_3645,0
NDGRD_3646,0
NDGRD_3647,0
NDGRD_3648,0
NDGRD_3649,0
NDGRD_3650,0
NDGRD_3651,0
NDGRD_3652,0
NDGRD_3653,0
NDGRD_3654,0
NDGRD_3655,0
NDGRD_3656,0
NDGRD_3657,0
NDGRD_3658,0
NDGRD_3659,0
NDGRD_3660,0
NDGRD_3661,0
NDGRD_3662,0
NDGRD_3663,0
NDGRD_3664,0
NDGRD_3665,0
NDGRD_3666,0
NDGRD_3667,0
NDGRD_3668,0
NDGRD_3669,0
NDGRD_3670,0
NDGRD_3671,0
NDGRD_3672,0
NDGRD_3673,0
NDGRD_3674,0
NDGRD_3675,0
NDGRD_3676,0
NDGRD_3677,0
NDGRD_3678,0
NDGRD_3679,0
NDGRD_3680,0
NDGRD_3681,0
NDGRD_3682,0
NDGRD_3683,0
NDGRD_3684,0
NDGRD_3685,0
NDGRD_3686,0
NDGRD_3687,0
NDGRD_3688,0
NDGRD_3689,0
NDGRD_3690,0
NDGRD_3691,0
NDGRD_3692,0
NDGRD_3693,0
NDGRD_3694,0
NDGRD_3695,0
NDGRD_3696,0
NDGRD_3697,0
NDGRD_3698,0
NDGRD_3699,0
NDGRD_3700,0
NDGRD_3701,0
NDGRD_3702,0
NDGRD_3703,0
NDGRD_3704,0
NDGRD_3705,0
NDGRD_3706,0
NDGRD_3707,0
NDGRD_3708,0
NDGRD_3709,0
NDGRD_3710,0
NDGRD_3711,0
NDGRD_3712,0
NDGRD_3713,0
NDGRD_3714,0
NDGRD_3715,0
NDGRD_3716,0
NDGRD_3717,0
NDGRD_3718,0
NDGRD_3719,0
NDGRD_3720,0
NDGRD_3721,0
NDGRD_3722,0
NDGRD_3723,0
NDGRD_3724,0
NDGRD_3725,0
NDGRD_3726,0
NDGRD_3727,0
NDGRD_3728,0
NDGRD_3729,0
NDGRD_3730,0
NDGRD_3731,0
NDGRD_3732,0
NDGRD_3733,0
NDGRD_3734,0
NDGRD_3735,0
NDGRD_3736,0
NDGRD_3737,0
NDGRD_3738,0
NDGRD_3739,0
NDGRD_3740,0
NDGRD_3741,0
NDGRD_3742,0
NDGRD_3743,0
NDGRD_3744,0
NDGRD_3745,0
NDGRD_3746,0
NDGRD_3747,0
NDGRD_3748,0
NDGRD_3749,0
NDGRD_3750,0
NDGRD_3751,0
NDGRD_3752,0
NDGRD_3753,0
NDGRD_3754,0
NDGRD_3755,0
NDGRD_3756,0
NDGRD_3757,0
NDGRD_3758,0
NDGRD_3759,0
NDGRD_3760,0
NDGRD_3761,0
NDGRD_3762,0
NDGRD_3763,0
NDGRD_3764,0
NDGRD_3765,0
NDGRD_3766,0
NDGRD_3767,0
NDGRD_3768,0
NDGRD_3769,0
NDGRD_3770,0
NDGRD_3771,0
NDGRD_3772,0
NDGRD_3773,0
NDGRD_3774,0
NDGRD_3775,0
NDGRD_3776,0
NDGRD_3777,0
NDGRD_3778,0
NDGRD_3779,0
NDGRD_3780,0
NDGRD_3781,0
NDGRD_3782,0
NDGRD_3783,0
NDGRD_3784,0
NDGRD_3785,0
NDGRD_3786,0
NDGRD_3787,0
NDGRD_3788,0
NDGRD_3789,0
NDGRD_3790,0
NDGRD_3791,0
NDGRD_3792,0
NDGRD_3793,0
NDGRD_3794,0
NDGRD_3795,0
NDGRD_3796,0
NDGRD_3797,0
NDGRD_3798,0
NDGRD_3799,0
NDGRD_3800,0
NDGRD_3801,0
NDGRD_3802,0
NDGRD_3803,0
NDGRD_3804,0
NDGRD_3805,0
NDGRD_3806,0
NDGRD_3807,0
NDGRD_3808,0
NDGRD_3809,0
NDGRD_3810,0
NDGRD_3811,0
NDGRD_3812,0
NDGRD_3813,0
NDGRD_3814,0
NDGRD_3815,0
NDGRD_3816,0
NDGRD_3817,0
NDGRD_3818,0
NDGRD_3819,0
NDGRD_3820,0
NDGRD_3821,0
NDGRD_3822,0
NDGRD_3823,0
NDGRD_3824,0
NDGRD_3825,0
NDGRD_3826,0
NDGRD_3827,0
NDGRD_3828,0
NDGRD_3829,0
NDGRD_3830,0
NDGRD_3831,0
NDGRD_3832,0
NDGRD_3833,0
NDGRD_3834,0
NDGRD_3835,0
NDGRD_3836,0
NDGRD_3837,0
NDGRD_3838,0
NDGRD_3839,0
NDGRD_3840,0
NDGRD_3841,0
NDGRD_3842,0
NDGRD_3843,0
NDGRD_3844,0
NDGRD_3845,0
NDGRD_3846,0
NDGRD_3847,0
NDGRD_3848,0
NDGRD_3849,0
NDGRD_3850,0
NDGRD_3851,0
NDGRD_3852,0
NDGRD_3853,0
NDGRD_3854,0
NDGRD_3855,0
NDGRD_3856,0
NDGRD_3857,0
NDGRD_3858,0
NDGRD_3859,0
NDGRD_3860,0
NDGRD_3861,0
NDGRD_3862,0
NDGRD_3863,0
NDGRD_3864,0
NDGRD_3865,0
NDGRD_3866,0
NDGRD_3867,0
NDGRD_3868,0
NDGRD_3869,0
NDGRD_3870,0
NDGRD_3871,0
NDGRD_3872,0
NDGRD_3873,0
NDGRD_3874,0
NDGRD_3875,0
NDGRD_3876,0
NDGRD_3877,0
NDGRD_3878,0
NDGRD_3879,0
NDGRD_3880,0
NDGRD_3881,0
NDGRD_3882,0
NDGRD_3883,0
NDGRD_3884,0
NDGRD_3885,0
NDGRD_3886,0
NDGRD_3887,0
NDGRD_3888,0
NDGRD_3889,0
NDGRD_3890,0
NDGRD_3891,0
NDGRD_3892,0
NDGRD_3893,0
NDGRD_3894,0
NDGRD_3895,0
NDGRD_3896,0
NDGRD_3897,0
NDGRD_3898,0
NDGRD_3899,0
NDGRD_3900,0
NDGRD_3901,0
NDGRD_3902,0
NDGRD_3903,0
NDGRD_3904,0
NDGRD_3905,0
NDGRD_3906,0
NDGRD_3907,0
NDGRD_3908,0
NDGRD_3909,0
NDGRD_3910,0
NDGRD_3911,0
NDGRD_3912,0
NDGRD_3913,0
NDGRD_3914,0
NDGRD_3915,0
NDGRD_3916,0
NDGRD_3917,0
NDGRD_3918,0
NDGRD_3919,0
NDGRD_3920,0
NDGRD_3921,0
NDGRD_3922,0
NDGRD_3923,0
NDGRD_3924,0
NDGRD_3925,0
NDGRD_3926,0
NDGRD_3927,0
NDGRD_3928,0
NDGRD_3929,0
NDGRD_3930,0
NDGRD_3931,0
NDGRD_3932,0
NDGRD_3933,0
NDGRD_3934,0
NDGRD_3935,0
NDGRD_3936,0
NDGRD_3937,0
NDGRD_3938,0
NDGRD_3939,0
NDGRD_3940,0
NDGRD_3941,0
NDGRD_3942,0
NDGRD_3943,0
NDGRD_3944,0
NDGRD_3945,0
NDGRD_3946,0
NDGRD_3947,0
NDGRD_3948,0
NDGRD_3949,0
NDGRD_3950,0
NDGRD_3951,0
NDGRD_3952,0
NDGRD_3953,0
NDGRD_3954,0
NDGRD_3955,0
NDGRD_3956,0
NDGRD_3957,0
NDGRD_3958,0
NDGRD_3959,0
NDGRD_3960,0
NDGRD_3961,0
NDGRD_3962,0
NDGRD_3963,0
NDGRD_3964,0
NDGRD_3965,0
NDGRD_3966,0
NDGRD_3967,0
NDGRD_3968,0
NDGRD_3969,0
NDGRD_3970,0
NDGRD_3971,0
NDGRD_3972,0
NDGRD_3973,0
NDGRD_3974,0
NDGRD_3975,0
NDGRD_3976,0
NDGRD_3977,0
NDGRD_3978,0
NDGRD_3979,0
NDGRD_3980,0
NDGRD_3981,0
NDGRD_3982,0
NDGRD_3983,0
NDGRD_3984,0
NDGRD_3985,0
NDGRD_3986,0
NDGRD_3987,0
NDGRD_3988,0
NDGRD_3989,0
NDGRD_3990,0
NDGRD_3991,0
NDGRD_3992,0
NDGRD_3993,0
NDGRD_3994,0
NDGRD_3995,0
NDGRD_3996,0
NDGRD_3997,0
NDGRD_3998,0
NDGRD_3999,0
NDGRD_4000,0
NDGRD_4001,0
NDGRD_4002,0
NDGRD_4003,0
NDGRD_4004,0
NDGRD_4005,0
NDGRD_4006,0
NDGRD_4007,0
NDGRD_4008,0
NDGRD_4009,0
NDGRD_4010,0
NDGRD_4011,0
NDGRD_4012,0
NDGRD_4013,0
NDGRD_4014,0
NDGRD_4015,0
NDGRD_4016,0
NDGRD_4017,0
NDGRD_4018,0
NDGRD_4019,0
NDGRD_4020,0
NDGRD_4021,0
NDGRD_4022,0
NDGRD_4023,0
NDGRD_4024,0
NDGRD_4025,0
NDGRD_4026,0
NDGRD_4027,0
NDGRD_4028,0
NDGRD_4029,0
NDGRD_4030,0
NDGRD_4031,0
NDGRD_4032,0
NDGRD_4033,0
NDGRD_4034,0
NDGRD_4035,0
NDGRD_4036,0
NDGRD_4037,0
NDGRD_4038,0
NDGRD_4039,0
NDGRD_4040,0
NDGRD_4041,0
NDGRD_4042,0
NDGRD_4043,0
NDGRD_4044,0
NDGRD_4045,0
NDGRD_4046,0
NDGRD_4047,0
NDGRD_4048,0
NDGRD_4049,0
NDGRD_4050,0
NDGRD_4051,0
NDGRD_4052,0
NDGRD_4053,0
NDGRD_4054,0
NDGRD_4055,0
NDGRD_4056,0
NDGRD_4057,0
NDGRD_4058,0
NDGRD_4059,0
NDGRD_4060,0
NDGRD_4061,0
NDGRD_4062,0
NDGRD_4063,0
NDGRD_4064,0
NDGRD_4065,0
NDGRD_4066,0
NDGRD_4067,0
NDGRD_4068,0
NDGRD_4069,0
NDGRD_4070,0
NDGRD_4071,0
NDGRD_4072,0
NDGRD_4073,0
NDGRD_4074,0
NDGRD_4075,0
NDGRD_4076,0
NDGRD_4077,0
NDGRD_4078,0
NDGRD_4079,0
NDGRD_4080,0
NDGRD_4081,0
NDGRD_4082,0
NDGRD_4083,0
NDGRD_4084,0
NDGRD_4085,0
NDGRD_4086,0
NDGRD_4087,0
NDGRD_4088,0
NDGRD_4089,0
NDGRD_4090,0
NDGRD_4091,0
NDGRD_4092,0
NDGRD_4093,0
NDGRD_4094,0
NDGRD_4095,0
NDGRD_4096,0
NDGRD_4097,0
NDGRD_4098,0
NDGRD_4099,0
NDGRD_4100,0
NDGRD_4101,0
NDGRD_4102,0
NDGRD_4103,0
NDGRD_4104,0
NDGRD_4105,0
NDGRD_4106,0
NDGRD_4107,0
NDGRD_4108,0
NDGRD_4109,0
NDGRD_4110,0
NDGRD_4111,0
NDGRD_4112,0
NDGRD_4113,0
NDGRD_4114,0
NDGRD_4115,0
NDGRD_4116,0
NDGRD_4117,0
NDGRD_4118,0
NDGRD_4119,0
NDGRD_4120,0
NDGRD_4121,0
NDGRD_4122,0
NDGRD_4123,0
NDGRD_4124,0
NDGRD_4125,0
NDGRD_4126,0
NDGRD_4127,0
NDGRD_4128,0
NDGRD_4129,0
NDGRD_4130,0
NDGRD_4131,0
NDGRD_4132,0
NDGRD_4133,0
NDGRD_4134,0
NDGRD_4135,0
NDGRD_4136,0
NDGRD_4137,0
NDGRD_4138,0
NDGRD_4139,0
NDGRD_4140,0
NDGRD_4141,0
NDGRD_4142,0
NDGRD_4143,0
NDGRD_4144,0
NDGRD_4145,0
NDGRD_4146,0
NDGRD_4147,0
NDGRD_4148,0
NDGRD_4149,0
NDGRD_4150,0
NDGRD_4151,0
NDGRD_4152,0
NDGRD_4153,0
NDGRD_4154,0
NDGRD_4155,0
NDGRD_4156,0
NDGRD_4157,0
NDGRD_4158,0
NDGRD_4159,0
NDGRD_4160,0
NDGRD_4161,0
NDGRD_4162,0
NDGRD_4163,0
NDGRD_4164,0
NDGRD_4165,0
NDGRD_4166,0
NDGRD_4167,0
NDGRD_4168,0
NDGRD_4169,0
NDGRD_4170,0
NDGRD_4171,0
NDGRD_4172,0
NDGRD_4173,0
NDGRD_4174,0
NDGRD_4175,0
NDGRD_4176,0
NDGRD_4177,0
NDGRD_4178,0
NDGRD_4179,0
NDGRD_4180,0
NDGRD_4181,0
NDGRD_4182,0
NDGRD_4183,0
NDGRD_4184,0
NDGRD_4185,0
NDGRD_4186,0
NDGRD_4187,0
NDGRD_4188,0
NDGRD_4189,0
NDGRD_4190,0
NDGRD_4191,0
NDGRD_4192,0
NDGRD_4193,0
NDGRD_4194,0
NDGRD_4195,0
NDGRD_4196,0
NDGRD_4197,0
NDGRD_4198,0
NDGRD_4199,0
NDGRD_4200,0
NDGRD_4201,0
NDGRD_4202,0
NDGRD_4203,0
NDGRD_4204,0
NDGRD_4205,0
NDGRD_4206,0
NDGRD_4207,0
NDGRD_4208,0
NDGRD_4209,0
NDGRD_4210,0
NDGRD_4211,0
NDGRD_4212,0
NDGRD_4213,0
NDGRD_4214,0
NDGRD_4215,0
NDGRD_4216,0
NDGRD_4217,0
NDGRD_4218,0
NDGRD_4219,0
NDGRD_4220,0
NDGRD_4221,0
NDGRD_4222,0
NDGRD_4223,0
NDGRD_4224,0
NDGRD_4225,0
NDGRD_4226,0
NDGRD_4227,0
NDGRD_4228,0
NDGRD_4229,0
NDGRD_4230,0
NDGRD_4231,0
NDGRD_4232,0
NDGRD_4233,0
NDGRD_4234,0
NDGRD_4235,0
NDGRD_4236,0
NDGRD_4237,0
NDGRD_4238,0
NDGRD_4239,0
NDGRD_4240,0
NDGRD_4241,0
NDGRD_4242,0
NDGRD_4243,0
NDGRD_4244,0
NDGRD_4245,0
NDGRD_4246,0
NDGRD_4247,0
NDGRD_4248,0
NDGRD_4249,0
NDGRD_4250,0
NDGRD_4251,0
NDGRD_4252,0
NDGRD_4253,0
NDGRD_4254,0
NDGRD_4255,0
NDGRD_4256,0
NDGRD_4257,0
NDGRD_4258,0
NDGRD_4259,0
NDGRD_4260,0
NDGRD_4261,0
NDGRD_4262,0
NDGRD_4263,0
NDGRD_4264,0
NDGRD_4265,0
NDGRD_4266,0
NDGRD_4267,0
NDGRD_4268,0
NDGRD_4269,0
NDGRD_4270,0
NDGRD_4271,0
NDGRD_4272,0
NDGRD_4273,0
NDGRD_4274,0
NDGRD_4275,0
NDGRD_4276,0
NDGRD_4277,0
NDGRD_4278,0
NDGRD_4279,0
NDGRD_4280,0
NDGRD_4281,0
NDGRD_4282,0
NDGRD_4283,0
NDGRD_4284,0
NDGRD_4285,0
NDGRD_4286,0
NDGRD_4287,0
NDGRD_4288,0
NDGRD_4289,0
NDGRD_4290,0
NDGRD_4291,0
NDGRD_4292,0
NDGRD_4293,0
NDGRD_4294,0
NDGRD_4295,0
NDGRD_4296,0
NDGRD_4297,0
NDGRD_4298,0
NDGRD_4299,0
NDGRD_4300,0
NDGRD_4301,0
NDGRD_4302,0
NDGRD_4303,0
NDGRD_4304,0
NDGRD_4305,0
NDGRD_4306,0
NDGRD_4307,0
NDGRD_4308,0
NDGRD_4309,0
NDGRD_4310,0
NDGRD_4311,0
NDGRD_4312,0
NDGRD_4313,0
NDGRD_4314,0
NDGRD_4315,0
NDGRD_4316,0
NDGRD_4317,0
NDGRD_4318,0
NDGRD_4319,0
NDGRD_4320,0
NDGRD_4321,0
NDGRD_4322,0
NDGRD_4323,0
NDGRD_4324,0
NDGRD_4325,0
NDGRD_4326,0
NDGRD_4327,0
NDGRD_4328,0
NDGRD_4329,0
NDGRD_4330,0
NDGRD_4331,0
NDGRD_4332,0
NDGRD_4333,0
NDGRD_4334,0
NDGRD_4335,0
NDGRD_4336,0
NDGRD_4337,0
NDGRD_4338,0
NDGRD_4339,0
NDGRD_4340,0
NDGRD_4341,0
NDGRD_4342,0
NDGRD_4343,0
NDGRD_4344,0
NDGRD_4345,0
NDGRD_4346,0
NDGRD_4347,0
NDGRD_4348,0
NDGRD_4349,0
NDGRD_4350,0
NDGRD_4351,0
NDGRD_4352,0
NDGRD_4353,0
NDGRD_4354,0
NDGRD_4355,0
NDGRD_4356,0
NDGRD_4357,0
NDGRD_4358,0
NDGRD_4359,0
NDGRD_4360,0
NDGRD_4361,0
NDGRD_4362,0
NDGRD_4363,0
NDGRD_4364,0
NDGRD_4365,0
NDGRD_4366,0
NDGRD_4367,0
NDGRD_4368,0
NDGRD_4369,0
NDGRD_4370,0
NDGRD_4371,0
NDGRD_4372,0
NDGRD_4373,0
NDGRD_4374,0
NDGRD_4375,0
NDGRD_4376,0
NDGRD_4377,0
NDGRD_4378,0
NDGRD_4379,0
NDGRD_4380,0
NDGRD_4381,0
NDGRD_4382,0
NDGRD_4383,0
NDGRD_4384,0
NDGRD_4385,0
NDGRD_4386,0
NDGRD_4387,0
NDGRD_4388,0
NDGRD_4389,0
NDGRD_4390,0
NDGRD_4391,0
NDGRD_4392,0
NDGRD_4393,0
NDGRD_4394,0
NDGRD_4395,0
NDGRD_4396,0
NDGRD_4397,0
NDGRD_4398,0
NDGRD_4399,0
NDGRD_4400,0
NDGRD_4401,0
NDGRD_4402,0
NDGRD_4403,0
NDGRD_4404,0
NDGRD_4405,0
NDGRD_4406,0
NDGRD_4407,0
NDGRD_4408,0
NDGRD_4409,0
NDGRD_4410,0
NDGRD_4411,0
NDGRD_4412,0
NDGRD_4413,0
NDGRD_4414,0
NDGRD_4415,0
NDGRD_4416,0
NDGRD_4417,0
NDGRD_4418,0
NDGRD_4419,0
NDGRD_4420,0
NDGRD_4421,0
NDGRD_4422,0
NDGRD_4423,0
NDGRD_4424,0
NDGRD_4425,0
NDGRD_4426,0
NDGRD_4427,0
NDGRD_4428,0
NDGRD_4429,0
NDGRD_4430,0
NDGRD_4431,0
NDGRD_4432,0
NDGRD_4433,0
NDGRD_4434,0
NDGRD_4435,0
NDGRD_4436,0
NDGRD_4437,0
NDGRD_4438,0
NDGRD_4439,0
NDGRD_4440,0
NDGRD_4441,0
NDGRD_4442,0
NDGRD_4443,0
NDGRD_4444,0
NDGRD_4445,0
NDGRD_4446,0
NDGRD_4447,0
NDGRD_4448,0
NDGRD_4449,0
NDGRD_4450,0
NDGRD_4451,0
NDGRD_4452,0
NDGRD_4453,0
NDGRD_4454,0
NDGRD_4455,0
NDGRD_4456,0
NDGRD_4457,0
NDGRD_4458,0
NDGRD_4459,0
NDGRD_4460,0
NDGRD_4461,0
NDGRD_4462,0
NDGRD_4463,0
NDGRD_4464,0
NDGRD_4465,0
NDGRD_4466,0
NDGRD_4467,0
NDGRD_4468,0
NDGRD_4469,0
NDGRD_4470,0
NDGRD_4471,0
NDGRD_4472,0
NDGRD_4473,0
NDGRD_4474,0
NDGRD_4475,0
NDGRD_4476,0
NDGRD_4477,0
NDGRD_4478,0
NDGRD_4479,0
NDGRD_4480,0
NDGRD_4481,0
NDGRD_4482,0
NDGRD_4483,0
NDGRD_4484,0
NDGRD_4485,0
NDGRD_4486,0
NDGRD_4487,0
NDGRD_4488,0
NDGRD_4489,0
NDGRD_4490,0
NDGRD_4491,0
NDGRD_4492,0
NDGRD_4493,0
NDGRD_4494,0
NDGRD_4495,0
NDGRD_4496,0
NDGRD_4497,0
NDGRD_4498,0
NDGRD_4499,0
NDGRD_4500,0
NDGRD_4501,0
NDGRD_4502,0
NDGRD_4503,0
NDGRD_4504,0
NDGRD_4505,0
NDGRD_4506,0
NDGRD_4507,0
NDGRD_4508,0
NDGRD_4509,0
NDGRD_4510,0
NDGRD_4511,0
NDGRD_4512,0
NDGRD_4513,0
NDGRD_4514,0
NDGRD_4515,0
NDGRD_4516,0
NDGRD_4517,0
NDGRD_4518,0
NDGRD_4519,0
NDGRD_4520,0
NDGRD_4521,0
NDGRD_4522,0
NDGRD_4523,0
NDGRD_4524,0
NDGRD_4525,0
NDGRD_4526,0
NDGRD_4527,0
NDGRD_4528,0
NDGRD_4529,0
NDGRD_4530,0
NDGRD_4531,0
NDGRD_4532,0
NDGRD_4533,0
NDGRD_4534,0
NDGRD_4535,0
NDGRD_4536,0
NDGRD_4537,0
NDGRD_4538,0
NDGRD_4539,0
NDGRD_4540,0
NDGRD_4541,0
NDGRD_4542,0
NDGRD_4543,0
NDGRD_4544,0
NDGRD_4545,0
NDGRD_4546,0
NDGRD_4547,0
NDGRD_4548,0
NDGRD_4549,0
NDGRD_4550,0
NDGRD_4551,0
NDGRD_4552,0
NDGRD_4553,0
NDGRD_4554,0
NDGRD_4555,0
NDGRD_4556,0
NDGRD_4557,0
NDGRD_4558,0
NDGRD_4559,0
NDGRD_4560,0
NDGRD_4561,0
NDGRD_4562,0
NDGRD_4563,0
NDGRD_4564,0
NDGRD_4565,0
NDGRD_4566,0
NDGRD_4567,0
NDGRD_4568,0
NDGRD_4569,0
NDGRD_4570,0
NDGRD_4571,0
NDGRD_4572,0
NDGRD_4573,0
NDGRD_4574,0
NDGRD_4575,0
NDGRD_4576,0
NDGRD_4577,0
NDGRD_4578,0
NDGRD_4579,0
NDGRD_4580,0
NDGRD_4581,0
NDGRD_4582,0
NDGRD_4583,0
NDGRD_4584,0
NDGRD_4585,0
NDGRD_4586,0
NDGRD_4587,0
NDGRD_4588,0
NDGRD_4589,0
NDGRD_4590,0
NDGRD_4591,0
NDGRD_4592,0
NDGRD_4593,0
NDGRD_4594,0
NDGRD_4595,0
NDGRD_4596,0
NDGRD_4597,0
NDGRD_4598,0
NDGRD_4599,0
NDGRD_4600,0
NDGRD_4601,0
NDGRD_4602,0
NDGRD_4603,0
NDGRD_4604,0
NDGRD_4605,0
NDGRD_4606,0
NDGRD_4607,0
NDGRD_4608,0
NDGRD_4609,0
NDGRD_4610,0
NDGRD_4611,0
NDGRD_4612,0
NDGRD_4613,0
NDGRD_4614,0
NDGRD_4615,0
NDGRD_4616,0
NDGRD_4617,0
NDGRD_4618,0
NDGRD_4619,0
NDGRD_4620,0
NDGRD_4621,0
NDGRD_4622,0
NDGRD_4623,0
NDGRD_4624,0
NDGRD_4625,0
NDGRD_4626,0
NDGRD_4627,0
NDGRD_4628,0
NDGRD_4629,0
NDGRD_4630,0
NDGRD_4631,0
NDGRD_4632,0
NDGRD_4633,0
NDGRD_4634,0
NDGRD_4635,0
NDGRD_4636,0
NDGRD_4637,0
NDGRD_4638,0
NDGRD_4639,0
NDGRD_4640,0
NDGRD_4641,0
NDGRD_4642,0
NDGRD_4643,0
NDGRD_4644,0
NDGRD_4645,0
NDGRD_4646,0
NDGRD_4647,0
NDGRD_4648,0
NDGRD_4649,0
NDGRD_4650,0
NDGRD_4651,0
NDGRD_4652,0
NDGRD_4653,0
NDGRD_4654,0
NDGRD_4655,0
NDGRD_4656,0
NDGRD_4657,0
NDGRD_4658,0
NDGRD_4659,0
NDGRD_4660,0
NDGRD_4661,0
NDGRD_4662,0
NDGRD_4663,0
NDGRD_4664,0
NDGRD_4665,0
NDGRD_4666,0
NDGRD_4667,0
NDGRD_4668,0
NDGRD_4669,0
NDGRD_4670,0
NDGRD_4671,0
NDGRD_4672,0
NDGRD_4673,0
NDGRD_4674,0
NDGRD_4675,0
NDGRD_4676,0
NDGRD_4677,0
NDGRD_4678,0
NDGRD_4679,0
NDGRD_4680,0
NDGRD_4681,0
NDGRD_4682,0
NDGRD_4683,0
NDGRD_4684,0
NDGRD_4685,0
NDGRD_4686,0
NDGRD_4687,0
NDGRD_4688,0
NDGRD_4689,0
NDGRD_4690,0
NDGRD_4691,0
NDGRD_4692,0
NDGRD_4693,0
NDGRD_4694,0
NDGRD_4695,0
NDGRD_4696,0
NDGRD_4697,0
NDGRD_4698,0
NDGRD_4699,0
NDGRD_4700,0
NDGRD_4701,0
NDGRD_4702,0
NDGRD_4703,0
NDGRD_4704,0
NDGRD_4705,0
NDGRD_4706,0
NDGRD_4707,0
NDGRD_4708,0
NDGRD_4709,0
NDGRD_4710,0
NDGRD_4711,0
NDGRD_4712,0
NDGRD_4713,0
NDGRD_4714,0
NDGRD_4715,0
NDGRD_4716,0
NDGRD_4717,0
NDGRD_4718,0
NDGRD_4719,0
NDGRD_4720,0
NDGRD_4721,0
NDGRD_4722,0
NDGRD_4723,0
NDGRD_4724,0
NDGRD_4725,0
NDGRD_4726,0
NDGRD_4727,0
NDGRD_4728,0
NDGRD_4729,0
NDGRD_4730,0
NDGRD_4731,0
NDGRD_4732,0
NDGRD_4733,0
NDGRD_4734,0
NDGRD_4735,0
NDGRD_4736,0
NDGRD_4737,0
NDGRD_4738,0
NDGRD_4739,0
NDGRD_4740,0
NDGRD_4741,0
NDGRD_4742,0
NDGRD_4743,0
NDGRD_4744,0
NDGRD_4745,0
NDGRD_4746,0
NDGRD_4747,0
NDGRD_4748,0
NDGRD_4749,0
NDGRD_4750,0
NDGRD_4751,0
NDGRD_4752,0
NDGRD_4753,0
NDGRD_4754,0
NDGRD_4755,0
NDGRD_4756,0
NDGRD_4757,0
NDGRD_4758,0
NDGRD_4759,0
NDGRD_4760,0
NDGRD_4761,0
NDGRD_4762,0
NDGRD_4763,0
NDGRD_4764,0
NDGRD_4765,0
NDGRD_4766,0
NDGRD_4767,0
NDGRD_4768,0
NDGRD_4769,0
NDGRD_4770,0
NDGRD_4771,0
NDGRD_4772,0
NDGRD_4773,0
NDGRD_4774,0
NDGRD_4775,0
NDGRD_4776,0
NDGRD_4777,0
NDGRD_4778,0
NDGRD_4779,0
NDGRD_4780,0
NDGRD_4781,0
NDGRD_4782,0
NDGRD_4783,0
NDGRD_4784,0
NDGRD_4785,0
NDGRD_4786,0
NDGRD_4787,0
NDGRD_4788,0
NDGRD_4789,0
NDGRD_4790,0
NDGRD_4791,0
NDGRD_4792,0
NDGRD_4793,0
NDGRD_4794,0
NDGRD_4795,0
NDGRD_4796,0
NDGRD_4797,0
NDGRD_4798,0
NDGRD_4799,0
NDGRD_4800,0
NDGRD_4801,0
NDGRD_4802,0
NDGRD_4803,0
NDGRD_4804,0
NDGRD_4805,0
NDGRD_4806,0
NDGRD_4807,0
NDGRD_4808,0
NDGRD_4809,0
NDGRD_4810,0
NDGRD_4811,0
NDGRD_4812,0
NDGRD_4813,0
NDGRD_4814,0
NDGRD_4815,0
NDGRD_4816,0
NDGRD_4817,0
NDGRD_4818,0
NDGRD_4819,0
NDGRD_4820,0
NDGRD_4821,0
NDGRD_4822,0
NDGRD_4823,0
NDGRD_4824,0
NDGRD_4825,0
NDGRD_4826,0
NDGRD_4827,0
NDGRD_4828,0
NDGRD_4829,0
NDGRD_4830,0
NDGRD_4831,0
NDGRD_4832,0
NDGRD_4833,0
NDGRD_4834,0
NDGRD_4835,0
NDGRD_4836,0
NDGRD_4837,0
NDGRD_4838,0
NDGRD_4839,0
NDGRD_4840,0
NDGRD_4841,0
NDGRD_4842,0
NDGRD_4843,0
NDGRD_4844,0
NDGRD_4845,0
NDGRD_4846,0
NDGRD_4847,0
NDGRD_4848,0
NDGRD_4849,0
NDGRD_4850,0
NDGRD_4851,0
NDGRD_4852,0
NDGRD_4853,0
NDGRD_4854,0
NDGRD_4855,0
NDGRD_4856,0
NDGRD_4857,0
NDGRD_4858,0
NDGRD_4859,0
NDGRD_4860,0
NDGRD_4861,0
NDGRD_4862,0
NDGRD_4863,0
NDGRD_4864,0
NDGRD_4865,0
NDGRD_4866,0
NDGRD_4867,0
NDGRD_4868,0
NDGRD_4869,0
NDGRD_4870,0
NDGRD_4871,0
NDGRD_4872,0
NDGRD_4873,0
NDGRD_4874,0
NDGRD_4875,0
NDGRD_4876,0
NDGRD_4877,0
NDGRD_4878,0
NDGRD_4879,0
NDGRD_4880,0
NDGRD_4881,0
NDGRD_4882,0
NDGRD_4883,0
NDGRD_4884,0
NDGRD_4885,0
NDGRD_4886,0
NDGRD_4887,0
NDGRD_4888,0
NDGRD_4889,0
NDGRD_4890,0
NDGRD_4891,0
NDGRD_4892,0
NDGRD_4893,0
NDGRD_4894,0
NDGRD_4895,0
NDGRD_4896,0
NDGRD_4897,0
NDGRD_4898,0
NDGRD_4899,0
NDGRD_4900,0
NDGRD_4901,0
NDGRD_4902,0
NDGRD_4903,0
NDGRD_4904,0
NDGRD_4905,0
NDGRD_4906,0
NDGRD_4907,0
NDGRD_4908,0
NDGRD_4909,0
NDGRD_4910,0
NDGRD_4911,0
NDGRD_4912,0
NDGRD_4913,0
NDGRD_4914,0
NDGRD_4915,0
NDGRD_4916,0
NDGRD_4917,0
NDGRD_4918,0
NDGRD_4919,0
NDGRD_4920,0
NDGRD_4921,0
NDGRD_4922,0
NDGRD_4923,0
NDGRD_4924,0
NDGRD_4925,0
NDGRD_4926,0
NDGRD_4927,0
NDGRD_4928,0
NDGRD_4929,0
NDGRD_4930,0
NDGRD_4931,0
NDGRD_4932,0
NDGRD_4933,0
NDGRD_4934,0
NDGRD_4935,0
NDGRD_4936,0
NDGRD_4937,0
NDGRD_4938,0
NDGRD_4939,0
NDGRD_4940,0
NDGRD_4941,0
NDGRD_4942,0
NDGRD_4943,0
NDGRD_4944,0
NDGRD_4945,0
NDGRD_4946,0
NDGRD_4947,0
NDGRD_4948,0
NDGRD_4949,0
NDGRD_4950,0
NDGRD_4951,0
NDGRD_4952,0
NDGRD_4953,0
NDGRD_4954,0
NDGRD_4955,0
NDGRD_4956,0
NDGRD_4957,0
NDGRD_4958,0
NDGRD_4959,0
NDGRD_4960,0
NDGRD_4961,0
NDGRD_4962,0
NDGRD_4963,0
NDGRD_4964,0
NDGRD_4965,0
NDGRD_4966,0
NDGRD_4967,0
NDGRD_4968,0
NDGRD_4969,0
NDGRD_4970,0
NDGRD_4971,0
NDGRD_4972,0
NDGRD_4973,0
NDGRD_4974,0
NDGRD_4975,0
NDGRD_4976,0
NDGRD_4977,0
NDGRD_4978,0
NDGRD_4979,0
NDGRD_4980,0
NDGRD_4981,0
NDGRD_4982,0
NDGRD_4983,0
NDGRD_4984,0
NDGRD_4985,0
NDGRD_4986,0
NDGRD_4987,0
NDGRD_4988,0
NDGRD_4989,0
NDGRD_4990,0
NDGRD_4991,0
NDGRD_4992,0
NDGRD_4993,0
NDGRD_4994,0
NDGRD_4995,0
NDGRD_4996,0
NDGRD_4997,0
NDGRD_4998,0
NDGRD_4999,0
NDGRD_5000,0
NDGRD_5001,0
NDGRD_5002,0
NDGRD_5003,0
NDGRD_5004,0
NDGRD_5005,0
NDGRD_5006,0
NDGRD_5007,0
NDGRD_5008,0
NDGRD_5009,0
NDGRD_5010,0
NDGRD_5011,0
NDGRD_5012,0
NDGRD_5013,0
NDGRD_5014,0
NDGRD_5015,0
NDGRD_5016,0
NDGRD_5017,0
NDGRD_5018,0
NDGRD_5019,0
NDGRD_5020,0
NDGRD_5021,0
NDGRD_5022,0
NDGRD_5023,0
NDGRD_5024,0
NDGRD_5025,0
NDGRD_5026,0
NDGRD_5027,0
NDGRD_5028,0
NDGRD_5029,0
NDGRD_5030,0
NDGRD_5031,0
NDGRD_5032,0
NDGRD_5033,0
NDGRD_5034,0
NDGRD_5035,0
NDGRD_5036,0
NDGRD_5037,0
NDGRD_5038,0
NDGRD_5039,0
NDGRD_5040,0
NDGRD_5041,0
NDGRD_5042,0
NDGRD_5043,0
NDGRD_5044,0
NDGRD_5045,0
NDGRD_5046,0
NDGRD_5047,0
NDGRD_5048,0
NDGRD_5049,0
NDGRD_5050,0
NDGRD_5051,0
NDGRD_5052,0
NDGRD_5053,0
NDGRD_5054,0
NDGRD_5055,0
NDGRD_5056,0
NDGRD_5057,0
NDGRD_5058,0
NDGRD_5059,0
NDGRD_5060,0
NDGRD_5061,0
NDGRD_5062,0
NDGRD_5063,0
NDGRD_5064,0
NDGRD_5065,0
NDGRD_5066,0
NDGRD_5067,0
NDGRD_5068,0
NDGRD_5069,0
NDGRD_5070,0
NDGRD_5071,0
NDGRD_5072,0
NDGRD_5073,0
NDGRD_5074,0
NDGRD_5075,0
NDGRD_5076,0
NDGRD_5077,0
NDGRD_5078,0
NDGRD_5079,0
NDGRD_5080,0
NDGRD_5081,0
NDGRD_5082,0
NDGRD_5083,0
NDGRD_5084,0
NDGRD_5085,0
NDGRD_5086,0
NDGRD_5087,0
NDGRD_5088,0
NDGRD_5089,0
NDGRD_5090,0
NDGRD_5091,0
NDGRD_5092,0
NDGRD_5093,0
NDGRD_5094,0
NDGRD_5095,0
NDGRD_5096,0
NDGRD_5097,0
NDGRD_5098,0
NDGRD_5099,0
NDGRD_5100,0
NDGRD_5101,0
NDGRD_5102,0
NDGRD_5103,0
NDGRD_5104,0
NDGRD_5105,0
NDGRD_5106,0
NDGRD_5107,0
NDGRD_5108,0
NDGRD_5109,0
NDGRD_5110,0
NDGRD_5111,0
NDGRD_5112,0
NDGRD_5113,0
NDGRD_5114,0
NDGRD_5115,0
NDGRD_5116,0
NDGRD_5117,0
NDGRD_5118,0
NDGRD_5119,0
NDGRD_5120,0
NDGRD_5121,0
NDGRD_5122,0
NDGRD_5123,0
NDGRD_5124,0
NDGRD_5125,0
NDGRD_5126,0
NDGRD_5127,0
NDGRD_5128,0
NDGRD_5129,0
NDGRD_5130,0
NDGRD_5131,0
NDGRD_5132,0
NDGRD_5133,0
NDGRD_5134,0
NDGRD_5135,0
NDGRD_5136,0
NDGRD_5137,0
NDGRD_5138,0
NDGRD_5139,0
NDGRD_5140,0
NDGRD_5141,0
NDGRD_5142,0
NDGRD_5143,0
NDGRD_5144,0
NDGRD_5145,0
NDGRD_5146,0
NDGRD_5147,0
NDGRD_5148,0
NDGRD_5149,0
NDGRD_5150,0
NDGRD_5151,0
NDGRD_5152,0
NDGRD_5153,0
NDGRD_5154,0
NDGRD_5155,0
NDGRD_5156,0
NDGRD_5157,0
NDGRD_5158,0
NDGRD_5159,0
NDGRD_5160,0
NDGRD_5161,0
NDGRD_5162,0
NDGRD_5163,0
NDGRD_5164,0
NDGRD_5165,0
NDGRD_5166,0
NDGRD_5167,0
NDGRD_5168,0
NDGRD_5169,0
NDGRD_5170,0
NDGRD_5171,0
NDGRD_5172,0
NDGRD_5173,0
NDGRD_5174,0
NDGRD_5175,0
NDGRD_5176,0
NDGRD_5177,0
NDGRD_5178,0
NDGRD_5179,0
NDGRD_5180,0
NDGRD_5181,0
NDGRD_5182,0
NDGRD_5183,0
NDGRD_5184,0
NDGRD_5185,0
NDGRD_5186,0
NDGRD_5187,0
NDGRD_5188,0
NDGRD_5189,0
NDGRD_5190,0
NDGRD_5191,0
NDGRD_5192,0
NDGRD_5193,0
NDGRD_5194,0
NDGRD_5195,0
NDGRD_5196,0
NDGRD_5197,0
NDGRD_5198,0
NDGRD_5199,0
NDGRD_5200,0
NDGRD_5201,0
NDGRD_5202,0
NDGRD_5203,0
NDGRD_5204,0
NDGRD_5205,0
NDGRD_5206,0
NDGRD_5207,0
NDGRD_5208,0
NDGRD_5209,0
NDGRD_5210,0
NDGRD_5211,0
NDGRD_5212,0
NDGRD_5213,0
NDGRD_5214,0
NDGRD_5215,0
NDGRD_5216,0
NDGRD_5217,0
NDGRD_5218,0
NDGRD_5219,0
NDGRD_5220,0
NDGRD_5221,0
NDGRD_5222,0
NDGRD_5223,0
NDGRD_5224,0
NDGRD_5225,0
NDGRD_5226,0
NDGRD_5227,0
NDGRD_5228,0
NDGRD_5229,0
NDGRD_5230,0
NDGRD_5231,0
NDGRD_5232,0
NDGRD_5233,0
NDGRD_5234,0
NDGRD_5235,0
NDGRD_5236,0
NDGRD_5237,0
NDGRD_5238,0
NDGRD_5239,0
NDGRD_5240,0
NDGRD_5241,0
NDGRD_5242,0
NDGRD_5243,0
NDGRD_5244,0
NDGRD_5245,0
NDGRD_5246,0
NDGRD_5247,0
NDGRD_5248,0
NDGRD_5249,0
NDGRD_5250,0
NDGRD_5251,0
NDGRD_5252,0
NDGRD_5253,0
NDGRD_5254,0
NDGRD_5255,0
NDGRD_5256,0
NDGRD_5257,0
NDGRD_5258,0
NDGRD_5259,0
NDGRD_5260,0
NDGRD_5261,0
NDGRD_5262,0
NDGRD_5263,0
NDGRD_5264,0
NDGRD_5265,0
NDGRD_5266,0
NDGRD_5267,0
NDGRD_5268,0
NDGRD_5269,0
NDGRD_5270,0
NDGRD_5271,0
NDGRD_5272,0
NDGRD_5273,0
NDGRD_5274,0
NDGRD_5275,0
NDGRD_5276,0
NDGRD_5277,0
NDGRD_5278,0
NDGRD_5279,0
NDGRD_5280,0
NDGRD_5281,0
NDGRD_5282,0
NDGRD_5283,0
NDGRD_5284,0
NDGRD_5285,0
NDGRD_5286,0
NDGRD_5287,0
NDGRD_5288,0
NDGRD_5289,0
NDGRD_5290,0
NDGRD_5291,0
NDGRD_5292,0
NDGRD_5293,0
NDGRD_5294,0
NDGRD_5295,0
NDGRD_5296,0
NDGRD_5297,0
NDGRD_5298,0
NDGRD_5299,0
NDGRD_5300,0
NDGRD_5301,0
NDGRD_5302,0
NDGRD_5303,0
NDGRD_5304,0
NDGRD_5305,0
NDGRD_5306,0
NDGRD_5307,0
NDGRD_5308,0
NDGRD_5309,0
NDGRD_5310,0
NDGRD_5311,0
NDGRD_5312,0
NDGRD_5313,0
NDGRD_5314,0
NDGRD_5315,0
NDGRD_5316,0
NDGRD_5317,0
NDGRD_5318,0
NDGRD_5319,0
NDGRD_5320,0
NDGRD_5321,0
NDGRD_5322,0
NDGRD_5323,0
NDGRD_5324,0
NDGRD_5325,0
NDGRD_5326,0
NDGRD_5327,0
NDGRD_5328,0
NDGRD_5329,0
NDGRD_5330,0
NDGRD_5331,0
NDGRD_5332,0
NDGRD_5333,0
NDGRD_5334,0
NDGRD_5335,0
NDGRD_5336,0
NDGRD_5337,0
NDGRD_5338,0
NDGRD_5339,0
NDGRD_5340,0
NDGRD_5341,0
NDGRD_5342,0
NDGRD_5343,0
NDGRD_5344,0
NDGRD_5345,0
NDGRD_5346,0
NDGRD_5347,0
NDGRD_5348,0
NDGRD_5349,0
NDGRD_5350,0
NDGRD_5351,0
NDGRD_5352,0
NDGRD_5353,0
NDGRD_5354,0
NDGRD_5355,0
NDGRD_5356,0
NDGRD_5357,0
NDGRD_5358,0
NDGRD_5359,0
NDGRD_5360,0
NDGRD_5361,0
NDGRD_5362,0
NDGRD_5363,0
NDGRD_5364,0
NDGRD_5365,0
NDGRD_5366,0
NDGRD_5367,0
NDGRD_5368,0
NDGRD_5369,0
NDGRD_5370,0
NDGRD_5371,0
NDGRD_5372,0
NDGRD_5373,0
NDGRD_5374,0
NDGRD_5375,0
NDGRD_5376,0
NDGRD_5377,0
NDGRD_5378,0
NDGRD_5379,0
NDGRD_5380,0
NDGRD_5381,0
NDGRD_5382,0
NDGRD_5383,0
NDGRD_5384,0
NDGRD_5385,0
NDGRD_5386,0
NDGRD_5387,0
NDGRD_5388,0
NDGRD_5389,0
NDGRD_5390,0
NDGRD_5391,0
NDGRD_5392,0
NDGRD_5393,0
NDGRD_5394,0
NDGRD_5395,0
NDGRD_5396,0
NDGRD_5397,0
NDGRD_5398,0
NDGRD_5399,0
NDGRD_5400,0
NDGRD_5401,0
NDGRD_5402,0
NDGRD_5403,0
NDGRD_5404,0
NDGRD_5405,0
NDGRD_5406,0
NDGRD_5407,0
NDGRD_5408,0
NDGRD_5409,0
NDGRD_5410,0
NDGRD_5411,0
NDGRD_5412,0
NDGRD_5413,0
NDGRD_5414,0
NDGRD_5415,0
NDGRD_5416,0
NDGRD_5417,0
NDGRD_5418,0
NDGRD_5419,0
NDGRD_5420,0
NDGRD_5421,0
NDGRD_5422,0
NDGRD_5423,0
NDGRD_5424,0
NDGRD_5425,0
NDGRD_5426,0
NDGRD_5427,0
NDGRD_5428,0
NDGRD_5429,0
NDGRD_5430,0
NDGRD_5431,0
NDGRD_5432,0
NDGRD_5433,0
NDGRD_5434,0
NDGRD_5435,0
NDGRD_5436,0
NDGRD_5437,0
NDGRD_5438,0
NDGRD_5439,0
NDGRD_5440,0
NDGRD_5441,0
NDGRD_5442,0
NDGRD_5443,0
NDGRD_5444,0
NDGRD_5445,0
NDGRD_5446,0
NDGRD_5447,0
NDGRD_5448,0
NDGRD_5449,0
NDGRD_5450,0
NDGRD_5451,0
NDGRD_5452,0
NDGRD_5453,0
NDGRD_5454,0
NDGRD_5455,0
NDGRD_5456,0
NDGRD_5457,0
NDGRD_5458,0
NDGRD_5459,0
NDGRD_5460,0
NDGRD_5461,0
NDGRD_5462,0
NDGRD_5463,0
NDGRD_5464,0
NDGRD_5465,0
NDGRD_5466,0
NDGRD_5467,0
NDGRD_5468,0
NDGRD_5469,0
NDGRD_5470,0
NDGRD_5471,0
NDGRD_5472,0
NDGRD_5473,0
NDGRD_5474,0
NDGRD_5475,0
NDGRD_5476,0
NDGRD_5477,0
NDGRD_5478,0
NDGRD_5479,0
NDGRD_5480,0
NDGRD_5481,0
NDGRD_5482,0
NDGRD_5483,0
NDGRD_5484,0
NDGRD_5485,0
NDGRD_5486,0
NDGRD_5487,0
NDGRD_5488,0
NDGRD_5489,0
NDGRD_5490,0
NDGRD_5491,0
NDGRD_5492,0
NDGRD_5493,0
NDGRD_5494,0
NDGRD_5495,0
NDGRD_5496,0
NDGRD_5497,0
NDGRD_5498,0
NDGRD_5499,0
NDGRD_5500,0
NDGRD_5501,0
NDGRD_5502,0
NDGRD_5503,0
NDGRD_5504,0
NDGRD_5505,0
NDGRD_5506,0
NDGRD_5507,0
NDGRD_5508,0
NDGRD_5509,0
NDGRD_5510,0
NDGRD_5511,0
NDGRD_5512,0
NDGRD_5513,0
NDGRD_5514,0
NDGRD_5515,0
NDGRD_5516,0
NDGRD_5517,0
NDGRD_5518,0
NDGRD_5519,0
NDGRD_5520,0
NDGRD_5521,0
NDGRD_5522,0
NDGRD_5523,0
NDGRD_5524,0
NDGRD_5525,0
NDGRD_5526,0
NDGRD_5527,0
NDGRD_5528,0
NDGRD_5529,0
NDGRD_5530,0
NDGRD_5531,0
NDGRD_5532,0
NDGRD_5533,0
NDGRD_5534,0
NDGRD_5535,0
NDGRD_5536,0
NDGRD_5537,0
NDGRD_5538,0
NDGRD_5539,0
NDGRD_5540,0
NDGRD_5541,0
NDGRD_5542,0
NDGRD_5543,0
NDGRD_5544,0
NDGRD_5545,0
NDGRD_5546,0
NDGRD_5547,0
NDGRD_5548,0
NDGRD_5549,0
NDGRD_5550,0
NDGRD_5551,0
NDGRD_5552,0
NDGRD_5553,0
NDGRD_5554,0
NDGRD_5555,0
NDGRD_5556,0
NDGRD_5557,0
NDGRD_5558,0
NDGRD_5559,0
NDGRD_5560,0
NDGRD_5561,0
NDGRD_5562,0
NDGRD_5563,0
NDGRD_5564,0
NDGRD_5565,0
NDGRD_5566,0
NDGRD_5567,0
NDGRD_5568,0
NDGRD_5569,0
NDGRD_5570,0
NDGRD_5571,0
NDGRD_5572,0
NDGRD_5573,0
NDGRD_5574,0
NDGRD_5575,0
NDGRD_5576,0
NDGRD_5577,0
NDGRD_5578,0
NDGRD_5579,0
NDGRD_5580,0
NDGRD_5581,0
NDGRD_5582,0
NDGRD_5583,0
NDGRD_5584,0
NDGRD_5585,0
NDGRD_5586,0
NDGRD_5587,0
NDGRD_5588,0
NDGRD_5589,0
NDGRD_5590,0
NDGRD_5591,0
NDGRD_5592,0
NDGRD_5593,0
NDGRD_5594,0
NDGRD_5595,0
NDGRD_5596,0
NDGRD_5597,0
NDGRD_5598,0
NDGRD_5599,0
NDGRD_5600,0
NDGRD_5601,0
NDGRD_5602,0
NDGRD_5603,0
NDGRD_5604,0
NDGRD_5605,0
NDGRD_5606,0
NDGRD_5607,0
NDGRD_5608,0
NDGRD_5609,0
NDGRD_5610,0
NDGRD_5611,0
NDGRD_5612,0
NDGRD_5613,0
NDGRD_5614,0
NDGRD_5615,0
NDGRD_5616,0
NDGRD_5617,0
NDGRD_5618,0
NDGRD_5619,0
NDGRD_5620,0
NDGRD_5621,0
NDGRD_5622,0
NDGRD_5623,0
NDGRD_5624,0
NDGRD_5625,0
NDGRD_5626,0
NDGRD_5627,0
NDGRD_5628,0
NDGRD_5629,0
NDGRD_5630,0
NDGRD_5631,0
NDGRD_5632,0
NDGRD_5633,0
NDGRD_5634,0
NDGRD_5635,0
NDGRD_5636,0
NDGRD_5637,0
NDGRD_5638,0
NDGRD_5639,0
NDGRD_5640,0
NDGRD_5641,0
NDGRD_5642,0
NDGRD_5643,0
NDGRD_5644,0
NDGRD_5645,0
NDGRD_5646,0
NDGRD_5647,0
NDGRD_5648,0
NDGRD_5649,0
NDGRD_5650,0
NDGRD_5651,0
NDGRD_5652,0
NDGRD_5653,0
NDGRD_5654,0
NDGRD_5655,0
NDGRD_5656,0
NDGRD_5657,0
NDGRD_5658,0
NDGRD_5659,0
NDGRD_5660,0
NDGRD_5661,0
NDGRD_5662,0
NDGRD_5663,0
NDGRD_5664,0
NDGRD_5665,0
NDGRD_5666,0
NDGRD_5667,0
NDGRD_5668,0
NDGRD_5669,0
NDGRD_5670,0
NDGRD_5671,0
NDGRD_5672,0
NDGRD_5673,0
NDGRD_5674,0
NDGRD_5675,0
NDGRD_5676,0
NDGRD_5677,0
NDGRD_5678,0
NDGRD_5679,0
NDGRD_5680,0
NDGRD_5681,0
NDGRD_5682,0
NDGRD_5683,0
NDGRD_5684,0
NDGRD_5685,0
NDGRD_5686,0
NDGRD_5687,0
NDGRD_5688,0
NDGRD_5689,0
NDGRD_5690,0
NDGRD_5691,0
NDGRD_5692,0
NDGRD_5693,0
NDGRD_5694,0
NDGRD_5695,0
NDGRD_5696,0
NDGRD_5697,0
NDGRD_5698,0
NDGRD_5699,0
NDGRD_5700,0
NDGRD_5701,0
NDGRD_5702,0
NDGRD_5703,0
NDGRD_5704,0
NDGRD_5705,0
NDGRD_5706,0
NDGRD_5707,0
NDGRD_5708,0
NDGRD_5709,0
NDGRD_5710,0
NDGRD_5711,0
NDGRD_5712,0
NDGRD_5713,0
NDGRD_5714,0
NDGRD_5715,0
NDGRD_5716,0
NDGRD_5717,0
NDGRD_5718,0
NDGRD_5719,0
NDGRD_5720,0
NDGRD_5721,0
NDGRD_5722,0
NDGRD_5723,0
NDGRD_5724,0
NDGRD_5725,0
NDGRD_5726,0
NDGRD_5727,0
NDGRD_5728,0
NDGRD_5729,0
NDGRD_5730,0
NDGRD_5731,0
NDGRD_5732,0
NDGRD_5733,0
NDGRD_5734,0
NDGRD_5735,0
NDGRD_5736,0
NDGRD_5737,0
NDGRD_5738,0
NDGRD_5739,0
NDGRD_5740,0
NDGRD_5741,0
NDGRD_5742,0
NDGRD_5743,0
NDGRD_5744,0
NDGRD_5745,0
NDGRD_5746,0
NDGRD_5747,0
NDGRD_5748,0
NDGRD_5749,0
NDGRD_5750,0
NDGRD_5751,0
NDGRD_5752,0
NDGRD_5753,0
NDGRD_5754,0
NDGRD_5755,0
NDGRD_5756,0
NDGRD_5757,0
NDGRD_5758,0
NDGRD_5759,0
NDGRD_5760,0
NDGRD_5761,0
NDGRD_5762,0
NDGRD_5763,0
NDGRD_5764,0
NDGRD_5765,0
NDGRD_5766,0
NDGRD_5767,0
NDGRD_5768,0
NDGRD_5769,0
NDGRD_5770,0
NDGRD_5771,0
NDGRD_5772,0
NDGRD_5773,0
NDGRD_5774,0
NDGRD_5775,0
NDGRD_5776,0
NDGRD_5777,0
NDGRD_5778,0
NDGRD_5779,0
NDGRD_5780,0
NDGRD_5781,0
NDGRD_5782,0
NDGRD_5783,0
NDGRD_5784,0
NDGRD_5785,0
NDGRD_5786,0
NDGRD_5787,0
NDGRD_5788,0
NDGRD_5789,0
NDGRD_5790,0
NDGRD_5791,0
NDGRD_5792,0
NDGRD_5793,0
NDGRD_5794,0
NDGRD_5795,0
NDGRD_5796,0
NDGRD_5797,0
NDGRD_5798,0
NDGRD_5799,0
NDGRD_5800,0
NDGRD_5801,0
NDGRD_5802,0
NDGRD_5803,0
NDGRD_5804,0
NDGRD_5805,0
NDGRD_5806,0
NDGRD_5807,0
NDGRD_5808,0
NDGRD_5809,0
NDGRD_5810,0
NDGRD_5811,0
NDGRD_5812,0
NDGRD_5813,0
NDGRD_5814,0
NDGRD_5815,0
NDGRD_5816,0
NDGRD_5817,0
NDGRD_5818,0
NDGRD_5819,0
NDGRD_5820,0
NDGRD_5821,0
NDGRD_5822,0
NDGRD_5823,0
NDGRD_5824,0
NDGRD_5825,0
NDGRD_5826,0
NDGRD_5827,0
NDGRD_5828,0
NDGRD_5829,0
NDGRD_5830,0
NDGRD_5831,0
NDGRD_5832,0
NDGRD_5833,0
NDGRD_5834,0
NDGRD_5835,0
NDGRD_5836,0
NDGRD_5837,0
NDGRD_5838,0
NDGRD_5839,0
NDGRD_5840,0
NDGRD_5841,0
NDGRD_5842,0
NDGRD_5843,0
NDGRD_5844,0
NDGRD_5845,0
NDGRD_5846,0
NDGRD_5847,0
NDGRD_5848,0
NDGRD_5849,0
NDGRD_5850,0
NDGRD_5851,0
NDGRD_5852,0
NDGRD_5853,0
NDGRD_5854,0
NDGRD_5855,0
NDGRD_5856,0
NDGRD_5857,0
NDGRD_5858,0
NDGRD_5859,0
NDGRD_5860,0
NDGRD_5861,0
NDGRD_5862,0
NDGRD_5863,0
NDGRD_5864,0
NDGRD_5865,0
NDGRD_5866,0
NDGRD_5867,0
NDGRD_5868,0
NDGRD_5869,0
NDGRD_5870,0
NDGRD_5871,0
NDGRD_5872,0
NDGRD_5873,0
NDGRD_5874,0
NDGRD_5875,0
NDGRD_5876,0
NDGRD_5877,0
NDGRD_5878,0
NDGRD_5879,0
NDGRD_5880,0
NDGRD_5881,0
NDGRD_5882,0
NDGRD_5883,0
NDGRD_5884,0
NDGRD_5885,0
NDGRD_5886,0
NDGRD_5887,0
NDGRD_5888,0
NDGRD_5889,0
NDGRD_5890,0
NDGRD_5891,0
NDGRD_5892,0
NDGRD_5893,0
NDGRD_5894,0
NDGRD_5895,0
NDGRD_5896,0
NDGRD_5897,0
NDGRD_5898,0
NDGRD_5899,0
NDGRD_5900,0
NDGRD_5901,0
NDGRD_5902,0
NDGRD_5903,0
NDGRD_5904,0
NDGRD_5905,0
NDGRD_5906,0
NDGRD_5907,0
NDGRD_5908,0
NDGRD_5909,0
NDGRD_5910,0
NDGRD_5911,0
NDGRD_5912,0
NDGRD_5913,0
NDGRD_5914,0
NDGRD_5915,0
NDGRD_5916,0
NDGRD_5917,0
NDGRD_5918,0
NDGRD_5919,0
NDGRD_5920,0
NDGRD_5921,0
NDGRD_5922,0
NDGRD_5923,0
NDGRD_5924,0
NDGRD_5925,0
NDGRD_5926,0
NDGRD_5927,0
NDGRD_5928,0
NDGRD_5929,0
NDGRD_5930,0
NDGRD_5931,0
NDGRD_5932,0
NDGRD_5933,0
NDGRD_5934,0
NDGRD_5935,0
NDGRD_5936,0
NDGRD_5937,0
NDGRD_5938,0
NDGRD_5939,0
NDGRD_5940,0
NDGRD_5941,0
NDGRD_5942,0
NDGRD_5943,0
NDGRD_5944,0
NDGRD_5945,0
NDGRD_5946,0
NDGRD_5947,0
NDGRD_5948,0
NDGRD_5949,0
NDGRD_5950,0
NDGRD_5951,0
NDGRD_5952,0
NDGRD_5953,0
NDGRD_5954,0
NDGRD_5955,0
NDGRD_5956,0
NDGRD_5957,0
NDGRD_5958,0
NDGRD_5959,0
NDGRD_5960,0
NDGRD_5961,0
NDGRD_5962,0
NDGRD_5963,0
NDGRD_5964,0
NDGRD_5965,0
NDGRD_5966,0
NDGRD_5967,0
NDGRD_5968,0
NDGRD_5969,0
NDGRD_5970,0
NDGRD_5971,0
NDGRD_5972,0
NDGRD_5973,0
NDGRD_5974,0
NDGRD_5975,0
NDGRD_5976,0
NDGRD_5977,0
NDGRD_5978,0
NDGRD_5979,0
NDGRD_5980,0
NDGRD_5981,0
NDGRD_5982,0
NDGRD_5983,0
NDGRD_5984,0
NDGRD_5985,0
NDGRD_5986,0
NDGRD_5987,0
NDGRD_5988,0
NDGRD_5989,0
NDGRD_5990,0
NDGRD_5991,0
NDGRD_5992,0
NDGRD_5993,0
NDGRD_5994,0
NDGRD_5995,0
NDGRD_5996,0
NDGRD_5997,0
NDGRD_5998,0
NDGRD_5999,0
NDGRD_6000,0
NDGRD_6001,0
NDGRD_6002,0
NDGRD_6003,0
NDGRD_6004,0
NDGRD_6005,0
NDGRD_6006,0
NDGRD_6007,0
NDGRD_6008,0
NDGRD_6009,0
NDGRD_6010,0
NDGRD_6011,0
NDGRD_6012,0
NDGRD_6013,0
NDGRD_6014,0
NDGRD_6015,0
NDGRD_6016,0
NDGRD_6017,0
NDGRD_6018,0
NDGRD_6019,0
NDGRD_6020,0
NDGRD_6021,0
NDGRD_6022,0
NDGRD_6023,0
NDGRD_6024,0
NDGRD_6025,0
NDGRD_6026,0
NDGRD_6027,0
NDGRD_6028,0
NDGRD_6029,0
NDGRD_6030,0
NDGRD_6031,0
NDGRD_6032,0
NDGRD_6033,0
NDGRD_6034,0
NDGRD_6035,0
NDGRD_6036,0
NDGRD_6037,0
NDGRD_6038,0
NDGRD_6039,0
NDGRD_6040,0
NDGRD_6041,0
NDGRD_6042,0
NDGRD_6043,0
NDGRD_6044,0
NDGRD_6045,0
NDGRD_6046,0
NDGRD_6047,0
NDGRD_6048,0
NDGRD_6049,0
NDGRD_6050,0
NDGRD_6051,0
NDGRD_6052,0
NDGRD_6053,0
NDGRD_6054,0
NDGRD_6055,0
NDGRD_6056,0
NDGRD_6057,0
NDGRD_6058,0
NDGRD_6059,0
NDGRD_6060,0
NDGRD_6061,0
NDGRD_6062,0
NDGRD_6063,0
NDGRD_6064,0
NDGRD_6065,0
NDGRD_6066,0
NDGRD_6067,0
NDGRD_6068,0
NDGRD_6069,0
NDGRD_6070,0
NDGRD_6071,0
NDGRD_6072,0
NDGRD_6073,0
NDGRD_6074,0
NDGRD_6075,0
NDGRD_6076,0
NDGRD_6077,0
NDGRD_6078,0
NDGRD_6079,0
NDGRD_6080,0
NDGRD_6081,0
NDGRD_6082,0
NDGRD_6083,0
NDGRD_6084,0
NDGRD_6085,0
NDGRD_6086,0
NDGRD_6087,0
NDGRD_6088,0
NDGRD_6089,0
NDGRD_6090,0
NDGRD_6091,0
NDGRD_6092,0
NDGRD_6093,0
NDGRD_6094,0
NDGRD_6095,0
NDGRD_6096,0
NDGRD_6097,0
NDGRD_6098,0
NDGRD_6099,0
NDGRD_6100,0
NDGRD_6101,0
NDGRD_6102,0
NDGRD_6103,0
NDGRD_6104,0
NDGRD_6105,0
NDGRD_6106,0
NDGRD_6107,0
NDGRD_6108,0
NDGRD_6109,0
NDGRD_6110,0
NDGRD_6111,0
NDGRD_6112,0
NDGRD_6113,0
NDGRD_6114,0
NDGRD_6115,0
NDGRD_6116,0
NDGRD_6117,0
NDGRD_6118,0
NDGRD_6119,0
NDGRD_6120,0
NDGRD_6121,0
NDGRD_6122,0
NDGRD_6123,0
NDGRD_6124,0
NDGRD_6125,0
NDGRD_6126,0
NDGRD_6127,0
NDGRD_6128,0
NDGRD_6129,0
NDGRD_6130,0
NDGRD_6131,0
NDGRD_6132,0
NDGRD_6133,0
NDGRD_6134,0
NDGRD_6135,0
NDGRD_6136,0
NDGRD_6137,0
NDGRD_6138,0
NDGRD_6139,0
NDGRD_6140,0
NDGRD_6141,0
NDGRD_6142,0
NDGRD_6143,0
NDGRD_6144,0
NDGRD_6145,0
NDGRD_6146,0
NDGRD_6147,0
NDGRD_6148,0
NDGRD_6149,0
NDGRD_6150,0
NDGRD_6151,0
NDGRD_6152,0
NDGRD_6153,0
NDGRD_6154,0
NDGRD_6155,0
NDGRD_6156,0
NDGRD_6157,0
NDGRD_6158,0
NDGRD_6159,0
NDGRD_6160,0
NDGRD_6161,0
NDGRD_6162,0
NDGRD_6163,0
NDGRD_6164,0
NDGRD_6165,0
NDGRD_6166,0
NDGRD_6167,0
NDGRD_6168,0
NDGRD_6169,0
NDGRD_6170,0
NDGRD_6171,0
NDGRD_6172,0
NDGRD_6173,0
NDGRD_6174,0
NDGRD_6175,0
NDGRD_6176,0
NDGRD_6177,0
NDGRD_6178,0
NDGRD_6179,0
NDGRD_6180,0
NDGRD_6181,0
NDGRD_6182,0
NDGRD_6183,0
NDGRD_6184,0
NDGRD_6185,0
NDGRD_6186,0
NDGRD_6187,0
NDGRD_6188,0
NDGRD_6189,0
NDGRD_6190,0
NDGRD_6191,0
NDGRD_6192,0
NDGRD_6193,0
NDGRD_6194,0
NDGRD_6195,0
NDGRD_6196,0
NDGRD_6197,0
NDGRD_6198,0
NDGRD_6199,0
NDGRD_6200,0
NDGRD_6201,0
NDGRD_6202,0
NDGRD_6203,0
NDGRD_6204,0
NDGRD_6205,0
NDGRD_6206,0
NDGRD_6207,0
NDGRD_6208,0
NDGRD_6209,0
NDGRD_6210,0
NDGRD_6211,0
NDGRD_6212,0
NDGRD_6213,0
NDGRD_6214,0
NDGRD_6215,0
NDGRD_6216,0
NDGRD_6217,0
NDGRD_6218,0
NDGRD_6219,0
NDGRD_6220,0
NDGRD_6221,0
NDGRD_6222,0
NDGRD_6223,0
NDGRD_6224,0
NDGRD_6225,0
NDGRD_6226,0
NDGRD_6227,0
NDGRD_6228,0
NDGRD_6229,0
NDGRD_6230,0
NDGRD_6231,0
NDGRD_6232,0
NDGRD_6233,0
NDGRD_6234,0
NDGRD_6235,0
NDGRD_6236,0
NDGRD_6237,0
NDGRD_6238,0
NDGRD_6239,0
NDGRD_6240,0
NDGRD_6241,0
NDGRD_6242,0
NDGRD_6243,0
NDGRD_6244,0
NDGRD_6245,0
NDGRD_6246,0
NDGRD_6247,0
NDGRD_6248,0
NDGRD_6249,0
NDGRD_6250,0
NDGRD_6251,0
NDGRD_6252,0
NDGRD_6253,0
NDGRD_6254,0
NDGRD_6255,0
NDGRD_6256,0
NDGRD_6257,0
NDGRD_6258,0
NDGRD_6259,0
NDGRD_6260,0
NDGRD_6261,0
NDGRD_6262,0
NDGRD_6263,0
NDGRD_6264,0
NDGRD_6265,0
NDGRD_6266,0
NDGRD_6267,0
NDGRD_6268,0
NDGRD_6269,0
NDGRD_6270,0
NDGRD_6271,0
NDGRD_6272,0
NDGRD_6273,0
NDGRD_6274,0
NDGRD_6275,0
NDGRD_6276,0
NDGRD_6277,0
NDGRD_6278,0
NDGRD_6279,0
NDGRD_6280,0
NDGRD_6281,0
NDGRD_6282,0
NDGRD_6283,0
NDGRD_6284,0
NDGRD_6285,0
NDGRD_6286,0
NDGRD_6287,0
NDGRD_6288,0
NDGRD_6289,0
NDGRD_6290,0
NDGRD_6291,0
NDGRD_6292,0
NDGRD_6293,0
NDGRD_6294,0
NDGRD_6295,0
NDGRD_6296,0
NDGRD_6297,0
NDGRD_6298,0
NDGRD_6299,0
NDGRD_6300,0
NDGRD_6301,0
NDGRD_6302,0
NDGRD_6303,0
NDGRD_6304,0
NDGRD_6305,0
NDGRD_6306,0
NDGRD_6307,0
NDGRD_6308,0
NDGRD_6309,0
NDGRD_6310,0
NDGRD_6311,0
NDGRD_6312,0
NDGRD_6313,0
NDGRD_6314,0
NDGRD_6315,0
NDGRD_6316,0
NDGRD_6317,0
NDGRD_6318,0
NDGRD_6319,0
NDGRD_6320,0
NDGRD_6321,0
NDGRD_6322,0
NDGRD_6323,0
NDGRD_6324,0
NDGRD_6325,0
NDGRD_6326,0
NDGRD_6327,0
NDGRD_6328,0
NDGRD_6329,0
NDGRD_6330,0
NDGRD_6331,0
NDGRD_6332,0
NDGRD_6333,0
NDGRD_6334,0
NDGRD_6335,0
NDGRD_6336,0
NDGRD_6337,0
NDGRD_6338,0
NDGRD_6339,0
NDGRD_6340,0
NDGRD_6341,0
NDGRD_6342,0
NDGRD_6343,0
NDGRD_6344,0
NDGRD_6345,0
NDGRD_6346,0
NDGRD_6347,0
NDGRD_6348,0
NDGRD_6349,0
NDGRD_6350,0
NDGRD_6351,0
NDGRD_6352,0
NDGRD_6353,0
NDGRD_6354,0
NDGRD_6355,0
NDGRD_6356,0
NDGRD_6357,0
NDGRD_6358,0
NDGRD_6359,0
NDGRD_6360,0
NDGRD_6361,0
NDGRD_6362,0
NDGRD_6363,0
NDGRD_6364,0
NDGRD_6365,0
NDGRD_6366,0
NDGRD_6367,0
NDGRD_6368,0
NDGRD_6369,0
NDGRD_6370,0
NDGRD_6371,0
NDGRD_6372,0
NDGRD_6373,0
NDGRD_6374,0
NDGRD_6375,0
NDGRD_6376,0
NDGRD_6377,0
NDGRD_6378,0
NDGRD_6379,0
NDGRD_6380,0
NDGRD_6381,0
NDGRD_6382,0
NDGRD_6383,0
NDGRD_6384,0
NDGRD_6385,0
NDGRD_6386,0
NDGRD_6387,0
NDGRD_6388,0
NDGRD_6389,0
NDGRD_6390,0
NDGRD_6391,0
NDGRD_6392,0
NDGRD_6393,0
NDGRD_6394,0
NDGRD_6395,0
NDGRD_6396,0
NDGRD_6397,0
NDGRD_6398,0
NDGRD_6399,0
NDGRD_6400,0
NDGRD_6401,0
NDGRD_6402,0
NDGRD_6403,0
NDGRD_6404,0
NDGRD_6405,0
NDGRD_6406,0
NDGRD_6407,0
NDGRD_6408,0
NDGRD_6409,0
NDGRD_6410,0
NDGRD_6411,0
NDGRD_6412,0
NDGRD_6413,0
NDGRD_6414,0
NDGRD_6415,0
NDGRD_6416,0
NDGRD_6417,0
NDGRD_6418,0
NDGRD_6419,0
NDGRD_6420,0
NDGRD_6421,0
NDGRD_6422,0
NDGRD_6423,0
NDGRD_6424,0
NDGRD_6425,0
NDGRD_6426,0
NDGRD_6427,0
NDGRD_6428,0
NDGRD_6429,0
NDGRD_6430,0
NDGRD_6431,0
NDGRD_6432,0
NDGRD_6433,0
NDGRD_6434,0
NDGRD_6435,0
NDGRD_6436,0
NDGRD_6437,0
NDGRD_6438,0
NDGRD_6439,0
NDGRD_6440,0
NDGRD_6441,0
NDGRD_6442,0
NDGRD_6443,0
NDGRD_6444,0
NDGRD_6445,0
NDGRD_6446,0
NDGRD_6447,0
NDGRD_6448,0
NDGRD_6449,0
NDGRD_6450,0
NDGRD_6451,0
NDGRD_6452,0
NDGRD_6453,0
NDGRD_6454,0
NDGRD_6455,0
NDGRD_6456,0
NDGRD_6457,0
NDGRD_6458,0
NDGRD_6459,0
NDGRD_6460,0
NDGRD_6461,0
NDGRD_6462,0
NDGRD_6463,0
NDGRD_6464,0
NDGRD_6465,0
NDGRD_6466,0
NDGRD_6467,0
NDGRD_6468,0
NDGRD_6469,0
NDGRD_6470,0
NDGRD_6471,0
NDGRD_6472,0
NDGRD_6473,0
NDGRD_6474,0
NDGRD_6475,0
NDGRD_6476,0
NDGRD_6477,0
NDGRD_6478,0
NDGRD_6479,0
NDGRD_6480,0
NDGRD_6481,0
NDGRD_6482,0
NDGRD_6483,0
NDGRD_6484,0
NDGRD_6485,0
NDGRD_6486,0
NDGRD_6487,0
NDGRD_6488,0
NDGRD_6489,0
NDGRD_6490,0
NDGRD_6491,0
NDGRD_6492,0
NDGRD_6493,0
NDGRD_6494,0
NDGRD_6495,0
NDGRD_6496,0
NDGRD_6497,0
NDGRD_6498,0
NDGRD_6499,0
NDGRD_6500,0
NDGRD_6501,0
NDGRD_6502,0
NDGRD_6503,0
NDGRD_6504,0
NDGRD_6505,0
NDGRD_6506,0
NDGRD_6507,0
NDGRD_6508,0
NDGRD_6509,0
NDGRD_6510,0
NDGRD_6511,0
NDGRD_6512,0
NDGRD_6513,0
NDGRD_6514,0
NDGRD_6515,0
NDGRD_6516,0
NDGRD_6517,0
NDGRD_6518,0
NDGRD_6519,0
NDGRD_6520,0
NDGRD_6521,0
NDGRD_6522,0
NDGRD_6523,0
NDGRD_6524,0
NDGRD_6525,0
NDGRD_6526,0
NDGRD_6527,0
NDGRD_6528,0
NDGRD_6529,0
NDGRD_6530,0
NDGRD_6531,0
NDGRD_6532,0
NDGRD_6533,0
NDGRD_6534,0
NDGRD_6535,0
NDGRD_6536,0
NDGRD_6537,0
NDGRD_6538,0
NDGRD_6539,0
NDGRD_6540,0
NDGRD_6541,0
NDGRD_6542,0
NDGRD_6543,0
NDGRD_6544,0
NDGRD_6545,0
NDGRD_6546,0
NDGRD_6547,0
NDGRD_6548,0
NDGRD_6549,0
NDGRD_6550,0
NDGRD_6551,0
NDGRD_6552,0
NDGRD_6553,0
NDGRD_6554,0
NDGRD_6555,0
NDGRD_6556,0
NDGRD_6557,0
NDGRD_6558,0
NDGRD_6559,0
NDGRD_6560,0
NDGRD_6561,0
NDGRD_6562,0
NDGRD_6563,0
NDGRD_6564,0
NDGRD_6565,0
NDGRD_6566,0
NDGRD_6567,0
NDGRD_6568,0
NDGRD_6569,0
NDGRD_6570,0
NDGRD_6571,0
NDGRD_6572,0
NDGRD_6573,0
NDGRD_6574,0
NDGRD_6575,0
NDGRD_6576,0
NDGRD_6577,0
NDGRD_6578,0
NDGRD_6579,0
NDGRD_6580,0
NDGRD_6581,0
NDGRD_6582,0
NDGRD_6583,0
NDGRD_6584,0
NDGRD_6585,0
NDGRD_6586,0
NDGRD_6587,0
NDGRD_6588,0
NDGRD_6589,0
NDGRD_6590,0
NDGRD_6591,0
NDGRD_6592,0
NDGRD_6593,0
NDGRD_6594,0
NDGRD_6595,0
NDGRD_6596,0
NDGRD_6597,0
NDGRD_6598,0
NDGRD_6599,0
NDGRD_6600,0
NDGRD_6601,0
NDGRD_6602,0
NDGRD_6603,0
NDGRD_6604,0
NDGRD_6605,0
NDGRD_6606,0
NDGRD_6607,0
NDGRD_6608,0
NDGRD_6609,0
NDGRD_6610,0
NDGRD_6611,0
NDGRD_6612,0
NDGRD_6613,0
NDGRD_6614,0
NDGRD_6615,0
NDGRD_6616,0
NDGRD_6617,0
NDGRD_6618,0
NDGRD_6619,0
NDGRD_6620,0
NDGRD_6621,0
NDGRD_6622,0
NDGRD_6623,0
NDGRD_6624,0
NDGRD_6625,0
NDGRD_6626,0
NDGRD_6627,0
NDGRD_6628,0
NDGRD_6629,0
NDGRD_6630,0
NDGRD_6631,0
NDGRD_6632,0
NDGRD_6633,0
NDGRD_6634,0
NDGRD_6635,0
NDGRD_6636,0
NDGRD_6637,0
NDGRD_6638,0
NDGRD_6639,0
NDGRD_6640,0
NDGRD_6641,0
NDGRD_6642,0
NDGRD_6643,0
NDGRD_6644,0
NDGRD_6645,0
NDGRD_6646,0
NDGRD_6647,0
NDGRD_6648,0
NDGRD_6649,0
NDGRD_6650,0
NDGRD_6651,0
NDGRD_6652,0
NDGRD_6653,0
NDGRD_6654,0
NDGRD_6655,0
NDGRD_6656,0
NDGRD_6657,0
NDGRD_6658,0
NDGRD_6659,0
NDGRD_6660,0
NDGRD_6661,0
NDGRD_6662,0
NDGRD_6663,0
NDGRD_6664,0
NDGRD_6665,0
NDGRD_6666,0
NDGRD_6667,0
NDGRD_6668,0
NDGRD_6669,0
NDGRD_6670,0
NDGRD_6671,0
NDGRD_6672,0
NDGRD_6673,0
NDGRD_6674,0
NDGRD_6675,0
NDGRD_6676,0
NDGRD_6677,0
NDGRD_6678,0
NDGRD_6679,0
NDGRD_6680,0
NDGRD_6681,0
NDGRD_6682,0
NDGRD_6683,0
NDGRD_6684,0
NDGRD_6685,0
NDGRD_6686,0
NDGRD_6687,0
NDGRD_6688,0
NDGRD_6689,0
NDGRD_6690,0
NDGRD_6691,0
NDGRD_6692,0
NDGRD_6693,0
NDGRD_6694,0
NDGRD_6695,0
NDGRD_6696,0
NDGRD_6697,0
NDGRD_6698,0
NDGRD_6699,0
NDGRD_6700,0
NDGRD_6701,0
NDGRD_6702,0
NDGRD_6703,0
NDGRD_6704,0
NDGRD_6705,0
NDGRD_6706,0
NDGRD_6707,0
NDGRD_6708,0
NDGRD_6709,0
NDGRD_6710,0
NDGRD_6711,0
NDGRD_6712,0
NDGRD_6713,0
NDGRD_6714,0
NDGRD_6715,0
NDGRD_6716,0
NDGRD_6717,0
NDGRD_6718,0
NDGRD_6719,0
NDGRD_6720,0
NDGRD_6721,0
NDGRD_6722,0
NDGRD_6723,0
NDGRD_6724,0
NDGRD_6725,0
NDGRD_6726,0
NDGRD_6727,0
NDGRD_6728,0
NDGRD_6729,0
NDGRD_6730,0
NDGRD_6731,0
NDGRD_6732,0
NDGRD_6733,0
NDGRD_6734,0
NDGRD_6735,0
NDGRD_6736,0
NDGRD_6737,0
NDGRD_6738,0
NDGRD_6739,0
NDGRD_6740,0
NDGRD_6741,0
NDGRD_6742,0
NDGRD_6743,0
NDGRD_6744,0
NDGRD_6745,0
NDGRD_6746,0
NDGRD_6747,0
NDGRD_6748,0
NDGRD_6749,0
NDGRD_6750,0
NDGRD_6751,0
NDGRD_6752,0
NDGRD_6753,0
NDGRD_6754,0
NDGRD_6755,0
NDGRD_6756,0
NDGRD_6757,0
NDGRD_6758,0
NDGRD_6759,0
NDGRD_6760,0
NDGRD_6761,0
NDGRD_6762,0
NDGRD_6763,0
NDGRD_6764,0
NDGRD_6765,0
NDGRD_6766,0
NDGRD_6767,0
NDGRD_6768,0
NDGRD_6769,0
NDGRD_6770,0
NDGRD_6771,0
NDGRD_6772,0
NDGRD_6773,0
NDGRD_6774,0
NDGRD_6775,0
NDGRD_6776,0
NDGRD_6777,0
NDGRD_6778,0
NDGRD_6779,0
NDGRD_6780,0
NDGRD_6781,0
NDGRD_6782,0
NDGRD_6783,0
NDGRD_6784,0
NDGRD_6785,0
NDGRD_6786,0
NDGRD_6787,0
NDGRD_6788,0
NDGRD_6789,0
NDGRD_6790,0
NDGRD_6791,0
NDGRD_6792,0
NDGRD_6793,0
NDGRD_6794,0
NDGRD_6795,0
NDGRD_6796,0
NDGRD_6797,0
NDGRD_6798,0
NDGRD_6799,0
NDGRD_6800,0
NDGRD_6801,0
NDGRD_6802,0
NDGRD_6803,0
NDGRD_6804,0
NDGRD_6805,0
NDGRD_6806,0
NDGRD_6807,0
NDGRD_6808,0
NDGRD_6809,0
NDGRD_6810,0
NDGRD_6811,0
NDGRD_6812,0
NDGRD_6813,0
NDGRD_6814,0
NDGRD_6815,0
NDGRD_6816,0
NDGRD_6817,0
NDGRD_6818,0
NDGRD_6819,0
NDGRD_6820,0
NDGRD_6821,0
NDGRD_6822,0
NDGRD_6823,0
NDGRD_6824,0
NDGRD_6825,0
NDGRD_6826,0
NDGRD_6827,0
NDGRD_6828,0
NDGRD_6829,0
NDGRD_6830,0
NDGRD_6831,0
NDGRD_6832,0
NDGRD_6833,0
NDGRD_6834,0
NDGRD_6835,0
NDGRD_6836,0
NDGRD_6837,0
NDGRD_6838,0
NDGRD_6839,0
NDGRD_6840,0
NDGRD_6841,0
NDGRD_6842,0
NDGRD_6843,0
NDGRD_6844,0
NDGRD_6845,0
NDGRD_6846,0
NDGRD_6847,0
NDGRD_6848,0
NDGRD_6849,0
NDGRD_6850,0
NDGRD_6851,0
NDGRD_6852,0
NDGRD_6853,0
NDGRD_6854,0
NDGRD_6855,0
NDGRD_6856,0
NDGRD_6857,0
NDGRD_6858,0
NDGRD_6859,0
NDGRD_6860,0
NDGRD_6861,0
NDGRD_6862,0
NDGRD_6863,0
NDGRD_6864,0
NDGRD_6865,0
NDGRD_6866,0
NDGRD_6867,0
NDGRD_6868,0
NDGRD_6869,0
NDGRD_6870,0
NDGRD_6871,0
NDGRD_6872,0
NDGRD_6873,0
NDGRD_6874,0
NDGRD_6875,0
NDGRD_6876,0
NDGRD_6877,0
NDGRD_6878,0
NDGRD_6879,0
NDGRD_6880,0
NDGRD_6881,0
NDGRD_6882,0
NDGRD_6883,0
NDGRD_6884,0
NDGRD_6885,0
NDGRD_6886,0
NDGRD_6887,0
NDGRD_6888,0
NDGRD_6889,0
NDGRD_6890,0
NDGRD_6891,0
NDGRD_6892,0
NDGRD_6893,0
NDGRD_6894,0
NDGRD_6895,0
NDGRD_6896,0
NDGRD_6897,0
NDGRD_6898,0
NDGRD_6899,0
NDGRD_6900,0
NDGRD_6901,0
NDGRD_6902,0
NDGRD_6903,0
NDGRD_6904,0
NDGRD_6905,0
NDGRD_6906,0
NDGRD_6907,0
NDGRD_6908,0
NDGRD_6909,0
NDGRD_6910,0
NDGRD_6911,0
NDGRD_6912,0
NDGRD_6913,0
NDGRD_6914,0
NDGRD_6915,0
NDGRD_6916,0
NDGRD_6917,0
NDGRD_6918,0
NDGRD_6919,0
NDGRD_6920,0
NDGRD_6921,0
NDGRD_6922,0
NDGRD_6923,0
NDGRD_6924,0
NDGRD_6925,0
NDGRD_6926,0
NDGRD_6927,0
NDGRD_6928,0
NDGRD_6929,0
NDGRD_6930,0
NDGRD_6931,0
NDGRD_6932,0
NDGRD_6933,0
NDGRD_6934,0
NDGRD_6935,0
NDGRD_6936,0
NDGRD_6937,0
NDGRD_6938,0
NDGRD_6939,0
NDGRD_6940,0
NDGRD_6941,0
NDGRD_6942,0
NDGRD_6943,0
NDGRD_6944,0
NDGRD_6945,0
NDGRD_6946,0
NDGRD_6947,0
NDGRD_6948,0
NDGRD_6949,0
NDGRD_6950,0
NDGRD_6951,0
NDGRD_6952,0
NDGRD_6953,0
NDGRD_6954,0
NDGRD_6955,0
NDGRD_6956,0
NDGRD_6957,0
NDGRD_6958,0
NDGRD_6959,0
NDGRD_6960,0
NDGRD_6961,0
NDGRD_6962,0
NDGRD_6963,0
NDGRD_6964,0
NDGRD_6965,0
NDGRD_6966,0
NDGRD_6967,0
NDGRD_6968,0
NDGRD_6969,0
NDGRD_6970,0
NDGRD_6971,0
NDGRD_6972,0
NDGRD_6973,0
NDGRD_6974,0
NDGRD_6975,0
NDGRD_6976,0
NDGRD_6977,0
NDGRD_6978,0
NDGRD_6979,0
NDGRD_6980,0
NDGRD_6981,0
NDGRD_6982,0
NDGRD_6983,0
NDGRD_6984,0
NDGRD_6985,0
NDGRD_6986,0
NDGRD_6987,0
NDGRD_6988,0
NDGRD_6989,0
NDGRD_6990,0
NDGRD_6991,0
NDGRD_6992,0
NDGRD_6993,0
NDGRD_6994,0
NDGRD_6995,0
NDGRD_6996,0
NDGRD_6997,0
NDGRD_6998,0
NDGRD_6999,0
NDGRD_7000,0
NDGRD_7001,0
NDGRD_7002,0
NDGRD_7003,0
NDGRD_7004,0
NDGRD_7005,0
NDGRD_7006,0
NDGRD_7007,0
NDGRD_7008,0
NDGRD_7009,0
NDGRD_7010,0
NDGRD_7011,0
NDGRD_7012,0
NDGRD_7013,0
NDGRD_7014,0
NDGRD_7015,0
NDGRD_7016,0
NDGRD_7017,0
NDGRD_7018,0
NDGRD_7019,0
NDGRD_7020,0
NDGRD_7021,0
NDGRD_7022,0
NDGRD_7023,0
NDGRD_7024,0
NDGRD_7025,0
NDGRD_7026,0
NDGRD_7027,0
NDGRD_7028,0
NDGRD_7029,0
NDGRD_7030,0
NDGRD_7031,0
NDGRD_7032,0
NDGRD_7033,0
NDGRD_7034,0
NDGRD_7035,0
NDGRD_7036,0
NDGRD_7037,0
NDGRD_7038,0
NDGRD_7039,0
NDGRD_7040,0
NDGRD_7041,0
NDGRD_7042,0
NDGRD_7043,0
NDGRD_7044,0
NDGRD_7045,0
NDGRD_7046,0
NDGRD_7047,0
NDGRD_7048,0
NDGRD_7049,0
NDGRD_7050,0
NDGRD_7051,0
NDGRD_7052,0
NDGRD_7053,0
NDGRD_7054,0
NDGRD_7055,0
NDGRD_7056,0
NDGRD_7057,0
NDGRD_7058,0
NDGRD_7059,0
NDGRD_7060,0
NDGRD_7061,0
NDGRD_7062,0
NDGRD_7063,0
NDGRD_7064,0
NDGRD_7065,0
NDGRD_7066,0
NDGRD_7067,0
NDGRD_7068,0
NDGRD_7069,0
NDGRD_7070,0
NDGRD_7071,0
NDGRD_7072,0
NDGRD_7073,0
NDGRD_7074,0
NDGRD_7075,0
NDGRD_7076,0
NDGRD_7077,0
NDGRD_7078,0
NDGRD_7079,0
NDGRD_7080,0
NDGRD_7081,0
NDGRD_7082,0
NDGRD_7083,0
NDGRD_7084,0
NDGRD_7085,0
NDGRD_7086,0
NDGRD_7087,0
NDGRD_7088,0
NDGRD_7089,0
NDGRD_7090,0
NDGRD_7091,0
NDGRD_7092,0
NDGRD_7093,0
NDGRD_7094,0
NDGRD_7095,0
NDGRD_7096,0
NDGRD_7097,0
NDGRD_7098,0
NDGRD_7099,0
NDGRD_7100,0
NDGRD_7101,0
NDGRD_7102,0
NDGRD_7103,0
NDGRD_7104,0
NDGRD_7105,0
NDGRD_7106,0
NDGRD_7107,0
NDGRD_7108,0
NDGRD_7109,0
NDGRD_7110,0
NDGRD_7111,0
NDGRD_7112,0
NDGRD_7113,0
NDGRD_7114,0
NDGRD_7115,0
NDGRD_7116,0
NDGRD_7117,0
NDGRD_7118,0
NDGRD_7119,0
NDGRD_7120,0
NDGRD_7121,0
NDGRD_7122,0
NDGRD_7123,0
NDGRD_7124,0
NDGRD_7125,0
NDGRD_7126,0
NDGRD_7127,0
NDGRD_7128,0
NDGRD_7129,0
NDGRD_7130,0
NDGRD_7131,0
NDGRD_7132,0
NDGRD_7133,0
NDGRD_7134,0
NDGRD_7135,0
NDGRD_7136,0
NDGRD_7137,0
NDGRD_7138,0
NDGRD_7139,0
NDGRD_7140,0
NDGRD_7141,0
NDGRD_7142,0
NDGRD_7143,0
NDGRD_7144,0
NDGRD_7145,0
NDGRD_7146,0
NDGRD_7147,0
NDGRD_7148,0
NDGRD_7149,0
NDGRD_7150,0
NDGRD_7151,0
NDGRD_7152,0
NDGRD_7153,0
NDGRD_7154,0
NDGRD_7155,0
NDGRD_7156,0
NDGRD_7157,0
NDGRD_7158,0
NDGRD_7159,0
NDGRD_7160,0
NDGRD_7161,0
NDGRD_7162,0
NDGRD_7163,0
NDGRD_7164,0
NDGRD_7165,0
NDGRD_7166,0
NDGRD_7167,0
NDGRD_7168,0
NDGRD_7169,0
NDGRD_7170,0
NDGRD_7171,0
NDGRD_7172,0
NDGRD_7173,0
NDGRD_7174,0
NDGRD_7175,0
NDGRD_7176,0
NDGRD_7177,0
NDGRD_7178,0
NDGRD_7179,0
NDGRD_7180,0
NDGRD_7181,0
NDGRD_7182,0
NDGRD_7183,0
NDGRD_7184,0
NDGRD_7185,0
NDGRD_7186,0
NDGRD_7187,0
NDGRD_7188,0
NDGRD_7189,0
NDGRD_7190,0
NDGRD_7191,0
NDGRD_7192,0
NDGRD_7193,0
NDGRD_7194,0
NDGRD_7195,0
NDGRD_7196,0
NDGRD_7197,0
NDGRD_7198,0
NDGRD_7199,0
NDGRD_7200,0
NDGRD_7201,0
NDGRD_7202,0
NDGRD_7203,0
NDGRD_7204,0
NDGRD_7205,0
NDGRD_7206,0
NDGRD_7207,0
NDGRD_7208,0
NDGRD_7209,0
NDGRD_7210,0
NDGRD_7211,0
NDGRD_7212,0
NDGRD_7213,0
NDGRD_7214,0
NDGRD_7215,0
NDGRD_7216,0
NDGRD_7217,0
NDGRD_7218,0
NDGRD_7219,0
NDGRD_7220,0
NDGRD_7221,0
NDGRD_7222,0
NDGRD_7223,0
NDGRD_7224,0
NDGRD_7225,0
NDGRD_7226,0
NDGRD_7227,0
NDGRD_7228,0
NDGRD_7229,0
NDGRD_7230,0
NDGRD_7231,0
NDGRD_7232,0
NDGRD_7233,0
NDGRD_7234,0
NDGRD_7235,0
NDGRD_7236,0
NDGRD_7237,0
NDGRD_7238,0
NDGRD_7239,0
NDGRD_7240,0
NDGRD_7241,0
NDGRD_7242,0
NDGRD_7243,0
NDGRD_7244,0
NDGRD_7245,0
NDGRD_7246,0
NDGRD_7247,0
NDGRD_7248,0
NDGRD_7249,0
NDGRD_7250,0
NDGRD_7251,0
NDGRD_7252,0
NDGRD_7253,0
NDGRD_7254,0
NDGRD_7255,0
NDGRD_7256,0
NDGRD_7257,0
NDGRD_7258,0
NDGRD_7259,0
NDGRD_7260,0
NDGRD_7261,0
NDGRD_7262,0
NDGRD_7263,0
NDGRD_7264,0
NDGRD_7265,0
NDGRD_7266,0
NDGRD_7267,0
NDGRD_7268,0
NDGRD_7269,0
NDGRD_7270,0
NDGRD_7271,0
NDGRD_7272,0
NDGRD_7273,0
NDGRD_7274,0
NDGRD_7275,0
NDGRD_7276,0
NDGRD_7277,0
NDGRD_7278,0
NDGRD_7279,0
NDGRD_7280,0
NDGRD_7281,0
NDGRD_7282,0
NDGRD_7283,0
NDGRD_7284,0
NDGRD_7285,0
NDGRD_7286,0
NDGRD_7287,0
NDGRD_7288,0
NDGRD_7289,0
NDGRD_7290,0
NDGRD_7291,0
NDGRD_7292,0
NDGRD_7293,0
NDGRD_7294,0
NDGRD_7295,0
NDGRD_7296,0
NDGRD_7297,0
NDGRD_7298,0
NDGRD_7299,0
NDGRD_7300,0
NDGRD_7301,0
NDGRD_7302,0
NDGRD_7303,0
NDGRD_7304,0
NDGRD_7305,0
NDGRD_7306,0
NDGRD_7307,0
NDGRD_7308,0
NDGRD_7309,0
NDGRD_7310,0
NDGRD_7311,0
NDGRD_7312,0
NDGRD_7313,0
NDGRD_7314,0
NDGRD_7315,0
NDGRD_7316,0
NDGRD_7317,0
NDGRD_7318,0
NDGRD_7319,0
NDGRD_7320,0
NDGRD_7321,0
NDGRD_7322,0
NDGRD_7323,0
NDGRD_7324,0
NDGRD_7325,0
NDGRD_7326,0
NDGRD_7327,0
NDGRD_7328,0
NDGRD_7329,0
NDGRD_7330,0
NDGRD_7331,0
NDGRD_7332,0
NDGRD_7333,0
NDGRD_7334,0
NDGRD_7335,0
NDGRD_7336,0
NDGRD_7337,0
NDGRD_7338,0
NDGRD_7339,0
NDGRD_7340,0
NDGRD_7341,0
NDGRD_7342,0
NDGRD_7343,0
NDGRD_7344,0
NDGRD_7345,0
NDGRD_7346,0
NDGRD_7347,0
NDGRD_7348,0
NDGRD_7349,0
NDGRD_7350,0
NDGRD_7351,0
NDGRD_7352,0
NDGRD_7353,0
NDGRD_7354,0
NDGRD_7355,0
NDGRD_7356,0
NDGRD_7357,0
NDGRD_7358,0
NDGRD_7359,0
NDGRD_7360,0
NDGRD_7361,0
NDGRD_7362,0
NDGRD_7363,0
NDGRD_7364,0
NDGRD_7365,0
NDGRD_7366,0
NDGRD_7367,0
NDGRD_7368,0
NDGRD_7369,0
NDGRD_7370,0
NDGRD_7371,0
NDGRD_7372,0
NDGRD_7373,0
NDGRD_7374,0
NDGRD_7375,0
NDGRD_7376,0
NDGRD_7377,0
NDGRD_7378,0
NDGRD_7379,0
NDGRD_7380,0
NDGRD_7381,0
NDGRD_7382,0
NDGRD_7383,0
NDGRD_7384,0
NDGRD_7385,0
NDGRD_7386,0
NDGRD_7387,0
NDGRD_7388,0
NDGRD_7389,0
NDGRD_7390,0
NDGRD_7391,0
NDGRD_7392,0
NDGRD_7393,0
NDGRD_7394,0
NDGRD_7395,0
NDGRD_7396,0
NDGRD_7397,0
NDGRD_7398,0
NDGRD_7399,0
NDGRD_7400,0
NDGRD_7401,0
NDGRD_7402,0
NDGRD_7403,0
NDGRD_7404,0
NDGRD_7405,0
NDGRD_7406,0
NDGRD_7407,0
NDGRD_7408,0
NDGRD_7409,0
NDGRD_7410,0
NDGRD_7411,0
NDGRD_7412,0
NDGRD_7413,0
NDGRD_7414,0
NDGRD_7415,0
NDGRD_7416,0
NDGRD_7417,0
NDGRD_7418,0
NDGRD_7419,0
NDGRD_7420,0
NDGRD_7421,0
NDGRD_7422,0
NDGRD_7423,0
NDGRD_7424,0
NDGRD_7425,0
NDGRD_7426,0
NDGRD_7427,0
NDGRD_7428,0
NDGRD_7429,0
NDGRD_7430,0
NDGRD_7431,0
NDGRD_7432,0
NDGRD_7433,0
NDGRD_7434,0
NDGRD_7435,0
NDGRD_7436,0
NDGRD_7437,0
NDGRD_7438,0
NDGRD_7439,0
NDGRD_7440,0
NDGRD_7441,0
NDGRD_7442,0
NDGRD_7443,0
NDGRD_7444,0
NDGRD_7445,0
NDGRD_7446,0
NDGRD_7447,0
NDGRD_7448,0
NDGRD_7449,0
NDGRD_7450,0
NDGRD_7451,0
NDGRD_7452,0
NDGRD_7453,0
NDGRD_7454,0
NDGRD_7455,0
NDGRD_7456,0
NDGRD_7457,0
NDGRD_7458,0
NDGRD_7459,0
NDGRD_7460,0
NDGRD_7461,0
NDGRD_7462,0
NDGRD_7463,0
NDGRD_7464,0
NDGRD_7465,0
NDGRD_7466,0
NDGRD_7467,0
NDGRD_7468,0
NDGRD_7469,0
NDGRD_7470,0
NDGRD_7471,0
NDGRD_7472,0
NDGRD_7473,0
NDGRD_7474,0
NDGRD_7475,0
NDGRD_7476,0
NDGRD_7477,0
NDGRD_7478,0
NDGRD_7479,0
NDGRD_7480,0
NDGRD_7481,0
NDGRD_7482,0
NDGRD_7483,0
NDGRD_7484,0
NDGRD_7485,0
NDGRD_7486,0
NDGRD_7487,0
NDGRD_7488,0
NDGRD_7489,0
NDGRD_7490,0
NDGRD_7491,0
NDGRD_7492,0
NDGRD_7493,0
NDGRD_7494,0
NDGRD_7495,0
NDGRD_7496,0
NDGRD_7497,0
NDGRD_7498,0
NDGRD_7499,0
NDGRD_7500,0
NDGRD_7501,0
NDGRD_7502,0
NDGRD_7503,0
NDGRD_7504,0
NDGRD_7505,0
NDGRD_7506,0
NDGRD_7507,0
NDGRD_7508,0
NDGRD_7509,0
NDGRD_7510,0
NDGRD_7511,0
NDGRD_7512,0
NDGRD_7513,0
NDGRD_7514,0
NDGRD_7515,0
NDGRD_7516,0
NDGRD_7517,0
NDGRD_7518,0
NDGRD_7519,0
NDGRD_7520,0
NDGRD_7521,0
NDGRD_7522,0
NDGRD_7523,0
NDGRD_7524,0
NDGRD_7525,0
NDGRD_7526,0
NDGRD_7527,0
NDGRD_7528,0
NDGRD_7529,0
NDGRD_7530,0
NDGRD_7531,0
NDGRD_7532,0
NDGRD_7533,0
NDGRD_7534,0
NDGRD_7535,0
NDGRD_7536,0
NDGRD_7537,0
NDGRD_7538,0
NDGRD_7539,0
NDGRD_7540,0
NDGRD_7541,0
NDGRD_7542,0
NDGRD_7543,0
NDGRD_7544,0
NDGRD_7545,0
NDGRD_7546,0
NDGRD_7547,0
NDGRD_7548,0
NDGRD_7549,0
NDGRD_7550,0
NDGRD_7551,0
NDGRD_7552,0
NDGRD_7553,0
NDGRD_7554,0
NDGRD_7555,0
NDGRD_7556,0
NDGRD_7557,0
NDGRD_7558,0
NDGRD_7559,0
NDGRD_7560,0
NDGRD_7561,0
NDGRD_7562,0
NDGRD_7563,0
NDGRD_7564,0
NDGRD_7565,0
NDGRD_7566,0
NDGRD_7567,0
NDGRD_7568,0
NDGRD_7569,0
NDGRD_7570,0
NDGRD_7571,0
NDGRD_7572,0
NDGRD_7573,0
NDGRD_7574,0
NDGRD_7575,0
NDGRD_7576,0
NDGRD_7577,0
NDGRD_7578,0
NDGRD_7579,0
NDGRD_7580,0
NDGRD_7581,0
NDGRD_7582,0
NDGRD_7583,0
NDGRD_7584,0
NDGRD_7585,0
NDGRD_7586,0
NDGRD_7587,0
NDGRD_7588,0
NDGRD_7589,0
NDGRD_7590,0
NDGRD_7591,0
NDGRD_7592,0
NDGRD_7593,0
NDGRD_7594,0
NDGRD_7595,0
NDGRD_7596,0
NDGRD_7597,0
NDGRD_7598,0
NDGRD_7599,0
NDGRD_7600,0
NDGRD_7601,0
NDGRD_7602,0
NDGRD_7603,0
NDGRD_7604,0
NDGRD_7605,0
NDGRD_7606,0
NDGRD_7607,0
NDGRD_7608,0
NDGRD_7609,0
NDGRD_7610,0
NDGRD_7611,0
NDGRD_7612,0
NDGRD_7613,0
NDGRD_7614,0
NDGRD_7615,0
NDGRD_7616,0
NDGRD_7617,0
NDGRD_7618,0
NDGRD_7619,0
NDGRD_7620,0
NDGRD_7621,0
NDGRD_7622,0
NDGRD_7623,0
NDGRD_7624,0
NDGRD_7625,0
NDGRD_7626,0
NDGRD_7627,0
NDGRD_7628,0
NDGRD_7629,0
NDGRD_7630,0
NDGRD_7631,0
NDGRD_7632,0
NDGRD_7633,0
NDGRD_7634,0
NDGRD_7635,0
NDGRD_7636,0
NDGRD_7637,0
NDGRD_7638,0
NDGRD_7639,0
NDGRD_7640,0
NDGRD_7641,0
NDGRD_7642,0
NDGRD_7643,0
NDGRD_7644,0
NDGRD_7645,0
NDGRD_7646,0
NDGRD_7647,0
NDGRD_7648,0
NDGRD_7649,0
NDGRD_7650,0
NDGRD_7651,0
NDGRD_7652,0
NDGRD_7653,0
NDGRD_7654,0
NDGRD_7655,0
NDGRD_7656,0
NDGRD_7657,0
NDGRD_7658,0
NDGRD_7659,0
NDGRD_7660,0
NDGRD_7661,0
NDGRD_7662,0
NDGRD_7663,0
NDGRD_7664,0
NDGRD_7665,0
NDGRD_7666,0
NDGRD_7667,0
NDGRD_7668,0
NDGRD_7669,0
NDGRD_7670,0
NDGRD_7671,0
NDGRD_7672,0
NDGRD_7673,0
NDGRD_7674,0
NDGRD_7675,0
NDGRD_7676,0
NDGRD_7677,0
NDGRD_7678,0
NDGRD_7679,0
NDGRD_7680,0
NDGRD_7681,0
NDGRD_7682,0
NDGRD_7683,0
NDGRD_7684,0
NDGRD_7685,0
NDGRD_7686,0
NDGRD_7687,0
NDGRD_7688,0
NDGRD_7689,0
NDGRD_7690,0
NDGRD_7691,0
NDGRD_7692,0
NDGRD_7693,0
NDGRD_7694,0
NDGRD_7695,0
NDGRD_7696,0
NDGRD_7697,0
NDGRD_7698,0
NDGRD_7699,0
NDGRD_7700,0
NDGRD_7701,0
NDGRD_7702,0
NDGRD_7703,0
NDGRD_7704,0
NDGRD_7705,0
NDGRD_7706,0
NDGRD_7707,0
NDGRD_7708,0
NDGRD_7709,0
NDGRD_7710,0
NDGRD_7711,0
NDGRD_7712,0
NDGRD_7713,0
NDGRD_7714,0
NDGRD_7715,0
NDGRD_7716,0
NDGRD_7717,0
NDGRD_7718,0
NDGRD_7719,0
NDGRD_7720,0
NDGRD_7721,0
NDGRD_7722,0
NDGRD_7723,0
NDGRD_7724,0
NDGRD_7725,0
NDGRD_7726,0
NDGRD_7727,0
NDGRD_7728,0
NDGRD_7729,0
NDGRD_7730,0
NDGRD_7731,0
NDGRD_7732,0
NDGRD_7733,0
NDGRD_7734,0
NDGRD_7735,0
NDGRD_7736,0
NDGRD_7737,0
NDGRD_7738,0
NDGRD_7739,0
NDGRD_7740,0
NDGRD_7741,0
NDGRD_7742,0
NDGRD_7743,0
NDGRD_7744,0
NDGRD_7745,0
NDGRD_7746,0
NDGRD_7747,0
NDGRD_7748,0
NDGRD_7749,0
NDGRD_7750,0
NDGRD_7751,0
NDGRD_7752,0
NDGRD_7753,0
NDGRD_7754,0
NDGRD_7755,0
NDGRD_7756,0
NDGRD_7757,0
NDGRD_7758,0
NDGRD_7759,0
NDGRD_7760,0
NDGRD_7761,0
NDGRD_7762,0
NDGRD_7763,0
NDGRD_7764,0
NDGRD_7765,0
NDGRD_7766,0
NDGRD_7767,0
NDGRD_7768,0
NDGRD_7769,0
NDGRD_7770,0
NDGRD_7771,0
NDGRD_7772,0
NDGRD_7773,0
NDGRD_7774,0
NDGRD_7775,0
NDGRD_7776,0
NDGRD_7777,0
NDGRD_7778,0
NDGRD_7779,0
NDGRD_7780,0
NDGRD_7781,0
NDGRD_7782,0
NDGRD_7783,0
NDGRD_7784,0
NDGRD_7785,0
NDGRD_7786,0
NDGRD_7787,0
NDGRD_7788,0
NDGRD_7789,0
NDGRD_7790,0
NDGRD_7791,0
NDGRD_7792,0
NDGRD_7793,0
NDGRD_7794,0
NDGRD_7795,0
NDGRD_7796,0
NDGRD_7797,0
NDGRD_7798,0
NDGRD_7799,0
NDGRD_7800,0
NDGRD_7801,0
NDGRD_7802,0
NDGRD_7803,0
NDGRD_7804,0
NDGRD_7805,0
NDGRD_7806,0
NDGRD_7807,0
NDGRD_7808,0
NDGRD_7809,0
NDGRD_7810,0
NDGRD_7811,0
NDGRD_7812,0
NDGRD_7813,0
NDGRD_7814,0
NDGRD_7815,0
NDGRD_7816,0
NDGRD_7817,0
NDGRD_7818,0
NDGRD_7819,0
NDGRD_7820,0
NDGRD_7821,0
NDGRD_7822,0
NDGRD_7823,0
NDGRD_7824,0
NDGRD_7825,0
NDGRD_7826,0
NDGRD_7827,0
NDGRD_7828,0
NDGRD_7829,0
NDGRD_7830,0
NDGRD_7831,0
NDGRD_7832,0
NDGRD_7833,0
NDGRD_7834,0
NDGRD_7835,0
NDGRD_7836,0
NDGRD_7837,0
NDGRD_7838,0
NDGRD_7839,0
NDGRD_7840,0
NDGRD_7841,0
NDGRD_7842,0
NDGRD_7843,0
NDGRD_7844,0
NDGRD_7845,0
NDGRD_7846,0
NDGRD_7847,0
NDGRD_7848,0
NDGRD_7849,0
NDGRD_7850,0
NDGRD_7851,0
NDGRD_7852,0
NDGRD_7853,0
NDGRD_7854,0
NDGRD_7855,0
NDGRD_7856,0
NDGRD_7857,0
NDGRD_7858,0
NDGRD_7859,0
NDGRD_7860,0
NDGRD_7861,0
NDGRD_7862,0
NDGRD_7863,0
NDGRD_7864,0
NDGRD_7865,0
NDGRD_7866,0
NDGRD_7867,0
NDGRD_7868,0
NDGRD_7869,0
NDGRD_7870,0
NDGRD_7871,0
NDGRD_7872,0
NDGRD_7873,0
NDGRD_7874,0
NDGRD_7875,0
NDGRD_7876,0
NDGRD_7877,0
NDGRD_7878,0
NDGRD_7879,0
NDGRD_7880,0
NDGRD_7881,0
NDGRD_7882,0
NDGRD_7883,0
NDGRD_7884,0
NDGRD_7885,0
NDGRD_7886,0
NDGRD_7887,0
NDGRD_7888,0
NDGRD_7889,0
NDGRD_7890,0
NDGRD_7891,0
NDGRD_7892,0
NDGRD_7893,0
NDGRD_7894,0
NDGRD_7895,0
NDGRD_7896,0
NDGRD_7897,0
NDGRD_7898,0
NDGRD_7899,0
NDGRD_7900,0
NDGRD_7901,0
NDGRD_7902,0
NDGRD_7903,0
NDGRD_7904,0
NDGRD_7905,0
NDGRD_7906,0
NDGRD_7907,0
NDGRD_7908,0
NDGRD_7909,0
NDGRD_7910,0
NDGRD_7911,0
NDGRD_7912,0
NDGRD_7913,0
NDGRD_7914,0
NDGRD_7915,0
NDGRD_7916,0
NDGRD_7917,0
NDGRD_7918,0
NDGRD_7919,0
NDGRD_7920,0
NDGRD_7921,0
NDGRD_7922,0
NDGRD_7923,0
NDGRD_7924,0
NDGRD_7925,0
NDGRD_7926,0
NDGRD_7927,0
NDGRD_7928,0
NDGRD_7929,0
NDGRD_7930,0
NDGRD_7931,0
NDGRD_7932,0
NDGRD_7933,0
NDGRD_7934,0
NDGRD_7935,0
NDGRD_7936,0
NDGRD_7937,0
NDGRD_7938,0
NDGRD_7939,0
NDGRD_7940,0
NDGRD_7941,0
NDGRD_7942,0
NDGRD_7943,0
NDGRD_7944,0
NDGRD_7945,0
NDGRD_7946,0
NDGRD_7947,0
NDGRD_7948,0
NDGRD_7949,0
NDGRD_7950,0
NDGRD_7951,0
NDGRD_7952,0
NDGRD_7953,0
NDGRD_7954,0
NDGRD_7955,0
NDGRD_7956,0
NDGRD_7957,0
NDGRD_7958,0
NDGRD_7959,0
NDGRD_7960,0
NDGRD_7961,0
NDGRD_7962,0
NDGRD_7963,0
NDGRD_7964,0
NDGRD_7965,0
NDGRD_7966,0
NDGRD_7967,0
NDGRD_7968,0
NDGRD_7969,0
NDGRD_7970,0
NDGRD_7971,0
NDGRD_7972,0
NDGRD_7973,0
NDGRD_7974,0
NDGRD_7975,0
NDGRD_7976,0
NDGRD_7977,0
NDGRD_7978,0
NDGRD_7979,0
NDGRD_7980,0
NDGRD_7981,0
NDGRD_7982,0
NDGRD_7983,0
NDGRD_7984,0
NDGRD_7985,0
NDGRD_7986,0
NDGRD_7987,0
NDGRD_7988,0
NDGRD_7989,0
NDGRD_7990,0
NDGRD_7991,0
NDGRD_7992,0
NDGRD_7993,0
NDGRD_7994,0
NDGRD_7995,0
NDGRD_7996,0
NDGRD_7997,0
NDGRD_7998,0
NDGRD_7999,0
NDGRD_8000,0
NDGRD_8001,0
NDGRD_8002,0
NDGRD_8003,0
NDGRD_8004,0
NDGRD_8005,0
NDGRD_8006,0
NDGRD_8007,0
NDGRD_8008,0
NDGRD_8009,0
NDGRD_8010,0
NDGRD_8011,0
NDGRD_8012,0
NDGRD_8013,0
NDGRD_8014,0
NDGRD_8015,0
NDGRD_8016,0
NDGRD_8017,0
NDGRD_8018,0
NDGRD_8019,0
NDGRD_8020,0
NDGRD_8021,0
NDGRD_8022,0
NDGRD_8023,0
NDGRD_8024,0
NDGRD_8025,0
NDGRD_8026,0
NDGRD_8027,0
NDGRD_8028,0
NDGRD_8029,0
NDGRD_8030,0
NDGRD_8031,0
NDGRD_8032,0
NDGRD_8033,0
NDGRD_8034,0
NDGRD_8035,0
NDGRD_8036,0
NDGRD_8037,0
NDGRD_8038,0
NDGRD_8039,0
NDGRD_8040,0
NDGRD_8041,0
NDGRD_8042,0
NDGRD_8043,0
NDGRD_8044,0
NDGRD_8045,0
NDGRD_8046,0
NDGRD_8047,0
NDGRD_8048,0
NDGRD_8049,0
NDGRD_8050,0
NDGRD_8051,0
NDGRD_8052,0
NDGRD_8053,0
NDGRD_8054,0
NDGRD_8055,0
NDGRD_8056,0
NDGRD_8057,0
NDGRD_8058,0
NDGRD_8059,0
NDGRD_8060,0
NDGRD_8061,0
NDGRD_8062,0
NDGRD_8063,0
NDGRD_8064,0
NDGRD_8065,0
NDGRD_8066,0
NDGRD_8067,0
NDGRD_8068,0
NDGRD_8069,0
NDGRD_8070,0
NDGRD_8071,0
NDGRD_8072,0
NDGRD_8073,0
NDGRD_8074,0
NDGRD_8075,0
NDGRD_8076,0
NDGRD_8077,0
NDGRD_8078,0
NDGRD_8079,0
NDGRD_8080,0
NDGRD_8081,0
NDGRD_8082,0
NDGRD_8083,0
NDGRD_8084,0
NDGRD_8085,0
NDGRD_8086,0
NDGRD_8087,0
NDGRD_8088,0
NDGRD_8089,0
NDGRD_8090,0
NDGRD_8091,0
NDGRD_8092,0
NDGRD_8093,0
NDGRD_8094,0
NDGRD_8095,0
NDGRD_8096,0
NDGRD_8097,0
NDGRD_8098,0
NDGRD_8099,0
NDGRD_8100,0
NDGRD_8101,0
NDGRD_8102,0
NDGRD_8103,0
NDGRD_8104,0
NDGRD_8105,0
NDGRD_8106,0
NDGRD_8107,0
NDGRD_8108,0
NDGRD_8109,0
NDGRD_8110,0
NDGRD_8111,0
NDGRD_8112,0
NDGRD_8113,0
NDGRD_8114,0
NDGRD_8115,0
NDGRD_8116,0
NDGRD_8117,0
NDGRD_8118,0
NDGRD_8119,0
NDGRD_8120,0
NDGRD_8121,0
NDGRD_8122,0
NDGRD_8123,0
NDGRD_8124,0
NDGRD_8125,0
NDGRD_8126,0
NDGRD_8127,0
NDGRD_8128,0
NDGRD_8129,0
NDGRD_8130,0
NDGRD_8131,0
NDGRD_8132,0
NDGRD_8133,0
NDGRD_8134,0
NDGRD_8135,0
NDGRD_8136,0
NDGRD_8137,0
NDGRD_8138,0
NDGRD_8139,0
NDGRD_8140,0
NDGRD_8141,0
NDGRD_8142,0
NDGRD_8143,0
NDGRD_8144,0
NDGRD_8145,0
NDGRD_8146,0
NDGRD_8147,0
NDGRD_8148,0
NDGRD_8149,0
NDGRD_8150,0
NDGRD_8151,0
NDGRD_8152,0
NDGRD_8153,0
NDGRD_8154,0
NDGRD_8155,0
NDGRD_8156,0
NDGRD_8157,0
NDGRD_8158,0
NDGRD_8159,0
NDGRD_8160,0
NDGRD_8161,0
NDGRD_8162,0
NDGRD_8163,0
NDGRD_8164,0
NDGRD_8165,0
NDGRD_8166,0
NDGRD_8167,0
NDGRD_8168,0
NDGRD_8169,0
NDGRD_8170,0
NDGRD_8171,0
NDGRD_8172,0
NDGRD_8173,0
NDGRD_8174,0
NDGRD_8175,0
NDGRD_8176,0
NDGRD_8177,0
NDGRD_8178,0
NDGRD_8179,0
NDGRD_8180,0
NDGRD_8181,0
NDGRD_8182,0
NDGRD_8183,0
NDGRD_8184,0
NDGRD_8185,0
NDGRD_8186,0
NDGRD_8187,0
NDGRD_8188,0
NDGRD_8189,0
NDGRD_8190,0
NDGRD_8191,0
NDGRD_8192,0
NDGRD_8193,0
NDGRD_8194,0
NDGRD_8195,0
NDGRD_8196,0
NDGRD_8197,0
NDGRD_8198,0
NDGRD_8199,0
NDGRD_8200,0
NDGRD_8201,0
NDGRD_8202,0
NDGRD_8203,0
NDGRD_8204,0
NDGRD_8205,0
NDGRD_8206,0
NDGRD_8207,0
NDGRD_8208,0
NDGRD_8209,0
NDGRD_8210,0
NDGRD_8211,0
NDGRD_8212,0
NDGRD_8213,0
NDGRD_8214,0
NDGRD_8215,0
NDGRD_8216,0
NDGRD_8217,0
NDGRD_8218,0
NDGRD_8219,0
NDGRD_8220,0
NDGRD_8221,0
NDGRD_8222,0
NDGRD_8223,0
NDGRD_8224,0
NDGRD_8225,0
NDGRD_8226,0
NDGRD_8227,0
NDGRD_8228,0
NDGRD_8229,0
NDGRD_8230,0
NDGRD_8231,0
NDGRD_8232,0
NDGRD_8233,0
NDGRD_8234,0
NDGRD_8235,0
NDGRD_8236,0
NDGRD_8237,0
NDGRD_8238,0
NDGRD_8239,0
NDGRD_8240,0
NDGRD_8241,0
NDGRD_8242,0
NDGRD_8243,0
NDGRD_8244,0
NDGRD_8245,0
NDGRD_8246,0
NDGRD_8247,0
NDGRD_8248,0
NDGRD_8249,0
NDGRD_8250,0
NDGRD_8251,0
NDGRD_8252,0
NDGRD_8253,0
NDGRD_8254,0
NDGRD_8255,0
NDGRD_8256,0
NDGRD_8257,0
NDGRD_8258,0
NDGRD_8259,0
NDGRD_8260,0
NDGRD_8261,0
NDGRD_8262,0
NDGRD_8263,0
NDGRD_8264,0
NDGRD_8265,0
NDGRD_8266,0
NDGRD_8267,0
NDGRD_8268,0
NDGRD_8269,0
NDGRD_8270,0
NDGRD_8271,0
NDGRD_8272,0
NDGRD_8273,0
NDGRD_8274,0
NDGRD_8275,0
NDGRD_8276,0
NDGRD_8277,0
NDGRD_8278,0
NDGRD_8279,0
NDGRD_8280,0
NDGRD_8281,0
NDGRD_8282,0
NDGRD_8283,0
NDGRD_8284,0
NDGRD_8285,0
NDGRD_8286,0
NDGRD_8287,0
NDGRD_8288,0
NDGRD_8289,0
NDGRD_8290,0
NDGRD_8291,0
NDGRD_8292,0
NDGRD_8293,0
NDGRD_8294,0
NDGRD_8295,0
NDGRD_8296,0
NDGRD_8297,0
NDGRD_8298,0
NDGRD_8299,0
NDGRD_8300,0
NDGRD_8301,0
NDGRD_8302,0
NDGRD_8303,0
NDGRD_8304,0
NDGRD_8305,0
NDGRD_8306,0
NDGRD_8307,0
NDGRD_8308,0
NDGRD_8309,0
NDGRD_8310,0
NDGRD_8311,0
NDGRD_8312,0
NDGRD_8313,0
NDGRD_8314,0
NDGRD_8315,0
NDGRD_8316,0
NDGRD_8317,0
NDGRD_8318,0
NDGRD_8319,0
NDGRD_8320,0
NDGRD_8321,0
NDGRD_8322,0
NDGRD_8323,0
NDGRD_8324,0
NDGRD_8325,0
NDGRD_8326,0
NDGRD_8327,0
NDGRD_8328,0
NDGRD_8329,0
NDGRD_8330,0
NDGRD_8331,0
NDGRD_8332,0
NDGRD_8333,0
NDGRD_8334,0
NDGRD_8335,0
NDGRD_8336,0
NDGRD_8337,0
NDGRD_8338,0
NDGRD_8339,0
NDGRD_8340,0
NDGRD_8341,0
NDGRD_8342,0
NDGRD_8343,0
NDGRD_8344,0
NDGRD_8345,0
NDGRD_8346,0
NDGRD_8347,0
NDGRD_8348,0
NDGRD_8349,0
NDGRD_8350,0
NDGRD_8351,0
NDGRD_8352,0
NDGRD_8353,0
NDGRD_8354,0
NDGRD_8355,0
NDGRD_8356,0
NDGRD_8357,0
NDGRD_8358,0
NDGRD_8359,0
NDGRD_8360,0
NDGRD_8361,0
NDGRD_8362,0
NDGRD_8363,0
NDGRD_8364,0
NDGRD_8365,0
NDGRD_8366,0
NDGRD_8367,0
NDGRD_8368,0
NDGRD_8369,0
NDGRD_8370,0
NDGRD_8371,0
NDGRD_8372,0
NDGRD_8373,0
NDGRD_8374,0
NDGRD_8375,0
NDGRD_8376,0
NDGRD_8377,0
NDGRD_8378,0
NDGRD_8379,0
NDGRD_8380,0
NDGRD_8381,0
NDGRD_8382,0
NDGRD_8383,0
NDGRD_8384,0
NDGRD_8385,0
NDGRD_8386,0
NDGRD_8387,0
NDGRD_8388,0
NDGRD_8389,0
NDGRD_8390,0
NDGRD_8391,0
NDGRD_8392,0
NDGRD_8393,0
NDGRD_8394,0
NDGRD_8395,0
NDGRD_8396,0
NDGRD_8397,0
NDGRD_8398,0
NDGRD_8399,0
NDGRD_8400,0
NDGRD_8401,0
NDGRD_8402,0
NDGRD_8403,0
NDGRD_8404,0
NDGRD_8405,0
NDGRD_8406,0
NDGRD_8407,0
NDGRD_8408,0
NDGRD_8409,0
NDGRD_8410,0
NDGRD_8411,0
NDGRD_8412,0
NDGRD_8413,0
NDGRD_8414,0
NDGRD_8415,0
NDGRD_8416,0
NDGRD_8417,0
NDGRD_8418,0
NDGRD_8419,0
NDGRD_8420,0
NDGRD_8421,0
NDGRD_8422,0
NDGRD_8423,0
NDGRD_8424,0
NDGRD_8425,0
NDGRD_8426,0
NDGRD_8427,0
NDGRD_8428,0
NDGRD_8429,0
NDGRD_8430,0
NDGRD_8431,0
NDGRD_8432,0
NDGRD_8433,0
NDGRD_8434,0
NDGRD_8435,0
NDGRD_8436,0
NDGRD_8437,0
NDGRD_8438,0
NDGRD_8439,0
NDGRD_8440,0
NDGRD_8441,0
NDGRD_8442,0
NDGRD_8443,0
NDGRD_8444,0
NDGRD_8445,0
NDGRD_8446,0
NDGRD_8447,0
NDGRD_8448,0
NDGRD_8449,0
NDGRD_8450,0
NDGRD_8451,0
NDGRD_8452,0
NDGRD_8453,0
NDGRD_8454,0
NDGRD_8455,0
NDGRD_8456,0
NDGRD_8457,0
NDGRD_8458,0
NDGRD_8459,0
NDGRD_8460,0
NDGRD_8461,0
NDGRD_8462,0
NDGRD_8463,0
NDGRD_8464,0
NDGRD_8465,0
NDGRD_8466,0
NDGRD_8467,0
NDGRD_8468,0
NDGRD_8469,0
NDGRD_8470,0
NDGRD_8471,0
NDGRD_8472,0
NDGRD_8473,0
NDGRD_8474,0
NDGRD_8475,0
NDGRD_8476,0
NDGRD_8477,0
NDGRD_8478,0
NDGRD_8479,0
NDGRD_8480,0
NDGRD_8481,0
NDGRD_8482,0
NDGRD_8483,0
NDGRD_8484,0
NDGRD_8485,0
NDGRD_8486,0
NDGRD_8487,0
NDGRD_8488,0
NDGRD_8489,0
NDGRD_8490,0
NDGRD_8491,0
NDGRD_8492,0
NDGRD_8493,0
NDGRD_8494,0
NDGRD_8495,0
NDGRD_8496,0
NDGRD_8497,0
NDGRD_8498,0
NDGRD_8499,0
NDGRD_8500,0
NDGRD_8501,0
NDGRD_8502,0
NDGRD_8503,0
NDGRD_8504,0
NDGRD_8505,0
NDGRD_8506,0
NDGRD_8507,0
NDGRD_8508,0
NDGRD_8509,0
NDGRD_8510,0
NDGRD_8511,0
NDGRD_8512,0
NDGRD_8513,0
NDGRD_8514,0
NDGRD_8515,0
NDGRD_8516,0
NDGRD_8517,0
NDGRD_8518,0
NDGRD_8519,0
NDGRD_8520,0
NDGRD_8521,0
NDGRD_8522,0
NDGRD_8523,0
NDGRD_8524,0
NDGRD_8525,0
NDGRD_8526,0
NDGRD_8527,0
NDGRD_8528,0
NDGRD_8529,0
NDGRD_8530,0
NDGRD_8531,0
NDGRD_8532,0
NDGRD_8533,0
NDGRD_8534,0
NDGRD_8535,0
NDGRD_8536,0
NDGRD_8537,0
NDGRD_8538,0
NDGRD_8539,0
NDGRD_8540,0
NDGRD_8541,0
NDGRD_8542,0
NDGRD_8543,0
NDGRD_8544,0
NDGRD_8545,0
NDGRD_8546,0
NDGRD_8547,0
NDGRD_8548,0
NDGRD_8549,0
NDGRD_8550,0
NDGRD_8551,0
NDGRD_8552,0
NDGRD_8553,0
NDGRD_8554,0
NDGRD_8555,0
NDGRD_8556,0
NDGRD_8557,0
NDGRD_8558,0
NDGRD_8559,0
NDGRD_8560,0
NDGRD_8561,0
NDGRD_8562,0
NDGRD_8563,0
NDGRD_8564,0
NDGRD_8565,0
NDGRD_8566,0
NDGRD_8567,0
NDGRD_8568,0
NDGRD_8569,0
NDGRD_8570,0
NDGRD_8571,0
NDGRD_8572,0
NDGRD_8573,0
NDGRD_8574,0
NDGRD_8575,0
NDGRD_8576,0
NDGRD_8577,0
NDGRD_8578,0
NDGRD_8579,0
NDGRD_8580,0
NDGRD_8581,0
NDGRD_8582,0
NDGRD_8583,0
NDGRD_8584,0
NDGRD_8585,0
NDGRD_8586,0
NDGRD_8587,0
NDGRD_8588,0
NDGRD_8589,0
NDGRD_8590,0
NDGRD_8591,0
NDGRD_8592,0
NDGRD_8593,0
NDGRD_8594,0
NDGRD_8595,0
NDGRD_8596,0
NDGRD_8597,0
NDGRD_8598,0
NDGRD_8599,0
NDGRD_8600,0
NDGRD_8601,0
NDGRD_8602,0
NDGRD_8603,0
NDGRD_8604,0
NDGRD_8605,0
NDGRD_8606,0
NDGRD_8607,0
NDGRD_8608,0
NDGRD_8609,0
NDGRD_8610,0
NDGRD_8611,0
NDGRD_8612,0
NDGRD_8613,0
NDGRD_8614,0
NDGRD_8615,0
NDGRD_8616,0
NDGRD_8617,0
NDGRD_8618,0
NDGRD_8619,0
NDGRD_8620,0
NDGRD_8621,0
NDGRD_8622,0
NDGRD_8623,0
NDGRD_8624,0
NDGRD_8625,0
NDGRD_8626,0
NDGRD_8627,0
NDGRD_8628,0
NDGRD_8629,0
NDGRD_8630,0
NDGRD_8631,0
NDGRD_8632,0
NDGRD_8633,0
NDGRD_8634,0
NDGRD_8635,0
NDGRD_8636,0
NDGRD_8637,0
NDGRD_8638,0
NDGRD_8639,0
NDGRD_8640,0
NDGRD_8641,0
NDGRD_8642,0
NDGRD_8643,0
NDGRD_8644,0
NDGRD_8645,0
NDGRD_8646,0
NDGRD_8647,0
NDGRD_8648,0
NDGRD_8649,0
NDGRD_8650,0
NDGRD_8651,0
NDGRD_8652,0
NDGRD_8653,0
NDGRD_8654,0
NDGRD_8655,0
NDGRD_8656,0
NDGRD_8657,0
NDGRD_8658,0
NDGRD_8659,0
NDGRD_8660,0
NDGRD_8661,0
NDGRD_8662,0
NDGRD_8663,0
NDGRD_8664,0
NDGRD_8665,0
NDGRD_8666,0
NDGRD_8667,0
NDGRD_8668,0
NDGRD_8669,0
NDGRD_8670,0
NDGRD_8671,0
NDGRD_8672,0
NDGRD_8673,0
NDGRD_8674,0
NDGRD_8675,0
NDGRD_8676,0
NDGRD_8677,0
NDGRD_8678,0
NDGRD_8679,0
NDGRD_8680,0
NDGRD_8681,0
NDGRD_8682,0
NDGRD_8683,0
NDGRD_8684,0
NDGRD_8685,0
NDGRD_8686,0
NDGRD_8687,0
NDGRD_8688,0
NDGRD_8689,0
NDGRD_8690,0
NDGRD_8691,0
NDGRD_8692,0
NDGRD_8693,0
NDGRD_8694,0
NDGRD_8695,0
NDGRD_8696,0
NDGRD_8697,0
NDGRD_8698,0
NDGRD_8699,0
NDGRD_8700,0
NDGRD_8701,0
NDGRD_8702,0
NDGRD_8703,0
NDGRD_8704,0
NDGRD_8705,0
NDGRD_8706,0
NDGRD_8707,0
NDGRD_8708,0
NDGRD_8709,0
NDGRD_8710,0
NDGRD_8711,0
NDGRD_8712,0
NDGRD_8713,0
NDGRD_8714,0
NDGRD_8715,0
NDGRD_8716,0
NDGRD_8717,0
NDGRD_8718,0
NDGRD_8719,0
NDGRD_8720,0
NDGRD_8721,0
NDGRD_8722,0
NDGRD_8723,0
NDGRD_8724,0
NDGRD_8725,0
NDGRD_8726,0
NDGRD_8727,0
NDGRD_8728,0
NDGRD_8729,0
NDGRD_8730,0
NDGRD_8731,0
NDGRD_8732,0
NDGRD_8733,0
NDGRD_8734,0
NDGRD_8735,0
NDGRD_8736,0
NDGRD_8737,0
NDGRD_8738,0
NDGRD_8739,0
NDGRD_8740,0
NDGRD_8741,0
NDGRD_8742,0
NDGRD_8743,0
NDGRD_8744,0
NDGRD_8745,0
NDGRD_8746,0
NDGRD_8747,0
NDGRD_8748,0
NDGRD_8749,0
NDGRD_8750,0
NDGRD_8751,0
NDGRD_8752,0
NDGRD_8753,0
NDGRD_8754,0
NDGRD_8755,0
NDGRD_8756,0
NDGRD_8757,0
NDGRD_8758,0
NDGRD_8759,0
NDGRD_8760,0
NDGRD_8761,0
NDGRD_8762,0
NDGRD_8763,0
NDGRD_8764,0
NDGRD_8765,0
NDGRD_8766,0
NDGRD_8767,0
NDGRD_8768,0
NDGRD_8769,0
NDGRD_8770,0
NDGRD_8771,0
NDGRD_8772,0
NDGRD_8773,0
NDGRD_8774,0
NDGRD_8775,0
NDGRD_8776,0
NDGRD_8777,0
NDGRD_8778,0
NDGRD_8779,0
NDGRD_8780,0
NDGRD_8781,0
NDGRD_8782,0
NDGRD_8783,0
NDGRD_8784,0
NDGRD_8785,0
NDGRD_8786,0
NDGRD_8787,0
NDGRD_8788,0
NDGRD_8789,0
NDGRD_8790,0
NDGRD_8791,0
NDGRD_8792,0
NDGRD_8793,0
NDGRD_8794,0
NDGRD_8795,0
NDGRD_8796,0
NDGRD_8797,0
NDGRD_8798,0
NDGRD_8799,0
NDGRD_8800,0
NDGRD_8801,0
NDGRD_8802,0
NDGRD_8803,0
NDGRD_8804,0
NDGRD_8805,0
NDGRD_8806,0
NDGRD_8807,0
NDGRD_8808,0
NDGRD_8809,0
NDGRD_8810,0
NDGRD_8811,0
NDGRD_8812,0
NDGRD_8813,0
NDGRD_8814,0
NDGRD_8815,0
NDGRD_8816,0
NDGRD_8817,0
NDGRD_8818,0
NDGRD_8819,0
NDGRD_8820,0
NDGRD_8821,0
NDGRD_8822,0
NDGRD_8823,0
NDGRD_8824,0
NDGRD_8825,0
NDGRD_8826,0
NDGRD_8827,0
NDGRD_8828,0
NDGRD_8829,0
NDGRD_8830,0
NDGRD_8831,0
NDGRD_8832,0
NDGRD_8833,0
NDGRD_8834,0
NDGRD_8835,0
NDGRD_8836,0
NDGRD_8837,0
NDGRD_8838,0
NDGRD_8839,0
NDGRD_8840,0
NDGRD_8841,0
NDGRD_8842,0
NDGRD_8843,0
NDGRD_8844,0
NDGRD_8845,0
NDGRD_8846,0
NDGRD_8847,0
NDGRD_8848,0
NDGRD_8849,0
NDGRD_8850,0
NDGRD_8851,0
NDGRD_8852,0
NDGRD_8853,0
NDGRD_8854,0
NDGRD_8855,0
NDGRD_8856,0
NDGRD_8857,0
NDGRD_8858,0
NDGRD_8859,0
NDGRD_8860,0
NDGRD_8861,0
NDGRD_8862,0
NDGRD_8863,0
NDGRD_8864,0
NDGRD_8865,0
NDGRD_8866,0
NDGRD_8867,0
NDGRD_8868,0
NDGRD_8869,0
NDGRD_8870,0
NDGRD_8871,0
NDGRD_8872,0
NDGRD_8873,0
NDGRD_8874,0
NDGRD_8875,0
NDGRD_8876,0
NDGRD_8877,0
NDGRD_8878,0
NDGRD_8879,0
NDGRD_8880,0
NDGRD_8881,0
NDGRD_8882,0
NDGRD_8883,0
NDGRD_8884,0
NDGRD_8885,0
NDGRD_8886,0
NDGRD_8887,0
NDGRD_8888,0
NDGRD_8889,0
NDGRD_8890,0
NDGRD_8891,0
NDGRD_8892,0
NDGRD_8893,0
NDGRD_8894,0
NDGRD_8895,0
NDGRD_8896,0
NDGRD_8897,0
NDGRD_8898,0
NDGRD_8899,0
NDGRD_8900,0
NDGRD_8901,0
NDGRD_8902,0
NDGRD_8903,0
NDGRD_8904,0
NDGRD_8905,0
NDGRD_8906,0
NDGRD_8907,0
NDGRD_8908,0
NDGRD_8909,0
NDGRD_8910,0
NDGRD_8911,0
NDGRD_8912,0
NDGRD_8913,0
NDGRD_8914,0
NDGRD_8915,0
NDGRD_8916,0
NDGRD_8917,0
NDGRD_8918,0
NDGRD_8919,0
NDGRD_8920,0
NDGRD_8921,0
NDGRD_8922,0
NDGRD_8923,0
NDGRD_8924,0
NDGRD_8925,0
NDGRD_8926,0
NDGRD_8927,0
NDGRD_8928,0
NDGRD_8929,0
NDGRD_8930,0
NDGRD_8931,0
NDGRD_8932,0
NDGRD_8933,0
NDGRD_8934,0
NDGRD_8935,0
NDGRD_8936,0
NDGRD_8937,0
NDGRD_8938,0
NDGRD_8939,0
NDGRD_8940,0
NDGRD_8941,0
NDGRD_8942,0
NDGRD_8943,0
NDGRD_8944,0
NDGRD_8945,0
NDGRD_8946,0
NDGRD_8947,0
NDGRD_8948,0
NDGRD_8949,0
NDGRD_8950,0
NDGRD_8951,0
NDGRD_8952,0
NDGRD_8953,0
NDGRD_8954,0
NDGRD_8955,0
NDGRD_8956,0
NDGRD_8957,0
NDGRD_8958,0
NDGRD_8959,0
NDGRD_8960,0
NDGRD_8961,0
NDGRD_8962,0
NDGRD_8963,0
NDGRD_8964,0
NDGRD_8965,0
NDGRD_8966,0
NDGRD_8967,0
NDGRD_8968,0
NDGRD_8969,0
NDGRD_8970,0
NDGRD_8971,0
NDGRD_8972,0
NDGRD_8973,0
NDGRD_8974,0
NDGRD_8975,0
NDGRD_8976,0
NDGRD_8977,0
NDGRD_8978,0
NDGRD_8979,0
NDGRD_8980,0
NDGRD_8981,0
NDGRD_8982,0
NDGRD_8983,0
NDGRD_8984,0
NDGRD_8985,0
NDGRD_8986,0
NDGRD_8987,0
NDGRD_8988,0
NDGRD_8989,0
NDGRD_8990,0
NDGRD_8991,0
NDGRD_8992,0
NDGRD_8993,0
NDGRD_8994,0
NDGRD_8995,0
NDGRD_8996,0
NDGRD_8997,0
NDGRD_8998,0
NDGRD_8999,0
NDGRD_9000,0
NDGRD_9001,0
NDGRD_9002,0
NDGRD_9003,0
NDGRD_9004,0
NDGRD_9005,0
NDGRD_9006,0
NDGRD_9007,0
NDGRD_9008,0
NDGRD_9009,0
NDGRD_9010,0
NDGRD_9011,0
NDGRD_9012,0
NDGRD_9013,0
NDGRD_9014,0
NDGRD_9015,0
NDGRD_9016,0
NDGRD_9017,0
NDGRD_9018,0
NDGRD_9019,0
NDGRD_9020,0
NDGRD_9021,0
NDGRD_9022,0
NDGRD_9023,0
NDGRD_9024,0
NDGRD_9025,0
NDGRD_9026,0
NDGRD_9027,0
NDGRD_9028,0
NDGRD_9029,0
NDGRD_9030,0
NDGRD_9031,0
NDGRD_9032,0
NDGRD_9033,0
NDGRD_9034,0
NDGRD_9035,0
NDGRD_9036,0
NDGRD_9037,0
NDGRD_9038,0
NDGRD_9039,0
NDGRD_9040,0
NDGRD_9041,0
NDGRD_9042,0
NDGRD_9043,0
NDGRD_9044,0
NDGRD_9045,0
NDGRD_9046,0
NDGRD_9047,0
NDGRD_9048,0
NDGRD_9049,0
NDGRD_9050,0
NDGRD_9051,0
NDGRD_9052,0
NDGRD_9053,0
NDGRD_9054,0
NDGRD_9055,0
NDGRD_9056,0
NDGRD_9057,0
NDGRD_9058,0
NDGRD_9059,0
NDGRD_9060,0
NDGRD_9061,0
NDGRD_9062,0
NDGRD_9063,0
NDGRD_9064,0
NDGRD_9065,0
NDGRD_9066,0
NDGRD_9067,0
NDGRD_9068,0
NDGRD_9069,0
NDGRD_9070,0
NDGRD_9071,0
NDGRD_9072,0
NDGRD_9073,0
NDGRD_9074,0
NDGRD_9075,0
NDGRD_9076,0
NDGRD_9077,0
NDGRD_9078,0
NDGRD_9079,0
NDGRD_9080,0
NDGRD_9081,0
NDGRD_9082,0
NDGRD_9083,0
NDGRD_9084,0
NDGRD_9085,0
NDGRD_9086,0
NDGRD_9087,0
NDGRD_9088,0
NDGRD_9089,0
NDGRD_9090,0
NDGRD_9091,0
NDGRD_9092,0
NDGRD_9093,0
NDGRD_9094,0
NDGRD_9095,0
NDGRD_9096,0
NDGRD_9097,0
NDGRD_9098,0
NDGRD_9099,0
NDGRD_9100,0
NDGRD_9101,0
NDGRD_9102,0
NDGRD_9103,0
NDGRD_9104,0
NDGRD_9105,0
NDGRD_9106,0
NDGRD_9107,0
NDGRD_9108,0
NDGRD_9109,0
NDGRD_9110,0
NDGRD_9111,0
NDGRD_9112,0
NDGRD_9113,0
NDGRD_9114,0
NDGRD_9115,0
NDGRD_9116,0
NDGRD_9117,0
NDGRD_9118,0
NDGRD_9119,0
NDGRD_9120,0
NDGRD_9121,0
NDGRD_9122,0
NDGRD_9123,0
NDGRD_9124,0
NDGRD_9125,0
NDGRD_9126,0
NDGRD_9127,0
NDGRD_9128,0
NDGRD_9129,0
NDGRD_9130,0
NDGRD_9131,0
NDGRD_9132,0
NDGRD_9133,0
NDGRD_9134,0
NDGRD_9135,0
NDGRD_9136,0
NDGRD_9137,0
NDGRD_9138,0
NDGRD_9139,0
NDGRD_9140,0
NDGRD_9141,0
NDGRD_9142,0
NDGRD_9143,0
NDGRD_9144,0
NDGRD_9145,0
NDGRD_9146,0
NDGRD_9147,0
NDGRD_9148,0
NDGRD_9149,0
NDGRD_9150,0
NDGRD_9151,0
NDGRD_9152,0
NDGRD_9153,0
NDGRD_9154,0
NDGRD_9155,0
NDGRD_9156,0
NDGRD_9157,0
NDGRD_9158,0
NDGRD_9159,0
NDGRD_9160,0
NDGRD_9161,0
NDGRD_9162,0
NDGRD_9163,0
NDGRD_9164,0
NDGRD_9165,0
NDGRD_9166,0
NDGRD_9167,0
NDGRD_9168,0
NDGRD_9169,0
NDGRD_9170,0
NDGRD_9171,0
NDGRD_9172,0
NDGRD_9173,0
NDGRD_9174,0
NDGRD_9175,0
NDGRD_9176,0
NDGRD_9177,0
NDGRD_9178,0
NDGRD_9179,0
NDGRD_9180,0
NDGRD_9181,0
NDGRD_9182,0
NDGRD_9183,0
NDGRD_9184,0
NDGRD_9185,0
NDGRD_9186,0
NDGRD_9187,0
NDGRD_9188,0
NDGRD_9189,0
NDGRD_9190,0
NDGRD_9191,0
NDGRD_9192,0
NDGRD_9193,0
NDGRD_9194,0
NDGRD_9195,0
NDGRD_9196,0
NDGRD_9197,0
NDGRD_9198,0
NDGRD_9199,0
NDGRD_9200,0
NDGRD_9201,0
NDGRD_9202,0
NDGRD_9203,0
NDGRD_9204,0
NDGRD_9205,0
NDGRD_9206,0
NDGRD_9207,0
NDGRD_9208,0
NDGRD_9209,0
NDGRD_9210,0
NDGRD_9211,0
NDGRD_9212,0
NDGRD_9213,0
NDGRD_9214,0
NDGRD_9215,0
NDGRD_9216,0
NDGRD_9217,0
NDGRD_9218,0
NDGRD_9219,0
NDGRD_9220,0
NDGRD_9221,0
NDGRD_9222,0
NDGRD_9223,0
NDGRD_9224,0
NDGRD_9225,0
NDGRD_9226,0
NDGRD_9227,0
NDGRD_9228,0
NDGRD_9229,0
NDGRD_9230,0
NDGRD_9231,0
NDGRD_9232,0
NDGRD_9233,0
NDGRD_9234,0
NDGRD_9235,0
NDGRD_9236,0
NDGRD_9237,0
NDGRD_9238,0
NDGRD_9239,0
NDGRD_9240,0
NDGRD_9241,0
NDGRD_9242,0
NDGRD_9243,0
NDGRD_9244,0
NDGRD_9245,0
NDGRD_9246,0
NDGRD_9247,0
NDGRD_9248,0
NDGRD_9249,0
NDGRD_9250,0
NDGRD_9251,0
NDGRD_9252,0
NDGRD_9253,0
NDGRD_9254,0
NDGRD_9255,0
NDGRD_9256,0
NDGRD_9257,0
NDGRD_9258,0
NDGRD_9259,0
NDGRD_9260,0
NDGRD_9261,0
NDGRD_9262,0
NDGRD_9263,0
NDGRD_9264,0
NDGRD_9265,0
NDGRD_9266,0
NDGRD_9267,0
NDGRD_9268,0
NDGRD_9269,0
NDGRD_9270,0
NDGRD_9271,0
NDGRD_9272,0
NDGRD_9273,0
NDGRD_9274,0
NDGRD_9275,0
NDGRD_9276,0
NDGRD_9277,0
NDGRD_9278,0
NDGRD_9279,0
NDGRD_9280,0
NDGRD_9281,0
NDGRD_9282,0
NDGRD_9283,0
NDGRD_9284,0
NDGRD_9285,0
NDGRD_9286,0
NDGRD_9287,0
NDGRD_9288,0
NDGRD_9289,0
NDGRD_9290,0
NDGRD_9291,0
NDGRD_9292,0
NDGRD_9293,0
NDGRD_9294,0
NDGRD_9295,0
NDGRD_9296,0
NDGRD_9297,0
NDGRD_9298,0
NDGRD_9299,0
NDGRD_9300,0
NDGRD_9301,0
NDGRD_9302,0
NDGRD_9303,0
NDGRD_9304,0
NDGRD_9305,0
NDGRD_9306,0
NDGRD_9307,0
NDGRD_9308,0
NDGRD_9309,0
NDGRD_9310,0
NDGRD_9311,0
NDGRD_9312,0
NDGRD_9313,0
NDGRD_9314,0
NDGRD_9315,0
NDGRD_9316,0
NDGRD_9317,0
NDGRD_9318,0
NDGRD_9319,0
NDGRD_9320,0
NDGRD_9321,0
NDGRD_9322,0
NDGRD_9323,0
NDGRD_9324,0
NDGRD_9325,0
NDGRD_9326,0
NDGRD_9327,0
NDGRD_9328,0
NDGRD_9329,0
NDGRD_9330,0
NDGRD_9331,0
NDGRD_9332,0
NDGRD_9333,0
NDGRD_9334,0
NDGRD_9335,0
NDGRD_9336,0
NDGRD_9337,0
NDGRD_9338,0
NDGRD_9339,0
NDGRD_9340,0
NDGRD_9341,0
NDGRD_9342,0
NDGRD_9343,0
NDGRD_9344,0
NDGRD_9345,0
NDGRD_9346,0
NDGRD_9347,0
NDGRD_9348,0
NDGRD_9349,0
NDGRD_9350,0
NDGRD_9351,0
NDGRD_9352,0
NDGRD_9353,0
NDGRD_9354,0
NDGRD_9355,0
NDGRD_9356,0
NDGRD_9357,0
NDGRD_9358,0
NDGRD_9359,0
NDGRD_9360,0
NDGRD_9361,0
NDGRD_9362,0
NDGRD_9363,0
NDGRD_9364,0
NDGRD_9365,0
NDGRD_9366,0
NDGRD_9367,0
NDGRD_9368,0
NDGRD_9369,0
NDGRD_9370,0
NDGRD_9371,0
NDGRD_9372,0
NDGRD_9373,0
NDGRD_9374,0
NDGRD_9375,0
NDGRD_9376,0
NDGRD_9377,0
NDGRD_9378,0
NDGRD_9379,0
NDGRD_9380,0
NDGRD_9381,0
NDGRD_9382,0
NDGRD_9383,0
NDGRD_9384,0
NDGRD_9385,0
NDGRD_9386,0
NDGRD_9387,0
NDGRD_9388,0
NDGRD_9389,0
NDGRD_9390,0
NDGRD_9391,0
NDGRD_9392,0
NDGRD_9393,0
NDGRD_9394,0
NDGRD_9395,0
NDGRD_9396,0
NDGRD_9397,0
NDGRD_9398,0
NDGRD_9399,0
NDGRD_9400,0
NDGRD_9401,0
NDGRD_9402,0
NDGRD_9403,0
NDGRD_9404,0
NDGRD_9405,0
NDGRD_9406,0
NDGRD_9407,0
NDGRD_9408,0
NDGRD_9409,0
NDGRD_9410,0
NDGRD_9411,0
NDGRD_9412,0
NDGRD_9413,0
NDGRD_9414,0
NDGRD_9415,0
NDGRD_9416,0
NDGRD_9417,0
NDGRD_9418,0
NDGRD_9419,0
NDGRD_9420,0
NDGRD_9421,0
NDGRD_9422,0
NDGRD_9423,0
NDGRD_9424,0
NDGRD_9425,0
NDGRD_9426,0
NDGRD_9427,0
NDGRD_9428,0
NDGRD_9429,0
NDGRD_9430,0
NDGRD_9431,0
NDGRD_9432,0
NDGRD_9433,0
NDGRD_9434,0
NDGRD_9435,0
NDGRD_9436,0
NDGRD_9437,0
NDGRD_9438,0
NDGRD_9439,0
NDGRD_9440,0
NDGRD_9441,0
NDGRD_9442,0
NDGRD_9443,0
NDGRD_9444,0
NDGRD_9445,0
NDGRD_9446,0
NDGRD_9447,0
NDGRD_9448,0
NDGRD_9449,0
NDGRD_9450,0
NDGRD_9451,0
NDGRD_9452,0
NDGRD_9453,0
NDGRD_9454,0
NDGRD_9455,0
NDGRD_9456,0
NDGRD_9457,0
NDGRD_9458,0
NDGRD_9459,0
NDGRD_9460,0
NDGRD_9461,0
NDGRD_9462,0
NDGRD_9463,0
NDGRD_9464,0
NDGRD_9465,0
NDGRD_9466,0
NDGRD_9467,0
NDGRD_9468,0
NDGRD_9469,0
NDGRD_9470,0
NDGRD_9471,0
NDGRD_9472,0
NDGRD_9473,0
NDGRD_9474,0
NDGRD_9475,0
NDGRD_9476,0
NDGRD_9477,0
NDGRD_9478,0
NDGRD_9479,0
NDGRD_9480,0
NDGRD_9481,0
NDGRD_9482,0
NDGRD_9483,0
NDGRD_9484,0
NDGRD_9485,0
NDGRD_9486,0
NDGRD_9487,0
NDGRD_9488,0
NDGRD_9489,0
NDGRD_9490,0
NDGRD_9491,0
NDGRD_9492,0
NDGRD_9493,0
NDGRD_9494,0
NDGRD_9495,0
NDGRD_9496,0
NDGRD_9497,0
NDGRD_9498,0
NDGRD_9499,0
NDGRD_9500,0
NDGRD_9501,0
NDGRD_9502,0
NDGRD_9503,0
NDGRD_9504,0
NDGRD_9505,0
NDGRD_9506,0
NDGRD_9507,0
NDGRD_9508,0
NDGRD_9509,0
NDGRD_9510,0
NDGRD_9511,0
NDGRD_9512,0
NDGRD_9513,0
NDGRD_9514,0
NDGRD_9515,0
NDGRD_9516,0
NDGRD_9517,0
NDGRD_9518,0
NDGRD_9519,0
NDGRD_9520,0
NDGRD_9521,0
NDGRD_9522,0
NDGRD_9523,0
NDGRD_9524,0
NDGRD_9525,0
NDGRD_9526,0
NDGRD_9527,0
NDGRD_9528,0
NDGRD_9529,0
NDGRD_9530,0
NDGRD_9531,0
NDGRD_9532,0
NDGRD_9533,0
NDGRD_9534,0
NDGRD_9535,0
NDGRD_9536,0
NDGRD_9537,0
NDGRD_9538,0
NDGRD_9539,0
NDGRD_9540,0
NDGRD_9541,0
NDGRD_9542,0
NDGRD_9543,0
NDGRD_9544,0
NDGRD_9545,0
NDGRD_9546,0
NDGRD_9547,0
NDGRD_9548,0
NDGRD_9549,0
NDGRD_9550,0
NDGRD_9551,0
NDGRD_9552,0
NDGRD_9553,0
NDGRD_9554,0
NDGRD_9555,0
NDGRD_9556,0
NDGRD_9557,0
NDGRD_9558,0
NDGRD_9559,0
NDGRD_9560,0
NDGRD_9561,0
NDGRD_9562,0
NDGRD_9563,0
NDGRD_9564,0
NDGRD_9565,0
NDGRD_9566,0
NDGRD_9567,0
NDGRD_9568,0
NDGRD_9569,0
NDGRD_9570,0
NDGRD_9571,0
NDGRD_9572,0
NDGRD_9573,0
NDGRD_9574,0
NDGRD_9575,0
NDGRD_9576,0
NDGRD_9577,0
NDGRD_9578,0
NDGRD_9579,0
NDGRD_9580,0
NDGRD_9581,0
NDGRD_9582,0
NDGRD_9583,0
NDGRD_9584,0
NDGRD_9585,0
NDGRD_9586,0
NDGRD_9587,0
NDGRD_9588,0
NDGRD_9589,0
NDGRD_9590,0
NDGRD_9591,0
NDGRD_9592,0
NDGRD_9593,0
NDGRD_9594,0
NDGRD_9595,0
NDGRD_9596,0
NDGRD_9597,0
NDGRD_9598,0
NDGRD_9599,0
NDGRD_9600,0
NDGRD_9601,0
NDGRD_9602,0
NDGRD_9603,0
NDGRD_9604,0
NDGRD_9605,0
NDGRD_9606,0
NDGRD_9607,0
NDGRD_9608,0
NDGRD_9609,0
NDGRD_9610,0
NDGRD_9611,0
NDGRD_9612,0
NDGRD_9613,0
NDGRD_9614,0
NDGRD_9615,0
NDGRD_9616,0
NDGRD_9617,0
NDGRD_9618,0
NDGRD_9619,0
NDGRD_9620,0
NDGRD_9621,0
NDGRD_9622,0
NDGRD_9623,0
NDGRD_9624,0
NDGRD_9625,0
NDGRD_9626,0
NDGRD_9627,0
NDGRD_9628,0
NDGRD_9629,0
NDGRD_9630,0
NDGRD_9631,0
NDGRD_9632,0
NDGRD_9633,0
NDGRD_9634,0
NDGRD_9635,0
NDGRD_9636,0
NDGRD_9637,0
NDGRD_9638,0
NDGRD_9639,0
NDGRD_9640,0
NDGRD_9641,0
NDGRD_9642,0
NDGRD_9643,0
NDGRD_9644,0
NDGRD_9645,0
NDGRD_9646,0
NDGRD_9647,0
NDGRD_9648,0
NDGRD_9649,0
NDGRD_9650,0
NDGRD_9651,0
NDGRD_9652,0
NDGRD_9653,0
NDGRD_9654,0
NDGRD_9655,0
NDGRD_9656,0
NDGRD_9657,0
NDGRD_9658,0
NDGRD_9659,0
NDGRD_9660,0
NDGRD_9661,0
NDGRD_9662,0
NDGRD_9663,0
NDGRD_9664,0
NDGRD_9665,0
NDGRD_9666,0
NDGRD_9667,0
NDGRD_9668,0
NDGRD_9669,0
NDGRD_9670,0
NDGRD_9671,0
NDGRD_9672,0
NDGRD_9673,0
NDGRD_9674,0
NDGRD_9675,0
NDGRD_9676,0
NDGRD_9677,0
NDGRD_9678,0
NDGRD_9679,0
NDGRD_9680,0
NDGRD_9681,0
NDGRD_9682,0
NDGRD_9683,0
NDGRD_9684,0
NDGRD_9685,0
NDGRD_9686,0
NDGRD_9687,0
NDGRD_9688,0
NDGRD_9689,0
NDGRD_9690,0
NDGRD_9691,0
NDGRD_9692,0
NDGRD_9693,0
NDGRD_9694,0
NDGRD_9695,0
NDGRD_9696,0
NDGRD_9697,0
NDGRD_9698,0
NDGRD_9699,0
NDGRD_9700,0
NDGRD_9701,0
NDGRD_9702,0
NDGRD_9703,0
NDGRD_9704,0
NDGRD_9705,0
NDGRD_9706,0
NDGRD_9707,0
NDGRD_9708,0
NDGRD_9709,0
NDGRD_9710,0
NDGRD_9711,0
NDGRD_9712,0
NDGRD_9713,0
NDGRD_9714,0
NDGRD_9715,0
NDGRD_9716,0
NDGRD_9717,0
NDGRD_9718,0
NDGRD_9719,0
NDGRD_9720,0
NDGRD_9721,0
NDGRD_9722,0
NDGRD_9723,0
NDGRD_9724,0
NDGRD_9725,0
NDGRD_9726,0
NDGRD_9727,0
NDGRD_9728,0
NDGRD_9729,0
NDGRD_9730,0
NDGRD_9731,0
NDGRD_9732,0
NDGRD_9733,0
NDGRD_9734,0
NDGRD_9735,0
NDGRD_9736,0
NDGRD_9737,0
NDGRD_9738,0
NDGRD_9739,0
NDGRD_9740,0
NDGRD_9741,0
NDGRD_9742,0
NDGRD_9743,0
NDGRD_9744,0
NDGRD_9745,0
NDGRD_9746,0
NDGRD_9747,0
NDGRD_9748,0
NDGRD_9749,0
NDGRD_9750,0
NDGRD_9751,0
NDGRD_9752,0
NDGRD_9753,0
NDGRD_9754,0
NDGRD_9755,0
NDGRD_9756,0
NDGRD_9757,0
NDGRD_9758,0
NDGRD_9759,0
NDGRD_9760,0
NDGRD_9761,0
NDGRD_9762,0
NDGRD_9763,0
NDGRD_9764,0
NDGRD_9765,0
NDGRD_9766,0
NDGRD_9767,0
NDGRD_9768,0
NDGRD_9769,0
NDGRD_9770,0
NDGRD_9771,0
NDGRD_9772,0
NDGRD_9773,0
NDGRD_9774,0
NDGRD_9775,0
NDGRD_9776,0
NDGRD_9777,0
NDGRD_9778,0
NDGRD_9779,0
NDGRD_9780,0
NDGRD_9781,0
NDGRD_9782,0
NDGRD_9783,0
NDGRD_9784,0
NDGRD_9785,0
NDGRD_9786,0
NDGRD_9787,0
NDGRD_9788,0
NDGRD_9789,0
NDGRD_9790,0
NDGRD_9791,0
NDGRD_9792,0
NDGRD_9793,0
NDGRD_9794,0
NDGRD_9795,0
NDGRD_9796,0
NDGRD_9797,0
NDGRD_9798,0
NDGRD_9799,0
NDGRD_9800,0
NDGRD_9801,0
NDGRD_9802,0
NDGRD_9803,0
NDGRD_9804,0
NDGRD_9805,0
NDGRD_9806,0
NDGRD_9807,0
NDGRD_9808,0
NDGRD_9809,0
NDGRD_9810,0
NDGRD_9811,0
NDGRD_9812,0
NDGRD_9813,0
NDGRD_9814,0
NDGRD_9815,0
NDGRD_9816,0
NDGRD_9817,0
NDGRD_9818,0
NDGRD_9819,0
NDGRD_9820,0
NDGRD_9821,0
NDGRD_9822,0
NDGRD_9823,0
NDGRD_9824,0
NDGRD_9825,0
NDGRD_9826,0
NDGRD_9827,0
NDGRD_9828,0
NDGRD_9829,0
NDGRD_9830,0
NDGRD_9831,0
NDGRD_9832,0
NDGRD_9833,0
NDGRD_9834,0
NDGRD_9835,0
NDGRD_9836,0
NDGRD_9837,0
NDGRD_9838,0
NDGRD_9839,0
NDGRD_9840,0
NDGRD_9841,0
NDGRD_9842,0
NDGRD_9843,0
NDGRD_9844,0
NDGRD_9845,0
NDGRD_9846,0
NDGRD_9847,0
NDGRD_9848,0
NDGRD_9849,0
NDGRD_9850,0
NDGRD_9851,0
NDGRD_9852,0
NDGRD_9853,0
NDGRD_9854,0
NDGRD_9855,0
NDGRD_9856,0
NDGRD_9857,0
NDGRD_9858,0
NDGRD_9859,0
NDGRD_9860,0
NDGRD_9861,0
NDGRD_9862,0
NDGRD_9863,0
NDGRD_9864,0
NDGRD_9865,0
NDGRD_9866,0
NDGRD_9867,0
NDGRD_9868,0
NDGRD_9869,0
NDGRD_9870,0
NDGRD_9871,0
NDGRD_9872,0
NDGRD_9873,0
NDGRD_9874,0
NDGRD_9875,0
NDGRD_9876,0
NDGRD_9877,0
NDGRD_9878,0
NDGRD_9879,0
NDGRD_9880,0
NDGRD_9881,0
NDGRD_9882,0
NDGRD_9883,0
NDGRD_9884,0
NDGRD_9885,0
NDGRD_9886,0
NDGRD_9887,0
NDGRD_9888,0
NDGRD_9889,0
NDGRD_9890,0
NDGRD_9891,0
NDGRD_9892,0
NDGRD_9893,0
NDGRD_9894,0
NDGRD_9895,0
NDGRD_9896,0
NDGRD_9897,0
NDGRD_9898,0
NDGRD_9899,0
NDGRD_9900,0
NDGRD_9901,0
NDGRD_9902,0
NDGRD_9903,0
NDGRD_9904,0
NDGRD_9905,0
NDGRD_9906,0
NDGRD_9907,0
NDGRD_9908,0
NDGRD_9909,0
NDGRD_9910,0
NDGRD_9911,0
NDGRD_9912,0
NDGRD_9913,0
NDGRD_9914,0
NDGRD_9915,0
NDGRD_9916,0
NDGRD_9917,0
NDGRD_9918,0
NDGRD_9919,0
NDGRD_9920,0
NDGRD_9921,0
NDGRD_9922,0
NDGRD_9923,0
NDGRD_9924,0
NDGRD_9925,0
NDGRD_9926,0
NDGRD_9927,0
NDGRD_9928,0
NDGRD_9929,0
NDGRD_9930,0
NDGRD_9931,0
NDGRD_9932,0
NDGRD_9933,0
NDGRD_9934,0
NDGRD_9935,0
NDGRD_9936,0
NDGRD_9937,0
NDGRD_9938,0
NDGRD_9939,0
NDGRD_9940,0
NDGRD_9941,0
NDGRD_9942,0
NDGRD_9943,0
NDGRD_9944,0
NDGRD_9945,0
NDGRD_9946,0
NDGRD_9947,0
NDGRD_9948,0
NDGRD_9949,0
NDGRD_9950,0
NDGRD_9951,0
NDGRD_9952,0
NDGRD_9953,0
NDGRD_9954,0
NDGRD_9955,0
NDGRD_9956,0
NDGRD_9957,0
NDGRD_9958,0
NDGRD_9959,0
NDGRD_9960,0
NDGRD_9961,0
NDGRD_9962,0
NDGRD_9963,0
NDGRD_9964,0
NDGRD_9965,0
NDGRD_9966,0
NDGRD_9967,0
NDGRD_9968,0
NDGRD_9969,0
NDGRD_9970,0
NDGRD_9971,0
NDGRD_9972,0
NDGRD_9973,0
NDGRD_9974,0
NDGRD_9975,0
NDGRD_9976,0
NDGRD_9977,0
NDGRD_9978,0
NDGRD_9979,0
NDGRD_9980,0
NDGRD_9981,0
NDGRD_9982,0
NDGRD_9983,0
NDGRD_9984,0
NDGRD_9985,0
NDGRD_9986,0
NDGRD_9987,0
NDGRD_9988,0
NDGRD_9989,0
NDGRD_9990,0
NDGRD_9991,0
NDGRD_9992,0
NDGRD_9993,0
NDGRD_9994,0
NDGRD_9995,0
NDGRD_9996,0
NDGRD_9997,0
NDGRD_9998,0
NDGRD_9999,0
NDGRD_10000,0
NDGRD_10001,0
NDGRD_10002,0
NDGRD_10003,0
NDGRD_10004,0
NDGRD_10005,0
NDGRD_10006,0
NDGRD_10007,0
NDGRD_10008,0
NDGRD_10009,0
NDGRD_10010,0
NDGRD_10011,0
NDGRD_10012,0
NDGRD_10013,0
NDGRD_10014,0
NDGRD_10015,0
NDGRD_10016,0
NDGRD_10017,0
NDGRD_10018,0
NDGRD_10019,0
NDGRD_10020,0
NDGRD_10021,0
NDGRD_10022,0
NDGRD_10023,0
NDGRD_10024,0
NDGRD_10025,0
NDGRD_10026,0
NDGRD_10027,0
NDGRD_10028,0
NDGRD_10029,0
NDGRD_10030,0
NDGRD_10031,0
NDGRD_10032,0
NDGRD_10033,0
NDGRD_10034,0
NDGRD_10035,0
NDGRD_10036,0
NDGRD_10037,0
NDGRD_10038,0
NDGRD_10039,0
NDGRD_10040,0
NDGRD_10041,0
NDGRD_10042,0
NDGRD_10043,0
NDGRD_10044,0
NDGRD_10045,0
NDGRD_10046,0
NDGRD_10047,0
NDGRD_10048,0
NDGRD_10049,0
NDGRD_10050,0
NDGRD_10051,0
NDGRD_10052,0
NDGRD_10053,0
NDGRD_10054,0
NDGRD_10055,0
NDGRD_10056,0
NDGRD_10057,0
NDGRD_10058,0
NDGRD_10059,0
NDGRD_10060,0
NDGRD_10061,0
NDGRD_10062,0
NDGRD_10063,0
NDGRD_10064,0
NDGRD_10065,0
NDGRD_10066,0
NDGRD_10067,0
NDGRD_10068,0
NDGRD_10069,0
NDGRD_10070,0
NDGRD_10071,0
NDGRD_10072,0
NDGRD_10073,0
NDGRD_10074,0
NDGRD_10075,0
NDGRD_10076,0
NDGRD_10077,0
NDGRD_10078,0
NDGRD_10079,0
NDGRD_10080,0
NDGRD_10081,0
NDGRD_10082,0
NDGRD_10083,0
NDGRD_10084,0
NDGRD_10085,0
NDGRD_10086,0
NDGRD_10087,0
NDGRD_10088,0
NDGRD_10089,0
NDGRD_10090,0
NDGRD_10091,0
NDGRD_10092,0
NDGRD_10093,0
NDGRD_10094,0
NDGRD_10095,0
NDGRD_10096,0
NDGRD_10097,0
NDGRD_10098,0
NDGRD_10099,0
NDGRD_10100,0
NDGRD_10101,0
NDGRD_10102,0
NDGRD_10103,0
NDGRD_10104,0
NDGRD_10105,0
NDGRD_10106,0
NDGRD_10107,0
NDGRD_10108,0
NDGRD_10109,0
NDGRD_10110,0
NDGRD_10111,0
NDGRD_10112,0
NDGRD_10113,0
NDGRD_10114,0
NDGRD_10115,0
NDGRD_10116,0
NDGRD_10117,0
NDGRD_10118,0
NDGRD_10119,0
NDGRD_10120,0
NDGRD_10121,0
NDGRD_10122,0
NDGRD_10123,0
NDGRD_10124,0
NDGRD_10125,0
NDGRD_10126,0
NDGRD_10127,0
NDGRD_10128,0
NDGRD_10129,0
NDGRD_10130,0
NDGRD_10131,0
NDGRD_10132,0
NDGRD_10133,0
NDGRD_10134,0
NDGRD_10135,0
NDGRD_10136,0
NDGRD_10137,0
NDGRD_10138,0
NDGRD_10139,0
NDGRD_10140,0
NDGRD_10141,0
NDGRD_10142,0
NDGRD_10143,0
NDGRD_10144,0
NDGRD_10145,0
NDGRD_10146,0
NDGRD_10147,0
NDGRD_10148,0
NDGRD_10149,0
NDGRD_10150,0
NDGRD_10151,0
NDGRD_10152,0
NDGRD_10153,0
NDGRD_10154,0
NDGRD_10155,0
NDGRD_10156,0
NDGRD_10157,0
NDGRD_10158,0
NDGRD_10159,0
NDGRD_10160,0
NDGRD_10161,0
NDGRD_10162,0
NDGRD_10163,0
NDGRD_10164,0
NDGRD_10165,0
NDGRD_10166,0
NDGRD_10167,0
NDGRD_10168,0
NDGRD_10169,0
NDGRD_10170,0
NDGRD_10171,0
NDGRD_10172,0
NDGRD_10173,0
NDGRD_10174,0
NDGRD_10175,0
NDGRD_10176,0
NDGRD_10177,0
NDGRD_10178,0
NDGRD_10179,0
NDGRD_10180,0
NDGRD_10181,0
NDGRD_10182,0
NDGRD_10183,0
NDGRD_10184,0
NDGRD_10185,0
NDGRD_10186,0
NDGRD_10187,0
NDGRD_10188,0
NDGRD_10189,0
NDGRD_10190,0
NDGRD_10191,0
NDGRD_10192,0
NDGRD_10193,0
NDGRD_10194,0
NDGRD_10195,0
NDGRD_10196,0
NDGRD_10197,0
NDGRD_10198,0
NDGRD_10199,0
NDGRD_10200,0
NDGRD_10201,0
NDGRD_10202,0
NDGRD_10203,0
NDGRD_10204,0
NDGRD_10205,0
NDGRD_10206,0
NDGRD_10207,0
NDGRD_10208,0
NDGRD_10209,0
NDGRD_10210,0
NDGRD_10211,0
NDGRD_10212,0
NDGRD_10213,0
NDGRD_10214,0
NDGRD_10215,0
NDGRD_10216,0
NDGRD_10217,0
NDGRD_10218,0
NDGRD_10219,0
NDGRD_10220,0
NDGRD_10221,0
NDGRD_10222,0
NDGRD_10223,0
NDGRD_10224,0
NDGRD_10225,0
NDGRD_10226,0
NDGRD_10227,0
NDGRD_10228,0
NDGRD_10229,0
NDGRD_10230,0
NDGRD_10231,0
NDGRD_10232,0
NDGRD_10233,0
NDGRD_10234,0
NDGRD_10235,0
NDGRD_10236,0
NDGRD_10237,0
NDGRD_10238,0
NDGRD_10239,0
NDGRD_10240,0
NDGRD_10241,0
NDGRD_10242,0
NDGRD_10243,0
NDGRD_10244,0
NDGRD_10245,0
NDGRD_10246,0
NDGRD_10247,0
NDGRD_10248,0
NDGRD_10249,0
NDGRD_10250,0
NDGRD_10251,0
NDGRD_10252,0
NDGRD_10253,0
NDGRD_10254,0
NDGRD_10255,0
NDGRD_10256,0
NDGRD_10257,0
NDGRD_10258,0
NDGRD_10259,0
NDGRD_10260,0
NDGRD_10261,0
NDGRD_10262,0
NDGRD_10263,0
NDGRD_10264,0
NDGRD_10265,0
NDGRD_10266,0
NDGRD_10267,0
NDGRD_10268,0
NDGRD_10269,0
NDGRD_10270,0
NDGRD_10271,0
NDGRD_10272,0
NDGRD_10273,0
NDGRD_10274,0
NDGRD_10275,0
NDGRD_10276,0
NDGRD_10277,0
NDGRD_10278,0
NDGRD_10279,0
NDGRD_10280,0
NDGRD_10281,0
NDGRD_10282,0
NDGRD_10283,0
NDGRD_10284,0
NDGRD_10285,0
NDGRD_10286,0
NDGRD_10287,0
NDGRD_10288,0
NDGRD_10289,0
NDGRD_10290,0
NDGRD_10291,0
NDGRD_10292,0
NDGRD_10293,0
NDGRD_10294,0
NDGRD_10295,0
NDGRD_10296,0
NDGRD_10297,0
NDGRD_10298,0
NDGRD_10299,0
NDGRD_10300,0
NDGRD_10301,0
NDGRD_10302,0
NDGRD_10303,0
NDGRD_10304,0
NDGRD_10305,0
NDGRD_10306,0
NDGRD_10307,0
NDGRD_10308,0
NDGRD_10309,0
NDGRD_10310,0
NDGRD_10311,0
NDGRD_10312,0
NDGRD_10313,0
NDGRD_10314,0
NDGRD_10315,0
NDGRD_10316,0
NDGRD_10317,0
NDGRD_10318,0
NDGRD_10319,0
NDGRD_10320,0
NDGRD_10321,0
NDGRD_10322,0
NDGRD_10323,0
NDGRD_10324,0
NDGRD_10325,0
NDGRD_10326,0
NDGRD_10327,0
NDGRD_10328,0
NDGRD_10329,0
NDGRD_10330,0
NDGRD_10331,0
NDGRD_10332,0
NDGRD_10333,0
NDGRD_10334,0
NDGRD_10335,0
NDGRD_10336,0
NDGRD_10337,0
NDGRD_10338,0
NDGRD_10339,0
NDGRD_10340,0
NDGRD_10341,0
NDGRD_10342,0
NDGRD_10343,0
NDGRD_10344,0
NDGRD_10345,0
NDGRD_10346,0
NDGRD_10347,0
NDGRD_10348,0
NDGRD_10349,0
NDGRD_10350,0
NDGRD_10351,0
NDGRD_10352,0
NDGRD_10353,0
NDGRD_10354,0
NDGRD_10355,0
NDGRD_10356,0
NDGRD_10357,0
NDGRD_10358,0
NDGRD_10359,0
NDGRD_10360,0
NDGRD_10361,0
NDGRD_10362,0
NDGRD_10363,0
NDGRD_10364,0
NDGRD_10365,0
NDGRD_10366,0
NDGRD_10367,0
NDGRD_10368,0
NDGRD_10369,0
NDGRD_10370,0
NDGRD_10371,0
NDGRD_10372,0
NDGRD_10373,0
NDGRD_10374,0
NDGRD_10375,0
NDGRD_10376,0
NDGRD_10377,0
NDGRD_10378,0
NDGRD_10379,0
NDGRD_10380,0
NDGRD_10381,0
NDGRD_10382,0
NDGRD_10383,0
NDGRD_10384,0
NDGRD_10385,0
NDGRD_10386,0
NDGRD_10387,0
NDGRD_10388,0
NDGRD_10389,0
NDGRD_10390,0
NDGRD_10391,0
NDGRD_10392,0
NDGRD_10393,0
NDGRD_10394,0
NDGRD_10395,0
NDGRD_10396,0
NDGRD_10397,0
NDGRD_10398,0
NDGRD_10399,0
NDGRD_10400,0
NDGRD_10401,0
NDGRD_10402,0
NDGRD_10403,0
NDGRD_10404,0
NDGRD_10405,0
NDGRD_10406,0
NDGRD_10407,0
NDGRD_10408,0
NDGRD_10409,0
NDGRD_10410,0
NDGRD_10411,0
NDGRD_10412,0
NDGRD_10413,0
NDGRD_10414,0
NDGRD_10415,0
NDGRD_10416,0
NDGRD_10417,0
NDGRD_10418,0
NDGRD_10419,0
NDGRD_10420,0
NDGRD_10421,0
NDGRD_10422,0
NDGRD_10423,0
NDGRD_10424,0
NDGRD_10425,0
NDGRD_10426,0
NDGRD_10427,0
NDGRD_10428,0
NDGRD_10429,0
NDGRD_10430,0
NDGRD_10431,0
NDGRD_10432,0
NDGRD_10433,0
NDGRD_10434,0
NDGRD_10435,0
NDGRD_10436,0
NDGRD_10437,0
NDGRD_10438,0
NDGRD_10439,0
NDGRD_10440,0
NDGRD_10441,0
NDGRD_10442,0
NDGRD_10443,0
NDGRD_10444,0
NDGRD_10445,0
NDGRD_10446,0
NDGRD_10447,0
NDGRD_10448,0
NDGRD_10449,0
NDGRD_10450,0
NDGRD_10451,0
NDGRD_10452,0
NDGRD_10453,0
NDGRD_10454,0
NDGRD_10455,0
NDGRD_10456,0
NDGRD_10457,0
NDGRD_10458,0
NDGRD_10459,0
NDGRD_10460,0
NDGRD_10461,0
NDGRD_10462,0
NDGRD_10463,0
NDGRD_10464,0
NDGRD_10465,0
NDGRD_10466,0
NDGRD_10467,0
NDGRD_10468,0
NDGRD_10469,0
NDGRD_10470,0
NDGRD_10471,0
NDGRD_10472,0
NDGRD_10473,0
NDGRD_10474,0
NDGRD_10475,0
NDGRD_10476,0
NDGRD_10477,0
NDGRD_10478,0
NDGRD_10479,0
NDGRD_10480,0
NDGRD_10481,0
NDGRD_10482,0
NDGRD_10483,0
NDGRD_10484,0
NDGRD_10485,0
NDGRD_10486,0
NDGRD_10487,0
NDGRD_10488,0
NDGRD_10489,0
NDGRD_10490,0
NDGRD_10491,0
NDGRD_10492,0
NDGRD_10493,0
NDGRD_10494,0
NDGRD_10495,0
NDGRD_10496,0
NDGRD_10497,0
NDGRD_10498,0
NDGRD_10499,0
NDGRD_10500,0
NDGRD_10501,0
NDGRD_10502,0
NDGRD_10503,0
NDGRD_10504,0
NDGRD_10505,0
NDGRD_10506,0
NDGRD_10507,0
NDGRD_10508,0
NDGRD_10509,0
NDGRD_10510,0
NDGRD_10511,0
NDGRD_10512,0
NDGRD_10513,0
NDGRD_10514,0
NDGRD_10515,0
NDGRD_10516,0
NDGRD_10517,0
NDGRD_10518,0
NDGRD_10519,0
NDGRD_10520,0
NDGRD_10521,0
NDGRD_10522,0
NDGRD_10523,0
NDGRD_10524,0
NDGRD_10525,0
NDGRD_10526,0
NDGRD_10527,0
NDGRD_10528,0
NDGRD_10529,0
NDGRD_10530,0
NDGRD_10531,0
NDGRD_10532,0
NDGRD_10533,0
NDGRD_10534,0
NDGRD_10535,0
NDGRD_10536,0
NDGRD_10537,0
NDGRD_10538,0
NDGRD_10539,0
NDGRD_10540,0
NDGRD_10541,0
NDGRD_10542,0
NDGRD_10543,0
NDGRD_10544,0
NDGRD_10545,0
NDGRD_10546,0
NDGRD_10547,0
NDGRD_10548,0
NDGRD_10549,0
NDGRD_10550,0
NDGRD_10551,0
NDGRD_10552,0
NDGRD_10553,0
NDGRD_10554,0
NDGRD_10555,0
NDGRD_10556,0
NDGRD_10557,0
NDGRD_10558,0
NDGRD_10559,0
NDGRD_10560,0
NDGRD_10561,0
NDGRD_10562,0
NDGRD_10563,0
NDGRD_10564,0
NDGRD_10565,0
NDGRD_10566,0
NDGRD_10567,0
NDGRD_10568,0
NDGRD_10569,0
NDGRD_10570,0
NDGRD_10571,0
NDGRD_10572,0
NDGRD_10573,0
NDGRD_10574,0
NDGRD_10575,0
NDGRD_10576,0
NDGRD_10577,0
NDGRD_10578,0
NDGRD_10579,0
NDGRD_10580,0
NDGRD_10581,0
NDGRD_10582,0
NDGRD_10583,0
NDGRD_10584,0
NDGRD_10585,0
NDGRD_10586,0
NDGRD_10587,0
NDGRD_10588,0
NDGRD_10589,0
NDGRD_10590,0
NDGRD_10591,0
NDGRD_10592,0
NDGRD_10593,0
NDGRD_10594,0
NDGRD_10595,0
NDGRD_10596,0
NDGRD_10597,0
NDGRD_10598,0
NDGRD_10599,0
NDGRD_10600,0
NDGRD_10601,0
NDGRD_10602,0
NDGRD_10603,0
NDGRD_10604,0
NDGRD_10605,0
NDGRD_10606,0
NDGRD_10607,0
NDGRD_10608,0
NDGRD_10609,0
NDGRD_10610,0
NDGRD_10611,0
NDGRD_10612,0
NDGRD_10613,0
NDGRD_10614,0
NDGRD_10615,0
NDGRD_10616,0
NDGRD_10617,0
NDGRD_10618,0
NDGRD_10619,0
NDGRD_10620,0
NDGRD_10621,0
NDGRD_10622,0
NDGRD_10623,0
NDGRD_10624,0
NDGRD_10625,0
NDGRD_10626,0
NDGRD_10627,0
NDGRD_10628,0
NDGRD_10629,0
NDGRD_10630,0
NDGRD_10631,0
NDGRD_10632,0
NDGRD_10633,0
NDGRD_10634,0
NDGRD_10635,0
NDGRD_10636,0
NDGRD_10637,0
NDGRD_10638,0
NDGRD_10639,0
NDGRD_10640,0
NDGRD_10641,0
NDGRD_10642,0
NDGRD_10643,0
NDGRD_10644,0
NDGRD_10645,0
NDGRD_10646,0
NDGRD_10647,0
NDGRD_10648,0
NDGRD_10649,0
NDGRD_10650,0
NDGRD_10651,0
NDGRD_10652,0
NDGRD_10653,0
NDGRD_10654,0
NDGRD_10655,0
NDGRD_10656,0
NDGRD_10657,0
NDGRD_10658,0
NDGRD_10659,0
NDGRD_10660,0
NDGRD_10661,0
NDGRD_10662,0
NDGRD_10663,0
NDGRD_10664,0
NDGRD_10665,0
NDGRD_10666,0
NDGRD_10667,0
NDGRD_10668,0
NDGRD_10669,0
NDGRD_10670,0
NDGRD_10671,0
NDGRD_10672,0
NDGRD_10673,0
NDGRD_10674,0
NDGRD_10675,0
NDGRD_10676,0
NDGRD_10677,0
NDGRD_10678,0
NDGRD_10679,0
NDGRD_10680,0
NDGRD_10681,0
NDGRD_10682,0
NDGRD_10683,0
NDGRD_10684,0
NDGRD_10685,0
NDGRD_10686,0
NDGRD_10687,0
NDGRD_10688,0
NDGRD_10689,0
NDGRD_10690,0
NDGRD_10691,0
NDGRD_10692,0
NDGRD_10693,0
NDGRD_10694,0
NDGRD_10695,0
NDGRD_10696,0
NDGRD_10697,0
NDGRD_10698,0
NDGRD_10699,0
NDGRD_10700,0
NDGRD_10701,0
NDGRD_10702,0
NDGRD_10703,0
NDGRD_10704,0
NDGRD_10705,0
NDGRD_10706,0
NDGRD_10707,0
NDGRD_10708,0
NDGRD_10709,0
NDGRD_10710,0
NDGRD_10711,0
NDGRD_10712,0
NDGRD_10713,0
NDGRD_10714,0
NDGRD_10715,0
NDGRD_10716,0
NDGRD_10717,0
NDGRD_10718,0
NDGRD_10719,0
NDGRD_10720,0
NDGRD_10721,0
NDGRD_10722,0
NDGRD_10723,0
NDGRD_10724,0
NDGRD_10725,0
NDGRD_10726,0
NDGRD_10727,0
NDGRD_10728,0
NDGRD_10729,0
NDGRD_10730,0
NDGRD_10731,0
NDGRD_10732,0
NDGRD_10733,0
NDGRD_10734,0
NDGRD_10735,0
NDGRD_10736,0
NDGRD_10737,0
NDGRD_10738,0
NDGRD_10739,0
NDGRD_10740,0
NDGRD_10741,0
NDGRD_10742,0
NDGRD_10743,0
NDGRD_10744,0
NDGRD_10745,0
NDGRD_10746,0
NDGRD_10747,0
NDGRD_10748,0
NDGRD_10749,0
NDGRD_10750,0
NDGRD_10751,0
NDGRD_10752,0
NDGRD_10753,0
NDGRD_10754,0
NDGRD_10755,0
NDGRD_10756,0
NDGRD_10757,0
NDGRD_10758,0
NDGRD_10759,0
NDGRD_10760,0
NDGRD_10761,0
NDGRD_10762,0
NDGRD_10763,0
NDGRD_10764,0
NDGRD_10765,0
NDGRD_10766,0
NDGRD_10767,0
NDGRD_10768,0
NDGRD_10769,0
NDGRD_10770,0
NDGRD_10771,0
NDGRD_10772,0
NDGRD_10773,0
NDGRD_10774,0
NDGRD_10775,0
NDGRD_10776,0
NDGRD_10777,0
NDGRD_10778,0
NDGRD_10779,0
NDGRD_10780,0
NDGRD_10781,0
NDGRD_10782,0
NDGRD_10783,0
NDGRD_10784,0
NDGRD_10785,0
NDGRD_10786,0
NDGRD_10787,0
NDGRD_10788,0
NDGRD_10789,0
NDGRD_10790,0
NDGRD_10791,0
NDGRD_10792,0
NDGRD_10793,0
NDGRD_10794,0
NDGRD_10795,0
NDGRD_10796,0
NDGRD_10797,0
NDGRD_10798,0
NDGRD_10799,0
NDGRD_10800,0
NDGRD_10801,0
NDGRD_10802,0
NDGRD_10803,0
NDGRD_10804,0
NDGRD_10805,0
NDGRD_10806,0
NDGRD_10807,0
NDGRD_10808,0
NDGRD_10809,0
NDGRD_10810,0
NDGRD_10811,0
NDGRD_10812,0
NDGRD_10813,0
NDGRD_10814,0
NDGRD_10815,0
NDGRD_10816,0
NDGRD_10817,0
NDGRD_10818,0
NDGRD_10819,0
NDGRD_10820,0
NDGRD_10821,0
NDGRD_10822,0
NDGRD_10823,0
NDGRD_10824,0
NDGRD_10825,0
NDGRD_10826,0
NDGRD_10827,0
NDGRD_10828,0
NDGRD_10829,0
NDGRD_10830,0
NDGRD_10831,0
NDGRD_10832,0
NDGRD_10833,0
NDGRD_10834,0
NDGRD_10835,0
NDGRD_10836,0
NDGRD_10837,0
NDGRD_10838,0
NDGRD_10839,0
NDGRD_10840,0
NDGRD_10841,0
NDGRD_10842,0
NDGRD_10843,0
NDGRD_10844,0
NDGRD_10845,0
NDGRD_10846,0
NDGRD_10847,0
NDGRD_10848,0
NDGRD_10849,0
NDGRD_10850,0
NDGRD_10851,0
NDGRD_10852,0
NDGRD_10853,0
NDGRD_10854,0
NDGRD_10855,0
NDGRD_10856,0
NDGRD_10857,0
NDGRD_10858,0
NDGRD_10859,0
NDGRD_10860,0
NDGRD_10861,0
NDGRD_10862,0
NDGRD_10863,0
NDGRD_10864,0
NDGRD_10865,0
NDGRD_10866,0
NDGRD_10867,0
NDGRD_10868,0
NDGRD_10869,0
NDGRD_10870,0
NDGRD_10871,0
NDGRD_10872,0
NDGRD_10873,0
NDGRD_10874,0
NDGRD_10875,0
NDGRD_10876,0
NDGRD_10877,0
NDGRD_10878,0
NDGRD_10879,0
NDGRD_10880,0
NDGRD_10881,0
NDGRD_10882,0
NDGRD_10883,0
NDGRD_10884,0
NDGRD_10885,0
NDGRD_10886,0
NDGRD_10887,0
NDGRD_10888,0
NDGRD_10889,0
NDGRD_10890,0
NDGRD_10891,0
NDGRD_10892,0
NDGRD_10893,0
NDGRD_10894,0
NDGRD_10895,0
NDGRD_10896,0
NDGRD_10897,0
NDGRD_10898,0
NDGRD_10899,0
NDGRD_10900,0
NDGRD_10901,0
NDGRD_10902,0
NDGRD_10903,0
NDGRD_10904,0
NDGRD_10905,0
NDGRD_10906,0
NDGRD_10907,0
NDGRD_10908,0
NDGRD_10909,0
NDGRD_10910,0
NDGRD_10911,0
NDGRD_10912,0
NDGRD_10913,0
NDGRD_10914,0
NDGRD_10915,0
NDGRD_10916,0
NDGRD_10917,0
NDGRD_10918,0
NDGRD_10919,0
NDGRD_10920,0
NDGRD_10921,0
NDGRD_10922,0
NDGRD_10923,0
NDGRD_10924,0
NDGRD_10925,0
NDGRD_10926,0
NDGRD_10927,0
NDGRD_10928,0
NDGRD_10929,0
NDGRD_10930,0
NDGRD_10931,0
NDGRD_10932,0
NDGRD_10933,0
NDGRD_10934,0
NDGRD_10935,0
NDGRD_10936,0
NDGRD_10937,0
NDGRD_10938,0
NDGRD_10939,0
NDGRD_10940,0
NDGRD_10941,0
NDGRD_10942,0
NDGRD_10943,0
NDGRD_10944,0
NDGRD_10945,0
NDGRD_10946,0
NDGRD_10947,0
NDGRD_10948,0
NDGRD_10949,0
NDGRD_10950,0
NDGRD_10951,0
NDGRD_10952,0
NDGRD_10953,0
NDGRD_10954,0
NDGRD_10955,0
NDGRD_10956,0
NDGRD_10957,0
NDGRD_10958,0
NDGRD_10959,0
NDGRD_10960,0
NDGRD_10961,0
NDGRD_10962,0
NDGRD_10963,0
NDGRD_10964,0
NDGRD_10965,0
NDGRD_10966,0
NDGRD_10967,0
NDGRD_10968,0
NDGRD_10969,0
NDGRD_10970,0
NDGRD_10971,0
NDGRD_10972,0
NDGRD_10973,0
NDGRD_10974,0
NDGRD_10975,0
NDGRD_10976,0
NDGRD_10977,0
NDGRD_10978,0
NDGRD_10979,0
NDGRD_10980,0
NDGRD_10981,0
NDGRD_10982,0
NDGRD_10983,0
NDGRD_10984,0
NDGRD_10985,0
NDGRD_10986,0
NDGRD_10987,0
NDGRD_10988,0
NDGRD_10989,0
NDGRD_10990,0
NDGRD_10991,0
NDGRD_10992,0
NDGRD_10993,0
NDGRD_10994,0
NDGRD_10995,0
NDGRD_10996,0
NDGRD_10997,0
NDGRD_10998,0
NDGRD_10999,0
NDGRD_11000,0
NDGRD_11001,0
NDGRD_11002,0
NDGRD_11003,0
NDGRD_11004,0
NDGRD_11005,0
NDGRD_11006,0
NDGRD_11007,0
NDGRD_11008,0
NDGRD_11009,0
NDGRD_11010,0
NDGRD_11011,0
NDGRD_11012,0
NDGRD_11013,0
NDGRD_11014,0
NDGRD_11015,0
NDGRD_11016,0
NDGRD_11017,0
NDGRD_11018,0
NDGRD_11019,0
NDGRD_11020,0
NDGRD_11021,0
NDGRD_11022,0
NDGRD_11023,0
NDGRD_11024,0
NDGRD_11025,0
NDGRD_11026,0
NDGRD_11027,0
NDGRD_11028,0
NDGRD_11029,0
NDGRD_11030,0
NDGRD_11031,0
NDGRD_11032,0
NDGRD_11033,0
NDGRD_11034,0
NDGRD_11035,0
NDGRD_11036,0
NDGRD_11037,0
NDGRD_11038,0
NDGRD_11039,0
NDGRD_11040,0
NDGRD_11041,0
NDGRD_11042,0
NDGRD_11043,0
NDGRD_11044,0
NDGRD_11045,0
NDGRD_11046,0
NDGRD_11047,0
NDGRD_11048,0
NDGRD_11049,0
NDGRD_11050,0
NDGRD_11051,0
NDGRD_11052,0
NDGRD_11053,0
NDGRD_11054,0
NDGRD_11055,0
NDGRD_11056,0
NDGRD_11057,0
NDGRD_11058,0
NDGRD_11059,0
NDGRD_11060,0
NDGRD_11061,0
NDGRD_11062,0
NDGRD_11063,0
NDGRD_11064,0
NDGRD_11065,0
NDGRD_11066,0
NDGRD_11067,0
NDGRD_11068,0
NDGRD_11069,0
NDGRD_11070,0
NDGRD_11071,0
NDGRD_11072,0
NDGRD_11073,0
NDGRD_11074,0
NDGRD_11075,0
NDGRD_11076,0
NDGRD_11077,0
NDGRD_11078,0
NDGRD_11079,0
NDGRD_11080,0
NDGRD_11081,0
NDGRD_11082,0
NDGRD_11083,0
NDGRD_11084,0
NDGRD_11085,0
NDGRD_11086,0
NDGRD_11087,0
NDGRD_11088,0
NDGRD_11089,0
NDGRD_11090,0
NDGRD_11091,0
NDGRD_11092,0
NDGRD_11093,0
NDGRD_11094,0
NDGRD_11095,0
NDGRD_11096,0
NDGRD_11097,0
NDGRD_11098,0
NDGRD_11099,0
NDGRD_11100,0
NDGRD_11101,0
NDGRD_11102,0
NDGRD_11103,0
NDGRD_11104,0
NDGRD_11105,0
NDGRD_11106,0
NDGRD_11107,0
NDGRD_11108,0
NDGRD_11109,0
NDGRD_11110,0
NDGRD_11111,0
NDGRD_11112,0
NDGRD_11113,0
NDGRD_11114,0
NDGRD_11115,0
NDGRD_11116,0
NDGRD_11117,0
NDGRD_11118,0
NDGRD_11119,0
NDGRD_11120,0
NDGRD_11121,0
NDGRD_11122,0
NDGRD_11123,0
NDGRD_11124,0
NDGRD_11125,0
NDGRD_11126,0
NDGRD_11127,0
NDGRD_11128,0
NDGRD_11129,0
NDGRD_11130,0
NDGRD_11131,0
NDGRD_11132,0
NDGRD_11133,0
NDGRD_11134,0
NDGRD_11135,0
NDGRD_11136,0
NDGRD_11137,0
NDGRD_11138,0
NDGRD_11139,0
NDGRD_11140,0
NDGRD_11141,0
NDGRD_11142,0
NDGRD_11143,0
NDGRD_11144,0
NDGRD_11145,0
NDGRD_11146,0
NDGRD_11147,0
NDGRD_11148,0
NDGRD_11149,0
NDGRD_11150,0
NDGRD_11151,0
NDGRD_11152,0
NDGRD_11153,0
NDGRD_11154,0
NDGRD_11155,0
NDGRD_11156,0
NDGRD_11157,0
NDGRD_11158,0
NDGRD_11159,0
NDGRD_11160,0
NDGRD_11161,0
NDGRD_11162,0
NDGRD_11163,0
NDGRD_11164,0
NDGRD_11165,0
NDGRD_11166,0
NDGRD_11167,0
NDGRD_11168,0
NDGRD_11169,0
NDGRD_11170,0
NDGRD_11171,0
NDGRD_11172,0
NDGRD_11173,0
NDGRD_11174,0
NDGRD_11175,0
NDGRD_11176,0
NDGRD_11177,0
NDGRD_11178,0
NDGRD_11179,0
NDGRD_11180,0
NDGRD_11181,0
NDGRD_11182,0
NDGRD_11183,0
NDGRD_11184,0
NDGRD_11185,0
NDGRD_11186,0
NDGRD_11187,0
NDGRD_11188,0
NDGRD_11189,0
NDGRD_11190,0
NDGRD_11191,0
NDGRD_11192,0
NDGRD_11193,0
NDGRD_11194,0
NDGRD_11195,0
NDGRD_11196,0
NDGRD_11197,0
NDGRD_11198,0
NDGRD_11199,0
NDGRD_11200,0
NDGRD_11201,0
NDGRD_11202,0
NDGRD_11203,0
NDGRD_11204,0
NDGRD_11205,0
NDGRD_11206,0
NDGRD_11207,0
NDGRD_11208,0
NDGRD_11209,0
NDGRD_11210,0
NDGRD_11211,0
NDGRD_11212,0
NDGRD_11213,0
NDGRD_11214,0
NDGRD_11215,0
NDGRD_11216,0
NDGRD_11217,0
NDGRD_11218,0
NDGRD_11219,0
NDGRD_11220,0
NDGRD_11221,0
NDGRD_11222,0
NDGRD_11223,0
NDGRD_11224,0
NDGRD_11225,0
NDGRD_11226,0
NDGRD_11227,0
NDGRD_11228,0
NDGRD_11229,0
NDGRD_11230,0
NDGRD_11231,0
NDGRD_11232,0
NDGRD_11233,0
NDGRD_11234,0
NDGRD_11235,0
NDGRD_11236,0
NDGRD_11237,0
NDGRD_11238,0
NDGRD_11239,0
NDGRD_11240,0
NDGRD_11241,0
NDGRD_11242,0
NDGRD_11243,0
NDGRD_11244,0
NDGRD_11245,0
NDGRD_11246,0
NDGRD_11247,0
NDGRD_11248,0
NDGRD_11249,0
NDGRD_11250,0
NDGRD_11251,0
NDGRD_11252,0
NDGRD_11253,0
NDGRD_11254,0
NDGRD_11255,0
NDGRD_11256,0
NDGRD_11257,0
NDGRD_11258,0
NDGRD_11259,0
NDGRD_11260,0
NDGRD_11261,0
NDGRD_11262,0
NDGRD_11263,0
NDGRD_11264,0
NDGRD_11265,0
NDGRD_11266,0
NDGRD_11267,0
NDGRD_11268,0
NDGRD_11269,0
NDGRD_11270,0
NDGRD_11271,0
NDGRD_11272,0
NDGRD_11273,0
NDGRD_11274,0
NDGRD_11275,0
NDGRD_11276,0
NDGRD_11277,0
NDGRD_11278,0
NDGRD_11279,0
NDGRD_11280,0
NDGRD_11281,0
NDGRD_11282,0
NDGRD_11283,0
NDGRD_11284,0
NDGRD_11285,0
NDGRD_11286,0
NDGRD_11287,0
NDGRD_11288,0
NDGRD_11289,0
NDGRD_11290,0
NDGRD_11291,0
NDGRD_11292,0
NDGRD_11293,0
NDGRD_11294,0
NDGRD_11295,0
NDGRD_11296,0
NDGRD_11297,0
NDGRD_11298,0
NDGRD_11299,0
NDGRD_11300,0
NDGRD_11301,0
NDGRD_11302,0
NDGRD_11303,0
NDGRD_11304,0
NDGRD_11305,0
NDGRD_11306,0
NDGRD_11307,0
NDGRD_11308,0
NDGRD_11309,0
NDGRD_11310,0
NDGRD_11311,0
NDGRD_11312,0
NDGRD_11313,0
NDGRD_11314,0
NDGRD_11315,0
NDGRD_11316,0
NDGRD_11317,0
NDGRD_11318,0
NDGRD_11319,0
NDGRD_11320,0
NDGRD_11321,0
NDGRD_11322,0
NDGRD_11323,0
NDGRD_11324,0
NDGRD_11325,0
NDGRD_11326,0
NDGRD_11327,0
NDGRD_11328,0
NDGRD_11329,0
NDGRD_11330,0
NDGRD_11331,0
NDGRD_11332,0
NDGRD_11333,0
NDGRD_11334,0
NDGRD_11335,0
NDGRD_11336,0
NDGRD_11337,0
NDGRD_11338,0
NDGRD_11339,0
NDGRD_11340,0
NDGRD_11341,0
NDGRD_11342,0
NDGRD_11343,0
NDGRD_11344,0
NDGRD_11345,0
NDGRD_11346,0
NDGRD_11347,0
NDGRD_11348,0
NDGRD_11349,0
NDGRD_11350,0
NDGRD_11351,0
NDGRD_11352,0
NDGRD_11353,0
NDGRD_11354,0
NDGRD_11355,0
NDGRD_11356,0
NDGRD_11357,0
NDGRD_11358,0
NDGRD_11359,0
NDGRD_11360,0
NDGRD_11361,0
NDGRD_11362,0
NDGRD_11363,0
NDGRD_11364,0
NDGRD_11365,0
NDGRD_11366,0
NDGRD_11367,0
NDGRD_11368,0
NDGRD_11369,0
NDGRD_11370,0
NDGRD_11371,0
NDGRD_11372,0
NDGRD_11373,0
NDGRD_11374,0
NDGRD_11375,0
NDGRD_11376,0
NDGRD_11377,0
NDGRD_11378,0
NDGRD_11379,0
NDGRD_11380,0
NDGRD_11381,0
NDGRD_11382,0
NDGRD_11383,0
NDGRD_11384,0
NDGRD_11385,0
NDGRD_11386,0
NDGRD_11387,0
NDGRD_11388,0
NDGRD_11389,0
NDGRD_11390,0
NDGRD_11391,0
NDGRD_11392,0
NDGRD_11393,0
NDGRD_11394,0
NDGRD_11395,0
NDGRD_11396,0
NDGRD_11397,0
NDGRD_11398,0
NDGRD_11399,0
NDGRD_11400,0
NDGRD_11401,0
NDGRD_11402,0
NDGRD_11403,0
NDGRD_11404,0
NDGRD_11405,0
NDGRD_11406,0
NDGRD_11407,0
NDGRD_11408,0
NDGRD_11409,0
NDGRD_11410,0
NDGRD_11411,0
NDGRD_11412,0
NDGRD_11413,0
NDGRD_11414,0
NDGRD_11415,0
NDGRD_11416,0
NDGRD_11417,0
NDGRD_11418,0
NDGRD_11419,0
NDGRD_11420,0
NDGRD_11421,0
NDGRD_11422,0
NDGRD_11423,0
NDGRD_11424,0
NDGRD_11425,0
NDGRD_11426,0
NDGRD_11427,0
NDGRD_11428,0
NDGRD_11429,0
NDGRD_11430,0
NDGRD_11431,0
NDGRD_11432,0
NDGRD_11433,0
NDGRD_11434,0
NDGRD_11435,0
NDGRD_11436,0
NDGRD_11437,0
NDGRD_11438,0
NDGRD_11439,0
NDGRD_11440,0
NDGRD_11441,0
NDGRD_11442,0
NDGRD_11443,0
NDGRD_11444,0
NDGRD_11445,0
NDGRD_11446,0
NDGRD_11447,0
NDGRD_11448,0
NDGRD_11449,0
NDGRD_11450,0
NDGRD_11451,0
NDGRD_11452,0
NDGRD_11453,0
NDGRD_11454,0
NDGRD_11455,0
NDGRD_11456,0
NDGRD_11457,0
NDGRD_11458,0
NDGRD_11459,0
NDGRD_11460,0
NDGRD_11461,0
NDGRD_11462,0
NDGRD_11463,0
NDGRD_11464,0
NDGRD_11465,0
NDGRD_11466,0
NDGRD_11467,0
NDGRD_11468,0
NDGRD_11469,0
NDGRD_11470,0
NDGRD_11471,0
NDGRD_11472,0
NDGRD_11473,0
NDGRD_11474,0
NDGRD_11475,0
NDGRD_11476,0
NDGRD_11477,0
NDGRD_11478,0
NDGRD_11479,0
NDGRD_11480,0
NDGRD_11481,0
NDGRD_11482,0
NDGRD_11483,0
NDGRD_11484,0
NDGRD_11485,0
NDGRD_11486,0
NDGRD_11487,0
NDGRD_11488,0
NDGRD_11489,0
NDGRD_11490,0
NDGRD_11491,0
NDGRD_11492,0
NDGRD_11493,0
NDGRD_11494,0
NDGRD_11495,0
NDGRD_11496,0
NDGRD_11497,0
NDGRD_11498,0
NDGRD_11499,0
NDGRD_11500,0
NDGRD_11501,0
NDGRD_11502,0
NDGRD_11503,0
NDGRD_11504,0
NDGRD_11505,0
NDGRD_11506,0
NDGRD_11507,0
NDGRD_11508,0
NDGRD_11509,0
NDGRD_11510,0
NDGRD_11511,0
NDGRD_11512,0
NDGRD_11513,0
NDGRD_11514,0
NDGRD_11515,0
NDGRD_11516,0
NDGRD_11517,0
NDGRD_11518,0
NDGRD_11519,0
NDGRD_11520,0
NDGRD_11521,0
NDGRD_11522,0
NDGRD_11523,0
NDGRD_11524,0
NDGRD_11525,0
NDGRD_11526,0
NDGRD_11527,0
NDGRD_11528,0
NDGRD_11529,0
NDGRD_11530,0
NDGRD_11531,0
NDGRD_11532,0
NDGRD_11533,0
NDGRD_11534,0
NDGRD_11535,0
NDGRD_11536,0
NDGRD_11537,0
NDGRD_11538,0
NDGRD_11539,0
NDGRD_11540,0
NDGRD_11541,0
NDGRD_11542,0
NDGRD_11543,0
NDGRD_11544,0
NDGRD_11545,0
NDGRD_11546,0
NDGRD_11547,0
NDGRD_11548,0
NDGRD_11549,0
NDGRD_11550,0
NDGRD_11551,0
NDGRD_11552,0
NDGRD_11553,0
NDGRD_11554,0
NDGRD_11555,0
NDGRD_11556,0
NDGRD_11557,0
NDGRD_11558,0
NDGRD_11559,0
NDGRD_11560,0
NDGRD_11561,0
NDGRD_11562,0
NDGRD_11563,0
NDGRD_11564,0
NDGRD_11565,0
NDGRD_11566,0
NDGRD_11567,0
NDGRD_11568,0
NDGRD_11569,0
NDGRD_11570,0
NDGRD_11571,0
NDGRD_11572,0
NDGRD_11573,0
NDGRD_11574,0
NDGRD_11575,0
NDGRD_11576,0
NDGRD_11577,0
NDGRD_11578,0
NDGRD_11579,0
NDGRD_11580,0
NDGRD_11581,0
NDGRD_11582,0
NDGRD_11583,0
NDGRD_11584,0
NDGRD_11585,0
NDGRD_11586,0
NDGRD_11587,0
NDGRD_11588,0
NDGRD_11589,0
NDGRD_11590,0
NDGRD_11591,0
NDGRD_11592,0
NDGRD_11593,0
NDGRD_11594,0
NDGRD_11595,0
NDGRD_11596,0
NDGRD_11597,0
NDGRD_11598,0
NDGRD_11599,0
NDGRD_11600,0
NDGRD_11601,0
NDGRD_11602,0
NDGRD_11603,0
NDGRD_11604,0
NDGRD_11605,0
NDGRD_11606,0
NDGRD_11607,0
NDGRD_11608,0
NDGRD_11609,0
NDGRD_11610,0
NDGRD_11611,0
NDGRD_11612,0
NDGRD_11613,0
NDGRD_11614,0
NDGRD_11615,0
NDGRD_11616,0
NDGRD_11617,0
NDGRD_11618,0
NDGRD_11619,0
NDGRD_11620,0
NDGRD_11621,0
NDGRD_11622,0
NDGRD_11623,0
NDGRD_11624,0
NDGRD_11625,0
NDGRD_11626,0
NDGRD_11627,0
NDGRD_11628,0
NDGRD_11629,0
NDGRD_11630,0
NDGRD_11631,0
NDGRD_11632,0
NDGRD_11633,0
NDGRD_11634,0
NDGRD_11635,0
NDGRD_11636,0
NDGRD_11637,0
NDGRD_11638,0
NDGRD_11639,0
NDGRD_11640,0
NDGRD_11641,0
NDGRD_11642,0
NDGRD_11643,0
NDGRD_11644,0
NDGRD_11645,0
NDGRD_11646,0
NDGRD_11647,0
NDGRD_11648,0
NDGRD_11649,0
NDGRD_11650,0
NDGRD_11651,0
NDGRD_11652,0
NDGRD_11653,0
NDGRD_11654,0
NDGRD_11655,0
NDGRD_11656,0
NDGRD_11657,0
NDGRD_11658,0
NDGRD_11659,0
NDGRD_11660,0
NDGRD_11661,0
NDGRD_11662,0
NDGRD_11663,0
NDGRD_11664,0
NDGRD_11665,0
NDGRD_11666,0
NDGRD_11667,0
NDGRD_11668,0
NDGRD_11669,0
NDGRD_11670,0
NDGRD_11671,0
NDGRD_11672,0
NDGRD_11673,0
NDGRD_11674,0
NDGRD_11675,0
NDGRD_11676,0
NDGRD_11677,0
NDGRD_11678,0
NDGRD_11679,0
NDGRD_11680,0
NDGRD_11681,0
NDGRD_11682,0
NDGRD_11683,0
NDGRD_11684,0
NDGRD_11685,0
NDGRD_11686,0
NDGRD_11687,0
NDGRD_11688,0
NDGRD_11689,0
NDGRD_11690,0
NDGRD_11691,0
NDGRD_11692,0
NDGRD_11693,0
NDGRD_11694,0
NDGRD_11695,0
NDGRD_11696,0
NDGRD_11697,0
NDGRD_11698,0
NDGRD_11699,0
NDGRD_11700,0
NDGRD_11701,0
NDGRD_11702,0
NDGRD_11703,0
NDGRD_11704,0
NDGRD_11705,0
NDGRD_11706,0
NDGRD_11707,0
NDGRD_11708,0
NDGRD_11709,0
NDGRD_11710,0
NDGRD_11711,0
NDGRD_11712,0
NDGRD_11713,0
NDGRD_11714,0
NDGRD_11715,0
NDGRD_11716,0
NDGRD_11717,0
NDGRD_11718,0
NDGRD_11719,0
NDGRD_11720,0
NDGRD_11721,0
NDGRD_11722,0
NDGRD_11723,0
NDGRD_11724,0
NDGRD_11725,0
NDGRD_11726,0
NDGRD_11727,0
NDGRD_11728,0
NDGRD_11729,0
NDGRD_11730,0
NDGRD_11731,0
NDGRD_11732,0
NDGRD_11733,0
NDGRD_11734,0
NDGRD_11735,0
NDGRD_11736,0
NDGRD_11737,0
NDGRD_11738,0
NDGRD_11739,0
NDGRD_11740,0
NDGRD_11741,0
NDGRD_11742,0
NDGRD_11743,0
NDGRD_11744,0
NDGRD_11745,0
NDGRD_11746,0
NDGRD_11747,0
NDGRD_11748,0
NDGRD_11749,0
NDGRD_11750,0
NDGRD_11751,0
NDGRD_11752,0
NDGRD_11753,0
NDGRD_11754,0
NDGRD_11755,0
NDGRD_11756,0
NDGRD_11757,0
NDGRD_11758,0
NDGRD_11759,0
NDGRD_11760,0
NDGRD_11761,0
NDGRD_11762,0
NDGRD_11763,0
NDGRD_11764,0
NDGRD_11765,0
NDGRD_11766,0
NDGRD_11767,0
NDGRD_11768,0
NDGRD_11769,0
NDGRD_11770,0
NDGRD_11771,0
NDGRD_11772,0
NDGRD_11773,0
NDGRD_11774,0
NDGRD_11775,0
NDGRD_11776,0
NDGRD_11777,0
NDGRD_11778,0
NDGRD_11779,0
NDGRD_11780,0
NDGRD_11781,0
NDGRD_11782,0
NDGRD_11783,0
NDGRD_11784,0
NDGRD_11785,0
NDGRD_11786,0
NDGRD_11787,0
NDGRD_11788,0
NDGRD_11789,0
NDGRD_11790,0
NDGRD_11791,0
NDGRD_11792,0
NDGRD_11793,0
NDGRD_11794,0
NDGRD_11795,0
NDGRD_11796,0
NDGRD_11797,0
NDGRD_11798,0
NDGRD_11799,0
NDGRD_11800,0
NDGRD_11801,0
NDGRD_11802,0
NDGRD_11803,0
NDGRD_11804,0
NDGRD_11805,0
NDGRD_11806,0
NDGRD_11807,0
NDGRD_11808,0
NDGRD_11809,0
NDGRD_11810,0
NDGRD_11811,0
NDGRD_11812,0
NDGRD_11813,0
NDGRD_11814,0
NDGRD_11815,0
NDGRD_11816,0
NDGRD_11817,0
NDGRD_11818,0
NDGRD_11819,0
NDGRD_11820,0
NDGRD_11821,0
NDGRD_11822,0
NDGRD_11823,0
NDGRD_11824,0
NDGRD_11825,0
NDGRD_11826,0
NDGRD_11827,0
NDGRD_11828,0
NDGRD_11829,0
NDGRD_11830,0
NDGRD_11831,0
NDGRD_11832,0
NDGRD_11833,0
NDGRD_11834,0
NDGRD_11835,0
NDGRD_11836,0
NDGRD_11837,0
NDGRD_11838,0
NDGRD_11839,0
NDGRD_11840,0
NDGRD_11841,0
NDGRD_11842,0
NDGRD_11843,0
NDGRD_11844,0
NDGRD_11845,0
NDGRD_11846,0
NDGRD_11847,0
NDGRD_11848,0
NDGRD_11849,0
NDGRD_11850,0
NDGRD_11851,0
NDGRD_11852,0
NDGRD_11853,0
NDGRD_11854,0
NDGRD_11855,0
NDGRD_11856,0
NDGRD_11857,0
NDGRD_11858,0
NDGRD_11859,0
NDGRD_11860,0
NDGRD_11861,0
NDGRD_11862,0
NDGRD_11863,0
NDGRD_11864,0
NDGRD_11865,0
NDGRD_11866,0
NDGRD_11867,0
NDGRD_11868,0
NDGRD_11869,0
NDGRD_11870,0
NDGRD_11871,0
NDGRD_11872,0
NDGRD_11873,0
NDGRD_11874,0
NDGRD_11875,0
NDGRD_11876,0
NDGRD_11877,0
NDGRD_11878,0
NDGRD_11879,0
NDGRD_11880,0
NDGRD_11881,0
NDGRD_11882,0
NDGRD_11883,0
NDGRD_11884,0
NDGRD_11885,0
NDGRD_11886,0
NDGRD_11887,0
NDGRD_11888,0
NDGRD_11889,0
NDGRD_11890,0
NDGRD_11891,0
NDGRD_11892,0
NDGRD_11893,0
NDGRD_11894,0
NDGRD_11895,0
NDGRD_11896,0
NDGRD_11897,0
NDGRD_11898,0
NDGRD_11899,0
NDGRD_11900,0
NDGRD_11901,0
NDGRD_11902,0
NDGRD_11903,0
NDGRD_11904,0
NDGRD_11905,0
NDGRD_11906,0
NDGRD_11907,0
NDGRD_11908,0
NDGRD_11909,0
NDGRD_11910,0
NDGRD_11911,0
NDGRD_11912,0
NDGRD_11913,0
NDGRD_11914,0
NDGRD_11915,0
NDGRD_11916,0
NDGRD_11917,0
NDGRD_11918,0
NDGRD_11919,0
NDGRD_11920,0
NDGRD_11921,0
NDGRD_11922,0
NDGRD_11923,0
NDGRD_11924,0
NDGRD_11925,0
NDGRD_11926,0
NDGRD_11927,0
NDGRD_11928,0
NDGRD_11929,0
NDGRD_11930,0
NDGRD_11931,0
NDGRD_11932,0
NDGRD_11933,0
NDGRD_11934,0
NDGRD_11935,0
NDGRD_11936,0
NDGRD_11937,0
NDGRD_11938,0
NDGRD_11939,0
NDGRD_11940,0
NDGRD_11941,0
NDGRD_11942,0
NDGRD_11943,0
NDGRD_11944,0
NDGRD_11945,0
NDGRD_11946,0
NDGRD_11947,0
NDGRD_11948,0
NDGRD_11949,0
NDGRD_11950,0
NDGRD_11951,0
NDGRD_11952,0
NDGRD_11953,0
NDGRD_11954,0
NDGRD_11955,0
NDGRD_11956,0
NDGRD_11957,0
NDGRD_11958,0
NDGRD_11959,0
NDGRD_11960,0
NDGRD_11961,0
NDGRD_11962,0
NDGRD_11963,0
NDGRD_11964,0
NDGRD_11965,0
NDGRD_11966,0
NDGRD_11967,0
NDGRD_11968,0
NDGRD_11969,0
NDGRD_11970,0
NDGRD_11971,0
NDGRD_11972,0
NDGRD_11973,0
NDGRD_11974,0
NDGRD_11975,0
NDGRD_11976,0
NDGRD_11977,0
NDGRD_11978,0
NDGRD_11979,0
NDGRD_11980,0
NDGRD_11981,0
NDGRD_11982,0
NDGRD_11983,0
NDGRD_11984,0
NDGRD_11985,0
NDGRD_11986,0
NDGRD_11987,0
NDGRD_11988,0
NDGRD_11989,0
NDGRD_11990,0
NDGRD_11991,0
NDGRD_11992,0
NDGRD_11993,0
NDGRD_11994,0
NDGRD_11995,0
NDGRD_11996,0
NDGRD_11997,0
NDGRD_11998,0
NDGRD_11999,0
NDGRD_12000,0
NDGRD_12001,0
NDGRD_12002,0
NDGRD_12003,0
NDGRD_12004,0
NDGRD_12005,0
NDGRD_12006,0
NDGRD_12007,0
NDGRD_12008,0
NDGRD_12009,0
NDGRD_12010,0
NDGRD_12011,0
NDGRD_12012,0
NDGRD_12013,0
NDGRD_12014,0
NDGRD_12015,0
NDGRD_12016,0
NDGRD_12017,0
NDGRD_12018,0
NDGRD_12019,0
NDGRD_12020,0
NDGRD_12021,0
NDGRD_12022,0
NDGRD_12023,0
NDGRD_12024,0
NDGRD_12025,0
NDGRD_12026,0
NDGRD_12027,0
NDGRD_12028,0
NDGRD_12029,0
NDGRD_12030,0
NDGRD_12031,0
NDGRD_12032,0
NDGRD_12033,0
NDGRD_12034,0
NDGRD_12035,0
NDGRD_12036,0
NDGRD_12037,0
NDGRD_12038,0
NDGRD_12039,0
NDGRD_12040,0
NDGRD_12041,0
NDGRD_12042,0
NDGRD_12043,0
NDGRD_12044,0
NDGRD_12045,0
NDGRD_12046,0
NDGRD_12047,0
NDGRD_12048,0
NDGRD_12049,0
NDGRD_12050,0
NDGRD_12051,0
NDGRD_12052,0
NDGRD_12053,0
NDGRD_12054,0
NDGRD_12055,0
NDGRD_12056,0
NDGRD_12057,0
NDGRD_12058,0
NDGRD_12059,0
NDGRD_12060,0
NDGRD_12061,0
NDGRD_12062,0
NDGRD_12063,0
NDGRD_12064,0
NDGRD_12065,0
NDGRD_12066,0
NDGRD_12067,0
NDGRD_12068,0
NDGRD_12069,0
NDGRD_12070,0
NDGRD_12071,0
NDGRD_12072,0
NDGRD_12073,0
NDGRD_12074,0
NDGRD_12075,0
NDGRD_12076,0
NDGRD_12077,0
NDGRD_12078,0
NDGRD_12079,0
NDGRD_12080,0
NDGRD_12081,0
NDGRD_12082,0
NDGRD_12083,0
NDGRD_12084,0
NDGRD_12085,0
NDGRD_12086,0
NDGRD_12087,0
NDGRD_12088,0
NDGRD_12089,0
NDGRD_12090,0
NDGRD_12091,0
NDGRD_12092,0
NDGRD_12093,0
NDGRD_12094,0
NDGRD_12095,0
NDGRD_12096,0
NDGRD_12097,0
NDGRD_12098,0
NDGRD_12099,0
NDGRD_12100,0
NDGRD_12101,0
NDGRD_12102,0
NDGRD_12103,0
NDGRD_12104,0
NDGRD_12105,0
NDGRD_12106,0
NDGRD_12107,0
NDGRD_12108,0
NDGRD_12109,0
NDGRD_12110,0
NDGRD_12111,0
NDGRD_12112,0
NDGRD_12113,0
NDGRD_12114,0
NDGRD_12115,0
NDGRD_12116,0
NDGRD_12117,0
NDGRD_12118,0
NDGRD_12119,0
NDGRD_12120,0
NDGRD_12121,0
NDGRD_12122,0
NDGRD_12123,0
NDGRD_12124,0
NDGRD_12125,0
NDGRD_12126,0
NDGRD_12127,0
NDGRD_12128,0
NDGRD_12129,0
NDGRD_12130,0
NDGRD_12131,0
NDGRD_12132,0
NDGRD_12133,0
NDGRD_12134,0
NDGRD_12135,0
NDGRD_12136,0
NDGRD_12137,0
NDGRD_12138,0
NDGRD_12139,0
NDGRD_12140,0
NDGRD_12141,0
NDGRD_12142,0
NDGRD_12143,0
NDGRD_12144,0
NDGRD_12145,0
NDGRD_12146,0
NDGRD_12147,0
NDGRD_12148,0
NDGRD_12149,0
NDGRD_12150,0
NDGRD_12151,0
NDGRD_12152,0
NDGRD_12153,0
NDGRD_12154,0
NDGRD_12155,0
NDGRD_12156,0
NDGRD_12157,0
NDGRD_12158,0
NDGRD_12159,0
NDGRD_12160,0
NDGRD_12161,0
NDGRD_12162,0
NDGRD_12163,0
NDGRD_12164,0
NDGRD_12165,0
NDGRD_12166,0
NDGRD_12167,0
NDGRD_12168,0
NDGRD_12169,0
NDGRD_12170,0
NDGRD_12171,0
NDGRD_12172,0
NDGRD_12173,0
NDGRD_12174,0
NDGRD_12175,0
NDGRD_12176,0
NDGRD_12177,0
NDGRD_12178,0
NDGRD_12179,0
NDGRD_12180,0
NDGRD_12181,0
NDGRD_12182,0
NDGRD_12183,0
NDGRD_12184,0
NDGRD_12185,0
NDGRD_12186,0
NDGRD_12187,0
NDGRD_12188,0
NDGRD_12189,0
NDGRD_12190,0
NDGRD_12191,0
NDGRD_12192,0
NDGRD_12193,0
NDGRD_12194,0
NDGRD_12195,0
NDGRD_12196,0
NDGRD_12197,0
NDGRD_12198,0
NDGRD_12199,0
NDGRD_12200,0
NDGRD_12201,0
NDGRD_12202,0
NDGRD_12203,0
NDGRD_12204,0
NDGRD_12205,0
NDGRD_12206,0
NDGRD_12207,0
NDGRD_12208,0
NDGRD_12209,0
NDGRD_12210,0
NDGRD_12211,0
NDGRD_12212,0
NDGRD_12213,0
NDGRD_12214,0
NDGRD_12215,0
NDGRD_12216,0
NDGRD_12217,0
NDGRD_12218,0
NDGRD_12219,0
NDGRD_12220,0
NDGRD_12221,0
NDGRD_12222,0
NDGRD_12223,0
NDGRD_12224,0
NDGRD_12225,0
NDGRD_12226,0
NDGRD_12227,0
NDGRD_12228,0
NDGRD_12229,0
NDGRD_12230,0
NDGRD_12231,0
NDGRD_12232,0
NDGRD_12233,0
NDGRD_12234,0
NDGRD_12235,0
NDGRD_12236,0
NDGRD_12237,0
NDGRD_12238,0
NDGRD_12239,0
NDGRD_12240,0
NDGRD_12241,0
NDGRD_12242,0
NDGRD_12243,0
NDGRD_12244,0
NDGRD_12245,0
NDGRD_12246,0
NDGRD_12247,0
NDGRD_12248,0
NDGRD_12249,0
NDGRD_12250,0
NDGRD_12251,0
NDGRD_12252,0
NDGRD_12253,0
NDGRD_12254,0
NDGRD_12255,0
NDGRD_12256,0
NDGRD_12257,0
NDGRD_12258,0
NDGRD_12259,0
NDGRD_12260,0
NDGRD_12261,0
NDGRD_12262,0
NDGRD_12263,0
NDGRD_12264,0
NDGRD_12265,0
NDGRD_12266,0
NDGRD_12267,0
NDGRD_12268,0
NDGRD_12269,0
NDGRD_12270,0
NDGRD_12271,0
NDGRD_12272,0
NDGRD_12273,0
NDGRD_12274,0
NDGRD_12275,0
NDGRD_12276,0
NDGRD_12277,0
NDGRD_12278,0
NDGRD_12279,0
NDGRD_12280,0
NDGRD_12281,0
NDGRD_12282,0
NDGRD_12283,0
NDGRD_12284,0
NDGRD_12285,0
NDGRD_12286,0
NDGRD_12287,0
NDGRD_12288,0
NDGRD_12289,0
NDGRD_12290,0
NDGRD_12291,0
NDGRD_12292,0
NDGRD_12293,0
NDGRD_12294,0
NDGRD_12295,0
NDGRD_12296,0
NDGRD_12297,0
NDGRD_12298,0
NDGRD_12299,0
NDGRD_12300,0
NDGRD_12301,0
NDGRD_12302,0
NDGRD_12303,0
NDGRD_12304,0
NDGRD_12305,0
NDGRD_12306,0
NDGRD_12307,0
NDGRD_12308,0
NDGRD_12309,0
NDGRD_12310,0
NDGRD_12311,0
NDGRD_12312,0
NDGRD_12313,0
NDGRD_12314,0
NDGRD_12315,0
NDGRD_12316,0
NDGRD_12317,0
NDGRD_12318,0
NDGRD_12319,0
NDGRD_12320,0
NDGRD_12321,0
NDGRD_12322,0
NDGRD_12323,0
NDGRD_12324,0
NDGRD_12325,0
NDGRD_12326,0
NDGRD_12327,0
NDGRD_12328,0
NDGRD_12329,0
NDGRD_12330,0
NDGRD_12331,0
NDGRD_12332,0
NDGRD_12333,0
NDGRD_12334,0
NDGRD_12335,0
NDGRD_12336,0
NDGRD_12337,0
NDGRD_12338,0
NDGRD_12339,0
NDGRD_12340,0
NDGRD_12341,0
NDGRD_12342,0
NDGRD_12343,0
NDGRD_12344,0
NDGRD_12345,0
NDGRD_12346,0
NDGRD_12347,0
NDGRD_12348,0
NDGRD_12349,0
NDGRD_12350,0
NDGRD_12351,0
NDGRD_12352,0
NDGRD_12353,0
NDGRD_12354,0
NDGRD_12355,0
NDGRD_12356,0
NDGRD_12357,0
NDGRD_12358,0
NDGRD_12359,0
NDGRD_12360,0
NDGRD_12361,0
NDGRD_12362,0
NDGRD_12363,0
NDGRD_12364,0
NDGRD_12365,0
NDGRD_12366,0
NDGRD_12367,0
NDGRD_12368,0
NDGRD_12369,0
NDGRD_12370,0
NDGRD_12371,0
NDGRD_12372,0
NDGRD_12373,0
NDGRD_12374,0
NDGRD_12375,0
NDGRD_12376,0
NDGRD_12377,0
NDGRD_12378,0
NDGRD_12379,0
NDGRD_12380,0
NDGRD_12381,0
NDGRD_12382,0
NDGRD_12383,0
NDGRD_12384,0
NDGRD_12385,0
NDGRD_12386,0
NDGRD_12387,0
NDGRD_12388,0
NDGRD_12389,0
NDGRD_12390,0
NDGRD_12391,0
NDGRD_12392,0
NDGRD_12393,0
NDGRD_12394,0
NDGRD_12395,0
NDGRD_12396,0
NDGRD_12397,0
NDGRD_12398,0
NDGRD_12399,0
NDGRD_12400,0
NDGRD_12401,0
NDGRD_12402,0
NDGRD_12403,0
NDGRD_12404,0
NDGRD_12405,0
NDGRD_12406,0
NDGRD_12407,0
NDGRD_12408,0
NDGRD_12409,0
NDGRD_12410,0
NDGRD_12411,0
NDGRD_12412,0
NDGRD_12413,0
NDGRD_12414,0
NDGRD_12415,0
NDGRD_12416,0
NDGRD_12417,0
NDGRD_12418,0
NDGRD_12419,0
NDGRD_12420,0
NDGRD_12421,0
NDGRD_12422,0
NDGRD_12423,0
NDGRD_12424,0
NDGRD_12425,0
NDGRD_12426,0
NDGRD_12427,0
NDGRD_12428,0
NDGRD_12429,0
NDGRD_12430,0
NDGRD_12431,0
NDGRD_12432,0
NDGRD_12433,0
NDGRD_12434,0
NDGRD_12435,0
NDGRD_12436,0
NDGRD_12437,0
NDGRD_12438,0
NDGRD_12439,0
NDGRD_12440,0
NDGRD_12441,0
NDGRD_12442,0
NDGRD_12443,0
NDGRD_12444,0
NDGRD_12445,0
NDGRD_12446,0
NDGRD_12447,0
NDGRD_12448,0
NDGRD_12449,0
NDGRD_12450,0
NDGRD_12451,0
NDGRD_12452,0
NDGRD_12453,0
NDGRD_12454,0
NDGRD_12455,0
NDGRD_12456,0
NDGRD_12457,0
NDGRD_12458,0
NDGRD_12459,0
NDGRD_12460,0
NDGRD_12461,0
NDGRD_12462,0
NDGRD_12463,0
NDGRD_12464,0
NDGRD_12465,0
NDGRD_12466,0
NDGRD_12467,0
NDGRD_12468,0
NDGRD_12469,0
NDGRD_12470,0
NDGRD_12471,0
NDGRD_12472,0
NDGRD_12473,0
NDGRD_12474,0
NDGRD_12475,0
NDGRD_12476,0
NDGRD_12477,0
NDGRD_12478,0
NDGRD_12479,0
NDGRD_12480,0
NDGRD_12481,0
NDGRD_12482,0
NDGRD_12483,0
NDGRD_12484,0
NDGRD_12485,0
NDGRD_12486,0
NDGRD_12487,0
NDGRD_12488,0
NDGRD_12489,0
NDGRD_12490,0
NDGRD_12491,0
NDGRD_12492,0
NDGRD_12493,0
NDGRD_12494,0
NDGRD_12495,0
NDGRD_12496,0
NDGRD_12497,0
NDGRD_12498,0
NDGRD_12499,0
NDGRD_12500,0
NDGRD_12501,0
NDGRD_12502,0
NDGRD_12503,0
NDGRD_12504,0
NDGRD_12505,0
NDGRD_12506,0
NDGRD_12507,0
NDGRD_12508,0
NDGRD_12509,0
NDGRD_12510,0
NDGRD_12511,0
NDGRD_12512,0
NDGRD_12513,0
NDGRD_12514,0
NDGRD_12515,0
NDGRD_12516,0
NDGRD_12517,0
NDGRD_12518,0
NDGRD_12519,0
NDGRD_12520,0
NDGRD_12521,0
NDGRD_12522,0
NDGRD_12523,0
NDGRD_12524,0
NDGRD_12525,0
NDGRD_12526,0
NDGRD_12527,0
NDGRD_12528,0
NDGRD_12529,0
NDGRD_12530,0
NDGRD_12531,0
NDGRD_12532,0
NDGRD_12533,0
NDGRD_12534,0
NDGRD_12535,0
NDGRD_12536,0
NDGRD_12537,0
NDGRD_12538,0
NDGRD_12539,0
NDGRD_12540,0
NDGRD_12541,0
NDGRD_12542,0
NDGRD_12543,0
NDGRD_12544,0
NDGRD_12545,0
NDGRD_12546,0
NDGRD_12547,0
NDGRD_12548,0
NDGRD_12549,0
NDGRD_12550,0
NDGRD_12551,0
NDGRD_12552,0
NDGRD_12553,0
NDGRD_12554,0
NDGRD_12555,0
NDGRD_12556,0
NDGRD_12557,0
NDGRD_12558,0
NDGRD_12559,0
NDGRD_12560,0
NDGRD_12561,0
NDGRD_12562,0
NDGRD_12563,0
NDGRD_12564,0
NDGRD_12565,0
NDGRD_12566,0
NDGRD_12567,0
NDGRD_12568,0
NDGRD_12569,0
NDGRD_12570,0
NDGRD_12571,0
NDGRD_12572,0
NDGRD_12573,0
NDGRD_12574,0
NDGRD_12575,0
NDGRD_12576,0
NDGRD_12577,0
NDGRD_12578,0
NDGRD_12579,0
NDGRD_12580,0
NDGRD_12581,0
NDGRD_12582,0
NDGRD_12583,0
NDGRD_12584,0
NDGRD_12585,0
NDGRD_12586,0
NDGRD_12587,0
NDGRD_12588,0
NDGRD_12589,0
NDGRD_12590,0
NDGRD_12591,0
NDGRD_12592,0
NDGRD_12593,0
NDGRD_12594,0
NDGRD_12595,0
NDGRD_12596,0
NDGRD_12597,0
NDGRD_12598,0
NDGRD_12599,0
NDGRD_12600,0
NDGRD_12601,0
NDGRD_12602,0
NDGRD_12603,0
NDGRD_12604,0
NDGRD_12605,0
NDGRD_12606,0
NDGRD_12607,0
NDGRD_12608,0
NDGRD_12609,0
NDGRD_12610,0
NDGRD_12611,0
NDGRD_12612,0
NDGRD_12613,0
NDGRD_12614,0
NDGRD_12615,0
NDGRD_12616,0
NDGRD_12617,0
NDGRD_12618,0
NDGRD_12619,0
NDGRD_12620,0
NDGRD_12621,0
NDGRD_12622,0
NDGRD_12623,0
NDGRD_12624,0
NDGRD_12625,0
NDGRD_12626,0
NDGRD_12627,0
NDGRD_12628,0
NDGRD_12629,0
NDGRD_12630,0
NDGRD_12631,0
NDGRD_12632,0
NDGRD_12633,0
NDGRD_12634,0
NDGRD_12635,0
NDGRD_12636,0
NDGRD_12637,0
NDGRD_12638,0
NDGRD_12639,0
NDGRD_12640,0
NDGRD_12641,0
NDGRD_12642,0
NDGRD_12643,0
NDGRD_12644,0
NDGRD_12645,0
NDGRD_12646,0
NDGRD_12647,0
NDGRD_12648,0
NDGRD_12649,0
NDGRD_12650,0
NDGRD_12651,0
NDGRD_12652,0
NDGRD_12653,0
NDGRD_12654,0
NDGRD_12655,0
NDGRD_12656,0
NDGRD_12657,0
NDGRD_12658,0
NDGRD_12659,0
NDGRD_12660,0
NDGRD_12661,0
NDGRD_12662,0
NDGRD_12663,0
NDGRD_12664,0
NDGRD_12665,0
NDGRD_12666,0
NDGRD_12667,0
NDGRD_12668,0
NDGRD_12669,0
NDGRD_12670,0
NDGRD_12671,0
NDGRD_12672,0
NDGRD_12673,0
NDGRD_12674,0
NDGRD_12675,0
NDGRD_12676,0
NDGRD_12677,0
NDGRD_12678,0
NDGRD_12679,0
NDGRD_12680,0
NDGRD_12681,0
NDGRD_12682,0
NDGRD_12683,0
NDGRD_12684,0
NDGRD_12685,0
NDGRD_12686,0
NDGRD_12687,0
NDGRD_12688,0
NDGRD_12689,0
NDGRD_12690,0
NDGRD_12691,0
NDGRD_12692,0
NDGRD_12693,0
NDGRD_12694,0
NDGRD_12695,0
NDGRD_12696,0
NDGRD_12697,0
NDGRD_12698,0
NDGRD_12699,0
NDGRD_12700,0
NDGRD_12701,0
NDGRD_12702,0
NDGRD_12703,0
NDGRD_12704,0
NDGRD_12705,0
NDGRD_12706,0
NDGRD_12707,0
NDGRD_12708,0
NDGRD_12709,0
NDGRD_12710,0
NDGRD_12711,0
NDGRD_12712,0
NDGRD_12713,0
NDGRD_12714,0
NDGRD_12715,0
NDGRD_12716,0
NDGRD_12717,0
NDGRD_12718,0
NDGRD_12719,0
NDGRD_12720,0
NDGRD_12721,0
NDGRD_12722,0
NDGRD_12723,0
NDGRD_12724,0
NDGRD_12725,0
NDGRD_12726,0
NDGRD_12727,0
NDGRD_12728,0
NDGRD_12729,0
NDGRD_12730,0
NDGRD_12731,0
NDGRD_12732,0
NDGRD_12733,0
NDGRD_12734,0
NDGRD_12735,0
NDGRD_12736,0
NDGRD_12737,0
NDGRD_12738,0
NDGRD_12739,0
NDGRD_12740,0
NDGRD_12741,0
NDGRD_12742,0
NDGRD_12743,0
NDGRD_12744,0
NDGRD_12745,0
NDGRD_12746,0
NDGRD_12747,0
NDGRD_12748,0
NDGRD_12749,0
NDGRD_12750,0
NDGRD_12751,0
NDGRD_12752,0
NDGRD_12753,0
NDGRD_12754,0
NDGRD_12755,0
NDGRD_12756,0
NDGRD_12757,0
NDGRD_12758,0
NDGRD_12759,0
NDGRD_12760,0
NDGRD_12761,0
NDGRD_12762,0
NDGRD_12763,0
NDGRD_12764,0
NDGRD_12765,0
NDGRD_12766,0
NDGRD_12767,0
NDGRD_12768,0
NDGRD_12769,0
NDGRD_12770,0
NDGRD_12771,0
NDGRD_12772,0
NDGRD_12773,0
NDGRD_12774,0
NDGRD_12775,0
NDGRD_12776,0
NDGRD_12777,0
NDGRD_12778,0
NDGRD_12779,0
NDGRD_12780,0
NDGRD_12781,0
NDGRD_12782,0
NDGRD_12783,0
NDGRD_12784,0
NDGRD_12785,0
NDGRD_12786,0
NDGRD_12787,0
NDGRD_12788,0
NDGRD_12789,0
NDGRD_12790,0
NDGRD_12791,0
NDGRD_12792,0
NDGRD_12793,0
NDGRD_12794,0
NDGRD_12795,0
NDGRD_12796,0
NDGRD_12797,0
NDGRD_12798,0
NDGRD_12799,0
NDGRD_12800,0
NDGRD_12801,0
NDGRD_12802,0
NDGRD_12803,0
NDGRD_12804,0
NDGRD_12805,0
NDGRD_12806,0
NDGRD_12807,0
NDGRD_12808,0
NDGRD_12809,0
NDGRD_12810,0
NDGRD_12811,0
NDGRD_12812,0
NDGRD_12813,0
NDGRD_12814,0
NDGRD_12815,0
NDGRD_12816,0
NDGRD_12817,0
NDGRD_12818,0
NDGRD_12819,0
NDGRD_12820,0
NDGRD_12821,0
NDGRD_12822,0
NDGRD_12823,0
NDGRD_12824,0
NDGRD_12825,0
NDGRD_12826,0
NDGRD_12827,0
NDGRD_12828,0
NDGRD_12829,0
NDGRD_12830,0
NDGRD_12831,0
NDGRD_12832,0
NDGRD_12833,0
NDGRD_12834,0
NDGRD_12835,0
NDGRD_12836,0
NDGRD_12837,0
NDGRD_12838,0
NDGRD_12839,0
NDGRD_12840,0
NDGRD_12841,0
NDGRD_12842,0
NDGRD_12843,0
NDGRD_12844,0
NDGRD_12845,0
NDGRD_12846,0
NDGRD_12847,0
NDGRD_12848,0
NDGRD_12849,0
NDGRD_12850,0
NDGRD_12851,0
NDGRD_12852,0
NDGRD_12853,0
NDGRD_12854,0
NDGRD_12855,0
NDGRD_12856,0
NDGRD_12857,0
NDGRD_12858,0
NDGRD_12859,0
NDGRD_12860,0
NDGRD_12861,0
NDGRD_12862,0
NDGRD_12863,0
NDGRD_12864,0
NDGRD_12865,0
NDGRD_12866,0
NDGRD_12867,0
NDGRD_12868,0
NDGRD_12869,0
NDGRD_12870,0
NDGRD_12871,0
NDGRD_12872,0
NDGRD_12873,0
NDGRD_12874,0
NDGRD_12875,0
NDGRD_12876,0
NDGRD_12877,0
NDGRD_12878,0
NDGRD_12879,0
NDGRD_12880,0
NDGRD_12881,0
NDGRD_12882,0
NDGRD_12883,0
NDGRD_12884,0
NDGRD_12885,0
NDGRD_12886,0
NDGRD_12887,0
NDGRD_12888,0
NDGRD_12889,0
NDGRD_12890,0
NDGRD_12891,0
NDGRD_12892,0
NDGRD_12893,0
NDGRD_12894,0
NDGRD_12895,0
NDGRD_12896,0
NDGRD_12897,0
NDGRD_12898,0
NDGRD_12899,0
NDGRD_12900,0
NDGRD_12901,0
NDGRD_12902,0
NDGRD_12903,0
NDGRD_12904,0
NDGRD_12905,0
NDGRD_12906,0
NDGRD_12907,0
NDGRD_12908,0
NDGRD_12909,0
NDGRD_12910,0
NDGRD_12911,0
NDGRD_12912,0
NDGRD_12913,0
NDGRD_12914,0
NDGRD_12915,0
NDGRD_12916,0
NDGRD_12917,0
NDGRD_12918,0
NDGRD_12919,0
NDGRD_12920,0
NDGRD_12921,0
NDGRD_12922,0
NDGRD_12923,0
NDGRD_12924,0
NDGRD_12925,0
NDGRD_12926,0
NDGRD_12927,0
NDGRD_12928,0
NDGRD_12929,0
NDGRD_12930,0
NDGRD_12931,0
NDGRD_12932,0
NDGRD_12933,0
NDGRD_12934,0
NDGRD_12935,0
NDGRD_12936,0
NDGRD_12937,0
NDGRD_12938,0
NDGRD_12939,0
NDGRD_12940,0
NDGRD_12941,0
NDGRD_12942,0
NDGRD_12943,0
NDGRD_12944,0
NDGRD_12945,0
NDGRD_12946,0
NDGRD_12947,0
NDGRD_12948,0
NDGRD_12949,0
NDGRD_12950,0
NDGRD_12951,0
NDGRD_12952,0
NDGRD_12953,0
NDGRD_12954,0
NDGRD_12955,0
NDGRD_12956,0
NDGRD_12957,0
NDGRD_12958,0
NDGRD_12959,0
NDGRD_12960,0
NDGRD_12961,0
NDGRD_12962,0
NDGRD_12963,0
NDGRD_12964,0
NDGRD_12965,0
NDGRD_12966,0
NDGRD_12967,0
NDGRD_12968,0
NDGRD_12969,0
NDGRD_12970,0
NDGRD_12971,0
NDGRD_12972,0
NDGRD_12973,0
NDGRD_12974,0
NDGRD_12975,0
NDGRD_12976,0
NDGRD_12977,0
NDGRD_12978,0
NDGRD_12979,0
NDGRD_12980,0
NDGRD_12981,0
NDGRD_12982,0
NDGRD_12983,0
NDGRD_12984,0
NDGRD_12985,0
NDGRD_12986,0
NDGRD_12987,0
NDGRD_12988,0
NDGRD_12989,0
NDGRD_12990,0
NDGRD_12991,0
NDGRD_12992,0
NDGRD_12993,0
NDGRD_12994,0
NDGRD_12995,0
NDGRD_12996,0
NDGRD_12997,0
NDGRD_12998,0
NDGRD_12999,0
NDGRD_13000,0
NDGRD_13001,0
NDGRD_13002,0
NDGRD_13003,0
NDGRD_13004,0
NDGRD_13005,0
NDGRD_13006,0
NDGRD_13007,0
NDGRD_13008,0
NDGRD_13009,0
NDGRD_13010,0
NDGRD_13011,0
NDGRD_13012,0
NDGRD_13013,0
NDGRD_13014,0
NDGRD_13015,0
NDGRD_13016,0
NDGRD_13017,0
NDGRD_13018,0
NDGRD_13019,0
NDGRD_13020,0
NDGRD_13021,0
NDGRD_13022,0
NDGRD_13023,0
NDGRD_13024,0
NDGRD_13025,0
NDGRD_13026,0
NDGRD_13027,0
NDGRD_13028,0
NDGRD_13029,0
NDGRD_13030,0
NDGRD_13031,0
NDGRD_13032,0
NDGRD_13033,0
NDGRD_13034,0
NDGRD_13035,0
NDGRD_13036,0
NDGRD_13037,0
NDGRD_13038,0
NDGRD_13039,0
NDGRD_13040,0
NDGRD_13041,0
NDGRD_13042,0
NDGRD_13043,0
NDGRD_13044,0
NDGRD_13045,0
NDGRD_13046,0
NDGRD_13047,0
NDGRD_13048,0
NDGRD_13049,0
NDGRD_13050,0
NDGRD_13051,0
NDGRD_13052,0
NDGRD_13053,0
NDGRD_13054,0
NDGRD_13055,0
NDGRD_13056,0
NDGRD_13057,0
NDGRD_13058,0
NDGRD_13059,0
NDGRD_13060,0
NDGRD_13061,0
NDGRD_13062,0
NDGRD_13063,0
NDGRD_13064,0
NDGRD_13065,0
NDGRD_13066,0
NDGRD_13067,0
NDGRD_13068,0
NDGRD_13069,0
NDGRD_13070,0
NDGRD_13071,0
NDGRD_13072,0
NDGRD_13073,0
NDGRD_13074,0
NDGRD_13075,0
NDGRD_13076,0
NDGRD_13077,0
NDGRD_13078,0
NDGRD_13079,0
NDGRD_13080,0
NDGRD_13081,0
NDGRD_13082,0
NDGRD_13083,0
NDGRD_13084,0
NDGRD_13085,0
NDGRD_13086,0
NDGRD_13087,0
NDGRD_13088,0
NDGRD_13089,0
NDGRD_13090,0
NDGRD_13091,0
NDGRD_13092,0
NDGRD_13093,0
NDGRD_13094,0
NDGRD_13095,0
NDGRD_13096,0
NDGRD_13097,0
NDGRD_13098,0
NDGRD_13099,0
NDGRD_13100,0
NDGRD_13101,0
NDGRD_13102,0
NDGRD_13103,0
NDGRD_13104,0
NDGRD_13105,0
NDGRD_13106,0
NDGRD_13107,0
NDGRD_13108,0
NDGRD_13109,0
NDGRD_13110,0
NDGRD_13111,0
NDGRD_13112,0
NDGRD_13113,0
NDGRD_13114,0
NDGRD_13115,0
NDGRD_13116,0
NDGRD_13117,0
NDGRD_13118,0
NDGRD_13119,0
NDGRD_13120,0
NDGRD_13121,0
NDGRD_13122,0
NDGRD_13123,0
NDGRD_13124,0
NDGRD_13125,0
NDGRD_13126,0
NDGRD_13127,0
NDGRD_13128,0
NDGRD_13129,0
NDGRD_13130,0
NDGRD_13131,0
NDGRD_13132,0
NDGRD_13133,0
NDGRD_13134,0
NDGRD_13135,0
NDGRD_13136,0
NDGRD_13137,0
NDGRD_13138,0
NDGRD_13139,0
NDGRD_13140,0
NDGRD_13141,0
NDGRD_13142,0
NDGRD_13143,0
NDGRD_13144,0
NDGRD_13145,0
NDGRD_13146,0
NDGRD_13147,0
NDGRD_13148,0
NDGRD_13149,0
NDGRD_13150,0
NDGRD_13151,0
NDGRD_13152,0
NDGRD_13153,0
NDGRD_13154,0
NDGRD_13155,0
NDGRD_13156,0
NDGRD_13157,0
NDGRD_13158,0
NDGRD_13159,0
NDGRD_13160,0
NDGRD_13161,0
NDGRD_13162,0
NDGRD_13163,0
NDGRD_13164,0
NDGRD_13165,0
NDGRD_13166,0
NDGRD_13167,0
NDGRD_13168,0
NDGRD_13169,0
NDGRD_13170,0
NDGRD_13171,0
NDGRD_13172,0
NDGRD_13173,0
NDGRD_13174,0
NDGRD_13175,0
NDGRD_13176,0
NDGRD_13177,0
NDGRD_13178,0
NDGRD_13179,0
NDGRD_13180,0
NDGRD_13181,0
NDGRD_13182,0
NDGRD_13183,0
NDGRD_13184,0
NDGRD_13185,0
NDGRD_13186,0
NDGRD_13187,0
NDGRD_13188,0
NDGRD_13189,0
NDGRD_13190,0
NDGRD_13191,0
NDGRD_13192,0
NDGRD_13193,0
NDGRD_13194,0
NDGRD_13195,0
NDGRD_13196,0
NDGRD_13197,0
NDGRD_13198,0
NDGRD_13199,0
NDGRD_13200,0
NDGRD_13201,0
NDGRD_13202,0
NDGRD_13203,0
NDGRD_13204,0
NDGRD_13205,0
NDGRD_13206,0
NDGRD_13207,0
NDGRD_13208,0
NDGRD_13209,0
NDGRD_13210,0
NDGRD_13211,0
NDGRD_13212,0
NDGRD_13213,0
NDGRD_13214,0
NDGRD_13215,0
NDGRD_13216,0
NDGRD_13217,0
NDGRD_13218,0
NDGRD_13219,0
NDGRD_13220,0
NDGRD_13221,0
NDGRD_13222,0
NDGRD_13223,0
NDGRD_13224,0
NDGRD_13225,0
NDGRD_13226,0
NDGRD_13227,0
NDGRD_13228,0
NDGRD_13229,0
NDGRD_13230,0
NDGRD_13231,0
NDGRD_13232,0
NDGRD_13233,0
NDGRD_13234,0
NDGRD_13235,0
NDGRD_13236,0
NDGRD_13237,0
NDGRD_13238,0
NDGRD_13239,0
NDGRD_13240,0
NDGRD_13241,0
NDGRD_13242,0
NDGRD_13243,0
NDGRD_13244,0
NDGRD_13245,0
NDGRD_13246,0
NDGRD_13247,0
NDGRD_13248,0
NDGRD_13249,0
NDGRD_13250,0
NDGRD_13251,0
NDGRD_13252,0
NDGRD_13253,0
NDGRD_13254,0
NDGRD_13255,0
NDGRD_13256,0
NDGRD_13257,0
NDGRD_13258,0
NDGRD_13259,0
NDGRD_13260,0
NDGRD_13261,0
NDGRD_13262,0
NDGRD_13263,0
NDGRD_13264,0
NDGRD_13265,0
NDGRD_13266,0
NDGRD_13267,0
NDGRD_13268,0
NDGRD_13269,0
NDGRD_13270,0
NDGRD_13271,0
NDGRD_13272,0
NDGRD_13273,0
NDGRD_13274,0
NDGRD_13275,0
NDGRD_13276,0
NDGRD_13277,0
NDGRD_13278,0
NDGRD_13279,0
NDGRD_13280,0
NDGRD_13281,0
NDGRD_13282,0
NDGRD_13283,0
NDGRD_13284,0
NDGRD_13285,0
NDGRD_13286,0
NDGRD_13287,0
NDGRD_13288,0
NDGRD_13289,0
NDGRD_13290,0
NDGRD_13291,0
NDGRD_13292,0
NDGRD_13293,0
NDGRD_13294,0
NDGRD_13295,0
NDGRD_13296,0
NDGRD_13297,0
NDGRD_13298,0
NDGRD_13299,0
NDGRD_13300,0
NDGRD_13301,0
NDGRD_13302,0
NDGRD_13303,0
NDGRD_13304,0
NDGRD_13305,0
NDGRD_13306,0
NDGRD_13307,0
NDGRD_13308,0
NDGRD_13309,0
NDGRD_13310,0
NDGRD_13311,0
NDGRD_13312,0
NDGRD_13313,0
NDGRD_13314,0
NDGRD_13315,0
NDGRD_13316,0
NDGRD_13317,0
NDGRD_13318,0
NDGRD_13319,0
NDGRD_13320,0
NDGRD_13321,0
NDGRD_13322,0
NDGRD_13323,0
NDGRD_13324,0
NDGRD_13325,0
NDGRD_13326,0
NDGRD_13327,0
NDGRD_13328,0
NDGRD_13329,0
NDGRD_13330,0
NDGRD_13331,0
NDGRD_13332,0
NDGRD_13333,0
NDGRD_13334,0
NDGRD_13335,0
NDGRD_13336,0
NDGRD_13337,0
NDGRD_13338,0
NDGRD_13339,0
NDGRD_13340,0
NDGRD_13341,0
NDGRD_13342,0
NDGRD_13343,0
NDGRD_13344,0
NDGRD_13345,0
NDGRD_13346,0
NDGRD_13347,0
NDGRD_13348,0
NDGRD_13349,0
NDGRD_13350,0
NDGRD_13351,0
NDGRD_13352,0
NDGRD_13353,0
NDGRD_13354,0
NDGRD_13355,0
NDGRD_13356,0
NDGRD_13357,0
NDGRD_13358,0
NDGRD_13359,0
NDGRD_13360,0
NDGRD_13361,0
NDGRD_13362,0
NDGRD_13363,0
NDGRD_13364,0
NDGRD_13365,0
NDGRD_13366,0
NDGRD_13367,0
NDGRD_13368,0
NDGRD_13369,0
NDGRD_13370,0
NDGRD_13371,0
NDGRD_13372,0
NDGRD_13373,0
NDGRD_13374,0
NDGRD_13375,0
NDGRD_13376,0
NDGRD_13377,0
NDGRD_13378,0
NDGRD_13379,0
NDGRD_13380,0
NDGRD_13381,0
NDGRD_13382,0
NDGRD_13383,0
NDGRD_13384,0
NDGRD_13385,0
NDGRD_13386,0
NDGRD_13387,0
NDGRD_13388,0
NDGRD_13389,0
NDGRD_13390,0
NDGRD_13391,0
NDGRD_13392,0
NDGRD_13393,0
NDGRD_13394,0
NDGRD_13395,0
NDGRD_13396,0
NDGRD_13397,0
NDGRD_13398,0
NDGRD_13399,0
NDGRD_13400,0
NDGRD_13401,0
NDGRD_13402,0
NDGRD_13403,0
NDGRD_13404,0
NDGRD_13405,0
NDGRD_13406,0
NDGRD_13407,0
NDGRD_13408,0
NDGRD_13409,0
NDGRD_13410,0
NDGRD_13411,0
NDGRD_13412,0
NDGRD_13413,0
NDGRD_13414,0
NDGRD_13415,0
NDGRD_13416,0
NDGRD_13417,0
NDGRD_13418,0
NDGRD_13419,0
NDGRD_13420,0
NDGRD_13421,0
NDGRD_13422,0
NDGRD_13423,0
NDGRD_13424,0
NDGRD_13425,0
NDGRD_13426,0
NDGRD_13427,0
NDGRD_13428,0
NDGRD_13429,0
NDGRD_13430,0
NDGRD_13431,0
NDGRD_13432,0
NDGRD_13433,0
NDGRD_13434,0
NDGRD_13435,0
NDGRD_13436,0
NDGRD_13437,0
NDGRD_13438,0
NDGRD_13439,0
NDGRD_13440,0
NDGRD_13441,0
NDGRD_13442,0
NDGRD_13443,0
NDGRD_13444,0
NDGRD_13445,0
NDGRD_13446,0
NDGRD_13447,0
NDGRD_13448,0
NDGRD_13449,0
NDGRD_13450,0
NDGRD_13451,0
NDGRD_13452,0
NDGRD_13453,0
NDGRD_13454,0
NDGRD_13455,0
NDGRD_13456,0
NDGRD_13457,0
NDGRD_13458,0
NDGRD_13459,0
NDGRD_13460,0
NDGRD_13461,0
NDGRD_13462,0
NDGRD_13463,0
NDGRD_13464,0
NDGRD_13465,0
NDGRD_13466,0
NDGRD_13467,0
NDGRD_13468,0
NDGRD_13469,0
NDGRD_13470,0
NDGRD_13471,0
NDGRD_13472,0
NDGRD_13473,0
NDGRD_13474,0
NDGRD_13475,0
NDGRD_13476,0
NDGRD_13477,0
NDGRD_13478,0
NDGRD_13479,0
NDGRD_13480,0
NDGRD_13481,0
NDGRD_13482,0
NDGRD_13483,0
NDGRD_13484,0
NDGRD_13485,0
NDGRD_13486,0
NDGRD_13487,0
NDGRD_13488,0
NDGRD_13489,0
NDGRD_13490,0
NDGRD_13491,0
NDGRD_13492,0
NDGRD_13493,0
NDGRD_13494,0
NDGRD_13495,0
NDGRD_13496,0
NDGRD_13497,0
NDGRD_13498,0
NDGRD_13499,0
NDGRD_13500,0
NDGRD_13501,0
NDGRD_13502,0
NDGRD_13503,0
NDGRD_13504,0
NDGRD_13505,0
NDGRD_13506,0
NDGRD_13507,0
NDGRD_13508,0
NDGRD_13509,0
NDGRD_13510,0
NDGRD_13511,0
NDGRD_13512,0
NDGRD_13513,0
NDGRD_13514,0
NDGRD_13515,0
NDGRD_13516,0
NDGRD_13517,0
NDGRD_13518,0
NDGRD_13519,0
NDGRD_13520,0
NDGRD_13521,0
NDGRD_13522,0
NDGRD_13523,0
NDGRD_13524,0
NDGRD_13525,0
NDGRD_13526,0
NDGRD_13527,0
NDGRD_13528,0
NDGRD_13529,0
NDGRD_13530,0
NDGRD_13531,0
NDGRD_13532,0
NDGRD_13533,0
NDGRD_13534,0
NDGRD_13535,0
NDGRD_13536,0
NDGRD_13537,0
NDGRD_13538,0
NDGRD_13539,0
NDGRD_13540,0
NDGRD_13541,0
NDGRD_13542,0
NDGRD_13543,0
NDGRD_13544,0
NDGRD_13545,0
NDGRD_13546,0
NDGRD_13547,0
NDGRD_13548,0
NDGRD_13549,0
NDGRD_13550,0
NDGRD_13551,0
NDGRD_13552,0
NDGRD_13553,0
NDGRD_13554,0
NDGRD_13555,0
NDGRD_13556,0
NDGRD_13557,0
NDGRD_13558,0
NDGRD_13559,0
NDGRD_13560,0
NDGRD_13561,0
NDGRD_13562,0
NDGRD_13563,0
NDGRD_13564,0
NDGRD_13565,0
NDGRD_13566,0
NDGRD_13567,0
NDGRD_13568,0
NDGRD_13569,0
NDGRD_13570,0
NDGRD_13571,0
NDGRD_13572,0
NDGRD_13573,0
NDGRD_13574,0
NDGRD_13575,0
NDGRD_13576,0
NDGRD_13577,0
NDGRD_13578,0
NDGRD_13579,0
NDGRD_13580,0
NDGRD_13581,0
NDGRD_13582,0
NDGRD_13583,0
NDGRD_13584,0
NDGRD_13585,0
NDGRD_13586,0
NDGRD_13587,0
NDGRD_13588,0
NDGRD_13589,0
NDGRD_13590,0
NDGRD_13591,0
NDGRD_13592,0
NDGRD_13593,0
NDGRD_13594,0
NDGRD_13595,0
NDGRD_13596,0
NDGRD_13597,0
NDGRD_13598,0
NDGRD_13599,0
NDGRD_13600,0
NDGRD_13601,0
NDGRD_13602,0
NDGRD_13603,0
NDGRD_13604,0
NDGRD_13605,0
NDGRD_13606,0
NDGRD_13607,0
NDGRD_13608,0
NDGRD_13609,0
NDGRD_13610,0
NDGRD_13611,0
NDGRD_13612,0
NDGRD_13613,0
NDGRD_13614,0
NDGRD_13615,0
NDGRD_13616,0
NDGRD_13617,0
NDGRD_13618,0
NDGRD_13619,0
NDGRD_13620,0
NDGRD_13621,0
NDGRD_13622,0
NDGRD_13623,0
NDGRD_13624,0
NDGRD_13625,0
NDGRD_13626,0
NDGRD_13627,0
NDGRD_13628,0
NDGRD_13629,0
NDGRD_13630,0
NDGRD_13631,0
NDGRD_13632,0
NDGRD_13633,0
NDGRD_13634,0
NDGRD_13635,0
NDGRD_13636,0
NDGRD_13637,0
NDGRD_13638,0
NDGRD_13639,0
NDGRD_13640,0
NDGRD_13641,0
NDGRD_13642,0
NDGRD_13643,0
NDGRD_13644,0
NDGRD_13645,0
NDGRD_13646,0
NDGRD_13647,0
NDGRD_13648,0
NDGRD_13649,0
NDGRD_13650,0
NDGRD_13651,0
NDGRD_13652,0
NDGRD_13653,0
NDGRD_13654,0
NDGRD_13655,0
NDGRD_13656,0
NDGRD_13657,0
NDGRD_13658,0
NDGRD_13659,0
NDGRD_13660,0
NDGRD_13661,0
NDGRD_13662,0
NDGRD_13663,0
NDGRD_13664,0
NDGRD_13665,0
NDGRD_13666,0
NDGRD_13667,0
NDGRD_13668,0
NDGRD_13669,0
NDGRD_13670,0
NDGRD_13671,0
NDGRD_13672,0
NDGRD_13673,0
NDGRD_13674,0
NDGRD_13675,0
NDGRD_13676,0
NDGRD_13677,0
NDGRD_13678,0
NDGRD_13679,0
NDGRD_13680,0
NDGRD_13681,0
NDGRD_13682,0
NDGRD_13683,0
NDGRD_13684,0
NDGRD_13685,0
NDGRD_13686,0
NDGRD_13687,0
NDGRD_13688,0
NDGRD_13689,0
NDGRD_13690,0
NDGRD_13691,0
NDGRD_13692,0
NDGRD_13693,0
NDGRD_13694,0
NDGRD_13695,0
NDGRD_13696,0
NDGRD_13697,0
NDGRD_13698,0
NDGRD_13699,0
NDGRD_13700,0
NDGRD_13701,0
NDGRD_13702,0
NDGRD_13703,0
NDGRD_13704,0
NDGRD_13705,0
NDGRD_13706,0
NDGRD_13707,0
NDGRD_13708,0
NDGRD_13709,0
NDGRD_13710,0
NDGRD_13711,0
NDGRD_13712,0
NDGRD_13713,0
NDGRD_13714,0
NDGRD_13715,0
NDGRD_13716,0
NDGRD_13717,0
NDGRD_13718,0
NDGRD_13719,0
NDGRD_13720,0
NDGRD_13721,0
NDGRD_13722,0
NDGRD_13723,0
NDGRD_13724,0
NDGRD_13725,0
NDGRD_13726,0
NDGRD_13727,0
NDGRD_13728,0
NDGRD_13729,0
NDGRD_13730,0
NDGRD_13731,0
NDGRD_13732,0
NDGRD_13733,0
NDGRD_13734,0
NDGRD_13735,0
NDGRD_13736,0
NDGRD_13737,0
NDGRD_13738,0
NDGRD_13739,0
NDGRD_13740,0
NDGRD_13741,0
NDGRD_13742,0
NDGRD_13743,0
NDGRD_13744,0
NDGRD_13745,0
NDGRD_13746,0
NDGRD_13747,0
NDGRD_13748,0
NDGRD_13749,0
NDGRD_13750,0
NDGRD_13751,0
NDGRD_13752,0
NDGRD_13753,0
NDGRD_13754,0
NDGRD_13755,0
NDGRD_13756,0
NDGRD_13757,0
NDGRD_13758,0
NDGRD_13759,0
NDGRD_13760,0
NDGRD_13761,0
NDGRD_13762,0
NDGRD_13763,0
NDGRD_13764,0
NDGRD_13765,0
NDGRD_13766,0
NDGRD_13767,0
NDGRD_13768,0
NDGRD_13769,0
NDGRD_13770,0
NDGRD_13771,0
NDGRD_13772,0
NDGRD_13773,0
NDGRD_13774,0
NDGRD_13775,0
NDGRD_13776,0
NDGRD_13777,0
NDGRD_13778,0
NDGRD_13779,0
NDGRD_13780,0
NDGRD_13781,0
NDGRD_13782,0
NDGRD_13783,0
NDGRD_13784,0
NDGRD_13785,0
NDGRD_13786,0
NDGRD_13787,0
NDGRD_13788,0
NDGRD_13789,0
NDGRD_13790,0
NDGRD_13791,0
NDGRD_13792,0
NDGRD_13793,0
NDGRD_13794,0
NDGRD_13795,0
NDGRD_13796,0
NDGRD_13797,0
NDGRD_13798,0
NDGRD_13799,0
NDGRD_13800,0
NDGRD_13801,0
NDGRD_13802,0
NDGRD_13803,0
NDGRD_13804,0
NDGRD_13805,0
NDGRD_13806,0
NDGRD_13807,0
NDGRD_13808,0
NDGRD_13809,0
NDGRD_13810,0
NDGRD_13811,0
NDGRD_13812,0
NDGRD_13813,0
NDGRD_13814,0
NDGRD_13815,0
NDGRD_13816,0
NDGRD_13817,0
NDGRD_13818,0
NDGRD_13819,0
NDGRD_13820,0
NDGRD_13821,0
NDGRD_13822,0
NDGRD_13823,0
NDGRD_13824,0
NDGRD_13825,0
NDGRD_13826,0
NDGRD_13827,0
NDGRD_13828,0
NDGRD_13829,0
NDGRD_13830,0
NDGRD_13831,0
NDGRD_13832,0
NDGRD_13833,0
NDGRD_13834,0
NDGRD_13835,0
NDGRD_13836,0
NDGRD_13837,0
NDGRD_13838,0
NDGRD_13839,0
NDGRD_13840,0
NDGRD_13841,0
NDGRD_13842,0
NDGRD_13843,0
NDGRD_13844,0
NDGRD_13845,0
NDGRD_13846,0
NDGRD_13847,0
NDGRD_13848,0
NDGRD_13849,0
NDGRD_13850,0
NDGRD_13851,0
NDGRD_13852,0
NDGRD_13853,0
NDGRD_13854,0
NDGRD_13855,0
NDGRD_13856,0
NDGRD_13857,0
NDGRD_13858,0
NDGRD_13859,0
NDGRD_13860,0
NDGRD_13861,0
NDGRD_13862,0
NDGRD_13863,0
NDGRD_13864,0
NDGRD_13865,0
NDGRD_13866,0
NDGRD_13867,0
NDGRD_13868,0
NDGRD_13869,0
NDGRD_13870,0
NDGRD_13871,0
NDGRD_13872,0
NDGRD_13873,0
NDGRD_13874,0
NDGRD_13875,0
NDGRD_13876,0
NDGRD_13877,0
NDGRD_13878,0
NDGRD_13879,0
NDGRD_13880,0
NDGRD_13881,0
NDGRD_13882,0
NDGRD_13883,0
NDGRD_13884,0
NDGRD_13885,0
NDGRD_13886,0
NDGRD_13887,0
NDGRD_13888,0
NDGRD_13889,0
NDGRD_13890,0
NDGRD_13891,0
NDGRD_13892,0
NDGRD_13893,0
NDGRD_13894,0
NDGRD_13895,0
NDGRD_13896,0
NDGRD_13897,0
NDGRD_13898,0
NDGRD_13899,0
NDGRD_13900,0
NDGRD_13901,0
NDGRD_13902,0
NDGRD_13903,0
NDGRD_13904,0
NDGRD_13905,0
NDGRD_13906,0
NDGRD_13907,0
NDGRD_13908,0
NDGRD_13909,0
NDGRD_13910,0
NDGRD_13911,0
NDGRD_13912,0
NDGRD_13913,0
NDGRD_13914,0
NDGRD_13915,0
NDGRD_13916,0
NDGRD_13917,0
NDGRD_13918,0
NDGRD_13919,0
NDGRD_13920,0
NDGRD_13921,0
NDGRD_13922,0
NDGRD_13923,0
NDGRD_13924,0
NDGRD_13925,0
NDGRD_13926,0
NDGRD_13927,0
NDGRD_13928,0
NDGRD_13929,0
NDGRD_13930,0
NDGRD_13931,0
NDGRD_13932,0
NDGRD_13933,0
NDGRD_13934,0
NDGRD_13935,0
NDGRD_13936,0
NDGRD_13937,0
NDGRD_13938,0
NDGRD_13939,0
NDGRD_13940,0
NDGRD_13941,0
NDGRD_13942,0
NDGRD_13943,0
NDGRD_13944,0
NDGRD_13945,0
NDGRD_13946,0
NDGRD_13947,0
NDGRD_13948,0
NDGRD_13949,0
NDGRD_13950,0
NDGRD_13951,0
NDGRD_13952,0
NDGRD_13953,0
NDGRD_13954,0
NDGRD_13955,0
NDGRD_13956,0
NDGRD_13957,0
NDGRD_13958,0
NDGRD_13959,0
NDGRD_13960,0
NDGRD_13961,0
NDGRD_13962,0
NDGRD_13963,0
NDGRD_13964,0
NDGRD_13965,0
NDGRD_13966,0
NDGRD_13967,0
NDGRD_13968,0
NDGRD_13969,0
NDGRD_13970,0
NDGRD_13971,0
NDGRD_13972,0
NDGRD_13973,0
NDGRD_13974,0
NDGRD_13975,0
NDGRD_13976,0
NDGRD_13977,0
NDGRD_13978,0
NDGRD_13979,0
NDGRD_13980,0
NDGRD_13981,0
NDGRD_13982,0
NDGRD_13983,0
NDGRD_13984,0
NDGRD_13985,0
NDGRD_13986,0
NDGRD_13987,0
NDGRD_13988,0
NDGRD_13989,0
NDGRD_13990,0
NDGRD_13991,0
NDGRD_13992,0
NDGRD_13993,0
NDGRD_13994,0
NDGRD_13995,0
NDGRD_13996,0
NDGRD_13997,0
NDGRD_13998,0
NDGRD_13999,0
NDGRD_14000,0
NDGRD_14001,0
NDGRD_14002,0
NDGRD_14003,0
NDGRD_14004,0
NDGRD_14005,0
NDGRD_14006,0
NDGRD_14007,0
NDGRD_14008,0
NDGRD_14009,0
NDGRD_14010,0
NDGRD_14011,0
NDGRD_14012,0
NDGRD_14013,0
NDGRD_14014,0
NDGRD_14015,0
NDGRD_14016,0
NDGRD_14017,0
NDGRD_14018,0
NDGRD_14019,0
NDGRD_14020,0
NDGRD_14021,0
NDGRD_14022,0
NDGRD_14023,0
NDGRD_14024,0
NDGRD_14025,0
NDGRD_14026,0
NDGRD_14027,0
NDGRD_14028,0
NDGRD_14029,0
NDGRD_14030,0
NDGRD_14031,0
NDGRD_14032,0
NDGRD_14033,0
NDGRD_14034,0
NDGRD_14035,0
NDGRD_14036,0
NDGRD_14037,0
NDGRD_14038,0
NDGRD_14039,0
NDGRD_14040,0
NDGRD_14041,0
NDGRD_14042,0
NDGRD_14043,0
NDGRD_14044,0
NDGRD_14045,0
NDGRD_14046,0
NDGRD_14047,0
NDGRD_14048,0
NDGRD_14049,0
NDGRD_14050,0
NDGRD_14051,0
NDGRD_14052,0
NDGRD_14053,0
NDGRD_14054,0
NDGRD_14055,0
NDGRD_14056,0
NDGRD_14057,0
NDGRD_14058,0
NDGRD_14059,0
NDGRD_14060,0
NDGRD_14061,0
NDGRD_14062,0
NDGRD_14063,0
NDGRD_14064,0
NDGRD_14065,0
NDGRD_14066,0
NDGRD_14067,0
NDGRD_14068,0
NDGRD_14069,0
NDGRD_14070,0
NDGRD_14071,0
NDGRD_14072,0
NDGRD_14073,0
NDGRD_14074,0
NDGRD_14075,0
NDGRD_14076,0
NDGRD_14077,0
NDGRD_14078,0
NDGRD_14079,0
NDGRD_14080,0
NDGRD_14081,0
NDGRD_14082,0
NDGRD_14083,0
NDGRD_14084,0
NDGRD_14085,0
NDGRD_14086,0
NDGRD_14087,0
NDGRD_14088,0
NDGRD_14089,0
NDGRD_14090,0
NDGRD_14091,0
NDGRD_14092,0
NDGRD_14093,0
NDGRD_14094,0
NDGRD_14095,0
NDGRD_14096,0
NDGRD_14097,0
NDGRD_14098,0
NDGRD_14099,0
NDGRD_14100,0
NDGRD_14101,0
NDGRD_14102,0
NDGRD_14103,0
NDGRD_14104,0
NDGRD_14105,0
NDGRD_14106,0
NDGRD_14107,0
NDGRD_14108,0
NDGRD_14109,0
NDGRD_14110,0
NDGRD_14111,0
NDGRD_14112,0
NDGRD_14113,0
NDGRD_14114,0
NDGRD_14115,0
NDGRD_14116,0
NDGRD_14117,0
NDGRD_14118,0
NDGRD_14119,0
NDGRD_14120,0
NDGRD_14121,0
NDGRD_14122,0
NDGRD_14123,0
NDGRD_14124,0
NDGRD_14125,0
NDGRD_14126,0
NDGRD_14127,0
NDGRD_14128,0
NDGRD_14129,0
NDGRD_14130,0
NDGRD_14131,0
NDGRD_14132,0
NDGRD_14133,0
NDGRD_14134,0
NDGRD_14135,0
NDGRD_14136,0
NDGRD_14137,0
NDGRD_14138,0
NDGRD_14139,0
NDGRD_14140,0
NDGRD_14141,0
NDGRD_14142,0
NDGRD_14143,0
NDGRD_14144,0
NDGRD_14145,0
NDGRD_14146,0
NDGRD_14147,0
NDGRD_14148,0
NDGRD_14149,0
NDGRD_14150,0
NDGRD_14151,0
NDGRD_14152,0
NDGRD_14153,0
NDGRD_14154,0
NDGRD_14155,0
NDGRD_14156,0
NDGRD_14157,0
NDGRD_14158,0
NDGRD_14159,0
NDGRD_14160,0
NDGRD_14161,0
NDGRD_14162,0
NDGRD_14163,0
NDGRD_14164,0
NDGRD_14165,0
NDGRD_14166,0
NDGRD_14167,0
NDGRD_14168,0
NDGRD_14169,0
NDGRD_14170,0
NDGRD_14171,0
NDGRD_14172,0
NDGRD_14173,0
NDGRD_14174,0
NDGRD_14175,0
NDGRD_14176,0
NDGRD_14177,0
NDGRD_14178,0
NDGRD_14179,0
NDGRD_14180,0
NDGRD_14181,0
NDGRD_14182,0
NDGRD_14183,0
NDGRD_14184,0
NDGRD_14185,0
NDGRD_14186,0
NDGRD_14187,0
NDGRD_14188,0
NDGRD_14189,0
NDGRD_14190,0
NDGRD_14191,0
NDGRD_14192,0
NDGRD_14193,0
NDGRD_14194,0
NDGRD_14195,0
NDGRD_14196,0
NDGRD_14197,0
NDGRD_14198,0
NDGRD_14199,0
NDGRD_14200,0
NDGRD_14201,0
NDGRD_14202,0
NDGRD_14203,0
NDGRD_14204,0
NDGRD_14205,0
NDGRD_14206,0
NDGRD_14207,0
NDGRD_14208,0
NDGRD_14209,0
NDGRD_14210,0
NDGRD_14211,0
NDGRD_14212,0
NDGRD_14213,0
NDGRD_14214,0
NDGRD_14215,0
NDGRD_14216,0
NDGRD_14217,0
NDGRD_14218,0
NDGRD_14219,0
NDGRD_14220,0
NDGRD_14221,0
NDGRD_14222,0
NDGRD_14223,0
NDGRD_14224,0
NDGRD_14225,0
NDGRD_14226,0
NDGRD_14227,0
NDGRD_14228,0
NDGRD_14229,0
NDGRD_14230,0
NDGRD_14231,0
NDGRD_14232,0
NDGRD_14233,0
NDGRD_14234,0
NDGRD_14235,0
NDGRD_14236,0
NDGRD_14237,0
NDGRD_14238,0
NDGRD_14239,0
NDGRD_14240,0
NDGRD_14241,0
NDGRD_14242,0
NDGRD_14243,0
NDGRD_14244,0
NDGRD_14245,0
NDGRD_14246,0
NDGRD_14247,0
NDGRD_14248,0
NDGRD_14249,0
NDGRD_14250,0
NDGRD_14251,0
NDGRD_14252,0
NDGRD_14253,0
NDGRD_14254,0
NDGRD_14255,0
NDGRD_14256,0
NDGRD_14257,0
NDGRD_14258,0
NDGRD_14259,0
NDGRD_14260,0
NDGRD_14261,0
NDGRD_14262,0
NDGRD_14263,0
NDGRD_14264,0
NDGRD_14265,0
NDGRD_14266,0
NDGRD_14267,0
NDGRD_14268,0
NDGRD_14269,0
NDGRD_14270,0
NDGRD_14271,0
NDGRD_14272,0
NDGRD_14273,0
NDGRD_14274,0
NDGRD_14275,0
NDGRD_14276,0
NDGRD_14277,0
NDGRD_14278,0
NDGRD_14279,0
NDGRD_14280,0
NDGRD_14281,0
NDGRD_14282,0
NDGRD_14283,0
NDGRD_14284,0
NDGRD_14285,0
NDGRD_14286,0
NDGRD_14287,0
NDGRD_14288,0
NDGRD_14289,0
NDGRD_14290,0
NDGRD_14291,0
NDGRD_14292,0
NDGRD_14293,0
NDGRD_14294,0
NDGRD_14295,0
NDGRD_14296,0
NDGRD_14297,0
NDGRD_14298,0
NDGRD_14299,0
NDGRD_14300,0
NDGRD_14301,0
NDGRD_14302,0
NDGRD_14303,0
NDGRD_14304,0
NDGRD_14305,0
NDGRD_14306,0
NDGRD_14307,0
NDGRD_14308,0
NDGRD_14309,0
NDGRD_14310,0
NDGRD_14311,0
NDGRD_14312,0
NDGRD_14313,0
NDGRD_14314,0
NDGRD_14315,0
NDGRD_14316,0
NDGRD_14317,0
NDGRD_14318,0
NDGRD_14319,0
NDGRD_14320,0
NDGRD_14321,0
NDGRD_14322,0
NDGRD_14323,0
NDGRD_14324,0
NDGRD_14325,0
NDGRD_14326,0
NDGRD_14327,0
NDGRD_14328,0
NDGRD_14329,0
NDGRD_14330,0
NDGRD_14331,0
NDGRD_14332,0
NDGRD_14333,0
NDGRD_14334,0
NDGRD_14335,0
NDGRD_14336,0
NDGRD_14337,0
NDGRD_14338,0
NDGRD_14339,0
NDGRD_14340,0
NDGRD_14341,0
NDGRD_14342,0
NDGRD_14343,0
NDGRD_14344,0
NDGRD_14345,0
NDGRD_14346,0
NDGRD_14347,0
NDGRD_14348,0
NDGRD_14349,0
NDGRD_14350,0
NDGRD_14351,0
NDGRD_14352,0
NDGRD_14353,0
NDGRD_14354,0
NDGRD_14355,0
NDGRD_14356,0
NDGRD_14357,0
NDGRD_14358,0
NDGRD_14359,0
NDGRD_14360,0
NDGRD_14361,0
NDGRD_14362,0
NDGRD_14363,0
NDGRD_14364,0
NDGRD_14365,0
NDGRD_14366,0
NDGRD_14367,0
NDGRD_14368,0
NDGRD_14369,0
NDGRD_14370,0
NDGRD_14371,0
NDGRD_14372,0
NDGRD_14373,0
NDGRD_14374,0
NDGRD_14375,0
NDGRD_14376,0
NDGRD_14377,0
NDGRD_14378,0
NDGRD_14379,0
NDGRD_14380,0
NDGRD_14381,0
NDGRD_14382,0
NDGRD_14383,0
NDGRD_14384,0
NDGRD_14385,0
NDGRD_14386,0
NDGRD_14387,0
NDGRD_14388,0
NDGRD_14389,0
NDGRD_14390,0
NDGRD_14391,0
NDGRD_14392,0
NDGRD_14393,0
NDGRD_14394,0
NDGRD_14395,0
NDGRD_14396,0
NDGRD_14397,0
NDGRD_14398,0
NDGRD_14399,0
NDGRD_14400,0
NDGRD_14401,0
NDGRD_14402,0
NDGRD_14403,0
NDGRD_14404,0
NDGRD_14405,0
NDGRD_14406,0
NDGRD_14407,0
NDGRD_14408,0
NDGRD_14409,0
NDGRD_14410,0
NDGRD_14411,0
NDGRD_14412,0
NDGRD_14413,0
NDGRD_14414,0
NDGRD_14415,0
NDGRD_14416,0
NDGRD_14417,0
NDGRD_14418,0
NDGRD_14419,0
NDGRD_14420,0
NDGRD_14421,0
NDGRD_14422,0
NDGRD_14423,0
NDGRD_14424,0
NDGRD_14425,0
NDGRD_14426,0
NDGRD_14427,0
NDGRD_14428,0
NDGRD_14429,0
NDGRD_14430,0
NDGRD_14431,0
NDGRD_14432,0
NDGRD_14433,0
NDGRD_14434,0
NDGRD_14435,0
NDGRD_14436,0
NDGRD_14437,0
NDGRD_14438,0
NDGRD_14439,0
NDGRD_14440,0
NDGRD_14441,0
NDGRD_14442,0
NDGRD_14443,0
NDGRD_14444,0
NDGRD_14445,0
NDGRD_14446,0
NDGRD_14447,0
NDGRD_14448,0
NDGRD_14449,0
NDGRD_14450,0
NDGRD_14451,0
NDGRD_14452,0
NDGRD_14453,0
NDGRD_14454,0
NDGRD_14455,0
NDGRD_14456,0
NDGRD_14457,0
NDGRD_14458,0
NDGRD_14459,0
NDGRD_14460,0
NDGRD_14461,0
NDGRD_14462,0
NDGRD_14463,0
NDGRD_14464,0
NDGRD_14465,0
NDGRD_14466,0
NDGRD_14467,0
NDGRD_14468,0
NDGRD_14469,0
NDGRD_14470,0
NDGRD_14471,0
NDGRD_14472,0
NDGRD_14473,0
NDGRD_14474,0
NDGRD_14475,0
NDGRD_14476,0
NDGRD_14477,0
NDGRD_14478,0
NDGRD_14479,0
NDGRD_14480,0
NDGRD_14481,0
NDGRD_14482,0
NDGRD_14483,0
NDGRD_14484,0
NDGRD_14485,0
NDGRD_14486,0
NDGRD_14487,0
NDGRD_14488,0
NDGRD_14489,0
NDGRD_14490,0
NDGRD_14491,0
NDGRD_14492,0
NDGRD_14493,0
NDGRD_14494,0
NDGRD_14495,0
NDGRD_14496,0
NDGRD_14497,0
NDGRD_14498,0
NDGRD_14499,0
NDGRD_14500,0
NDGRD_14501,0
NDGRD_14502,0
NDGRD_14503,0
NDGRD_14504,0
NDGRD_14505,0
NDGRD_14506,0
NDGRD_14507,0
NDGRD_14508,0
NDGRD_14509,0
NDGRD_14510,0
NDGRD_14511,0
NDGRD_14512,0
NDGRD_14513,0
NDGRD_14514,0
NDGRD_14515,0
NDGRD_14516,0
NDGRD_14517,0
NDGRD_14518,0
NDGRD_14519,0
NDGRD_14520,0
NDGRD_14521,0
NDGRD_14522,0
NDGRD_14523,0
NDGRD_14524,0
NDGRD_14525,0
NDGRD_14526,0
NDGRD_14527,0
NDGRD_14528,0
NDGRD_14529,0
NDGRD_14530,0
NDGRD_14531,0
NDGRD_14532,0
NDGRD_14533,0
NDGRD_14534,0
NDGRD_14535,0
NDGRD_14536,0
NDGRD_14537,0
NDGRD_14538,0
NDGRD_14539,0
NDGRD_14540,0
NDGRD_14541,0
NDGRD_14542,0
NDGRD_14543,0
NDGRD_14544,0
NDGRD_14545,0
NDGRD_14546,0
NDGRD_14547,0
NDGRD_14548,0
NDGRD_14549,0
NDGRD_14550,0
NDGRD_14551,0
NDGRD_14552,0
NDGRD_14553,0
NDGRD_14554,0
NDGRD_14555,0
NDGRD_14556,0
NDGRD_14557,0
NDGRD_14558,0
NDGRD_14559,0
NDGRD_14560,0
NDGRD_14561,0
NDGRD_14562,0
NDGRD_14563,0
NDGRD_14564,0
NDGRD_14565,0
NDGRD_14566,0
NDGRD_14567,0
NDGRD_14568,0
NDGRD_14569,0
NDGRD_14570,0
NDGRD_14571,0
NDGRD_14572,0
NDGRD_14573,0
NDGRD_14574,0
NDGRD_14575,0
NDGRD_14576,0
NDGRD_14577,0
NDGRD_14578,0
NDGRD_14579,0
NDGRD_14580,0
NDGRD_14581,0
NDGRD_14582,0
NDGRD_14583,0
NDGRD_14584,0
NDGRD_14585,0
NDGRD_14586,0
NDGRD_14587,0
NDGRD_14588,0
NDGRD_14589,0
NDGRD_14590,0
NDGRD_14591,0
NDGRD_14592,0
NDGRD_14593,0
NDGRD_14594,0
NDGRD_14595,0
NDGRD_14596,0
NDGRD_14597,0
NDGRD_14598,0
NDGRD_14599,0
NDGRD_14600,0
NDGRD_14601,0
NDGRD_14602,0
NDGRD_14603,0
NDGRD_14604,0
NDGRD_14605,0
NDGRD_14606,0
NDGRD_14607,0
NDGRD_14608,0
NDGRD_14609,0
NDGRD_14610,0
NDGRD_14611,0
NDGRD_14612,0
NDGRD_14613,0
NDGRD_14614,0
NDGRD_14615,0
NDGRD_14616,0
NDGRD_14617,0
NDGRD_14618,0
NDGRD_14619,0
NDGRD_14620,0
NDGRD_14621,0
NDGRD_14622,0
NDGRD_14623,0
NDGRD_14624,0
NDGRD_14625,0
NDGRD_14626,0
NDGRD_14627,0
NDGRD_14628,0
NDGRD_14629,0
NDGRD_14630,0
NDGRD_14631,0
NDGRD_14632,0
NDGRD_14633,0
NDGRD_14634,0
NDGRD_14635,0
NDGRD_14636,0
NDGRD_14637,0
NDGRD_14638,0
NDGRD_14639,0
NDGRD_14640,0
NDGRD_14641,0
NDGRD_14642,0
NDGRD_14643,0
NDGRD_14644,0
NDGRD_14645,0
NDGRD_14646,0
NDGRD_14647,0
NDGRD_14648,0
NDGRD_14649,0
NDGRD_14650,0
NDGRD_14651,0
NDGRD_14652,0
NDGRD_14653,0
NDGRD_14654,0
NDGRD_14655,0
NDGRD_14656,0
NDGRD_14657,0
NDGRD_14658,0
NDGRD_14659,0
NDGRD_14660,0
NDGRD_14661,0
NDGRD_14662,0
NDGRD_14663,0
NDGRD_14664,0
NDGRD_14665,0
NDGRD_14666,0
NDGRD_14667,0
NDGRD_14668,0
NDGRD_14669,0
NDGRD_14670,0
NDGRD_14671,0
NDGRD_14672,0
NDGRD_14673,0
NDGRD_14674,0
NDGRD_14675,0
NDGRD_14676,0
NDGRD_14677,0
NDGRD_14678,0
NDGRD_14679,0
NDGRD_14680,0
NDGRD_14681,0
NDGRD_14682,0
NDGRD_14683,0
NDGRD_14684,0
NDGRD_14685,0
NDGRD_14686,0
NDGRD_14687,0
NDGRD_14688,0
NDGRD_14689,0
NDGRD_14690,0
NDGRD_14691,0
NDGRD_14692,0
NDGRD_14693,0
NDGRD_14694,0
NDGRD_14695,0
NDGRD_14696,0
NDGRD_14697,0
NDGRD_14698,0
NDGRD_14699,0
NDGRD_14700,0
NDGRD_14701,0
NDGRD_14702,0
NDGRD_14703,0
NDGRD_14704,0
NDGRD_14705,0
NDGRD_14706,0
NDGRD_14707,0
NDGRD_14708,0
NDGRD_14709,0
NDGRD_14710,0
NDGRD_14711,0
NDGRD_14712,0
NDGRD_14713,0
NDGRD_14714,0
NDGRD_14715,0
NDGRD_14716,0
NDGRD_14717,0
NDGRD_14718,0
NDGRD_14719,0
NDGRD_14720,0
NDGRD_14721,0
NDGRD_14722,0
NDGRD_14723,0
NDGRD_14724,0
NDGRD_14725,0
NDGRD_14726,0
NDGRD_14727,0
NDGRD_14728,0
NDGRD_14729,0
NDGRD_14730,0
NDGRD_14731,0
NDGRD_14732,0
NDGRD_14733,0
NDGRD_14734,0
NDGRD_14735,0
NDGRD_14736,0
NDGRD_14737,0
NDGRD_14738,0
NDGRD_14739,0
NDGRD_14740,0
NDGRD_14741,0
NDGRD_14742,0
NDGRD_14743,0
NDGRD_14744,0
NDGRD_14745,0
NDGRD_14746,0
NDGRD_14747,0
NDGRD_14748,0
NDGRD_14749,0
NDGRD_14750,0
NDGRD_14751,0
NDGRD_14752,0
NDGRD_14753,0
NDGRD_14754,0
NDGRD_14755,0
NDGRD_14756,0
NDGRD_14757,0
NDGRD_14758,0
NDGRD_14759,0
NDGRD_14760,0
NDGRD_14761,0
NDGRD_14762,0
NDGRD_14763,0
NDGRD_14764,0
NDGRD_14765,0
NDGRD_14766,0
NDGRD_14767,0
NDGRD_14768,0
NDGRD_14769,0
NDGRD_14770,0
NDGRD_14771,0
NDGRD_14772,0
NDGRD_14773,0
NDGRD_14774,0
NDGRD_14775,0
NDGRD_14776,0
NDGRD_14777,0
NDGRD_14778,0
NDGRD_14779,0
NDGRD_14780,0
NDGRD_14781,0
NDGRD_14782,0
NDGRD_14783,0
NDGRD_14784,0
NDGRD_14785,0
NDGRD_14786,0
NDGRD_14787,0
NDGRD_14788,0
NDGRD_14789,0
NDGRD_14790,0
NDGRD_14791,0
NDGRD_14792,0
NDGRD_14793,0
NDGRD_14794,0
NDGRD_14795,0
NDGRD_14796,0
NDGRD_14797,0
NDGRD_14798,0
NDGRD_14799,0
NDGRD_14800,0
NDGRD_14801,0
NDGRD_14802,0
NDGRD_14803,0
NDGRD_14804,0
NDGRD_14805,0
NDGRD_14806,0
NDGRD_14807,0
NDGRD_14808,0
NDGRD_14809,0
NDGRD_14810,0
NDGRD_14811,0
NDGRD_14812,0
NDGRD_14813,0
NDGRD_14814,0
NDGRD_14815,0
NDGRD_14816,0
NDGRD_14817,0
NDGRD_14818,0
NDGRD_14819,0
NDGRD_14820,0
NDGRD_14821,0
NDGRD_14822,0
NDGRD_14823,0
NDGRD_14824,0
NDGRD_14825,0
NDGRD_14826,0
NDGRD_14827,0
NDGRD_14828,0
NDGRD_14829,0
NDGRD_14830,0
NDGRD_14831,0
NDGRD_14832,0
NDGRD_14833,0
NDGRD_14834,0
NDGRD_14835,0
NDGRD_14836,0
NDGRD_14837,0
NDGRD_14838,0
NDGRD_14839,0
NDGRD_14840,0
NDGRD_14841,0
NDGRD_14842,0
NDGRD_14843,0
NDGRD_14844,0
NDGRD_14845,0
NDGRD_14846,0
NDGRD_14847,0
NDGRD_14848,0
NDGRD_14849,0
NDGRD_14850,0
NDGRD_14851,0
NDGRD_14852,0
NDGRD_14853,0
NDGRD_14854,0
NDGRD_14855,0
NDGRD_14856,0
NDGRD_14857,0
NDGRD_14858,0
NDGRD_14859,0
NDGRD_14860,0
NDGRD_14861,0
NDGRD_14862,0
NDGRD_14863,0
NDGRD_14864,0
NDGRD_14865,0
NDGRD_14866,0
NDGRD_14867,0
NDGRD_14868,0
NDGRD_14869,0
NDGRD_14870,0
NDGRD_14871,0
NDGRD_14872,0
NDGRD_14873,0
NDGRD_14874,0
NDGRD_14875,0
NDGRD_14876,0
NDGRD_14877,0
NDGRD_14878,0
NDGRD_14879,0
NDGRD_14880,0
NDGRD_14881,0
NDGRD_14882,0
NDGRD_14883,0
NDGRD_14884,0
NDGRD_14885,0
NDGRD_14886,0
NDGRD_14887,0
NDGRD_14888,0
NDGRD_14889,0
NDGRD_14890,0
NDGRD_14891,0
NDGRD_14892,0
NDGRD_14893,0
NDGRD_14894,0
NDGRD_14895,0
NDGRD_14896,0
NDGRD_14897,0
NDGRD_14898,0
NDGRD_14899,0
NDGRD_14900,0
NDGRD_14901,0
NDGRD_14902,0
NDGRD_14903,0
NDGRD_14904,0
NDGRD_14905,0
NDGRD_14906,0
NDGRD_14907,0
NDGRD_14908,0
NDGRD_14909,0
NDGRD_14910,0
NDGRD_14911,0
NDGRD_14912,0
NDGRD_14913,0
NDGRD_14914,0
NDGRD_14915,0
NDGRD_14916,0
NDGRD_14917,0
NDGRD_14918,0
NDGRD_14919,0
NDGRD_14920,0
NDGRD_14921,0
NDGRD_14922,0
NDGRD_14923,0
NDGRD_14924,0
NDGRD_14925,0
NDGRD_14926,0
NDGRD_14927,0
NDGRD_14928,0
NDGRD_14929,0
NDGRD_14930,0
NDGRD_14931,0
NDGRD_14932,0
NDGRD_14933,0
NDGRD_14934,0
NDGRD_14935,0
NDGRD_14936,0
NDGRD_14937,0
NDGRD_14938,0
NDGRD_14939,0
NDGRD_14940,0
NDGRD_14941,0
NDGRD_14942,0
NDGRD_14943,0
NDGRD_14944,0
NDGRD_14945,0
NDGRD_14946,0
NDGRD_14947,0
NDGRD_14948,0
NDGRD_14949,0
NDGRD_14950,0
NDGRD_14951,0
NDGRD_14952,0
NDGRD_14953,0
NDGRD_14954,0
NDGRD_14955,0
NDGRD_14956,0
NDGRD_14957,0
NDGRD_14958,0
NDGRD_14959,0
NDGRD_14960,0
NDGRD_14961,0
NDGRD_14962,0
NDGRD_14963,0
NDGRD_14964,0
NDGRD_14965,0
NDGRD_14966,0
NDGRD_14967,0
NDGRD_14968,0
NDGRD_14969,0
NDGRD_14970,0
NDGRD_14971,0
NDGRD_14972,0
NDGRD_14973,0
NDGRD_14974,0
NDGRD_14975,0
NDGRD_14976,0
NDGRD_14977,0
NDGRD_14978,0
NDGRD_14979,0
NDGRD_14980,0
NDGRD_14981,0
NDGRD_14982,0
NDGRD_14983,0
NDGRD_14984,0
NDGRD_14985,0
NDGRD_14986,0
NDGRD_14987,0
NDGRD_14988,0
NDGRD_14989,0
NDGRD_14990,0
NDGRD_14991,0
NDGRD_14992,0
NDGRD_14993,0
NDGRD_14994,0
NDGRD_14995,0
NDGRD_14996,0
NDGRD_14997,0
NDGRD_14998,0
NDGRD_14999,0
NDGRD_15000,0
NDGRD_15001,0
NDGRD_15002,0
NDGRD_15003,0
NDGRD_15004,0
NDGRD_15005,0
NDGRD_15006,0
NDGRD_15007,0
NDGRD_15008,0
NDGRD_15009,0
NDGRD_15010,0
NDGRD_15011,0
NDGRD_15012,0
NDGRD_15013,0
NDGRD_15014,0
NDGRD_15015,0
NDGRD_15016,0
NDGRD_15017,0
NDGRD_15018,0
NDGRD_15019,0
NDGRD_15020,0
NDGRD_15021,0
NDGRD_15022,0
NDGRD_15023,0
NDGRD_15024,0
NDGRD_15025,0
NDGRD_15026,0
NDGRD_15027,0
NDGRD_15028,0
NDGRD_15029,0
NDGRD_15030,0
NDGRD_15031,0
NDGRD_15032,0
NDGRD_15033,0
NDGRD_15034,0
NDGRD_15035,0
NDGRD_15036,0
NDGRD_15037,0
NDGRD_15038,0
NDGRD_15039,0
NDGRD_15040,0
NDGRD_15041,0
NDGRD_15042,0
NDGRD_15043,0
NDGRD_15044,0
NDGRD_15045,0
NDGRD_15046,0
NDGRD_15047,0
NDGRD_15048,0
NDGRD_15049,0
NDGRD_15050,0
NDGRD_15051,0
NDGRD_15052,0
NDGRD_15053,0
NDGRD_15054,0
NDGRD_15055,0
NDGRD_15056,0
NDGRD_15057,0
NDGRD_15058,0
NDGRD_15059,0
NDGRD_15060,0
NDGRD_15061,0
NDGRD_15062,0
NDGRD_15063,0
NDGRD_15064,0
NDGRD_15065,0
NDGRD_15066,0
NDGRD_15067,0
NDGRD_15068,0
NDGRD_15069,0
NDGRD_15070,0
NDGRD_15071,0
NDGRD_15072,0
NDGRD_15073,0
NDGRD_15074,0
NDGRD_15075,0
NDGRD_15076,0
NDGRD_15077,0
NDGRD_15078,0
NDGRD_15079,0
NDGRD_15080,0
NDGRD_15081,0
NDGRD_15082,0
NDGRD_15083,0
NDGRD_15084,0
NDGRD_15085,0
NDGRD_15086,0
NDGRD_15087,0
NDGRD_15088,0
NDGRD_15089,0
NDGRD_15090,0
NDGRD_15091,0
NDGRD_15092,0
NDGRD_15093,0
NDGRD_15094,0
NDGRD_15095,0
NDGRD_15096,0
NDGRD_15097,0
NDGRD_15098,0
NDGRD_15099,0
NDGRD_15100,0
NDGRD_15101,0
NDGRD_15102,0
NDGRD_15103,0
NDGRD_15104,0
NDGRD_15105,0
NDGRD_15106,0
NDGRD_15107,0
NDGRD_15108,0
NDGRD_15109,0
NDGRD_15110,0
NDGRD_15111,0
NDGRD_15112,0
NDGRD_15113,0
NDGRD_15114,0
NDGRD_15115,0
NDGRD_15116,0
NDGRD_15117,0
NDGRD_15118,0
NDGRD_15119,0
NDGRD_15120,0
NDGRD_15121,0
NDGRD_15122,0
NDGRD_15123,0
NDGRD_15124,0
NDGRD_15125,0
NDGRD_15126,0
NDGRD_15127,0
NDGRD_15128,0
NDGRD_15129,0
NDGRD_15130,0
NDGRD_15131,0
NDGRD_15132,0
NDGRD_15133,0
NDGRD_15134,0
NDGRD_15135,0
NDGRD_15136,0
NDGRD_15137,0
NDGRD_15138,0
NDGRD_15139,0
NDGRD_15140,0
NDGRD_15141,0
NDGRD_15142,0
NDGRD_15143,0
NDGRD_15144,0
NDGRD_15145,0
NDGRD_15146,0
NDGRD_15147,0
NDGRD_15148,0
NDGRD_15149,0
NDGRD_15150,0
NDGRD_15151,0
NDGRD_15152,0
NDGRD_15153,0
NDGRD_15154,0
NDGRD_15155,0
NDGRD_15156,0
NDGRD_15157,0
NDGRD_15158,0
NDGRD_15159,0
NDGRD_15160,0
NDGRD_15161,0
NDGRD_15162,0
NDGRD_15163,0
NDGRD_15164,0
NDGRD_15165,0
NDGRD_15166,0
NDGRD_15167,0
NDGRD_15168,0
NDGRD_15169,0
NDGRD_15170,0
NDGRD_15171,0
NDGRD_15172,0
NDGRD_15173,0
NDGRD_15174,0
NDGRD_15175,0
NDGRD_15176,0
NDGRD_15177,0
NDGRD_15178,0
NDGRD_15179,0
NDGRD_15180,0
NDGRD_15181,0
NDGRD_15182,0
NDGRD_15183,0
NDGRD_15184,0
NDGRD_15185,0
NDGRD_15186,0
NDGRD_15187,0
NDGRD_15188,0
NDGRD_15189,0
NDGRD_15190,0
NDGRD_15191,0
NDGRD_15192,0
NDGRD_15193,0
NDGRD_15194,0
NDGRD_15195,0
NDGRD_15196,0
NDGRD_15197,0
NDGRD_15198,0
NDGRD_15199,0
NDGRD_15200,0
NDGRD_15201,0
NDGRD_15202,0
NDGRD_15203,0
NDGRD_15204,0
NDGRD_15205,0
NDGRD_15206,0
NDGRD_15207,0
NDGRD_15208,0
NDGRD_15209,0
NDGRD_15210,0
NDGRD_15211,0
NDGRD_15212,0
NDGRD_15213,0
NDGRD_15214,0
NDGRD_15215,0
NDGRD_15216,0
NDGRD_15217,0
NDGRD_15218,0
NDGRD_15219,0
NDGRD_15220,0
NDGRD_15221,0
NDGRD_15222,0
NDGRD_15223,0
NDGRD_15224,0
NDGRD_15225,0
NDGRD_15226,0
NDGRD_15227,0
NDGRD_15228,0
NDGRD_15229,0
NDGRD_15230,0
NDGRD_15231,0
NDGRD_15232,0
NDGRD_15233,0
NDGRD_15234,0
NDGRD_15235,0
NDGRD_15236,0
NDGRD_15237,0
NDGRD_15238,0
NDGRD_15239,0
NDGRD_15240,0
NDGRD_15241,0
NDGRD_15242,0
NDGRD_15243,0
NDGRD_15244,0
NDGRD_15245,0
NDGRD_15246,0
NDGRD_15247,0
NDGRD_15248,0
NDGRD_15249,0
NDGRD_15250,0
NDGRD_15251,0
NDGRD_15252,0
NDGRD_15253,0
NDGRD_15254,0
NDGRD_15255,0
NDGRD_15256,0
NDGRD_15257,0
NDGRD_15258,0
NDGRD_15259,0
NDGRD_15260,0
NDGRD_15261,0
NDGRD_15262,0
NDGRD_15263,0
NDGRD_15264,0
NDGRD_15265,0
NDGRD_15266,0
NDGRD_15267,0
NDGRD_15268,0
NDGRD_15269,0
NDGRD_15270,0
NDGRD_15271,0
NDGRD_15272,0
NDGRD_15273,0
NDGRD_15274,0
NDGRD_15275,0
NDGRD_15276,0
NDGRD_15277,0
NDGRD_15278,0
NDGRD_15279,0
NDGRD_15280,0
NDGRD_15281,0
NDGRD_15282,0
NDGRD_15283,0
NDGRD_15284,0
NDGRD_15285,0
NDGRD_15286,0
NDGRD_15287,0
NDGRD_15288,0
NDGRD_15289,0
NDGRD_15290,0
NDGRD_15291,0
NDGRD_15292,0
NDGRD_15293,0
NDGRD_15294,0
NDGRD_15295,0
NDGRD_15296,0
NDGRD_15297,0
NDGRD_15298,0
NDGRD_15299,0
NDGRD_15300,0
NDGRD_15301,0
NDGRD_15302,0
NDGRD_15303,0
NDGRD_15304,0
NDGRD_15305,0
NDGRD_15306,0
NDGRD_15307,0
NDGRD_15308,0
NDGRD_15309,0
NDGRD_15310,0
NDGRD_15311,0
NDGRD_15312,0
NDGRD_15313,0
NDGRD_15314,0
NDGRD_15315,0
NDGRD_15316,0
NDGRD_15317,0
NDGRD_15318,0
NDGRD_15319,0
NDGRD_15320,0
NDGRD_15321,0
NDGRD_15322,0
NDGRD_15323,0
NDGRD_15324,0
NDGRD_15325,0
NDGRD_15326,0
NDGRD_15327,0
NDGRD_15328,0
NDGRD_15329,0
NDGRD_15330,0
NDGRD_15331,0
NDGRD_15332,0
NDGRD_15333,0
NDGRD_15334,0
NDGRD_15335,0
NDGRD_15336,0
NDGRD_15337,0
NDGRD_15338,0
NDGRD_15339,0
NDGRD_15340,0
NDGRD_15341,0
NDGRD_15342,0
NDGRD_15343,0
NDGRD_15344,0
NDGRD_15345,0
NDGRD_15346,0
NDGRD_15347,0
NDGRD_15348,0
NDGRD_15349,0
NDGRD_15350,0
NDGRD_15351,0
NDGRD_15352,0
NDGRD_15353,0
NDGRD_15354,0
NDGRD_15355,0
NDGRD_15356,0
NDGRD_15357,0
NDGRD_15358,0
NDGRD_15359,0
NDGRD_15360,0
NDGRD_15361,0
NDGRD_15362,0
NDGRD_15363,0
NDGRD_15364,0
NDGRD_15365,0
NDGRD_15366,0
NDGRD_15367,0
NDGRD_15368,0
NDGRD_15369,0
NDGRD_15370,0
NDGRD_15371,0
NDGRD_15372,0
NDGRD_15373,0
NDGRD_15374,0
NDGRD_15375,0
NDGRD_15376,0
NDGRD_15377,0
NDGRD_15378,0
NDGRD_15379,0
NDGRD_15380,0
NDGRD_15381,0
NDGRD_15382,0
NDGRD_15383,0
NDGRD_15384,0
NDGRD_15385,0
NDGRD_15386,0
NDGRD_15387,0
NDGRD_15388,0
NDGRD_15389,0
NDGRD_15390,0
NDGRD_15391,0
NDGRD_15392,0
NDGRD_15393,0
NDGRD_15394,0
NDGRD_15395,0
NDGRD_15396,0
NDGRD_15397,0
NDGRD_15398,0
NDGRD_15399,0
NDGRD_15400,0
NDGRD_15401,0
NDGRD_15402,0
NDGRD_15403,0
NDGRD_15404,0
NDGRD_15405,0
NDGRD_15406,0
NDGRD_15407,0
NDGRD_15408,0
NDGRD_15409,0
NDGRD_15410,0
NDGRD_15411,0
NDGRD_15412,0
NDGRD_15413,0
NDGRD_15414,0
NDGRD_15415,0
NDGRD_15416,0
NDGRD_15417,0
NDGRD_15418,0
NDGRD_15419,0
NDGRD_15420,0
NDGRD_15421,0
NDGRD_15422,0
NDGRD_15423,0
NDGRD_15424,0
NDGRD_15425,0
NDGRD_15426,0
NDGRD_15427,0
NDGRD_15428,0
NDGRD_15429,0
NDGRD_15430,0
NDGRD_15431,0
NDGRD_15432,0
NDGRD_15433,0
NDGRD_15434,0
NDGRD_15435,0
NDGRD_15436,0
NDGRD_15437,0
NDGRD_15438,0
NDGRD_15439,0
NDGRD_15440,0
NDGRD_15441,0
NDGRD_15442,0
NDGRD_15443,0
NDGRD_15444,0
NDGRD_15445,0
NDGRD_15446,0
NDGRD_15447,0
NDGRD_15448,0
NDGRD_15449,0
NDGRD_15450,0
NDGRD_15451,0
NDGRD_15452,0
NDGRD_15453,0
NDGRD_15454,0
NDGRD_15455,0
NDGRD_15456,0
NDGRD_15457,0
NDGRD_15458,0
NDGRD_15459,0
NDGRD_15460,0
NDGRD_15461,0
NDGRD_15462,0
NDGRD_15463,0
NDGRD_15464,0
NDGRD_15465,0
NDGRD_15466,0
NDGRD_15467,0
NDGRD_15468,0
NDGRD_15469,0
NDGRD_15470,0
NDGRD_15471,0
NDGRD_15472,0
NDGRD_15473,0
NDGRD_15474,0
NDGRD_15475,0
NDGRD_15476,0
NDGRD_15477,0
NDGRD_15478,0
NDGRD_15479,0
NDGRD_15480,0
NDGRD_15481,0
NDGRD_15482,0
NDGRD_15483,0
NDGRD_15484,0
NDGRD_15485,0
NDGRD_15486,0
NDGRD_15487,0
NDGRD_15488,0
NDGRD_15489,0
NDGRD_15490,0
NDGRD_15491,0
NDGRD_15492,0
NDGRD_15493,0
NDGRD_15494,0
NDGRD_15495,0
NDGRD_15496,0
NDGRD_15497,0
NDGRD_15498,0
NDGRD_15499,0
NDGRD_15500,0
NDGRD_15501,0
NDGRD_15502,0
NDGRD_15503,0
NDGRD_15504,0
NDGRD_15505,0
NDGRD_15506,0
NDGRD_15507,0
NDGRD_15508,0
NDGRD_15509,0
NDGRD_15510,0
NDGRD_15511,0
NDGRD_15512,0
NDGRD_15513,0
NDGRD_15514,0
NDGRD_15515,0
NDGRD_15516,0
NDGRD_15517,0
NDGRD_15518,0
NDGRD_15519,0
NDGRD_15520,0
NDGRD_15521,0
NDGRD_15522,0
NDGRD_15523,0
NDGRD_15524,0
NDGRD_15525,0
NDGRD_15526,0
NDGRD_15527,0
NDGRD_15528,0
NDGRD_15529,0
NDGRD_15530,0
NDGRD_15531,0
NDGRD_15532,0
NDGRD_15533,0
NDGRD_15534,0
NDGRD_15535,0
NDGRD_15536,0
NDGRD_15537,0
NDGRD_15538,0
NDGRD_15539,0
NDGRD_15540,0
NDGRD_15541,0
NDGRD_15542,0
NDGRD_15543,0
NDGRD_15544,0
NDGRD_15545,0
NDGRD_15546,0
NDGRD_15547,0
NDGRD_15548,0
NDGRD_15549,0
NDGRD_15550,0
NDGRD_15551,0
NDGRD_15552,0
NDGRD_15553,0
NDGRD_15554,0
NDGRD_15555,0
NDGRD_15556,0
NDGRD_15557,0
NDGRD_15558,0
NDGRD_15559,0
NDGRD_15560,0
NDGRD_15561,0
NDGRD_15562,0
NDGRD_15563,0
NDGRD_15564,0
NDGRD_15565,0
NDGRD_15566,0
NDGRD_15567,0
NDGRD_15568,0
NDGRD_15569,0
NDGRD_15570,0
NDGRD_15571,0
NDGRD_15572,0
NDGRD_15573,0
NDGRD_15574,0
NDGRD_15575,0
NDGRD_15576,0
NDGRD_15577,0
NDGRD_15578,0
NDGRD_15579,0
NDGRD_15580,0
NDGRD_15581,0
NDGRD_15582,0
NDGRD_15583,0
NDGRD_15584,0
NDGRD_15585,0
NDGRD_15586,0
NDGRD_15587,0
NDGRD_15588,0
NDGRD_15589,0
NDGRD_15590,0
NDGRD_15591,0
NDGRD_15592,0
NDGRD_15593,0
NDGRD_15594,0
NDGRD_15595,0
NDGRD_15596,0
NDGRD_15597,0
NDGRD_15598,0
NDGRD_15599,0
NDGRD_15600,0
NDGRD_15601,0
NDGRD_15602,0
NDGRD_15603,0
NDGRD_15604,0
NDGRD_15605,0
NDGRD_15606,0
NDGRD_15607,0
NDGRD_15608,0
NDGRD_15609,0
NDGRD_15610,0
NDGRD_15611,0
NDGRD_15612,0
NDGRD_15613,0
NDGRD_15614,0
NDGRD_15615,0
NDGRD_15616,0
NDGRD_15617,0
NDGRD_15618,0
NDGRD_15619,0
NDGRD_15620,0
NDGRD_15621,0
NDGRD_15622,0
NDGRD_15623,0
NDGRD_15624,0
NDGRD_15625,0
NDGRD_15626,0
NDGRD_15627,0
NDGRD_15628,0
NDGRD_15629,0
NDGRD_15630,0
NDGRD_15631,0
NDGRD_15632,0
NDGRD_15633,0
NDGRD_15634,0
NDGRD_15635,0
NDGRD_15636,0
NDGRD_15637,0
NDGRD_15638,0
NDGRD_15639,0
NDGRD_15640,0
NDGRD_15641,0
NDGRD_15642,0
NDGRD_15643,0
NDGRD_15644,0
NDGRD_15645,0
NDGRD_15646,0
NDGRD_15647,0
NDGRD_15648,0
NDGRD_15649,0
NDGRD_15650,0
NDGRD_15651,0
NDGRD_15652,0
NDGRD_15653,0
NDGRD_15654,0
NDGRD_15655,0
NDGRD_15656,0
NDGRD_15657,0
NDGRD_15658,0
NDGRD_15659,0
NDGRD_15660,0
NDGRD_15661,0
NDGRD_15662,0
NDGRD_15663,0
NDGRD_15664,0
NDGRD_15665,0
NDGRD_15666,0
NDGRD_15667,0
NDGRD_15668,0
NDGRD_15669,0
NDGRD_15670,0
NDGRD_15671,0
NDGRD_15672,0
NDGRD_15673,0
NDGRD_15674,0
NDGRD_15675,0
NDGRD_15676,0
NDGRD_15677,0
NDGRD_15678,0
NDGRD_15679,0
NDGRD_15680,0
NDGRD_15681,0
NDGRD_15682,0
NDGRD_15683,0
NDGRD_15684,0
NDGRD_15685,0
NDGRD_15686,0
NDGRD_15687,0
NDGRD_15688,0
NDGRD_15689,0
NDGRD_15690,0
NDGRD_15691,0
NDGRD_15692,0
NDGRD_15693,0
NDGRD_15694,0
NDGRD_15695,0
NDGRD_15696,0
NDGRD_15697,0
NDGRD_15698,0
NDGRD_15699,0
NDGRD_15700,0
NDGRD_15701,0
NDGRD_15702,0
NDGRD_15703,0
NDGRD_15704,0
NDGRD_15705,0
NDGRD_15706,0
NDGRD_15707,0
NDGRD_15708,0
NDGRD_15709,0
NDGRD_15710,0
NDGRD_15711,0
NDGRD_15712,0
NDGRD_15713,0
NDGRD_15714,0
NDGRD_15715,0
NDGRD_15716,0
NDGRD_15717,0
NDGRD_15718,0
NDGRD_15719,0
NDGRD_15720,0
NDGRD_15721,0
NDGRD_15722,0
NDGRD_15723,0
NDGRD_15724,0
NDGRD_15725,0
NDGRD_15726,0
NDGRD_15727,0
NDGRD_15728,0
NDGRD_15729,0
NDGRD_15730,0
NDGRD_15731,0
NDGRD_15732,0
NDGRD_15733,0
NDGRD_15734,0
NDGRD_15735,0
NDGRD_15736,0
NDGRD_15737,0
NDGRD_15738,0
NDGRD_15739,0
NDGRD_15740,0
NDGRD_15741,0
NDGRD_15742,0
NDGRD_15743,0
NDGRD_15744,0
NDGRD_15745,0
NDGRD_15746,0
NDGRD_15747,0
NDGRD_15748,0
NDGRD_15749,0
NDGRD_15750,0
NDGRD_15751,0
NDGRD_15752,0
NDGRD_15753,0
NDGRD_15754,0
NDGRD_15755,0
NDGRD_15756,0
NDGRD_15757,0
NDGRD_15758,0
NDGRD_15759,0
NDGRD_15760,0
NDGRD_15761,0
NDGRD_15762,0
NDGRD_15763,0
NDGRD_15764,0
NDGRD_15765,0
NDGRD_15766,0
NDGRD_15767,0
NDGRD_15768,0
NDGRD_15769,0
NDGRD_15770,0
NDGRD_15771,0
NDGRD_15772,0
NDGRD_15773,0
NDGRD_15774,0
NDGRD_15775,0
NDGRD_15776,0
NDGRD_15777,0
NDGRD_15778,0
NDGRD_15779,0
NDGRD_15780,0
NDGRD_15781,0
NDGRD_15782,0
NDGRD_15783,0
NDGRD_15784,0
NDGRD_15785,0
NDGRD_15786,0
NDGRD_15787,0
NDGRD_15788,0
NDGRD_15789,0
NDGRD_15790,0
NDGRD_15791,0
NDGRD_15792,0
NDGRD_15793,0
NDGRD_15794,0
NDGRD_15795,0
NDGRD_15796,0
NDGRD_15797,0
NDGRD_15798,0
NDGRD_15799,0
NDGRD_15800,0
NDGRD_15801,0
NDGRD_15802,0
NDGRD_15803,0
NDGRD_15804,0
NDGRD_15805,0
NDGRD_15806,0
NDGRD_15807,0
NDGRD_15808,0
NDGRD_15809,0
NDGRD_15810,0
NDGRD_15811,0
NDGRD_15812,0
NDGRD_15813,0
NDGRD_15814,0
NDGRD_15815,0
NDGRD_15816,0
NDGRD_15817,0
NDGRD_15818,0
NDGRD_15819,0
NDGRD_15820,0
NDGRD_15821,0
NDGRD_15822,0
NDGRD_15823,0
NDGRD_15824,0
NDGRD_15825,0
NDGRD_15826,0
NDGRD_15827,0
NDGRD_15828,0
NDGRD_15829,0
NDGRD_15830,0
NDGRD_15831,0
NDGRD_15832,0
NDGRD_15833,0
NDGRD_15834,0
NDGRD_15835,0
NDGRD_15836,0
NDGRD_15837,0
NDGRD_15838,0
NDGRD_15839,0
NDGRD_15840,0
NDGRD_15841,0
NDGRD_15842,0
NDGRD_15843,0
NDGRD_15844,0
NDGRD_15845,0
NDGRD_15846,0
NDGRD_15847,0
NDGRD_15848,0
NDGRD_15849,0
NDGRD_15850,0
NDGRD_15851,0
NDGRD_15852,0
NDGRD_15853,0
NDGRD_15854,0
NDGRD_15855,0
NDGRD_15856,0
NDGRD_15857,0
NDGRD_15858,0
NDGRD_15859,0
NDGRD_15860,0
NDGRD_15861,0
NDGRD_15862,0
NDGRD_15863,0
NDGRD_15864,0
NDGRD_15865,0
NDGRD_15866,0
NDGRD_15867,0
NDGRD_15868,0
NDGRD_15869,0
NDGRD_15870,0
NDGRD_15871,0
NDGRD_15872,0
NDGRD_15873,0
NDGRD_15874,0
NDGRD_15875,0
NDGRD_15876,0
NDGRD_15877,0
NDGRD_15878,0
NDGRD_15879,0
NDGRD_15880,0
NDGRD_15881,0
NDGRD_15882,0
NDGRD_15883,0
NDGRD_15884,0
NDGRD_15885,0
NDGRD_15886,0
NDGRD_15887,0
NDGRD_15888,0
NDGRD_15889,0
NDGRD_15890,0
NDGRD_15891,0
NDGRD_15892,0
NDGRD_15893,0
NDGRD_15894,0
NDGRD_15895,0
NDGRD_15896,0
NDGRD_15897,0
NDGRD_15898,0
NDGRD_15899,0
NDGRD_15900,0
NDGRD_15901,0
NDGRD_15902,0
NDGRD_15903,0
NDGRD_15904,0
NDGRD_15905,0
NDGRD_15906,0
NDGRD_15907,0
NDGRD_15908,0
NDGRD_15909,0
NDGRD_15910,0
NDGRD_15911,0
NDGRD_15912,0
NDGRD_15913,0
NDGRD_15914,0
NDGRD_15915,0
NDGRD_15916,0
NDGRD_15917,0
NDGRD_15918,0
NDGRD_15919,0
NDGRD_15920,0
NDGRD_15921,0
NDGRD_15922,0
NDGRD_15923,0
NDGRD_15924,0
NDGRD_15925,0
NDGRD_15926,0
NDGRD_15927,0
NDGRD_15928,0
NDGRD_15929,0
NDGRD_15930,0
NDGRD_15931,0
NDGRD_15932,0
NDGRD_15933,0
NDGRD_15934,0
NDGRD_15935,0
NDGRD_15936,0
NDGRD_15937,0
NDGRD_15938,0
NDGRD_15939,0
NDGRD_15940,0
NDGRD_15941,0
NDGRD_15942,0
NDGRD_15943,0
NDGRD_15944,0
NDGRD_15945,0
NDGRD_15946,0
NDGRD_15947,0
NDGRD_15948,0
NDGRD_15949,0
NDGRD_15950,0
NDGRD_15951,0
NDGRD_15952,0
NDGRD_15953,0
NDGRD_15954,0
NDGRD_15955,0
NDGRD_15956,0
NDGRD_15957,0
NDGRD_15958,0
NDGRD_15959,0
NDGRD_15960,0
NDGRD_15961,0
NDGRD_15962,0
NDGRD_15963,0
NDGRD_15964,0
NDGRD_15965,0
NDGRD_15966,0
NDGRD_15967,0
NDGRD_15968,0
NDGRD_15969,0
NDGRD_15970,0
NDGRD_15971,0
NDGRD_15972,0
NDGRD_15973,0
NDGRD_15974,0
NDGRD_15975,0
NDGRD_15976,0
NDGRD_15977,0
NDGRD_15978,0
NDGRD_15979,0
NDGRD_15980,0
NDGRD_15981,0
NDGRD_15982,0
NDGRD_15983,0
NDGRD_15984,0
NDGRD_15985,0
NDGRD_15986,0
NDGRD_15987,0
NDGRD_15988,0
NDGRD_15989,0
NDGRD_15990,0
NDGRD_15991,0
NDGRD_15992,0
NDGRD_15993,0
NDGRD_15994,0
NDGRD_15995,0
NDGRD_15996,0
NDGRD_15997,0
NDGRD_15998,0
NDGRD_15999,0
NDGRD_16000,0
NDGRD_16001,0
NDGRD_16002,0
NDGRD_16003,0
NDGRD_16004,0
NDGRD_16005,0
NDGRD_16006,0
NDGRD_16007,0
NDGRD_16008,0
NDGRD_16009,0
NDGRD_16010,0
NDGRD_16011,0
NDGRD_16012,0
NDGRD_16013,0
NDGRD_16014,0
NDGRD_16015,0
NDGRD_16016,0
NDGRD_16017,0
NDGRD_16018,0
NDGRD_16019,0
NDGRD_16020,0
NDGRD_16021,0
NDGRD_16022,0
NDGRD_16023,0
NDGRD_16024,0
NDGRD_16025,0
NDGRD_16026,0
NDGRD_16027,0
NDGRD_16028,0
NDGRD_16029,0
NDGRD_16030,0
NDGRD_16031,0
NDGRD_16032,0
NDGRD_16033,0
NDGRD_16034,0
NDGRD_16035,0
NDGRD_16036,0
NDGRD_16037,0
NDGRD_16038,0
NDGRD_16039,0
NDGRD_16040,0
NDGRD_16041,0
NDGRD_16042,0
NDGRD_16043,0
NDGRD_16044,0
NDGRD_16045,0
NDGRD_16046,0
NDGRD_16047,0
NDGRD_16048,0
NDGRD_16049,0
NDGRD_16050,0
NDGRD_16051,0
NDGRD_16052,0
NDGRD_16053,0
NDGRD_16054,0
NDGRD_16055,0
NDGRD_16056,0
NDGRD_16057,0
NDGRD_16058,0
NDGRD_16059,0
NDGRD_16060,0
NDGRD_16061,0
NDGRD_16062,0
NDGRD_16063,0
NDGRD_16064,0
NDGRD_16065,0
NDGRD_16066,0
NDGRD_16067,0
NDGRD_16068,0
NDGRD_16069,0
NDGRD_16070,0
NDGRD_16071,0
NDGRD_16072,0
NDGRD_16073,0
NDGRD_16074,0
NDGRD_16075,0
NDGRD_16076,0
NDGRD_16077,0
NDGRD_16078,0
NDGRD_16079,0
NDGRD_16080,0
NDGRD_16081,0
NDGRD_16082,0
NDGRD_16083,0
NDGRD_16084,0
NDGRD_16085,0
NDGRD_16086,0
NDGRD_16087,0
NDGRD_16088,0
NDGRD_16089,0
NDGRD_16090,0
NDGRD_16091,0
NDGRD_16092,0
NDGRD_16093,0
NDGRD_16094,0
NDGRD_16095,0
NDGRD_16096,0
NDGRD_16097,0
NDGRD_16098,0
NDGRD_16099,0
NDGRD_16100,0
NDGRD_16101,0
NDGRD_16102,0
NDGRD_16103,0
NDGRD_16104,0
NDGRD_16105,0
NDGRD_16106,0
NDGRD_16107,0
NDGRD_16108,0
NDGRD_16109,0
NDGRD_16110,0
NDGRD_16111,0
NDGRD_16112,0
NDGRD_16113,0
NDGRD_16114,0
NDGRD_16115,0
NDGRD_16116,0
NDGRD_16117,0
NDGRD_16118,0
NDGRD_16119,0
NDGRD_16120,0
NDGRD_16121,0
NDGRD_16122,0
NDGRD_16123,0
NDGRD_16124,0
NDGRD_16125,0
NDGRD_16126,0
NDGRD_16127,0
NDGRD_16128,0
NDGRD_16129,0
NDGRD_16130,0
NDGRD_16131,0
NDGRD_16132,0
NDGRD_16133,0
NDGRD_16134,0
NDGRD_16135,0
NDGRD_16136,0
NDGRD_16137,0
NDGRD_16138,0
NDGRD_16139,0
NDGRD_16140,0
NDGRD_16141,0
NDGRD_16142,0
NDGRD_16143,0
NDGRD_16144,0
NDGRD_16145,0
NDGRD_16146,0
NDGRD_16147,0
NDGRD_16148,0
NDGRD_16149,0
NDGRD_16150,0
NDGRD_16151,0
NDGRD_16152,0
NDGRD_16153,0
NDGRD_16154,0
NDGRD_16155,0
NDGRD_16156,0
NDGRD_16157,0
NDGRD_16158,0
NDGRD_16159,0
NDGRD_16160,0
NDGRD_16161,0
NDGRD_16162,0
NDGRD_16163,0
NDGRD_16164,0
NDGRD_16165,0
NDGRD_16166,0
NDGRD_16167,0
NDGRD_16168,0
NDGRD_16169,0
NDGRD_16170,0
NDGRD_16171,0
NDGRD_16172,0
NDGRD_16173,0
NDGRD_16174,0
NDGRD_16175,0
NDGRD_16176,0
NDGRD_16177,0
NDGRD_16178,0
NDGRD_16179,0
NDGRD_16180,0
NDGRD_16181,0
NDGRD_16182,0
NDGRD_16183,0
NDGRD_16184,0
NDGRD_16185,0
NDGRD_16186,0
NDGRD_16187,0
NDGRD_16188,0
NDGRD_16189,0
NDGRD_16190,0
NDGRD_16191,0
NDGRD_16192,0
NDGRD_16193,0
NDGRD_16194,0
NDGRD_16195,0
NDGRD_16196,0
NDGRD_16197,0
NDGRD_16198,0
NDGRD_16199,0
NDGRD_16200,0
NDGRD_16201,0
NDGRD_16202,0
NDGRD_16203,0
NDGRD_16204,0
NDGRD_16205,0
NDGRD_16206,0
NDGRD_16207,0
NDGRD_16208,0
NDGRD_16209,0
NDGRD_16210,0
NDGRD_16211,0
NDGRD_16212,0
NDGRD_16213,0
NDGRD_16214,0
NDGRD_16215,0
NDGRD_16216,0
NDGRD_16217,0
NDGRD_16218,0
NDGRD_16219,0
NDGRD_16220,0
NDGRD_16221,0
NDGRD_16222,0
NDGRD_16223,0
NDGRD_16224,0
NDGRD_16225,0
NDGRD_16226,0
NDGRD_16227,0
NDGRD_16228,0
NDGRD_16229,0
NDGRD_16230,0
NDGRD_16231,0
NDGRD_16232,0
NDGRD_16233,0
NDGRD_16234,0
NDGRD_16235,0
NDGRD_16236,0
NDGRD_16237,0
NDGRD_16238,0
NDGRD_16239,0
NDGRD_16240,0
NDGRD_16241,0
NDGRD_16242,0
NDGRD_16243,0
NDGRD_16244,0
NDGRD_16245,0
NDGRD_16246,0
NDGRD_16247,0
NDGRD_16248,0
NDGRD_16249,0
NDGRD_16250,0
NDGRD_16251,0
NDGRD_16252,0
NDGRD_16253,0
NDGRD_16254,0
NDGRD_16255,0
NDGRD_16256,0
NDGRD_16257,0
NDGRD_16258,0
NDGRD_16259,0
NDGRD_16260,0
NDGRD_16261,0
NDGRD_16262,0
NDGRD_16263,0
NDGRD_16264,0
NDGRD_16265,0
NDGRD_16266,0
NDGRD_16267,0
NDGRD_16268,0
NDGRD_16269,0
NDGRD_16270,0
NDGRD_16271,0
NDGRD_16272,0
NDGRD_16273,0
NDGRD_16274,0
NDGRD_16275,0
NDGRD_16276,0
NDGRD_16277,0
NDGRD_16278,0
NDGRD_16279,0
NDGRD_16280,0
NDGRD_16281,0
NDGRD_16282,0
NDGRD_16283,0
NDGRD_16284,0
NDGRD_16285,0
NDGRD_16286,0
NDGRD_16287,0
NDGRD_16288,0
NDGRD_16289,0
NDGRD_16290,0
NDGRD_16291,0
NDGRD_16292,0
NDGRD_16293,0
NDGRD_16294,0
NDGRD_16295,0
NDGRD_16296,0
NDGRD_16297,0
NDGRD_16298,0
NDGRD_16299,0
NDGRD_16300,0
NDGRD_16301,0
NDGRD_16302,0
NDGRD_16303,0
NDGRD_16304,0
NDGRD_16305,0
NDGRD_16306,0
NDGRD_16307,0
NDGRD_16308,0
NDGRD_16309,0
NDGRD_16310,0
NDGRD_16311,0
NDGRD_16312,0
NDGRD_16313,0
NDGRD_16314,0
NDGRD_16315,0
NDGRD_16316,0
NDGRD_16317,0
NDGRD_16318,0
NDGRD_16319,0
NDGRD_16320,0
NDGRD_16321,0
NDGRD_16322,0
NDGRD_16323,0
NDGRD_16324,0
NDGRD_16325,0
NDGRD_16326,0
NDGRD_16327,0
NDGRD_16328,0
NDGRD_16329,0
NDGRD_16330,0
NDGRD_16331,0
NDGRD_16332,0
NDGRD_16333,0
NDGRD_16334,0
NDGRD_16335,0
NDGRD_16336,0
NDGRD_16337,0
NDGRD_16338,0
NDGRD_16339,0
NDGRD_16340,0
NDGRD_16341,0
NDGRD_16342,0
NDGRD_16343,0
NDGRD_16344,0
NDGRD_16345,0
NDGRD_16346,0
NDGRD_16347,0
NDGRD_16348,0
NDGRD_16349,0
NDGRD_16350,0
NDGRD_16351,0
NDGRD_16352,0
NDGRD_16353,0
NDGRD_16354,0
NDGRD_16355,0
NDGRD_16356,0
NDGRD_16357,0
NDGRD_16358,0
NDGRD_16359,0
NDGRD_16360,0
NDGRD_16361,0
NDGRD_16362,0
NDGRD_16363,0
NDGRD_16364,0
NDGRD_16365,0
NDGRD_16366,0
NDGRD_16367,0
NDGRD_16368,0
NDGRD_16369,0
NDGRD_16370,0
NDGRD_16371,0
NDGRD_16372,0
NDGRD_16373,0
NDGRD_16374,0
NDGRD_16375,0
NDGRD_16376,0
NDGRD_16377,0
NDGRD_16378,0
NDGRD_16379,0
NDGRD_16380,0
NDGRD_16381,0
NDGRD_16382,0
NDGRD_16383,0
NDGRD_16384,0
NDGRD_16385,0
NDGRD_16386,0
NDGRD_16387,0
NDGRD_16388,0
NDGRD_16389,0
NDGRD_16390,0
NDGRD_16391,0
NDGRD_16392,0
NDGRD_16393,0
NDGRD_16394,0
NDGRD_16395,0
NDGRD_16396,0
NDGRD_16397,0
NDGRD_16398,0
NDGRD_16399,0
NDGRD_16400,0
NDGRD_16401,0
NDGRD_16402,0
NDGRD_16403,0
NDGRD_16404,0
NDGRD_16405,0
NDGRD_16406,0
NDGRD_16407,0
NDGRD_16408,0
NDGRD_16409,0
NDGRD_16410,0
NDGRD_16411,0
NDGRD_16412,0
NDGRD_16413,0
NDGRD_16414,0
NDGRD_16415,0
NDGRD_16416,0
NDGRD_16417,0
NDGRD_16418,0
NDGRD_16419,0
NDGRD_16420,0
NDGRD_16421,0
NDGRD_16422,0
NDGRD_16423,0
NDGRD_16424,0
NDGRD_16425,0
NDGRD_16426,0
NDGRD_16427,0
NDGRD_16428,0
NDGRD_16429,0
NDGRD_16430,0
NDGRD_16431,0
NDGRD_16432,0
NDGRD_16433,0
NDGRD_16434,0
NDGRD_16435,0
NDGRD_16436,0
NDGRD_16437,0
NDGRD_16438,0
NDGRD_16439,0
NDGRD_16440,0
NDGRD_16441,0
NDGRD_16442,0
NDGRD_16443,0
NDGRD_16444,0
NDGRD_16445,0
NDGRD_16446,0
NDGRD_16447,0
NDGRD_16448,0
NDGRD_16449,0
NDGRD_16450,0
NDGRD_16451,0
NDGRD_16452,0
NDGRD_16453,0
NDGRD_16454,0
NDGRD_16455,0
NDGRD_16456,0
NDGRD_16457,0
NDGRD_16458,0
NDGRD_16459,0
NDGRD_16460,0
NDGRD_16461,0
NDGRD_16462,0
NDGRD_16463,0
NDGRD_16464,0
NDGRD_16465,0
NDGRD_16466,0
NDGRD_16467,0
NDGRD_16468,0
NDGRD_16469,0
NDGRD_16470,0
NDGRD_16471,0
NDGRD_16472,0
NDGRD_16473,0
NDGRD_16474,0
NDGRD_16475,0
NDGRD_16476,0
NDGRD_16477,0
NDGRD_16478,0
NDGRD_16479,0
NDGRD_16480,0
NDGRD_16481,0
NDGRD_16482,0
NDGRD_16483,0
NDGRD_16484,0
NDGRD_16485,0
NDGRD_16486,0
NDGRD_16487,0
NDGRD_16488,0
NDGRD_16489,0
NDGRD_16490,0
NDGRD_16491,0
NDGRD_16492,0
NDGRD_16493,0
NDGRD_16494,0
NDGRD_16495,0
NDGRD_16496,0
NDGRD_16497,0
NDGRD_16498,0
NDGRD_16499,0
NDGRD_16500,0
NDGRD_16501,0
NDGRD_16502,0
NDGRD_16503,0
NDGRD_16504,0
NDGRD_16505,0
NDGRD_16506,0
NDGRD_16507,0
NDGRD_16508,0
NDGRD_16509,0
NDGRD_16510,0
NDGRD_16511,0
NDGRD_16512,0
NDGRD_16513,0
NDGRD_16514,0
NDGRD_16515,0
NDGRD_16516,0
NDGRD_16517,0
NDGRD_16518,0
NDGRD_16519,0
NDGRD_16520,0
NDGRD_16521,0
NDGRD_16522,0
NDGRD_16523,0
NDGRD_16524,0
NDGRD_16525,0
NDGRD_16526,0
NDGRD_16527,0
NDGRD_16528,0
NDGRD_16529,0
NDGRD_16530,0
NDGRD_16531,0
NDGRD_16532,0
NDGRD_16533,0
NDGRD_16534,0
NDGRD_16535,0
NDGRD_16536,0
NDGRD_16537,0
NDGRD_16538,0
NDGRD_16539,0
NDGRD_16540,0
NDGRD_16541,0
NDGRD_16542,0
NDGRD_16543,0
NDGRD_16544,0
NDGRD_16545,0
NDGRD_16546,0
NDGRD_16547,0
NDGRD_16548,0
NDGRD_16549,0
NDGRD_16550,0
NDGRD_16551,0
NDGRD_16552,0
NDGRD_16553,0
NDGRD_16554,0
NDGRD_16555,0
NDGRD_16556,0
NDGRD_16557,0
NDGRD_16558,0
NDGRD_16559,0
NDGRD_16560,0
NDGRD_16561,0
NDGRD_16562,0
NDGRD_16563,0
NDGRD_16564,0
NDGRD_16565,0
NDGRD_16566,0
NDGRD_16567,0
NDGRD_16568,0
NDGRD_16569,0
NDGRD_16570,0
NDGRD_16571,0
NDGRD_16572,0
NDGRD_16573,0
NDGRD_16574,0
NDGRD_16575,0
NDGRD_16576,0
NDGRD_16577,0
NDGRD_16578,0
NDGRD_16579,0
NDGRD_16580,0
NDGRD_16581,0
NDGRD_16582,0
NDGRD_16583,0
NDGRD_16584,0
NDGRD_16585,0
NDGRD_16586,0
NDGRD_16587,0
NDGRD_16588,0
NDGRD_16589,0
NDGRD_16590,0
NDGRD_16591,0
NDGRD_16592,0
NDGRD_16593,0
NDGRD_16594,0
NDGRD_16595,0
NDGRD_16596,0
NDGRD_16597,0
NDGRD_16598,0
NDGRD_16599,0
NDGRD_16600,0
NDGRD_16601,0
NDGRD_16602,0
NDGRD_16603,0
NDGRD_16604,0
NDGRD_16605,0
NDGRD_16606,0
NDGRD_16607,0
NDGRD_16608,0
NDGRD_16609,0
NDGRD_16610,0
NDGRD_16611,0
NDGRD_16612,0
NDGRD_16613,0
NDGRD_16614,0
NDGRD_16615,0
NDGRD_16616,0
NDGRD_16617,0
NDGRD_16618,0
NDGRD_16619,0
NDGRD_16620,0
NDGRD_16621,0
NDGRD_16622,0
NDGRD_16623,0
NDGRD_16624,0
NDGRD_16625,0
NDGRD_16626,0
NDGRD_16627,0
NDGRD_16628,0
NDGRD_16629,0
NDGRD_16630,0
NDGRD_16631,0
NDGRD_16632,0
NDGRD_16633,0
NDGRD_16634,0
NDGRD_16635,0
NDGRD_16636,0
NDGRD_16637,0
NDGRD_16638,0
NDGRD_16639,0
NDGRD_16640,0
NDGRD_16641,0
NDGRD_16642,0
NDGRD_16643,0
NDGRD_16644,0
NDGRD_16645,0
NDGRD_16646,0
NDGRD_16647,0
NDGRD_16648,0
NDGRD_16649,0
NDGRD_16650,0
NDGRD_16651,0
NDGRD_16652,0
NDGRD_16653,0
NDGRD_16654,0
NDGRD_16655,0
NDGRD_16656,0
NDGRD_16657,0
NDGRD_16658,0
NDGRD_16659,0
NDGRD_16660,0
NDGRD_16661,0
NDGRD_16662,0
NDGRD_16663,0
NDGRD_16664,0
NDGRD_16665,0
NDGRD_16666,0
NDGRD_16667,0
NDGRD_16668,0
NDGRD_16669,0
NDGRD_16670,0
NDGRD_16671,0
NDGRD_16672,0
NDGRD_16673,0
NDGRD_16674,0
NDGRD_16675,0
NDGRD_16676,0
NDGRD_16677,0
NDGRD_16678,0
NDGRD_16679,0
NDGRD_16680,0
NDGRD_16681,0
NDGRD_16682,0
NDGRD_16683,0
NDGRD_16684,0
NDGRD_16685,0
NDGRD_16686,0
NDGRD_16687,0
NDGRD_16688,0
NDGRD_16689,0
NDGRD_16690,0
NDGRD_16691,0
NDGRD_16692,0
NDGRD_16693,0
NDGRD_16694,0
NDGRD_16695,0
NDGRD_16696,0
NDGRD_16697,0
NDGRD_16698,0
NDGRD_16699,0
NDGRD_16700,0
NDGRD_16701,0
NDGRD_16702,0
NDGRD_16703,0
NDGRD_16704,0
NDGRD_16705,0
NDGRD_16706,0
NDGRD_16707,0
NDGRD_16708,0
NDGRD_16709,0
NDGRD_16710,0
NDGRD_16711,0
NDGRD_16712,0
NDGRD_16713,0
NDGRD_16714,0
NDGRD_16715,0
NDGRD_16716,0
NDGRD_16717,0
NDGRD_16718,0
NDGRD_16719,0
NDGRD_16720,0
NDGRD_16721,0
NDGRD_16722,0
NDGRD_16723,0
NDGRD_16724,0
NDGRD_16725,0
NDGRD_16726,0
NDGRD_16727,0
NDGRD_16728,0
NDGRD_16729,0
NDGRD_16730,0
NDGRD_16731,0
NDGRD_16732,0
NDGRD_16733,0
NDGRD_16734,0
NDGRD_16735,0
NDGRD_16736,0
NDGRD_16737,0
NDGRD_16738,0
NDGRD_16739,0
NDGRD_16740,0
NDGRD_16741,0
NDGRD_16742,0
NDGRD_16743,0
NDGRD_16744,0
NDGRD_16745,0
NDGRD_16746,0
NDGRD_16747,0
NDGRD_16748,0
NDGRD_16749,0
NDGRD_16750,0
NDGRD_16751,0
NDGRD_16752,0
NDGRD_16753,0
NDGRD_16754,0
NDGRD_16755,0
NDGRD_16756,0
NDGRD_16757,0
NDGRD_16758,0
NDGRD_16759,0
NDGRD_16760,0
NDGRD_16761,0
NDGRD_16762,0
NDGRD_16763,0
NDGRD_16764,0
NDGRD_16765,0
NDGRD_16766,0
NDGRD_16767,0
NDGRD_16768,0
NDGRD_16769,0
NDGRD_16770,0
NDGRD_16771,0
NDGRD_16772,0
NDGRD_16773,0
NDGRD_16774,0
NDGRD_16775,0
NDGRD_16776,0
NDGRD_16777,0
NDGRD_16778,0
NDGRD_16779,0
NDGRD_16780,0
NDGRD_16781,0
NDGRD_16782,0
NDGRD_16783,0
NDGRD_16784,0
NDGRD_16785,0
NDGRD_16786,0
NDGRD_16787,0
NDGRD_16788,0
NDGRD_16789,0
NDGRD_16790,0
NDGRD_16791,0
NDGRD_16792,0
NDGRD_16793,0
NDGRD_16794,0
NDGRD_16795,0
NDGRD_16796,0
NDGRD_16797,0
NDGRD_16798,0
NDGRD_16799,0
NDGRD_16800,0
NDGRD_16801,0
NDGRD_16802,0
NDGRD_16803,0
NDGRD_16804,0
NDGRD_16805,0
NDGRD_16806,0
NDGRD_16807,0
NDGRD_16808,0
NDGRD_16809,0
NDGRD_16810,0
NDGRD_16811,0
NDGRD_16812,0
NDGRD_16813,0
NDGRD_16814,0
NDGRD_16815,0
NDGRD_16816,0
NDGRD_16817,0
NDGRD_16818,0
NDGRD_16819,0
NDGRD_16820,0
NDGRD_16821,0
NDGRD_16822,0
NDGRD_16823,0
NDGRD_16824,0
NDGRD_16825,0
NDGRD_16826,0
NDGRD_16827,0
NDGRD_16828,0
NDGRD_16829,0
NDGRD_16830,0
NDGRD_16831,0
NDGRD_16832,0
NDGRD_16833,0
NDGRD_16834,0
NDGRD_16835,0
NDGRD_16836,0
NDGRD_16837,0
NDGRD_16838,0
NDGRD_16839,0
NDGRD_16840,0
NDGRD_16841,0
NDGRD_16842,0
NDGRD_16843,0
NDGRD_16844,0
NDGRD_16845,0
NDGRD_16846,0
NDGRD_16847,0
NDGRD_16848,0
NDGRD_16849,0
NDGRD_16850,0
NDGRD_16851,0
NDGRD_16852,0
NDGRD_16853,0
NDGRD_16854,0
NDGRD_16855,0
NDGRD_16856,0
NDGRD_16857,0
NDGRD_16858,0
NDGRD_16859,0
NDGRD_16860,0
NDGRD_16861,0
NDGRD_16862,0
NDGRD_16863,0
NDGRD_16864,0
NDGRD_16865,0
NDGRD_16866,0
NDGRD_16867,0
NDGRD_16868,0
NDGRD_16869,0
NDGRD_16870,0
NDGRD_16871,0
NDGRD_16872,0
NDGRD_16873,0
NDGRD_16874,0
NDGRD_16875,0
NDGRD_16876,0
NDGRD_16877,0
NDGRD_16878,0
NDGRD_16879,0
NDGRD_16880,0
NDGRD_16881,0
NDGRD_16882,0
NDGRD_16883,0
NDGRD_16884,0
NDGRD_16885,0
NDGRD_16886,0
NDGRD_16887,0
NDGRD_16888,0
NDGRD_16889,0
NDGRD_16890,0
NDGRD_16891,0
NDGRD_16892,0
NDGRD_16893,0
NDGRD_16894,0
NDGRD_16895,0
NDGRD_16896,0
NDGRD_16897,0
NDGRD_16898,0
NDGRD_16899,0
NDGRD_16900,0
NDGRD_16901,0
NDGRD_16902,0
NDGRD_16903,0
NDGRD_16904,0
NDGRD_16905,0
NDGRD_16906,0
NDGRD_16907,0
NDGRD_16908,0
NDGRD_16909,0
NDGRD_16910,0
NDGRD_16911,0
NDGRD_16912,0
NDGRD_16913,0
NDGRD_16914,0
NDGRD_16915,0
NDGRD_16916,0
NDGRD_16917,0
NDGRD_16918,0
NDGRD_16919,0
NDGRD_16920,0
NDGRD_16921,0
NDGRD_16922,0
NDGRD_16923,0
NDGRD_16924,0
NDGRD_16925,0
NDGRD_16926,0
NDGRD_16927,0
NDGRD_16928,0
NDGRD_16929,0
NDGRD_16930,0
NDGRD_16931,0
NDGRD_16932,0
NDGRD_16933,0
NDGRD_16934,0
NDGRD_16935,0
NDGRD_16936,0
NDGRD_16937,0
NDGRD_16938,0
NDGRD_16939,0
NDGRD_16940,0
NDGRD_16941,0
NDGRD_16942,0
NDGRD_16943,0
NDGRD_16944,0
NDGRD_16945,0
NDGRD_16946,0
NDGRD_16947,0
NDGRD_16948,0
NDGRD_16949,0
NDGRD_16950,0
NDGRD_16951,0
NDGRD_16952,0
NDGRD_16953,0
NDGRD_16954,0
NDGRD_16955,0
NDGRD_16956,0
NDGRD_16957,0
NDGRD_16958,0
NDGRD_16959,0
NDGRD_16960,0
NDGRD_16961,0
NDGRD_16962,0
NDGRD_16963,0
NDGRD_16964,0
NDGRD_16965,0
NDGRD_16966,0
NDGRD_16967,0
NDGRD_16968,0
NDGRD_16969,0
NDGRD_16970,0
NDGRD_16971,0
NDGRD_16972,0
NDGRD_16973,0
NDGRD_16974,0
NDGRD_16975,0
NDGRD_16976,0
NDGRD_16977,0
NDGRD_16978,0
NDGRD_16979,0
NDGRD_16980,0
NDGRD_16981,0
NDGRD_16982,0
NDGRD_16983,0
NDGRD_16984,0
NDGRD_16985,0
NDGRD_16986,0
NDGRD_16987,0
NDGRD_16988,0
NDGRD_16989,0
NDGRD_16990,0
NDGRD_16991,0
NDGRD_16992,0
NDGRD_16993,0
NDGRD_16994,0
NDGRD_16995,0
NDGRD_16996,0
NDGRD_16997,0
NDGRD_16998,0
NDGRD_16999,0
NDGRD_17000,0
NDGRD_17001,0
NDGRD_17002,0
NDGRD_17003,0
NDGRD_17004,0
NDGRD_17005,0
NDGRD_17006,0
NDGRD_17007,0
NDGRD_17008,0
NDGRD_17009,0
NDGRD_17010,0
NDGRD_17011,0
NDGRD_17012,0
NDGRD_17013,0
NDGRD_17014,0
NDGRD_17015,0
NDGRD_17016,0
NDGRD_17017,0
NDGRD_17018,0
NDGRD_17019,0
NDGRD_17020,0
NDGRD_17021,0
NDGRD_17022,0
NDGRD_17023,0
NDGRD_17024,0
NDGRD_17025,0
NDGRD_17026,0
NDGRD_17027,0
NDGRD_17028,0
NDGRD_17029,0
NDGRD_17030,0
NDGRD_17031,0
NDGRD_17032,0
NDGRD_17033,0
NDGRD_17034,0
NDGRD_17035,0
NDGRD_17036,0
NDGRD_17037,0
NDGRD_17038,0
NDGRD_17039,0
NDGRD_17040,0
NDGRD_17041,0
NDGRD_17042,0
NDGRD_17043,0
NDGRD_17044,0
NDGRD_17045,0
NDGRD_17046,0
NDGRD_17047,0
NDGRD_17048,0
NDGRD_17049,0
NDGRD_17050,0
NDGRD_17051,0
NDGRD_17052,0
NDGRD_17053,0
NDGRD_17054,0
NDGRD_17055,0
NDGRD_17056,0
NDGRD_17057,0
NDGRD_17058,0
NDGRD_17059,0
NDGRD_17060,0
NDGRD_17061,0
NDGRD_17062,0
NDGRD_17063,0
NDGRD_17064,0
NDGRD_17065,0
NDGRD_17066,0
NDGRD_17067,0
NDGRD_17068,0
NDGRD_17069,0
NDGRD_17070,0
NDGRD_17071,0
NDGRD_17072,0
NDGRD_17073,0
NDGRD_17074,0
NDGRD_17075,0
NDGRD_17076,0
NDGRD_17077,0
NDGRD_17078,0
NDGRD_17079,0
NDGRD_17080,0
NDGRD_17081,0
NDGRD_17082,0
NDGRD_17083,0
NDGRD_17084,0
NDGRD_17085,0
NDGRD_17086,0
NDGRD_17087,0
NDGRD_17088,0
NDGRD_17089,0
NDGRD_17090,0
NDGRD_17091,0
NDGRD_17092,0
NDGRD_17093,0
NDGRD_17094,0
NDGRD_17095,0
NDGRD_17096,0
NDGRD_17097,0
NDGRD_17098,0
NDGRD_17099,0
NDGRD_17100,0
NDGRD_17101,0
NDGRD_17102,0
NDGRD_17103,0
NDGRD_17104,0
NDGRD_17105,0
NDGRD_17106,0
NDGRD_17107,0
NDGRD_17108,0
NDGRD_17109,0
NDGRD_17110,0
NDGRD_17111,0
NDGRD_17112,0
NDGRD_17113,0
NDGRD_17114,0
NDGRD_17115,0
NDGRD_17116,0
NDGRD_17117,0
NDGRD_17118,0
NDGRD_17119,0
NDGRD_17120,0
NDGRD_17121,0
NDGRD_17122,0
NDGRD_17123,0
NDGRD_17124,0
NDGRD_17125,0
NDGRD_17126,0
NDGRD_17127,0
NDGRD_17128,0
NDGRD_17129,0
NDGRD_17130,0
NDGRD_17131,0
NDGRD_17132,0
NDGRD_17133,0
NDGRD_17134,0
NDGRD_17135,0
NDGRD_17136,0
NDGRD_17137,0
NDGRD_17138,0
NDGRD_17139,0
NDGRD_17140,0
NDGRD_17141,0
NDGRD_17142,0
NDGRD_17143,0
NDGRD_17144,0
NDGRD_17145,0
NDGRD_17146,0
NDGRD_17147,0
NDGRD_17148,0
NDGRD_17149,0
NDGRD_17150,0
NDGRD_17151,0
NDGRD_17152,0
NDGRD_17153,0
NDGRD_17154,0
NDGRD_17155,0
NDGRD_17156,0
NDGRD_17157,0
NDGRD_17158,0
NDGRD_17159,0
NDGRD_17160,0
NDGRD_17161,0
NDGRD_17162,0
NDGRD_17163,0
NDGRD_17164,0
NDGRD_17165,0
NDGRD_17166,0
NDGRD_17167,0
NDGRD_17168,0
NDGRD_17169,0
NDGRD_17170,0
NDGRD_17171,0
NDGRD_17172,0
NDGRD_17173,0
NDGRD_17174,0
NDGRD_17175,0
NDGRD_17176,0
NDGRD_17177,0
NDGRD_17178,0
NDGRD_17179,0
NDGRD_17180,0
NDGRD_17181,0
NDGRD_17182,0
NDGRD_17183,0
NDGRD_17184,0
NDGRD_17185,0
NDGRD_17186,0
NDGRD_17187,0
NDGRD_17188,0
NDGRD_17189,0
NDGRD_17190,0
NDGRD_17191,0
NDGRD_17192,0
NDGRD_17193,0
NDGRD_17194,0
NDGRD_17195,0
NDGRD_17196,0
NDGRD_17197,0
NDGRD_17198,0
NDGRD_17199,0
NDGRD_17200,0
NDGRD_17201,0
NDGRD_17202,0
NDGRD_17203,0
NDGRD_17204,0
NDGRD_17205,0
NDGRD_17206,0
NDGRD_17207,0
NDGRD_17208,0
NDGRD_17209,0
NDGRD_17210,0
NDGRD_17211,0
NDGRD_17212,0
NDGRD_17213,0
NDGRD_17214,0
NDGRD_17215,0
NDGRD_17216,0
NDGRD_17217,0
NDGRD_17218,0
NDGRD_17219,0
NDGRD_17220,0
NDGRD_17221,0
NDGRD_17222,0
NDGRD_17223,0
NDGRD_17224,0
NDGRD_17225,0
NDGRD_17226,0
NDGRD_17227,0
NDGRD_17228,0
NDGRD_17229,0
NDGRD_17230,0
NDGRD_17231,0
NDGRD_17232,0
NDGRD_17233,0
NDGRD_17234,0
NDGRD_17235,0
NDGRD_17236,0
NDGRD_17237,0
NDGRD_17238,0
NDGRD_17239,0
NDGRD_17240,0
NDGRD_17241,0
NDGRD_17242,0
NDGRD_17243,0
NDGRD_17244,0
NDGRD_17245,0
NDGRD_17246,0
NDGRD_17247,0
NDGRD_17248,0
NDGRD_17249,0
NDGRD_17250,0
NDGRD_17251,0
NDGRD_17252,0
NDGRD_17253,0
NDGRD_17254,0
NDGRD_17255,0
NDGRD_17256,0
NDGRD_17257,0
NDGRD_17258,0
NDGRD_17259,0
NDGRD_17260,0
NDGRD_17261,0
NDGRD_17262,0
NDGRD_17263,0
NDGRD_17264,0
NDGRD_17265,0
NDGRD_17266,0
NDGRD_17267,0
NDGRD_17268,0
NDGRD_17269,0
NDGRD_17270,0
NDGRD_17271,0
NDGRD_17272,0
NDGRD_17273,0
NDGRD_17274,0
NDGRD_17275,0
NDGRD_17276,0
NDGRD_17277,0
NDGRD_17278,0
NDGRD_17279,0
NDGRD_17280,0
NDGRD_17281,0
NDGRD_17282,0
NDGRD_17283,0
NDGRD_17284,0
NDGRD_17285,0
NDGRD_17286,0
NDGRD_17287,0
NDGRD_17288,0
NDGRD_17289,0
NDGRD_17290,0
NDGRD_17291,0
NDGRD_17292,0
NDGRD_17293,0
NDGRD_17294,0
NDGRD_17295,0
NDGRD_17296,0
NDGRD_17297,0
NDGRD_17298,0
NDGRD_17299,0
NDGRD_17300,0
NDGRD_17301,0
NDGRD_17302,0
NDGRD_17303,0
NDGRD_17304,0
NDGRD_17305,0
NDGRD_17306,0
NDGRD_17307,0
NDGRD_17308,0
NDGRD_17309,0
NDGRD_17310,0
NDGRD_17311,0
NDGRD_17312,0
NDGRD_17313,0
NDGRD_17314,0
NDGRD_17315,0
NDGRD_17316,0
NDGRD_17317,0
NDGRD_17318,0
NDGRD_17319,0
NDGRD_17320,0
NDGRD_17321,0
NDGRD_17322,0
NDGRD_17323,0
NDGRD_17324,0
NDGRD_17325,0
NDGRD_17326,0
NDGRD_17327,0
NDGRD_17328,0
NDGRD_17329,0
NDGRD_17330,0
NDGRD_17331,0
NDGRD_17332,0
NDGRD_17333,0
NDGRD_17334,0
NDGRD_17335,0
NDGRD_17336,0
NDGRD_17337,0
NDGRD_17338,0
NDGRD_17339,0
NDGRD_17340,0
NDGRD_17341,0
NDGRD_17342,0
NDGRD_17343,0
NDGRD_17344,0
NDGRD_17345,0
NDGRD_17346,0
NDGRD_17347,0
NDGRD_17348,0
NDGRD_17349,0
NDGRD_17350,0
NDGRD_17351,0
NDGRD_17352,0
NDGRD_17353,0
NDGRD_17354,0
NDGRD_17355,0
NDGRD_17356,0
NDGRD_17357,0
NDGRD_17358,0
NDGRD_17359,0
NDGRD_17360,0
NDGRD_17361,0
NDGRD_17362,0
NDGRD_17363,0
NDGRD_17364,0
NDGRD_17365,0
NDGRD_17366,0
NDGRD_17367,0
NDGRD_17368,0
NDGRD_17369,0
NDGRD_17370,0
NDGRD_17371,0
NDGRD_17372,0
NDGRD_17373,0
NDGRD_17374,0
NDGRD_17375,0
NDGRD_17376,0
NDGRD_17377,0
NDGRD_17378,0
NDGRD_17379,0
NDGRD_17380,0
NDGRD_17381,0
NDGRD_17382,0
NDGRD_17383,0
NDGRD_17384,0
NDGRD_17385,0
NDGRD_17386,0
NDGRD_17387,0
NDGRD_17388,0
NDGRD_17389,0
NDGRD_17390,0
NDGRD_17391,0
NDGRD_17392,0
NDGRD_17393,0
NDGRD_17394,0
NDGRD_17395,0
NDGRD_17396,0
NDGRD_17397,0
NDGRD_17398,0
NDGRD_17399,0
NDGRD_17400,0
NDGRD_17401,0
NDGRD_17402,0
NDGRD_17403,0
NDGRD_17404,0
NDGRD_17405,0
NDGRD_17406,0
NDGRD_17407,0
NDGRD_17408,0
NDGRD_17409,0
NDGRD_17410,0
NDGRD_17411,0
NDGRD_17412,0
NDGRD_17413,0
NDGRD_17414,0
NDGRD_17415,0
NDGRD_17416,0
NDGRD_17417,0
NDGRD_17418,0
NDGRD_17419,0
NDGRD_17420,0
NDGRD_17421,0
NDGRD_17422,0
NDGRD_17423,0
NDGRD_17424,0
NDGRD_17425,0
NDGRD_17426,0
NDGRD_17427,0
NDGRD_17428,0
NDGRD_17429,0
NDGRD_17430,0
NDGRD_17431,0
NDGRD_17432,0
NDGRD_17433,0
NDGRD_17434,0
NDGRD_17435,0
NDGRD_17436,0
NDGRD_17437,0
NDGRD_17438,0
NDGRD_17439,0
NDGRD_17440,0
NDGRD_17441,0
NDGRD_17442,0
NDGRD_17443,0
NDGRD_17444,0
NDGRD_17445,0
NDGRD_17446,0
NDGRD_17447,0
NDGRD_17448,0
NDGRD_17449,0
NDGRD_17450,0
NDGRD_17451,0
NDGRD_17452,0
NDGRD_17453,0
NDGRD_17454,0
NDGRD_17455,0
NDGRD_17456,0
NDGRD_17457,0
NDGRD_17458,0
NDGRD_17459,0
NDGRD_17460,0
NDGRD_17461,0
NDGRD_17462,0
NDGRD_17463,0
NDGRD_17464,0
NDGRD_17465,0
NDGRD_17466,0
NDGRD_17467,0
NDGRD_17468,0
NDGRD_17469,0
NDGRD_17470,0
NDGRD_17471,0
NDGRD_17472,0
NDGRD_17473,0
NDGRD_17474,0
NDGRD_17475,0
NDGRD_17476,0
NDGRD_17477,0
NDGRD_17478,0
NDGRD_17479,0
NDGRD_17480,0
NDGRD_17481,0
NDGRD_17482,0
NDGRD_17483,0
NDGRD_17484,0
NDGRD_17485,0
NDGRD_17486,0
NDGRD_17487,0
NDGRD_17488,0
NDGRD_17489,0
NDGRD_17490,0
NDGRD_17491,0
NDGRD_17492,0
NDGRD_17493,0
NDGRD_17494,0
NDGRD_17495,0
NDGRD_17496,0
NDGRD_17497,0
NDGRD_17498,0
NDGRD_17499,0
NDGRD_17500,0
NDGRD_17501,0
NDGRD_17502,0
NDGRD_17503,0
NDGRD_17504,0
NDGRD_17505,0
NDGRD_17506,0
NDGRD_17507,0
NDGRD_17508,0
NDGRD_17509,0
NDGRD_17510,0
NDGRD_17511,0
NDGRD_17512,0
NDGRD_17513,0
NDGRD_17514,0
NDGRD_17515,0
NDGRD_17516,0
NDGRD_17517,0
NDGRD_17518,0
NDGRD_17519,0
NDGRD_17520,0
NDGRD_17521,0
NDGRD_17522,0
NDGRD_17523,0
NDGRD_17524,0
NDGRD_17525,0
NDGRD_17526,0
NDGRD_17527,0
NDGRD_17528,0
NDGRD_17529,0
NDGRD_17530,0
NDGRD_17531,0
NDGRD_17532,0
NDGRD_17533,0
NDGRD_17534,0
NDGRD_17535,0
NDGRD_17536,0
NDGRD_17537,0
NDGRD_17538,0
NDGRD_17539,0
NDGRD_17540,0
NDGRD_17541,0
NDGRD_17542,0
NDGRD_17543,0
NDGRD_17544,0
NDGRD_17545,0
NDGRD_17546,0
NDGRD_17547,0
NDGRD_17548,0
NDGRD_17549,0
NDGRD_17550,0
NDGRD_17551,0
NDGRD_17552,0
NDGRD_17553,0
NDGRD_17554,0
NDGRD_17555,0
NDGRD_17556,0
NDGRD_17557,0
NDGRD_17558,0
NDGRD_17559,0
NDGRD_17560,0
NDGRD_17561,0
NDGRD_17562,0
NDGRD_17563,0
NDGRD_17564,0
NDGRD_17565,0
NDGRD_17566,0
NDGRD_17567,0
NDGRD_17568,0
NDGRD_17569,0
NDGRD_17570,0
NDGRD_17571,0
NDGRD_17572,0
NDGRD_17573,0
NDGRD_17574,0
NDGRD_17575,0
NDGRD_17576,0
NDGRD_17577,0
NDGRD_17578,0
NDGRD_17579,0
NDGRD_17580,0
NDGRD_17581,0
NDGRD_17582,0
NDGRD_17583,0
NDGRD_17584,0
NDGRD_17585,0
NDGRD_17586,0
NDGRD_17587,0
NDGRD_17588,0
NDGRD_17589,0
NDGRD_17590,0
NDGRD_17591,0
NDGRD_17592,0
NDGRD_17593,0
NDGRD_17594,0
NDGRD_17595,0
NDGRD_17596,0
NDGRD_17597,0
NDGRD_17598,0
NDGRD_17599,0
NDGRD_17600,0
NDGRD_17601,0
NDGRD_17602,0
NDGRD_17603,0
NDGRD_17604,0
NDGRD_17605,0
NDGRD_17606,0
NDGRD_17607,0
NDGRD_17608,0
NDGRD_17609,0
NDGRD_17610,0
NDGRD_17611,0
NDGRD_17612,0
NDGRD_17613,0
NDGRD_17614,0
NDGRD_17615,0
NDGRD_17616,0
NDGRD_17617,0
NDGRD_17618,0
NDGRD_17619,0
NDGRD_17620,0
NDGRD_17621,0
NDGRD_17622,0
NDGRD_17623,0
NDGRD_17624,0
NDGRD_17625,0
NDGRD_17626,0
NDGRD_17627,0
NDGRD_17628,0
NDGRD_17629,0
NDGRD_17630,0
NDGRD_17631,0
NDGRD_17632,0
NDGRD_17633,0
NDGRD_17634,0
NDGRD_17635,0
NDGRD_17636,0
NDGRD_17637,0
NDGRD_17638,0
NDGRD_17639,0
NDGRD_17640,0
NDGRD_17641,0
NDGRD_17642,0
NDGRD_17643,0
NDGRD_17644,0
NDGRD_17645,0
NDGRD_17646,0
NDGRD_17647,0
NDGRD_17648,0
NDGRD_17649,0
NDGRD_17650,0
NDGRD_17651,0
NDGRD_17652,0
NDGRD_17653,0
NDGRD_17654,0
NDGRD_17655,0
NDGRD_17656,0
NDGRD_17657,0
NDGRD_17658,0
NDGRD_17659,0
NDGRD_17660,0
NDGRD_17661,0
NDGRD_17662,0
NDGRD_17663,0
NDGRD_17664,0
NDGRD_17665,0
NDGRD_17666,0
NDGRD_17667,0
NDGRD_17668,0
NDGRD_17669,0
NDGRD_17670,0
NDGRD_17671,0
NDGRD_17672,0
NDGRD_17673,0
NDGRD_17674,0
NDGRD_17675,0
NDGRD_17676,0
NDGRD_17677,0
NDGRD_17678,0
NDGRD_17679,0
NDGRD_17680,0
NDGRD_17681,0
NDGRD_17682,0
NDGRD_17683,0
NDGRD_17684,0
NDGRD_17685,0
NDGRD_17686,0
NDGRD_17687,0
NDGRD_17688,0
NDGRD_17689,0
NDGRD_17690,0
NDGRD_17691,0
NDGRD_17692,0
NDGRD_17693,0
NDGRD_17694,0
NDGRD_17695,0
NDGRD_17696,0
NDGRD_17697,0
NDGRD_17698,0
NDGRD_17699,0
NDGRD_17700,0
NDGRD_17701,0
NDGRD_17702,0
NDGRD_17703,0
NDGRD_17704,0
NDGRD_17705,0
NDGRD_17706,0
NDGRD_17707,0
NDGRD_17708,0
NDGRD_17709,0
NDGRD_17710,0
NDGRD_17711,0
NDGRD_17712,0
NDGRD_17713,0
NDGRD_17714,0
NDGRD_17715,0
NDGRD_17716,0
NDGRD_17717,0
NDGRD_17718,0
NDGRD_17719,0
NDGRD_17720,0
NDGRD_17721,0
NDGRD_17722,0
NDGRD_17723,0
NDGRD_17724,0
NDGRD_17725,0
NDGRD_17726,0
NDGRD_17727,0
NDGRD_17728,0
NDGRD_17729,0
NDGRD_17730,0
NDGRD_17731,0
NDGRD_17732,0
NDGRD_17733,0
NDGRD_17734,0
NDGRD_17735,0
NDGRD_17736,0
NDGRD_17737,0
NDGRD_17738,0
NDGRD_17739,0
NDGRD_17740,0
NDGRD_17741,0
NDGRD_17742,0
NDGRD_17743,0
NDGRD_17744,0
NDGRD_17745,0
NDGRD_17746,0
NDGRD_17747,0
NDGRD_17748,0
NDGRD_17749,0
NDGRD_17750,0
NDGRD_17751,0
NDGRD_17752,0
NDGRD_17753,0
NDGRD_17754,0
NDGRD_17755,0
NDGRD_17756,0
NDGRD_17757,0
NDGRD_17758,0
NDGRD_17759,0
NDGRD_17760,0
NDGRD_17761,0
NDGRD_17762,0
NDGRD_17763,0
NDGRD_17764,0
NDGRD_17765,0
NDGRD_17766,0
NDGRD_17767,0
NDGRD_17768,0
NDGRD_17769,0
NDGRD_17770,0
NDGRD_17771,0
NDGRD_17772,0
NDGRD_17773,0
NDGRD_17774,0
NDGRD_17775,0
NDGRD_17776,0
NDGRD_17777,0
NDGRD_17778,0
NDGRD_17779,0
NDGRD_17780,0
NDGRD_17781,0
NDGRD_17782,0
NDGRD_17783,0
NDGRD_17784,0
NDGRD_17785,0
NDGRD_17786,0
NDGRD_17787,0
NDGRD_17788,0
NDGRD_17789,0
NDGRD_17790,0
NDGRD_17791,0
NDGRD_17792,0
NDGRD_17793,0
NDGRD_17794,0
NDGRD_17795,0
NDGRD_17796,0
NDGRD_17797,0
NDGRD_17798,0
NDGRD_17799,0
NDGRD_17800,0
NDGRD_17801,0
NDGRD_17802,0
NDGRD_17803,0
NDGRD_17804,0
NDGRD_17805,0
NDGRD_17806,0
NDGRD_17807,0
NDGRD_17808,0
NDGRD_17809,0
NDGRD_17810,0
NDGRD_17811,0
NDGRD_17812,0
NDGRD_17813,0
NDGRD_17814,0
NDGRD_17815,0
NDGRD_17816,0
NDGRD_17817,0
NDGRD_17818,0
NDGRD_17819,0
NDGRD_17820,0
NDGRD_17821,0
NDGRD_17822,0
NDGRD_17823,0
NDGRD_17824,0
NDGRD_17825,0
NDGRD_17826,0
NDGRD_17827,0
NDGRD_17828,0
NDGRD_17829,0
NDGRD_17830,0
NDGRD_17831,0
NDGRD_17832,0
NDGRD_17833,0
NDGRD_17834,0
NDGRD_17835,0
NDGRD_17836,0
NDGRD_17837,0
NDGRD_17838,0
NDGRD_17839,0
NDGRD_17840,0
NDGRD_17841,0
NDGRD_17842,0
NDGRD_17843,0
NDGRD_17844,0
NDGRD_17845,0
NDGRD_17846,0
NDGRD_17847,0
NDGRD_17848,0
NDGRD_17849,0
NDGRD_17850,0
NDGRD_17851,0
NDGRD_17852,0
NDGRD_17853,0
NDGRD_17854,0
NDGRD_17855,0
NDGRD_17856,0
NDGRD_17857,0
NDGRD_17858,0
NDGRD_17859,0
NDGRD_17860,0
NDGRD_17861,0
NDGRD_17862,0
NDGRD_17863,0
NDGRD_17864,0
NDGRD_17865,0
NDGRD_17866,0
NDGRD_17867,0
NDGRD_17868,0
NDGRD_17869,0
NDGRD_17870,0
NDGRD_17871,0
NDGRD_17872,0
NDGRD_17873,0
NDGRD_17874,0
NDGRD_17875,0
NDGRD_17876,0
NDGRD_17877,0
NDGRD_17878,0
NDGRD_17879,0
NDGRD_17880,0
NDGRD_17881,0
NDGRD_17882,0
NDGRD_17883,0
NDGRD_17884,0
NDGRD_17885,0
NDGRD_17886,0
NDGRD_17887,0
NDGRD_17888,0
NDGRD_17889,0
NDGRD_17890,0
NDGRD_17891,0
NDGRD_17892,0
NDGRD_17893,0
NDGRD_17894,0
NDGRD_17895,0
NDGRD_17896,0
NDGRD_17897,0
NDGRD_17898,0
NDGRD_17899,0
NDGRD_17900,0
NDGRD_17901,0
NDGRD_17902,0
NDGRD_17903,0
NDGRD_17904,0
NDGRD_17905,0
NDGRD_17906,0
NDGRD_17907,0
NDGRD_17908,0
NDGRD_17909,0
NDGRD_17910,0
NDGRD_17911,0
NDGRD_17912,0
NDGRD_17913,0
NDGRD_17914,0
NDGRD_17915,0
NDGRD_17916,0
NDGRD_17917,0
NDGRD_17918,0
NDGRD_17919,0
NDGRD_17920,0
NDGRD_17921,0
NDGRD_17922,0
NDGRD_17923,0
NDGRD_17924,0
NDGRD_17925,0
NDGRD_17926,0
NDGRD_17927,0
NDGRD_17928,0
NDGRD_17929,0
NDGRD_17930,0
NDGRD_17931,0
NDGRD_17932,0
NDGRD_17933,0
NDGRD_17934,0
NDGRD_17935,0
NDGRD_17936,0
NDGRD_17937,0
NDGRD_17938,0
NDGRD_17939,0
NDGRD_17940,0
NDGRD_17941,0
NDGRD_17942,0
NDGRD_17943,0
NDGRD_17944,0
NDGRD_17945,0
NDGRD_17946,0
NDGRD_17947,0
NDGRD_17948,0
NDGRD_17949,0
NDGRD_17950,0
NDGRD_17951,0
NDGRD_17952,0
NDGRD_17953,0
NDGRD_17954,0
NDGRD_17955,0
NDGRD_17956,0
NDGRD_17957,0
NDGRD_17958,0
NDGRD_17959,0
NDGRD_17960,0
NDGRD_17961,0
NDGRD_17962,0
NDGRD_17963,0
NDGRD_17964,0
NDGRD_17965,0
NDGRD_17966,0
NDGRD_17967,0
NDGRD_17968,0
NDGRD_17969,0
NDGRD_17970,0
NDGRD_17971,0
NDGRD_17972,0
NDGRD_17973,0
NDGRD_17974,0
NDGRD_17975,0
NDGRD_17976,0
NDGRD_17977,0
NDGRD_17978,0
NDGRD_17979,0
NDGRD_17980,0
NDGRD_17981,0
NDGRD_17982,0
NDGRD_17983,0
NDGRD_17984,0
NDGRD_17985,0
NDGRD_17986,0
NDGRD_17987,0
NDGRD_17988,0
NDGRD_17989,0
NDGRD_17990,0
NDGRD_17991,0
NDGRD_17992,0
NDGRD_17993,0
NDGRD_17994,0
NDGRD_17995,0
NDGRD_17996,0
NDGRD_17997,0
NDGRD_17998,0
NDGRD_17999,0
NDGRD_18000,0
NDGRD_18001,0
NDGRD_18002,0
NDGRD_18003,0
NDGRD_18004,0
NDGRD_18005,0
NDGRD_18006,0
NDGRD_18007,0
NDGRD_18008,0
NDGRD_18009,0
NDGRD_18010,0
NDGRD_18011,0
NDGRD_18012,0
NDGRD_18013,0
NDGRD_18014,0
NDGRD_18015,0
NDGRD_18016,0
NDGRD_18017,0
NDGRD_18018,0
NDGRD_18019,0
NDGRD_18020,0
NDGRD_18021,0
NDGRD_18022,0
NDGRD_18023,0
NDGRD_18024,0
NDGRD_18025,0
NDGRD_18026,0
NDGRD_18027,0
NDGRD_18028,0
NDGRD_18029,0
NDGRD_18030,0
NDGRD_18031,0
NDGRD_18032,0
NDGRD_18033,0
NDGRD_18034,0
NDGRD_18035,0
NDGRD_18036,0
NDGRD_18037,0
NDGRD_18038,0
NDGRD_18039,0
NDGRD_18040,0
NDGRD_18041,0
NDGRD_18042,0
NDGRD_18043,0
NDGRD_18044,0
NDGRD_18045,0
NDGRD_18046,0
NDGRD_18047,0
NDGRD_18048,0
NDGRD_18049,0
NDGRD_18050,0
NDGRD_18051,0
NDGRD_18052,0
NDGRD_18053,0
NDGRD_18054,0
NDGRD_18055,0
NDGRD_18056,0
NDGRD_18057,0
NDGRD_18058,0
NDGRD_18059,0
NDGRD_18060,0
NDGRD_18061,0
NDGRD_18062,0
NDGRD_18063,0
NDGRD_18064,0
NDGRD_18065,0
NDGRD_18066,0
NDGRD_18067,0
NDGRD_18068,0
NDGRD_18069,0
NDGRD_18070,0
NDGRD_18071,0
NDGRD_18072,0
NDGRD_18073,0
NDGRD_18074,0
NDGRD_18075,0
NDGRD_18076,0
NDGRD_18077,0
NDGRD_18078,0
NDGRD_18079,0
NDGRD_18080,0
NDGRD_18081,0
NDGRD_18082,0
NDGRD_18083,0
NDGRD_18084,0
NDGRD_18085,0
NDGRD_18086,0
NDGRD_18087,0
NDGRD_18088,0
NDGRD_18089,0
NDGRD_18090,0
NDGRD_18091,0
NDGRD_18092,0
NDGRD_18093,0
NDGRD_18094,0
NDGRD_18095,0
NDGRD_18096,0
NDGRD_18097,0
NDGRD_18098,0
NDGRD_18099,0
NDGRD_18100,0
NDGRD_18101,0
NDGRD_18102,0
NDGRD_18103,0
NDGRD_18104,0
NDGRD_18105,0
NDGRD_18106,0
NDGRD_18107,0
NDGRD_18108,0
NDGRD_18109,0
NDGRD_18110,0
NDGRD_18111,0
NDGRD_18112,0
NDGRD_18113,0
NDGRD_18114,0
NDGRD_18115,0
NDGRD_18116,0
NDGRD_18117,0
NDGRD_18118,0
NDGRD_18119,0
NDGRD_18120,0
NDGRD_18121,0
NDGRD_18122,0
NDGRD_18123,0
NDGRD_18124,0
NDGRD_18125,0
NDGRD_18126,0
NDGRD_18127,0
NDGRD_18128,0
NDGRD_18129,0
NDGRD_18130,0
NDGRD_18131,0
NDGRD_18132,0
NDGRD_18133,0
NDGRD_18134,0
NDGRD_18135,0
NDGRD_18136,0
NDGRD_18137,0
NDGRD_18138,0
NDGRD_18139,0
NDGRD_18140,0
NDGRD_18141,0
NDGRD_18142,0
NDGRD_18143,0
NDGRD_18144,0
NDGRD_18145,0
NDGRD_18146,0
NDGRD_18147,0
NDGRD_18148,0
NDGRD_18149,0
NDGRD_18150,0
NDGRD_18151,0
NDGRD_18152,0
NDGRD_18153,0
NDGRD_18154,0
NDGRD_18155,0
NDGRD_18156,0
NDGRD_18157,0
NDGRD_18158,0
NDGRD_18159,0
NDGRD_18160,0
NDGRD_18161,0
NDGRD_18162,0
NDGRD_18163,0
NDGRD_18164,0
NDGRD_18165,0
NDGRD_18166,0
NDGRD_18167,0
NDGRD_18168,0
NDGRD_18169,0
NDGRD_18170,0
NDGRD_18171,0
NDGRD_18172,0
NDGRD_18173,0
NDGRD_18174,0
NDGRD_18175,0
NDGRD_18176,0
NDGRD_18177,0
NDGRD_18178,0
NDGRD_18179,0
NDGRD_18180,0
NDGRD_18181,0
NDGRD_18182,0
NDGRD_18183,0
NDGRD_18184,0
NDGRD_18185,0
NDGRD_18186,0
NDGRD_18187,0
NDGRD_18188,0
NDGRD_18189,0
NDGRD_18190,0
NDGRD_18191,0
NDGRD_18192,0
NDGRD_18193,0
NDGRD_18194,0
NDGRD_18195,0
NDGRD_18196,0
NDGRD_18197,0
NDGRD_18198,0
NDGRD_18199,0
NDGRD_18200,0
NDGRD_18201,0
NDGRD_18202,0
NDGRD_18203,0
NDGRD_18204,0
NDGRD_18205,0
NDGRD_18206,0
NDGRD_18207,0
NDGRD_18208,0
NDGRD_18209,0
NDGRD_18210,0
NDGRD_18211,0
NDGRD_18212,0
NDGRD_18213,0
NDGRD_18214,0
NDGRD_18215,0
NDGRD_18216,0
NDGRD_18217,0
NDGRD_18218,0
NDGRD_18219,0
NDGRD_18220,0
NDGRD_18221,0
NDGRD_18222,0
NDGRD_18223,0
NDGRD_18224,0
NDGRD_18225,0
NDGRD_18226,0
NDGRD_18227,0
NDGRD_18228,0
NDGRD_18229,0
NDGRD_18230,0
NDGRD_18231,0
NDGRD_18232,0
NDGRD_18233,0
NDGRD_18234,0
NDGRD_18235,0
NDGRD_18236,0
NDGRD_18237,0
NDGRD_18238,0
NDGRD_18239,0
NDGRD_18240,0
NDGRD_18241,0
NDGRD_18242,0
NDGRD_18243,0
NDGRD_18244,0
NDGRD_18245,0
NDGRD_18246,0
NDGRD_18247,0
NDGRD_18248,0
NDGRD_18249,0
NDGRD_18250,0
NDGRD_18251,0
NDGRD_18252,0
NDGRD_18253,0
NDGRD_18254,0
NDGRD_18255,0
NDGRD_18256,0
NDGRD_18257,0
NDGRD_18258,0
NDGRD_18259,0
NDGRD_18260,0
NDGRD_18261,0
NDGRD_18262,0
NDGRD_18263,0
NDGRD_18264,0
NDGRD_18265,0
NDGRD_18266,0
NDGRD_18267,0
NDGRD_18268,0
NDGRD_18269,0
NDGRD_18270,0
NDGRD_18271,0
NDGRD_18272,0
NDGRD_18273,0
NDGRD_18274,0
NDGRD_18275,0
NDGRD_18276,0
NDGRD_18277,0
NDGRD_18278,0
NDGRD_18279,0
NDGRD_18280,0
NDGRD_18281,0
NDGRD_18282,0
NDGRD_18283,0
NDGRD_18284,0
NDGRD_18285,0
NDGRD_18286,0
NDGRD_18287,0
NDGRD_18288,0
NDGRD_18289,0
NDGRD_18290,0
NDGRD_18291,0
NDGRD_18292,0
NDGRD_18293,0
NDGRD_18294,0
NDGRD_18295,0
NDGRD_18296,0
NDGRD_18297,0
NDGRD_18298,0
NDGRD_18299,0
NDGRD_18300,0
NDGRD_18301,0
NDGRD_18302,0
NDGRD_18303,0
NDGRD_18304,0
NDGRD_18305,0
NDGRD_18306,0
NDGRD_18307,0
NDGRD_18308,0
NDGRD_18309,0
NDGRD_18310,0
NDGRD_18311,0
NDGRD_18312,0
NDGRD_18313,0
NDGRD_18314,0
NDGRD_18315,0
NDGRD_18316,0
NDGRD_18317,0
NDGRD_18318,0
NDGRD_18319,0
NDGRD_18320,0
NDGRD_18321,0
NDGRD_18322,0
NDGRD_18323,0
NDGRD_18324,0
NDGRD_18325,0
NDGRD_18326,0
NDGRD_18327,0
NDGRD_18328,0
NDGRD_18329,0
NDGRD_18330,0
NDGRD_18331,0
NDGRD_18332,0
NDGRD_18333,0
NDGRD_18334,0
NDGRD_18335,0
NDGRD_18336,0
NDGRD_18337,0
NDGRD_18338,0
NDGRD_18339,0
NDGRD_18340,0
NDGRD_18341,0
NDGRD_18342,0
NDGRD_18343,0
NDGRD_18344,0
NDGRD_18345,0
NDGRD_18346,0
NDGRD_18347,0
NDGRD_18348,0
NDGRD_18349,0
NDGRD_18350,0
NDGRD_18351,0
NDGRD_18352,0
NDGRD_18353,0
NDGRD_18354,0
NDGRD_18355,0
NDGRD_18356,0
NDGRD_18357,0
NDGRD_18358,0
NDGRD_18359,0
NDGRD_18360,0
NDGRD_18361,0
NDGRD_18362,0
NDGRD_18363,0
NDGRD_18364,0
NDGRD_18365,0
NDGRD_18366,0
NDGRD_18367,0
NDGRD_18368,0
NDGRD_18369,0
NDGRD_18370,0
NDGRD_18371,0
NDGRD_18372,0
NDGRD_18373,0
NDGRD_18374,0
NDGRD_18375,0
NDGRD_18376,0
NDGRD_18377,0
NDGRD_18378,0
NDGRD_18379,0
NDGRD_18380,0
NDGRD_18381,0
NDGRD_18382,0
NDGRD_18383,0
NDGRD_18384,0
NDGRD_18385,0
NDGRD_18386,0
NDGRD_18387,0
NDGRD_18388,0
NDGRD_18389,0
NDGRD_18390,0
NDGRD_18391,0
NDGRD_18392,0
NDGRD_18393,0
NDGRD_18394,0
NDGRD_18395,0
NDGRD_18396,0
NDGRD_18397,0
NDGRD_18398,0
NDGRD_18399,0
NDGRD_18400,0
NDGRD_18401,0
NDGRD_18402,0
NDGRD_18403,0
NDGRD_18404,0
NDGRD_18405,0
NDGRD_18406,0
NDGRD_18407,0
NDGRD_18408,0
NDGRD_18409,0
NDGRD_18410,0
NDGRD_18411,0
NDGRD_18412,0
NDGRD_18413,0
NDGRD_18414,0
NDGRD_18415,0
NDGRD_18416,0
NDGRD_18417,0
NDGRD_18418,0
NDGRD_18419,0
NDGRD_18420,0
NDGRD_18421,0
NDGRD_18422,0
NDGRD_18423,0
NDGRD_18424,0
NDGRD_18425,0
NDGRD_18426,0
NDGRD_18427,0
NDGRD_18428,0
NDGRD_18429,0
NDGRD_18430,0
NDGRD_18431,0
NDGRD_18432,0
NDGRD_18433,0
NDGRD_18434,0
NDGRD_18435,0
NDGRD_18436,0
NDGRD_18437,0
NDGRD_18438,0
NDGRD_18439,0
NDGRD_18440,0
NDGRD_18441,0
NDGRD_18442,0
NDGRD_18443,0
NDGRD_18444,0
NDGRD_18445,0
NDGRD_18446,0
NDGRD_18447,0
NDGRD_18448,0
NDGRD_18449,0
NDGRD_18450,0
NDGRD_18451,0
NDGRD_18452,0
NDGRD_18453,0
NDGRD_18454,0
NDGRD_18455,0
NDGRD_18456,0
NDGRD_18457,0
NDGRD_18458,0
NDGRD_18459,0
NDGRD_18460,0
NDGRD_18461,0
NDGRD_18462,0
NDGRD_18463,0
NDGRD_18464,0
NDGRD_18465,0
NDGRD_18466,0
NDGRD_18467,0
NDGRD_18468,0
NDGRD_18469,0
NDGRD_18470,0
NDGRD_18471,0
NDGRD_18472,0
NDGRD_18473,0
NDGRD_18474,0
NDGRD_18475,0
NDGRD_18476,0
NDGRD_18477,0
NDGRD_18478,0
NDGRD_18479,0
NDGRD_18480,0
NDGRD_18481,0
NDGRD_18482,0
NDGRD_18483,0
NDGRD_18484,0
NDGRD_18485,0
NDGRD_18486,0
NDGRD_18487,0
NDGRD_18488,0
NDGRD_18489,0
NDGRD_18490,0
NDGRD_18491,0
NDGRD_18492,0
NDGRD_18493,0
NDGRD_18494,0
NDGRD_18495,0
NDGRD_18496,0
NDGRD_18497,0
NDGRD_18498,0
NDGRD_18499,0
NDGRD_18500,0
NDGRD_18501,0
NDGRD_18502,0
NDGRD_18503,0
NDGRD_18504,0
NDGRD_18505,0
NDGRD_18506,0
NDGRD_18507,0
NDGRD_18508,0
NDGRD_18509,0
NDGRD_18510,0
NDGRD_18511,0
NDGRD_18512,0
NDGRD_18513,0
NDGRD_18514,0
NDGRD_18515,0
NDGRD_18516,0
NDGRD_18517,0
NDGRD_18518,0
NDGRD_18519,0
NDGRD_18520,0
NDGRD_18521,0
NDGRD_18522,0
NDGRD_18523,0
NDGRD_18524,0
NDGRD_18525,0
NDGRD_18526,0
NDGRD_18527,0
NDGRD_18528,0
NDGRD_18529,0
NDGRD_18530,0
NDGRD_18531,0
NDGRD_18532,0
NDGRD_18533,0
NDGRD_18534,0
NDGRD_18535,0
NDGRD_18536,0
NDGRD_18537,0
NDGRD_18538,0
NDGRD_18539,0
NDGRD_18540,0
NDGRD_18541,0
NDGRD_18542,0
NDGRD_18543,0
NDGRD_18544,0
NDGRD_18545,0
NDGRD_18546,0
NDGRD_18547,0
NDGRD_18548,0
NDGRD_18549,0
NDGRD_18550,0
NDGRD_18551,0
NDGRD_18552,0
NDGRD_18553,0
NDGRD_18554,0
NDGRD_18555,0
NDGRD_18556,0
NDGRD_18557,0
NDGRD_18558,0
NDGRD_18559,0
NDGRD_18560,0
NDGRD_18561,0
NDGRD_18562,0
NDGRD_18563,0
NDGRD_18564,0
NDGRD_18565,0
NDGRD_18566,0
NDGRD_18567,0
NDGRD_18568,0
NDGRD_18569,0
NDGRD_18570,0
NDGRD_18571,0
NDGRD_18572,0
NDGRD_18573,0
NDGRD_18574,0
NDGRD_18575,0
NDGRD_18576,0
NDGRD_18577,0
NDGRD_18578,0
NDGRD_18579,0
NDGRD_18580,0
NDGRD_18581,0
NDGRD_18582,0
NDGRD_18583,0
NDGRD_18584,0
NDGRD_18585,0
NDGRD_18586,0
NDGRD_18587,0
NDGRD_18588,0
NDGRD_18589,0
NDGRD_18590,0
NDGRD_18591,0
NDGRD_18592,0
NDGRD_18593,0
NDGRD_18594,0
NDGRD_18595,0
NDGRD_18596,0
NDGRD_18597,0
NDGRD_18598,0
NDGRD_18599,0
NDGRD_18600,0
NDGRD_18601,0
NDGRD_18602,0
NDGRD_18603,0
NDGRD_18604,0
NDGRD_18605,0
NDGRD_18606,0
NDGRD_18607,0
NDGRD_18608,0
NDGRD_18609,0
NDGRD_18610,0
NDGRD_18611,0
NDGRD_18612,0
NDGRD_18613,0
NDGRD_18614,0
NDGRD_18615,0
NDGRD_18616,0
NDGRD_18617,0
NDGRD_18618,0
NDGRD_18619,0
NDGRD_18620,0
NDGRD_18621,0
NDGRD_18622,0
NDGRD_18623,0
NDGRD_18624,0
NDGRD_18625,0
NDGRD_18626,0
NDGRD_18627,0
NDGRD_18628,0
NDGRD_18629,0
NDGRD_18630,0
NDGRD_18631,0
NDGRD_18632,0
NDGRD_18633,0
NDGRD_18634,0
NDGRD_18635,0
NDGRD_18636,0
NDGRD_18637,0
NDGRD_18638,0
NDGRD_18639,0
NDGRD_18640,0
NDGRD_18641,0
NDGRD_18642,0
NDGRD_18643,0
NDGRD_18644,0
NDGRD_18645,0
NDGRD_18646,0
NDGRD_18647,0
NDGRD_18648,0
NDGRD_18649,0
NDGRD_18650,0
NDGRD_18651,0
NDGRD_18652,0
NDGRD_18653,0
NDGRD_18654,0
NDGRD_18655,0
NDGRD_18656,0
NDGRD_18657,0
NDGRD_18658,0
NDGRD_18659,0
NDGRD_18660,0
NDGRD_18661,0
NDGRD_18662,0
NDGRD_18663,0
NDGRD_18664,0
NDGRD_18665,0
NDGRD_18666,0
NDGRD_18667,0
NDGRD_18668,0
NDGRD_18669,0
NDGRD_18670,0
NDGRD_18671,0
NDGRD_18672,0
NDGRD_18673,0
NDGRD_18674,0
NDGRD_18675,0
NDGRD_18676,0
NDGRD_18677,0
NDGRD_18678,0
NDGRD_18679,0
NDGRD_18680,0
NDGRD_18681,0
NDGRD_18682,0
NDGRD_18683,0
NDGRD_18684,0
NDGRD_18685,0
NDGRD_18686,0
NDGRD_18687,0
NDGRD_18688,0
NDGRD_18689,0
NDGRD_18690,0
NDGRD_18691,0
NDGRD_18692,0
NDGRD_18693,0
NDGRD_18694,0
NDGRD_18695,0
NDGRD_18696,0
NDGRD_18697,0
NDGRD_18698,0
NDGRD_18699,0
NDGRD_18700,0
NDGRD_18701,0
NDGRD_18702,0
NDGRD_18703,0
NDGRD_18704,0
NDGRD_18705,0
NDGRD_18706,0
NDGRD_18707,0
NDGRD_18708,0
NDGRD_18709,0
NDGRD_18710,0
NDGRD_18711,0
NDGRD_18712,0
NDGRD_18713,0
NDGRD_18714,0
NDGRD_18715,0
NDGRD_18716,0
NDGRD_18717,0
NDGRD_18718,0
NDGRD_18719,0
NDGRD_18720,0
NDGRD_18721,0
NDGRD_18722,0
NDGRD_18723,0
NDGRD_18724,0
NDGRD_18725,0
NDGRD_18726,0
NDGRD_18727,0
NDGRD_18728,0
NDGRD_18729,0
NDGRD_18730,0
NDGRD_18731,0
NDGRD_18732,0
NDGRD_18733,0
NDGRD_18734,0
NDGRD_18735,0
NDGRD_18736,0
NDGRD_18737,0
NDGRD_18738,0
NDGRD_18739,0
NDGRD_18740,0
NDGRD_18741,0
NDGRD_18742,0
NDGRD_18743,0
NDGRD_18744,0
NDGRD_18745,0
NDGRD_18746,0
NDGRD_18747,0
NDGRD_18748,0
NDGRD_18749,0
NDGRD_18750,0
NDGRD_18751,0
NDGRD_18752,0
NDGRD_18753,0
NDGRD_18754,0
NDGRD_18755,0
NDGRD_18756,0
NDGRD_18757,0
NDGRD_18758,0
NDGRD_18759,0
NDGRD_18760,0
NDGRD_18761,0
NDGRD_18762,0
NDGRD_18763,0
NDGRD_18764,0
NDGRD_18765,0
NDGRD_18766,0
NDGRD_18767,0
NDGRD_18768,0
NDGRD_18769,0
NDGRD_18770,0
NDGRD_18771,0
NDGRD_18772,0
NDGRD_18773,0
NDGRD_18774,0
NDGRD_18775,0
NDGRD_18776,0
NDGRD_18777,0
NDGRD_18778,0
NDGRD_18779,0
NDGRD_18780,0
NDGRD_18781,0
NDGRD_18782,0
NDGRD_18783,0
NDGRD_18784,0
NDGRD_18785,0
NDGRD_18786,0
NDGRD_18787,0
NDGRD_18788,0
NDGRD_18789,0
NDGRD_18790,0
NDGRD_18791,0
NDGRD_18792,0
NDGRD_18793,0
NDGRD_18794,0
NDGRD_18795,0
NDGRD_18796,0
NDGRD_18797,0
NDGRD_18798,0
NDGRD_18799,0
NDGRD_18800,0
NDGRD_18801,0
NDGRD_18802,0
NDGRD_18803,0
NDGRD_18804,0
NDGRD_18805,0
NDGRD_18806,0
NDGRD_18807,0
NDGRD_18808,0
NDGRD_18809,0
NDGRD_18810,0
NDGRD_18811,0
NDGRD_18812,0
NDGRD_18813,0
NDGRD_18814,0
NDGRD_18815,0
NDGRD_18816,0
NDGRD_18817,0
NDGRD_18818,0
NDGRD_18819,0
NDGRD_18820,0
NDGRD_18821,0
NDGRD_18822,0
NDGRD_18823,0
NDGRD_18824,0
NDGRD_18825,0
NDGRD_18826,0
NDGRD_18827,0
NDGRD_18828,0
NDGRD_18829,0
NDGRD_18830,0
NDGRD_18831,0
NDGRD_18832,0
NDGRD_18833,0
NDGRD_18834,0
NDGRD_18835,0
NDGRD_18836,0
NDGRD_18837,0
NDGRD_18838,0
NDGRD_18839,0
NDGRD_18840,0
NDGRD_18841,0
NDGRD_18842,0
NDGRD_18843,0
NDGRD_18844,0
NDGRD_18845,0
NDGRD_18846,0
NDGRD_18847,0
NDGRD_18848,0
NDGRD_18849,0
NDGRD_18850,0
NDGRD_18851,0
NDGRD_18852,0
NDGRD_18853,0
NDGRD_18854,0
NDGRD_18855,0
NDGRD_18856,0
NDGRD_18857,0
NDGRD_18858,0
NDGRD_18859,0
NDGRD_18860,0
NDGRD_18861,0
NDGRD_18862,0
NDGRD_18863,0
NDGRD_18864,0
NDGRD_18865,0
NDGRD_18866,0
NDGRD_18867,0
NDGRD_18868,0
NDGRD_18869,0
NDGRD_18870,0
NDGRD_18871,0
NDGRD_18872,0
NDGRD_18873,0
NDGRD_18874,0
NDGRD_18875,0
NDGRD_18876,0
NDGRD_18877,0
NDGRD_18878,0
NDGRD_18879,0
NDGRD_18880,0
NDGRD_18881,0
NDGRD_18882,0
NDGRD_18883,0
NDGRD_18884,0
NDGRD_18885,0
NDGRD_18886,0
NDGRD_18887,0
NDGRD_18888,0
NDGRD_18889,0
NDGRD_18890,0
NDGRD_18891,0
NDGRD_18892,0
NDGRD_18893,0
NDGRD_18894,0
NDGRD_18895,0
NDGRD_18896,0
NDGRD_18897,0
NDGRD_18898,0
NDGRD_18899,0
NDGRD_18900,0
NDGRD_18901,0
NDGRD_18902,0
NDGRD_18903,0
NDGRD_18904,0
NDGRD_18905,0
NDGRD_18906,0
NDGRD_18907,0
NDGRD_18908,0
NDGRD_18909,0
NDGRD_18910,0
NDGRD_18911,0
NDGRD_18912,0
NDGRD_18913,0
NDGRD_18914,0
NDGRD_18915,0
NDGRD_18916,0
NDGRD_18917,0
NDGRD_18918,0
NDGRD_18919,0
NDGRD_18920,0
NDGRD_18921,0
NDGRD_18922,0
NDGRD_18923,0
NDGRD_18924,0
NDGRD_18925,0
NDGRD_18926,0
NDGRD_18927,0
NDGRD_18928,0
NDGRD_18929,0
NDGRD_18930,0
NDGRD_18931,0
NDGRD_18932,0
NDGRD_18933,0
NDGRD_18934,0
NDGRD_18935,0
NDGRD_18936,0
NDGRD_18937,0
NDGRD_18938,0
NDGRD_18939,0
NDGRD_18940,0
NDGRD_18941,0
NDGRD_18942,0
NDGRD_18943,0
NDGRD_18944,0
NDGRD_18945,0
NDGRD_18946,0
NDGRD_18947,0
NDGRD_18948,0
NDGRD_18949,0
NDGRD_18950,0
NDGRD_18951,0
NDGRD_18952,0
NDGRD_18953,0
NDGRD_18954,0
NDGRD_18955,0
NDGRD_18956,0
NDGRD_18957,0
NDGRD_18958,0
NDGRD_18959,0
NDGRD_18960,0
NDGRD_18961,0
NDGRD_18962,0
NDGRD_18963,0
NDGRD_18964,0
NDGRD_18965,0
NDGRD_18966,0
NDGRD_18967,0
NDGRD_18968,0
NDGRD_18969,0
NDGRD_18970,0
NDGRD_18971,0
NDGRD_18972,0
NDGRD_18973,0
NDGRD_18974,0
NDGRD_18975,0
NDGRD_18976,0
NDGRD_18977,0
NDGRD_18978,0
NDGRD_18979,0
NDGRD_18980,0
NDGRD_18981,0
NDGRD_18982,0
NDGRD_18983,0
NDGRD_18984,0
NDGRD_18985,0
NDGRD_18986,0
NDGRD_18987,0
NDGRD_18988,0
NDGRD_18989,0
NDGRD_18990,0
NDGRD_18991,0
NDGRD_18992,0
NDGRD_18993,0
NDGRD_18994,0
NDGRD_18995,0
NDGRD_18996,0
NDGRD_18997,0
NDGRD_18998,0
NDGRD_18999,0
NDGRD_19000,0
NDGRD_19001,0
NDGRD_19002,0
NDGRD_19003,0
NDGRD_19004,0
NDGRD_19005,0
NDGRD_19006,0
NDGRD_19007,0
NDGRD_19008,0
NDGRD_19009,0
NDGRD_19010,0
NDGRD_19011,0
NDGRD_19012,0
NDGRD_19013,0
NDGRD_19014,0
NDGRD_19015,0
NDGRD_19016,0
NDGRD_19017,0
NDGRD_19018,0
NDGRD_19019,0
NDGRD_19020,0
NDGRD_19021,0
NDGRD_19022,0
NDGRD_19023,0
NDGRD_19024,0
NDGRD_19025,0
NDGRD_19026,0
NDGRD_19027,0
NDGRD_19028,0
NDGRD_19029,0
NDGRD_19030,0
NDGRD_19031,0
NDGRD_19032,0
NDGRD_19033,0
NDGRD_19034,0
NDGRD_19035,0
NDGRD_19036,0
NDGRD_19037,0
NDGRD_19038,0
NDGRD_19039,0
NDGRD_19040,0
NDGRD_19041,0
NDGRD_19042,0
NDGRD_19043,0
NDGRD_19044,0
NDGRD_19045,0
NDGRD_19046,0
NDGRD_19047,0
NDGRD_19048,0
NDGRD_19049,0
NDGRD_19050,0
NDGRD_19051,0
NDGRD_19052,0
NDGRD_19053,0
NDGRD_19054,0
NDGRD_19055,0
NDGRD_19056,0
NDGRD_19057,0
NDGRD_19058,0
NDGRD_19059,0
NDGRD_19060,0
NDGRD_19061,0
NDGRD_19062,0
NDGRD_19063,0
NDGRD_19064,0
NDGRD_19065,0
NDGRD_19066,0
NDGRD_19067,0
NDGRD_19068,0
NDGRD_19069,0
NDGRD_19070,0
NDGRD_19071,0
NDGRD_19072,0
NDGRD_19073,0
NDGRD_19074,0
NDGRD_19075,0
NDGRD_19076,0
NDGRD_19077,0
NDGRD_19078,0
NDGRD_19079,0
NDGRD_19080,0
NDGRD_19081,0
NDGRD_19082,0
NDGRD_19083,0
NDGRD_19084,0
NDGRD_19085,0
NDGRD_19086,0
NDGRD_19087,0
NDGRD_19088,0
NDGRD_19089,0
NDGRD_19090,0
NDGRD_19091,0
NDGRD_19092,0
NDGRD_19093,0
NDGRD_19094,0
NDGRD_19095,0
NDGRD_19096,0
NDGRD_19097,0
NDGRD_19098,0
NDGRD_19099,0
NDGRD_19100,0
NDGRD_19101,0
NDGRD_19102,0
NDGRD_19103,0
NDGRD_19104,0
NDGRD_19105,0
NDGRD_19106,0
NDGRD_19107,0
NDGRD_19108,0
NDGRD_19109,0
NDGRD_19110,0
NDGRD_19111,0
NDGRD_19112,0
NDGRD_19113,0
NDGRD_19114,0
NDGRD_19115,0
NDGRD_19116,0
NDGRD_19117,0
NDGRD_19118,0
NDGRD_19119,0
NDGRD_19120,0
NDGRD_19121,0
NDGRD_19122,0
NDGRD_19123,0
NDGRD_19124,0
NDGRD_19125,0
NDGRD_19126,0
NDGRD_19127,0
NDGRD_19128,0
NDGRD_19129,0
NDGRD_19130,0
NDGRD_19131,0
NDGRD_19132,0
NDGRD_19133,0
NDGRD_19134,0
NDGRD_19135,0
NDGRD_19136,0
NDGRD_19137,0
NDGRD_19138,0
NDGRD_19139,0
NDGRD_19140,0
NDGRD_19141,0
NDGRD_19142,0
NDGRD_19143,0
NDGRD_19144,0
NDGRD_19145,0
NDGRD_19146,0
NDGRD_19147,0
NDGRD_19148,0
NDGRD_19149,0
NDGRD_19150,0
NDGRD_19151,0
NDGRD_19152,0
NDGRD_19153,0
NDGRD_19154,0
NDGRD_19155,0
NDGRD_19156,0
NDGRD_19157,0
NDGRD_19158,0
NDGRD_19159,0
NDGRD_19160,0
NDGRD_19161,0
NDGRD_19162,0
NDGRD_19163,0
NDGRD_19164,0
NDGRD_19165,0
NDGRD_19166,0
NDGRD_19167,0
NDGRD_19168,0
NDGRD_19169,0
NDGRD_19170,0
NDGRD_19171,0
NDGRD_19172,0
NDGRD_19173,0
NDGRD_19174,0
NDGRD_19175,0
NDGRD_19176,0
NDGRD_19177,0
NDGRD_19178,0
NDGRD_19179,0
NDGRD_19180,0
NDGRD_19181,0
NDGRD_19182,0
NDGRD_19183,0
NDGRD_19184,0
NDGRD_19185,0
NDGRD_19186,0
NDGRD_19187,0
NDGRD_19188,0
NDGRD_19189,0
NDGRD_19190,0
NDGRD_19191,0
NDGRD_19192,0
NDGRD_19193,0
NDGRD_19194,0
NDGRD_19195,0
NDGRD_19196,0
NDGRD_19197,0
NDGRD_19198,0
NDGRD_19199,0
NDGRD_19200,0
NDGRD_19201,0
NDGRD_19202,0
NDGRD_19203,0
NDGRD_19204,0
NDGRD_19205,0
NDGRD_19206,0
NDGRD_19207,0
NDGRD_19208,0
NDGRD_19209,0
NDGRD_19210,0
NDGRD_19211,0
NDGRD_19212,0
NDGRD_19213,0
NDGRD_19214,0
NDGRD_19215,0
NDGRD_19216,0
NDGRD_19217,0
NDGRD_19218,0
NDGRD_19219,0
NDGRD_19220,0
NDGRD_19221,0
NDGRD_19222,0
NDGRD_19223,0
NDGRD_19224,0
NDGRD_19225,0
NDGRD_19226,0
NDGRD_19227,0
NDGRD_19228,0
NDGRD_19229,0
NDGRD_19230,0
NDGRD_19231,0
NDGRD_19232,0
NDGRD_19233,0
NDGRD_19234,0
NDGRD_19235,0
NDGRD_19236,0
NDGRD_19237,0
NDGRD_19238,0
NDGRD_19239,0
NDGRD_19240,0
NDGRD_19241,0
NDGRD_19242,0
NDGRD_19243,0
NDGRD_19244,0
NDGRD_19245,0
NDGRD_19246,0
NDGRD_19247,0
NDGRD_19248,0
NDGRD_19249,0
NDGRD_19250,0
NDGRD_19251,0
NDGRD_19252,0
NDGRD_19253,0
NDGRD_19254,0
NDGRD_19255,0
NDGRD_19256,0
NDGRD_19257,0
NDGRD_19258,0
NDGRD_19259,0
NDGRD_19260,0
NDGRD_19261,0
NDGRD_19262,0
NDGRD_19263,0
NDGRD_19264,0
NDGRD_19265,0
NDGRD_19266,0
NDGRD_19267,0
NDGRD_19268,0
NDGRD_19269,0
NDGRD_19270,0
NDGRD_19271,0
NDGRD_19272,0
NDGRD_19273,0
NDGRD_19274,0
NDGRD_19275,0
NDGRD_19276,0
NDGRD_19277,0
NDGRD_19278,0
NDGRD_19279,0
NDGRD_19280,0
NDGRD_19281,0
NDGRD_19282,0
NDGRD_19283,0
NDGRD_19284,0
NDGRD_19285,0
NDGRD_19286,0
NDGRD_19287,0
NDGRD_19288,0
NDGRD_19289,0
NDGRD_19290,0
NDGRD_19291,0
NDGRD_19292,0
NDGRD_19293,0
NDGRD_19294,0
NDGRD_19295,0
NDGRD_19296,0
NDGRD_19297,0
NDGRD_19298,0
NDGRD_19299,0
NDGRD_19300,0
NDGRD_19301,0
NDGRD_19302,0
NDGRD_19303,0
NDGRD_19304,0
NDGRD_19305,0
NDGRD_19306,0
NDGRD_19307,0
NDGRD_19308,0
NDGRD_19309,0
NDGRD_19310,0
NDGRD_19311,0
NDGRD_19312,0
NDGRD_19313,0
NDGRD_19314,0
NDGRD_19315,0
NDGRD_19316,0
NDGRD_19317,0
NDGRD_19318,0
NDGRD_19319,0
NDGRD_19320,0
NDGRD_19321,0
NDGRD_19322,0
NDGRD_19323,0
NDGRD_19324,0
NDGRD_19325,0
NDGRD_19326,0
NDGRD_19327,0
NDGRD_19328,0
NDGRD_19329,0
NDGRD_19330,0
NDGRD_19331,0
NDGRD_19332,0
NDGRD_19333,0
NDGRD_19334,0
NDGRD_19335,0
NDGRD_19336,0
NDGRD_19337,0
NDGRD_19338,0
NDGRD_19339,0
NDGRD_19340,0
NDGRD_19341,0
NDGRD_19342,0
NDGRD_19343,0
NDGRD_19344,0
NDGRD_19345,0
NDGRD_19346,0
NDGRD_19347,0
NDGRD_19348,0
NDGRD_19349,0
NDGRD_19350,0
NDGRD_19351,0
NDGRD_19352,0
NDGRD_19353,0
NDGRD_19354,0
NDGRD_19355,0
NDGRD_19356,0
NDGRD_19357,0
NDGRD_19358,0
NDGRD_19359,0
NDGRD_19360,0
NDGRD_19361,0
NDGRD_19362,0
NDGRD_19363,0
NDGRD_19364,0
NDGRD_19365,0
NDGRD_19366,0
NDGRD_19367,0
NDGRD_19368,0
NDGRD_19369,0
NDGRD_19370,0
NDGRD_19371,0
NDGRD_19372,0
NDGRD_19373,0
NDGRD_19374,0
NDGRD_19375,0
NDGRD_19376,0
NDGRD_19377,0
NDGRD_19378,0
NDGRD_19379,0
NDGRD_19380,0
NDGRD_19381,0
NDGRD_19382,0
NDGRD_19383,0
NDGRD_19384,0
NDGRD_19385,0
NDGRD_19386,0
NDGRD_19387,0
NDGRD_19388,0
NDGRD_19389,0
NDGRD_19390,0
NDGRD_19391,0
NDGRD_19392,0
NDGRD_19393,0
NDGRD_19394,0
NDGRD_19395,0
NDGRD_19396,0
NDGRD_19397,0
NDGRD_19398,0
NDGRD_19399,0
NDGRD_19400,0
NDGRD_19401,0
NDGRD_19402,0
NDGRD_19403,0
NDGRD_19404,0
NDGRD_19405,0
NDGRD_19406,0
NDGRD_19407,0
NDGRD_19408,0
NDGRD_19409,0
NDGRD_19410,0
NDGRD_19411,0
NDGRD_19412,0
NDGRD_19413,0
NDGRD_19414,0
NDGRD_19415,0
NDGRD_19416,0
NDGRD_19417,0
NDGRD_19418,0
NDGRD_19419,0
NDGRD_19420,0
NDGRD_19421,0
NDGRD_19422,0
NDGRD_19423,0
NDGRD_19424,0
NDGRD_19425,0
NDGRD_19426,0
NDGRD_19427,0
NDGRD_19428,0
NDGRD_19429,0
NDGRD_19430,0
NDGRD_19431,0
NDGRD_19432,0
NDGRD_19433,0
NDGRD_19434,0
NDGRD_19435,0
NDGRD_19436,0
NDGRD_19437,0
NDGRD_19438,0
NDGRD_19439,0
NDGRD_19440,0
NDGRD_19441,0
NDGRD_19442,0
NDGRD_19443,0
NDGRD_19444,0
NDGRD_19445,0
NDGRD_19446,0
NDGRD_19447,0
NDGRD_19448,0
NDGRD_19449,0
NDGRD_19450,0
NDGRD_19451,0
NDGRD_19452,0
NDGRD_19453,0
NDGRD_19454,0
NDGRD_19455,0
NDGRD_19456,0
NDGRD_19457,0
NDGRD_19458,0
NDGRD_19459,0
NDGRD_19460,0
NDGRD_19461,0
NDGRD_19462,0
NDGRD_19463,0
NDGRD_19464,0
NDGRD_19465,0
NDGRD_19466,0
NDGRD_19467,0
NDGRD_19468,0
NDGRD_19469,0
NDGRD_19470,0
NDGRD_19471,0
NDGRD_19472,0
NDGRD_19473,0
NDGRD_19474,0
NDGRD_19475,0
NDGRD_19476,0
NDGRD_19477,0
NDGRD_19478,0
NDGRD_19479,0
NDGRD_19480,0
NDGRD_19481,0
NDGRD_19482,0
NDGRD_19483,0
NDGRD_19484,0
NDGRD_19485,0
NDGRD_19486,0
NDGRD_19487,0
NDGRD_19488,0
NDGRD_19489,0
NDGRD_19490,0
NDGRD_19491,0
NDGRD_19492,0
NDGRD_19493,0
NDGRD_19494,0
NDGRD_19495,0
NDGRD_19496,0
NDGRD_19497,0
NDGRD_19498,0
NDGRD_19499,0
NDGRD_19500,0
NDGRD_19501,0
NDGRD_19502,0
NDGRD_19503,0
NDGRD_19504,0
NDGRD_19505,0
NDGRD_19506,0
NDGRD_19507,0
NDGRD_19508,0
NDGRD_19509,0
NDGRD_19510,0
NDGRD_19511,0
NDGRD_19512,0
NDGRD_19513,0
NDGRD_19514,0
NDGRD_19515,0
NDGRD_19516,0
NDGRD_19517,0
NDGRD_19518,0
NDGRD_19519,0
NDGRD_19520,0
NDGRD_19521,0
NDGRD_19522,0
NDGRD_19523,0
NDGRD_19524,0
NDGRD_19525,0
NDGRD_19526,0
NDGRD_19527,0
NDGRD_19528,0
NDGRD_19529,0
NDGRD_19530,0
NDGRD_19531,0
NDGRD_19532,0
NDGRD_19533,0
NDGRD_19534,0
NDGRD_19535,0
NDGRD_19536,0
NDGRD_19537,0
NDGRD_19538,0
NDGRD_19539,0
NDGRD_19540,0
NDGRD_19541,0
NDGRD_19542,0
NDGRD_19543,0
NDGRD_19544,0
NDGRD_19545,0
NDGRD_19546,0
NDGRD_19547,0
NDGRD_19548,0
NDGRD_19549,0
NDGRD_19550,0
NDGRD_19551,0
NDGRD_19552,0
NDGRD_19553,0
NDGRD_19554,0
NDGRD_19555,0
NDGRD_19556,0
NDGRD_19557,0
NDGRD_19558,0
NDGRD_19559,0
NDGRD_19560,0
NDGRD_19561,0
NDGRD_19562,0
NDGRD_19563,0
NDGRD_19564,0
NDGRD_19565,0
NDGRD_19566,0
NDGRD_19567,0
NDGRD_19568,0
NDGRD_19569,0
NDGRD_19570,0
NDGRD_19571,0
NDGRD_19572,0
NDGRD_19573,0
NDGRD_19574,0
NDGRD_19575,0
NDGRD_19576,0
NDGRD_19577,0
NDGRD_19578,0
NDGRD_19579,0
NDGRD_19580,0
NDGRD_19581,0
NDGRD_19582,0
NDGRD_19583,0
NDGRD_19584,0
NDGRD_19585,0
NDGRD_19586,0
NDGRD_19587,0
NDGRD_19588,0
NDGRD_19589,0
NDGRD_19590,0
NDGRD_19591,0
NDGRD_19592,0
NDGRD_19593,0
NDGRD_19594,0
NDGRD_19595,0
NDGRD_19596,0
NDGRD_19597,0
NDGRD_19598,0
NDGRD_19599,0
NDGRD_19600,0
NDGRD_19601,0
NDGRD_19602,0
NDGRD_19603,0
NDGRD_19604,0
NDGRD_19605,0
NDGRD_19606,0
NDGRD_19607,0
NDGRD_19608,0
NDGRD_19609,0
NDGRD_19610,0
NDGRD_19611,0
NDGRD_19612,0
NDGRD_19613,0
NDGRD_19614,0
NDGRD_19615,0
NDGRD_19616,0
NDGRD_19617,0
NDGRD_19618,0
NDGRD_19619,0
NDGRD_19620,0
NDGRD_19621,0
NDGRD_19622,0
NDGRD_19623,0
NDGRD_19624,0
NDGRD_19625,0
NDGRD_19626,0
NDGRD_19627,0
NDGRD_19628,0
NDGRD_19629,0
NDGRD_19630,0
NDGRD_19631,0
NDGRD_19632,0
NDGRD_19633,0
NDGRD_19634,0
NDGRD_19635,0
NDGRD_19636,0
NDGRD_19637,0
NDGRD_19638,0
NDGRD_19639,0
NDGRD_19640,0
NDGRD_19641,0
NDGRD_19642,0
NDGRD_19643,0
NDGRD_19644,0
NDGRD_19645,0
NDGRD_19646,0
NDGRD_19647,0
NDGRD_19648,0
NDGRD_19649,0
NDGRD_19650,0
NDGRD_19651,0
NDGRD_19652,0
NDGRD_19653,0
NDGRD_19654,0
NDGRD_19655,0
NDGRD_19656,0
NDGRD_19657,0
NDGRD_19658,0
NDGRD_19659,0
NDGRD_19660,0
NDGRD_19661,0
NDGRD_19662,0
NDGRD_19663,0
NDGRD_19664,0
NDGRD_19665,0
NDGRD_19666,0
NDGRD_19667,0
NDGRD_19668,0
NDGRD_19669,0
NDGRD_19670,0
NDGRD_19671,0
NDGRD_19672,0
NDGRD_19673,0
NDGRD_19674,0
NDGRD_19675,0
NDGRD_19676,0
NDGRD_19677,0
NDGRD_19678,0
NDGRD_19679,0
NDGRD_19680,0
NDGRD_19681,0
NDGRD_19682,0
NDGRD_19683,0
NDGRD_19684,0
NDGRD_19685,0
NDGRD_19686,0
NDGRD_19687,0
NDGRD_19688,0
NDGRD_19689,0
NDGRD_19690,0
NDGRD_19691,0
NDGRD_19692,0
NDGRD_19693,0
NDGRD_19694,0
NDGRD_19695,0
NDGRD_19696,0
NDGRD_19697,0
NDGRD_19698,0
NDGRD_19699,0
NDGRD_19700,0
NDGRD_19701,0
NDGRD_19702,0
NDGRD_19703,0
NDGRD_19704,0
NDGRD_19705,0
NDGRD_19706,0
NDGRD_19707,0
NDGRD_19708,0
NDGRD_19709,0
NDGRD_19710,0
NDGRD_19711,0
NDGRD_19712,0
NDGRD_19713,0
NDGRD_19714,0
NDGRD_19715,0
NDGRD_19716,0
NDGRD_19717,0
NDGRD_19718,0
NDGRD_19719,0
NDGRD_19720,0
NDGRD_19721,0
NDGRD_19722,0
NDGRD_19723,0
NDGRD_19724,0
NDGRD_19725,0
NDGRD_19726,0
NDGRD_19727,0
NDGRD_19728,0
NDGRD_19729,0
NDGRD_19730,0
NDGRD_19731,0
NDGRD_19732,0
NDGRD_19733,0
NDGRD_19734,0
NDGRD_19735,0
NDGRD_19736,0
NDGRD_19737,0
NDGRD_19738,0
NDGRD_19739,0
NDGRD_19740,0
NDGRD_19741,0
NDGRD_19742,0
NDGRD_19743,0
NDGRD_19744,0
NDGRD_19745,0
NDGRD_19746,0
NDGRD_19747,0
NDGRD_19748,0
NDGRD_19749,0
NDGRD_19750,0
NDGRD_19751,0
NDGRD_19752,0
NDGRD_19753,0
NDGRD_19754,0
NDGRD_19755,0
NDGRD_19756,0
NDGRD_19757,0
NDGRD_19758,0
NDGRD_19759,0
NDGRD_19760,0
NDGRD_19761,0
NDGRD_19762,0
NDGRD_19763,0
NDGRD_19764,0
NDGRD_19765,0
NDGRD_19766,0
NDGRD_19767,0
NDGRD_19768,0
NDGRD_19769,0
NDGRD_19770,0
NDGRD_19771,0
NDGRD_19772,0
NDGRD_19773,0
NDGRD_19774,0
NDGRD_19775,0
NDGRD_19776,0
NDGRD_19777,0
NDGRD_19778,0
NDGRD_19779,0
NDGRD_19780,0
NDGRD_19781,0
NDGRD_19782,0
NDGRD_19783,0
NDGRD_19784,0
NDGRD_19785,0
NDGRD_19786,0
NDGRD_19787,0
NDGRD_19788,0
NDGRD_19789,0
NDGRD_19790,0
NDGRD_19791,0
NDGRD_19792,0
NDGRD_19793,0
NDGRD_19794,0
NDGRD_19795,0
NDGRD_19796,0
NDGRD_19797,0
NDGRD_19798,0
NDGRD_19799,0
NDGRD_19800,0
NDGRD_19801,0
NDGRD_19802,0
NDGRD_19803,0
NDGRD_19804,0
NDGRD_19805,0
NDGRD_19806,0
NDGRD_19807,0
NDGRD_19808,0
NDGRD_19809,0
NDGRD_19810,0
NDGRD_19811,0
NDGRD_19812,0
NDGRD_19813,0
NDGRD_19814,0
NDGRD_19815,0
NDGRD_19816,0
NDGRD_19817,0
NDGRD_19818,0
NDGRD_19819,0
NDGRD_19820,0
NDGRD_19821,0
NDGRD_19822,0
NDGRD_19823,0
NDGRD_19824,0
NDGRD_19825,0
NDGRD_19826,0
NDGRD_19827,0
NDGRD_19828,0
NDGRD_19829,0
NDGRD_19830,0
NDGRD_19831,0
NDGRD_19832,0
NDGRD_19833,0
NDGRD_19834,0
NDGRD_19835,0
NDGRD_19836,0
NDGRD_19837,0
NDGRD_19838,0
NDGRD_19839,0
NDGRD_19840,0
NDGRD_19841,0
NDGRD_19842,0
NDGRD_19843,0
NDGRD_19844,0
NDGRD_19845,0
NDGRD_19846,0
NDGRD_19847,0
NDGRD_19848,0
NDGRD_19849,0
NDGRD_19850,0
NDGRD_19851,0
NDGRD_19852,0
NDGRD_19853,0
NDGRD_19854,0
NDGRD_19855,0
NDGRD_19856,0
NDGRD_19857,0
NDGRD_19858,0
NDGRD_19859,0
NDGRD_19860,0
NDGRD_19861,0
NDGRD_19862,0
NDGRD_19863,0
NDGRD_19864,0
NDGRD_19865,0
NDGRD_19866,0
NDGRD_19867,0
NDGRD_19868,0
NDGRD_19869,0
NDGRD_19870,0
NDGRD_19871,0
NDGRD_19872,0
NDGRD_19873,0
NDGRD_19874,0
NDGRD_19875,0
NDGRD_19876,0
NDGRD_19877,0
NDGRD_19878,0
NDGRD_19879,0
NDGRD_19880,0
NDGRD_19881,0
NDGRD_19882,0
NDGRD_19883,0
NDGRD_19884,0
NDGRD_19885,0
NDGRD_19886,0
NDGRD_19887,0
NDGRD_19888,0
NDGRD_19889,0
NDGRD_19890,0
NDGRD_19891,0
NDGRD_19892,0
NDGRD_19893,0
NDGRD_19894,0
NDGRD_19895,0
NDGRD_19896,0
NDGRD_19897,0
NDGRD_19898,0
NDGRD_19899,0
NDGRD_19900,0
NDGRD_19901,0
NDGRD_19902,0
NDGRD_19903,0
NDGRD_19904,0
NDGRD_19905,0
NDGRD_19906,0
NDGRD_19907,0
NDGRD_19908,0
NDGRD_19909,0
NDGRD_19910,0
NDGRD_19911,0
NDGRD_19912,0
NDGRD_19913,0
NDGRD_19914,0
NDGRD_19915,0
NDGRD_19916,0
NDGRD_19917,0
NDGRD_19918,0
NDGRD_19919,0
NDGRD_19920,0
NDGRD_19921,0
NDGRD_19922,0
NDGRD_19923,0
NDGRD_19924,0
NDGRD_19925,0
NDGRD_19926,0
NDGRD_19927,0
NDGRD_19928,0
NDGRD_19929,0
NDGRD_19930,0
NDGRD_19931,0
NDGRD_19932,0
NDGRD_19933,0
NDGRD_19934,0
NDGRD_19935,0
NDGRD_19936,0
NDGRD_19937,0
NDGRD_19938,0
NDGRD_19939,0
NDGRD_19940,0
NDGRD_19941,0
NDGRD_19942,0
NDGRD_19943,0
NDGRD_19944,0
NDGRD_19945,0
NDGRD_19946,0
NDGRD_19947,0
NDGRD_19948,0
NDGRD_19949,0
NDGRD_19950,0
NDGRD_19951,0
NDGRD_19952,0
NDGRD_19953,0
NDGRD_19954,0
NDGRD_19955,0
NDGRD_19956,0
NDGRD_19957,0
NDGRD_19958,0
NDGRD_19959,0
NDGRD_19960,0
NDGRD_19961,0
NDGRD_19962,0
NDGRD_19963,0
NDGRD_19964,0
NDGRD_19965,0
NDGRD_19966,0
NDGRD_19967,0
NDGRD_19968,0
NDGRD_19969,0
NDGRD_19970,0
NDGRD_19971,0
NDGRD_19972,0
NDGRD_19973,0
NDGRD_19974,0
NDGRD_19975,0
NDGRD_19976,0
NDGRD_19977,0
NDGRD_19978,0
NDGRD_19979,0
NDGRD_19980,0
NDGRD_19981,0
NDGRD_19982,0
NDGRD_19983,0
NDGRD_19984,0
NDGRD_19985,0
NDGRD_19986,0
NDGRD_19987,0
NDGRD_19988,0
NDGRD_19989,0
NDGRD_19990,0
NDGRD_19991,0
NDGRD_19992,0
NDGRD_19993,0
NDGRD_19994,0
NDGRD_19995,0
NDGRD_19996,0
NDGRD_19997,0
NDGRD_19998,0
NDGRD_19999,0
NDGRD_20000,0
NDGRD_20001,0
NDGRD_20002,0
NDGRD_20003,0
NDGRD_20004,0
NDGRD_20005,0
NDGRD_20006,0
NDGRD_20007,0
NDGRD_20008,0
NDGRD_20009,0
NDGRD_20010,0
NDGRD_20011,0
NDGRD_20012,0
NDGRD_20013,0
NDGRD_20014,0
NDGRD_20015,0
NDGRD_20016,0
NDGRD_20017,0
NDGRD_20018,0
NDGRD_20019,0
NDGRD_20020,0
NDGRD_20021,0
NDGRD_20022,0
NDGRD_20023,0
NDGRD_20024,0
NDGRD_20025,0
NDGRD_20026,0
NDGRD_20027,0
NDGRD_20028,0
NDGRD_20029,0
NDGRD_20030,0
NDGRD_20031,0
NDGRD_20032,0
NDGRD_20033,0
NDGRD_20034,0
NDGRD_20035,0
NDGRD_20036,0
NDGRD_20037,0
NDGRD_20038,0
NDGRD_20039,0
NDGRD_20040,0
NDGRD_20041,0
NDGRD_20042,0
NDGRD_20043,0
NDGRD_20044,0
NDGRD_20045,0
NDGRD_20046,0
NDGRD_20047,0
NDGRD_20048,0
NDGRD_20049,0
NDGRD_20050,0
NDGRD_20051,0
NDGRD_20052,0
NDGRD_20053,0
NDGRD_20054,0
NDGRD_20055,0
NDGRD_20056,0
NDGRD_20057,0
NDGRD_20058,0
NDGRD_20059,0
NDGRD_20060,0
NDGRD_20061,0
NDGRD_20062,0
NDGRD_20063,0
NDGRD_20064,0
NDGRD_20065,0
NDGRD_20066,0
NDGRD_20067,0
NDGRD_20068,0
NDGRD_20069,0
NDGRD_20070,0
NDGRD_20071,0
NDGRD_20072,0
NDGRD_20073,0
NDGRD_20074,0
NDGRD_20075,0
NDGRD_20076,0
NDGRD_20077,0
NDGRD_20078,0
NDGRD_20079,0
NDGRD_20080,0
NDGRD_20081,0
NDGRD_20082,0
NDGRD_20083,0
NDGRD_20084,0
NDGRD_20085,0
NDGRD_20086,0
NDGRD_20087,0
NDGRD_20088,0
NDGRD_20089,0
NDGRD_20090,0
NDGRD_20091,0
NDGRD_20092,0
NDGRD_20093,0
NDGRD_20094,0
NDGRD_20095,0
NDGRD_20096,0
NDGRD_20097,0
NDGRD_20098,0
NDGRD_20099,0
NDGRD_20100,0
NDGRD_20101,0
NDGRD_20102,0
NDGRD_20103,0
NDGRD_20104,0
NDGRD_20105,0
NDGRD_20106,0
NDGRD_20107,0
NDGRD_20108,0
NDGRD_20109,0
NDGRD_20110,0
NDGRD_20111,0
NDGRD_20112,0
NDGRD_20113,0
NDGRD_20114,0
NDGRD_20115,0
NDGRD_20116,0
NDGRD_20117,0
NDGRD_20118,0
NDGRD_20119,0
NDGRD_20120,0
NDGRD_20121,0
NDGRD_20122,0
NDGRD_20123,0
NDGRD_20124,0
NDGRD_20125,0
NDGRD_20126,0
NDGRD_20127,0
NDGRD_20128,0
NDGRD_20129,0
NDGRD_20130,0
NDGRD_20131,0
NDGRD_20132,0
NDGRD_20133,0
NDGRD_20134,0
NDGRD_20135,0
NDGRD_20136,0
NDGRD_20137,0
NDGRD_20138,0
NDGRD_20139,0
NDGRD_20140,0
NDGRD_20141,0
NDGRD_20142,0
NDGRD_20143,0
NDGRD_20144,0
NDGRD_20145,0
NDGRD_20146,0
NDGRD_20147,0
NDGRD_20148,0
NDGRD_20149,0
NDGRD_20150,0
NDGRD_20151,0
NDGRD_20152,0
NDGRD_20153,0
NDGRD_20154,0
NDGRD_20155,0
NDGRD_20156,0
NDGRD_20157,0
NDGRD_20158,0
NDGRD_20159,0
NDGRD_20160,0
NDGRD_20161,0
NDGRD_20162,0
NDGRD_20163,0
NDGRD_20164,0
NDGRD_20165,0
NDGRD_20166,0
NDGRD_20167,0
NDGRD_20168,0
NDGRD_20169,0
NDGRD_20170,0
NDGRD_20171,0
NDGRD_20172,0
NDGRD_20173,0
NDGRD_20174,0
NDGRD_20175,0
NDGRD_20176,0
NDGRD_20177,0
NDGRD_20178,0
NDGRD_20179,0
NDGRD_20180,0
NDGRD_20181,0
NDGRD_20182,0
NDGRD_20183,0
NDGRD_20184,0
NDGRD_20185,0
NDGRD_20186,0
NDGRD_20187,0
NDGRD_20188,0
NDGRD_20189,0
NDGRD_20190,0
NDGRD_20191,0
NDGRD_20192,0
NDGRD_20193,0
NDGRD_20194,0
NDGRD_20195,0
NDGRD_20196,0
NDGRD_20197,0
NDGRD_20198,0
NDGRD_20199,0
NDGRD_20200,0
NDGRD_20201,0
NDGRD_20202,0
NDGRD_20203,0
NDGRD_20204,0
NDGRD_20205,0
NDGRD_20206,0
NDGRD_20207,0
NDGRD_20208,0
NDGRD_20209,0
NDGRD_20210,0
NDGRD_20211,0
NDGRD_20212,0
NDGRD_20213,0
NDGRD_20214,0
NDGRD_20215,0
NDGRD_20216,0
NDGRD_20217,0
NDGRD_20218,0
NDGRD_20219,0
NDGRD_20220,0
NDGRD_20221,0
NDGRD_20222,0
NDGRD_20223,0
NDGRD_20224,0
NDGRD_20225,0
NDGRD_20226,0
NDGRD_20227,0
NDGRD_20228,0
NDGRD_20229,0
NDGRD_20230,0
NDGRD_20231,0
NDGRD_20232,0
NDGRD_20233,0
NDGRD_20234,0
NDGRD_20235,0
NDGRD_20236,0
NDGRD_20237,0
NDGRD_20238,0
NDGRD_20239,0
NDGRD_20240,0
NDGRD_20241,0
NDGRD_20242,0
NDGRD_20243,0
NDGRD_20244,0
NDGRD_20245,0
NDGRD_20246,0
NDGRD_20247,0
NDGRD_20248,0
NDGRD_20249,0
NDGRD_20250,0
NDGRD_20251,0
NDGRD_20252,0
NDGRD_20253,0
NDGRD_20254,0
NDGRD_20255,0
NDGRD_20256,0
NDGRD_20257,0
NDGRD_20258,0
NDGRD_20259,0
NDGRD_20260,0
NDGRD_20261,0
NDGRD_20262,0
NDGRD_20263,0
NDGRD_20264,0
NDGRD_20265,0
NDGRD_20266,0
NDGRD_20267,0
NDGRD_20268,0
NDGRD_20269,0
NDGRD_20270,0
NDGRD_20271,0
NDGRD_20272,0
NDGRD_20273,0
NDGRD_20274,0
NDGRD_20275,0
NDGRD_20276,0
NDGRD_20277,0
NDGRD_20278,0
NDGRD_20279,0
NDGRD_20280,0
NDGRD_20281,0
NDGRD_20282,0
NDGRD_20283,0
NDGRD_20284,0
NDGRD_20285,0
NDGRD_20286,0
NDGRD_20287,0
NDGRD_20288,0
NDGRD_20289,0
NDGRD_20290,0
NDGRD_20291,0
NDGRD_20292,0
NDGRD_20293,0
NDGRD_20294,0
NDGRD_20295,0
NDGRD_20296,0
NDGRD_20297,0
NDGRD_20298,0
NDGRD_20299,0
NDGRD_20300,0
NDGRD_20301,0
NDGRD_20302,0
NDGRD_20303,0
NDGRD_20304,0
NDGRD_20305,0
NDGRD_20306,0
NDGRD_20307,0
NDGRD_20308,0
NDGRD_20309,0
NDGRD_20310,0
NDGRD_20311,0
NDGRD_20312,0
NDGRD_20313,0
NDGRD_20314,0
NDGRD_20315,0
NDGRD_20316,0
NDGRD_20317,0
NDGRD_20318,0
NDGRD_20319,0
NDGRD_20320,0
NDGRD_20321,0
NDGRD_20322,0
NDGRD_20323,0
NDGRD_20324,0
NDGRD_20325,0
NDGRD_20326,0
NDGRD_20327,0
NDGRD_20328,0
NDGRD_20329,0
NDGRD_20330,0
NDGRD_20331,0
NDGRD_20332,0
NDGRD_20333,0
NDGRD_20334,0
NDGRD_20335,0
NDGRD_20336,0
NDGRD_20337,0
NDGRD_20338,0
NDGRD_20339,0
NDGRD_20340,0
NDGRD_20341,0
NDGRD_20342,0
NDGRD_20343,0
NDGRD_20344,0
NDGRD_20345,0
NDGRD_20346,0
NDGRD_20347,0
NDGRD_20348,0
NDGRD_20349,0
NDGRD_20350,0
NDGRD_20351,0
NDGRD_20352,0
NDGRD_20353,0
NDGRD_20354,0
NDGRD_20355,0
NDGRD_20356,0
NDGRD_20357,0
NDGRD_20358,0
NDGRD_20359,0
NDGRD_20360,0
NDGRD_20361,0
NDGRD_20362,0
NDGRD_20363,0
NDGRD_20364,0
NDGRD_20365,0
NDGRD_20366,0
NDGRD_20367,0
NDGRD_20368,0
NDGRD_20369,0
NDGRD_20370,0
NDGRD_20371,0
NDGRD_20372,0
NDGRD_20373,0
NDGRD_20374,0
NDGRD_20375,0
NDGRD_20376,0
NDGRD_20377,0
NDGRD_20378,0
NDGRD_20379,0
NDGRD_20380,0
NDGRD_20381,0
NDGRD_20382,0
NDGRD_20383,0
NDGRD_20384,0
NDGRD_20385,0
NDGRD_20386,0
NDGRD_20387,0
NDGRD_20388,0
NDGRD_20389,0
NDGRD_20390,0
NDGRD_20391,0
NDGRD_20392,0
NDGRD_20393,0
NDGRD_20394,0
NDGRD_20395,0
NDGRD_20396,0
NDGRD_20397,0
NDGRD_20398,0
NDGRD_20399,0
NDGRD_20400,0
NDGRD_20401,0
NDGRD_20402,0
NDGRD_20403,0
NDGRD_20404,0
NDGRD_20405,0
NDGRD_20406,0
NDGRD_20407,0
NDGRD_20408,0
NDGRD_20409,0
NDGRD_20410,0
NDGRD_20411,0
NDGRD_20412,0
NDGRD_20413,0
NDGRD_20414,0
NDGRD_20415,0
NDGRD_20416,0
NDGRD_20417,0
NDGRD_20418,0
NDGRD_20419,0
NDGRD_20420,0
NDGRD_20421,0
NDGRD_20422,0
NDGRD_20423,0
NDGRD_20424,0
NDGRD_20425,0
NDGRD_20426,0
NDGRD_20427,0
NDGRD_20428,0
NDGRD_20429,0
NDGRD_20430,0
NDGRD_20431,0
NDGRD_20432,0
NDGRD_20433,0
NDGRD_20434,0
NDGRD_20435,0
NDGRD_20436,0
NDGRD_20437,0
NDGRD_20438,0
NDGRD_20439,0
NDGRD_20440,0
NDGRD_20441,0
NDGRD_20442,0
NDGRD_20443,0
NDGRD_20444,0
NDGRD_20445,0
NDGRD_20446,0
NDGRD_20447,0
NDGRD_20448,0
NDGRD_20449,0
NDGRD_20450,0
NDGRD_20451,0
NDGRD_20452,0
NDGRD_20453,0
NDGRD_20454,0
NDGRD_20455,0
NDGRD_20456,0
NDGRD_20457,0
NDGRD_20458,0
NDGRD_20459,0
NDGRD_20460,0
NDGRD_20461,0
NDGRD_20462,0
NDGRD_20463,0
NDGRD_20464,0
NDGRD_20465,0
NDGRD_20466,0
NDGRD_20467,0
NDGRD_20468,0
NDGRD_20469,0
NDGRD_20470,0
NDGRD_20471,0
NDGRD_20472,0
NDGRD_20473,0
NDGRD_20474,0
NDGRD_20475,0
NDGRD_20476,0
NDGRD_20477,0
NDGRD_20478,0
NDGRD_20479,0
NDGRD_20480,0
NDGRD_20481,0
NDGRD_20482,0
NDGRD_20483,0
NDGRD_20484,0
NDGRD_20485,0
NDGRD_20486,0
NDGRD_20487,0
NDGRD_20488,0
NDGRD_20489,0
NDGRD_20490,0
NDGRD_20491,0
NDGRD_20492,0
NDGRD_20493,0
NDGRD_20494,0
NDGRD_20495,0
NDGRD_20496,0
NDGRD_20497,0
NDGRD_20498,0
NDGRD_20499,0
NDGRD_20500,0
NDGRD_20501,0
NDGRD_20502,0
NDGRD_20503,0
NDGRD_20504,0
NDGRD_20505,0
NDGRD_20506,0
NDGRD_20507,0
NDGRD_20508,0
NDGRD_20509,0
NDGRD_20510,0
NDGRD_20511,0
NDGRD_20512,0
NDGRD_20513,0
NDGRD_20514,0
NDGRD_20515,0
NDGRD_20516,0
NDGRD_20517,0
NDGRD_20518,0
NDGRD_20519,0
NDGRD_20520,0
NDGRD_20521,0
NDGRD_20522,0
NDGRD_20523,0
NDGRD_20524,0
NDGRD_20525,0
NDGRD_20526,0
NDGRD_20527,0
NDGRD_20528,0
NDGRD_20529,0
NDGRD_20530,0
NDGRD_20531,0
NDGRD_20532,0
NDGRD_20533,0
NDGRD_20534,0
NDGRD_20535,0
NDGRD_20536,0
NDGRD_20537,0
NDGRD_20538,0
NDGRD_20539,0
NDGRD_20540,0
NDGRD_20541,0
NDGRD_20542,0
NDGRD_20543,0
NDGRD_20544,0
NDGRD_20545,0
NDGRD_20546,0
NDGRD_20547,0
NDGRD_20548,0
NDGRD_20549,0
NDGRD_20550,0
NDGRD_20551,0
NDGRD_20552,0
NDGRD_20553,0
NDGRD_20554,0
NDGRD_20555,0
NDGRD_20556,0
NDGRD_20557,0
NDGRD_20558,0
NDGRD_20559,0
NDGRD_20560,0
NDGRD_20561,0
NDGRD_20562,0
NDGRD_20563,0
NDGRD_20564,0
NDGRD_20565,0
NDGRD_20566,0
NDGRD_20567,0
NDGRD_20568,0
NDGRD_20569,0
NDGRD_20570,0
NDGRD_20571,0
NDGRD_20572,0
NDGRD_20573,0
NDGRD_20574,0
NDGRD_20575,0
NDGRD_20576,0
NDGRD_20577,0
NDGRD_20578,0
NDGRD_20579,0
NDGRD_20580,0
NDGRD_20581,0
NDGRD_20582,0
NDGRD_20583,0
NDGRD_20584,0
NDGRD_20585,0
NDGRD_20586,0
NDGRD_20587,0
NDGRD_20588,0
NDGRD_20589,0
NDGRD_20590,0
NDGRD_20591,0
NDGRD_20592,0
NDGRD_20593,0
NDGRD_20594,0
NDGRD_20595,0
NDGRD_20596,0
NDGRD_20597,0
NDGRD_20598,0
NDGRD_20599,0
NDGRD_20600,0
NDGRD_20601,0
NDGRD_20602,0
NDGRD_20603,0
NDGRD_20604,0
NDGRD_20605,0
NDGRD_20606,0
NDGRD_20607,0
NDGRD_20608,0
NDGRD_20609,0
NDGRD_20610,0
NDGRD_20611,0
NDGRD_20612,0
NDGRD_20613,0
NDGRD_20614,0
NDGRD_20615,0
NDGRD_20616,0
NDGRD_20617,0
NDGRD_20618,0
NDGRD_20619,0
NDGRD_20620,0
NDGRD_20621,0
NDGRD_20622,0
NDGRD_20623,0
NDGRD_20624,0
NDGRD_20625,0
NDGRD_20626,0
NDGRD_20627,0
NDGRD_20628,0
NDGRD_20629,0
NDGRD_20630,0
NDGRD_20631,0
NDGRD_20632,0
NDGRD_20633,0
NDGRD_20634,0
NDGRD_20635,0
NDGRD_20636,0
NDGRD_20637,0
NDGRD_20638,0
NDGRD_20639,0
NDGRD_20640,0
NDGRD_20641,0
NDGRD_20642,0
NDGRD_20643,0
NDGRD_20644,0
NDGRD_20645,0
NDGRD_20646,0
NDGRD_20647,0
NDGRD_20648,0
NDGRD_20649,0
NDGRD_20650,0
NDGRD_20651,0
NDGRD_20652,0
NDGRD_20653,0
NDGRD_20654,0
NDGRD_20655,0
NDGRD_20656,0
NDGRD_20657,0
NDGRD_20658,0
NDGRD_20659,0
NDGRD_20660,0
NDGRD_20661,0
NDGRD_20662,0
NDGRD_20663,0
NDGRD_20664,0
NDGRD_20665,0
NDGRD_20666,0
NDGRD_20667,0
NDGRD_20668,0
NDGRD_20669,0
NDGRD_20670,0
NDGRD_20671,0
NDGRD_20672,0
NDGRD_20673,0
NDGRD_20674,0
NDGRD_20675,0
NDGRD_20676,0
NDGRD_20677,0
NDGRD_20678,0
NDGRD_20679,0
NDGRD_20680,0
NDGRD_20681,0
NDGRD_20682,0
NDGRD_20683,0
NDGRD_20684,0
NDGRD_20685,0
NDGRD_20686,0
NDGRD_20687,0
NDGRD_20688,0
NDGRD_20689,0
NDGRD_20690,0
NDGRD_20691,0
NDGRD_20692,0
NDGRD_20693,0
NDGRD_20694,0
NDGRD_20695,0
NDGRD_20696,0
NDGRD_20697,0
NDGRD_20698,0
NDGRD_20699,0
NDGRD_20700,0
NDGRD_20701,0
NDGRD_20702,0
NDGRD_20703,0
NDGRD_20704,0
NDGRD_20705,0
NDGRD_20706,0
NDGRD_20707,0
NDGRD_20708,0
NDGRD_20709,0
NDGRD_20710,0
NDGRD_20711,0
NDGRD_20712,0
NDGRD_20713,0
NDGRD_20714,0
NDGRD_20715,0
NDGRD_20716,0
NDGRD_20717,0
NDGRD_20718,0
NDGRD_20719,0
NDGRD_20720,0
NDGRD_20721,0
NDGRD_20722,0
NDGRD_20723,0
NDGRD_20724,0
NDGRD_20725,0
NDGRD_20726,0
NDGRD_20727,0
NDGRD_20728,0
NDGRD_20729,0
NDGRD_20730,0
NDGRD_20731,0
NDGRD_20732,0
NDGRD_20733,0
NDGRD_20734,0
NDGRD_20735,0
NDGRD_20736,0
NDGRD_20737,0
NDGRD_20738,0
NDGRD_20739,0
NDGRD_20740,0
NDGRD_20741,0
NDGRD_20742,0
NDGRD_20743,0
NDGRD_20744,0
NDGRD_20745,0
NDGRD_20746,0
NDGRD_20747,0
NDGRD_20748,0
NDGRD_20749,0
NDGRD_20750,0
NDGRD_20751,0
NDGRD_20752,0
NDGRD_20753,0
NDGRD_20754,0
NDGRD_20755,0
NDGRD_20756,0
NDGRD_20757,0
NDGRD_20758,0
NDGRD_20759,0
NDGRD_20760,0
NDGRD_20761,0
NDGRD_20762,0
NDGRD_20763,0
NDGRD_20764,0
NDGRD_20765,0
NDGRD_20766,0
NDGRD_20767,0
NDGRD_20768,0
NDGRD_20769,0
NDGRD_20770,0
NDGRD_20771,0
NDGRD_20772,0
NDGRD_20773,0
NDGRD_20774,0
NDGRD_20775,0
NDGRD_20776,0
NDGRD_20777,0
NDGRD_20778,0
NDGRD_20779,0
NDGRD_20780,0
NDGRD_20781,0
NDGRD_20782,0
NDGRD_20783,0
NDGRD_20784,0
NDGRD_20785,0
NDGRD_20786,0
NDGRD_20787,0
NDGRD_20788,0
NDGRD_20789,0
NDGRD_20790,0
NDGRD_20791,0
NDGRD_20792,0
NDGRD_20793,0
NDGRD_20794,0
NDGRD_20795,0
NDGRD_20796,0
NDGRD_20797,0
NDGRD_20798,0
NDGRD_20799,0
NDGRD_20800,0
NDGRD_20801,0
NDGRD_20802,0
NDGRD_20803,0
NDGRD_20804,0
NDGRD_20805,0
NDGRD_20806,0
NDGRD_20807,0
NDGRD_20808,0
NDGRD_20809,0
NDGRD_20810,0
NDGRD_20811,0
NDGRD_20812,0
NDGRD_20813,0
NDGRD_20814,0
NDGRD_20815,0
NDGRD_20816,0
NDGRD_20817,0
NDGRD_20818,0
NDGRD_20819,0
NDGRD_20820,0
NDGRD_20821,0
NDGRD_20822,0
NDGRD_20823,0
NDGRD_20824,0
NDGRD_20825,0
NDGRD_20826,0
NDGRD_20827,0
NDGRD_20828,0
NDGRD_20829,0
NDGRD_20830,0
NDGRD_20831,0
NDGRD_20832,0
NDGRD_20833,0
NDGRD_20834,0
NDGRD_20835,0
NDGRD_20836,0
NDGRD_20837,0
NDGRD_20838,0
NDGRD_20839,0
NDGRD_20840,0
NDGRD_20841,0
NDGRD_20842,0
NDGRD_20843,0
NDGRD_20844,0
NDGRD_20845,0
NDGRD_20846,0
NDGRD_20847,0
NDGRD_20848,0
NDGRD_20849,0
NDGRD_20850,0
NDGRD_20851,0
NDGRD_20852,0
NDGRD_20853,0
NDGRD_20854,0
NDGRD_20855,0
NDGRD_20856,0
NDGRD_20857,0
NDGRD_20858,0
NDGRD_20859,0
NDGRD_20860,0
NDGRD_20861,0
NDGRD_20862,0
NDGRD_20863,0
NDGRD_20864,0
NDGRD_20865,0
NDGRD_20866,0
NDGRD_20867,0
NDGRD_20868,0
NDGRD_20869,0
NDGRD_20870,0
NDGRD_20871,0
NDGRD_20872,0
NDGRD_20873,0
NDGRD_20874,0
NDGRD_20875,0
NDGRD_20876,0
NDGRD_20877,0
NDGRD_20878,0
NDGRD_20879,0
NDGRD_20880,0
NDGRD_20881,0
NDGRD_20882,0
NDGRD_20883,0
NDGRD_20884,0
NDGRD_20885,0
NDGRD_20886,0
NDGRD_20887,0
NDGRD_20888,0
NDGRD_20889,0
NDGRD_20890,0
NDGRD_20891,0
NDGRD_20892,0
NDGRD_20893,0
NDGRD_20894,0
NDGRD_20895,0
NDGRD_20896,0
NDGRD_20897,0
NDGRD_20898,0
NDGRD_20899,0
NDGRD_20900,0
NDGRD_20901,0
NDGRD_20902,0
NDGRD_20903,0
NDGRD_20904,0
NDGRD_20905,0
NDGRD_20906,0
NDGRD_20907,0
NDGRD_20908,0
NDGRD_20909,0
NDGRD_20910,0
NDGRD_20911,0
NDGRD_20912,0
NDGRD_20913,0
NDGRD_20914,0
NDGRD_20915,0
NDGRD_20916,0
NDGRD_20917,0
NDGRD_20918,0
NDGRD_20919,0
NDGRD_20920,0
NDGRD_20921,0
NDGRD_20922,0
NDGRD_20923,0
NDGRD_20924,0
NDGRD_20925,0
NDGRD_20926,0
NDGRD_20927,0
NDGRD_20928,0
NDGRD_20929,0
NDGRD_20930,0
NDGRD_20931,0
NDGRD_20932,0
NDGRD_20933,0
NDGRD_20934,0
NDGRD_20935,0
NDGRD_20936,0
NDGRD_20937,0
NDGRD_20938,0
NDGRD_20939,0
NDGRD_20940,0
NDGRD_20941,0
NDGRD_20942,0
NDGRD_20943,0
NDGRD_20944,0
NDGRD_20945,0
NDGRD_20946,0
NDGRD_20947,0
NDGRD_20948,0
NDGRD_20949,0
NDGRD_20950,0
NDGRD_20951,0
NDGRD_20952,0
NDGRD_20953,0
NDGRD_20954,0
NDGRD_20955,0
NDGRD_20956,0
NDGRD_20957,0
NDGRD_20958,0
NDGRD_20959,0
NDGRD_20960,0
NDGRD_20961,0
NDGRD_20962,0
NDGRD_20963,0
NDGRD_20964,0
NDGRD_20965,0
NDGRD_20966,0
NDGRD_20967,0
NDGRD_20968,0
NDGRD_20969,0
NDGRD_20970,0
NDGRD_20971,0
NDGRD_20972,0
NDGRD_20973,0
NDGRD_20974,0
NDGRD_20975,0
NDGRD_20976,0
NDGRD_20977,0
NDGRD_20978,0
NDGRD_20979,0
NDGRD_20980,0
NDGRD_20981,0
NDGRD_20982,0
NDGRD_20983,0
NDGRD_20984,0
NDGRD_20985,0
NDGRD_20986,0
NDGRD_20987,0
NDGRD_20988,0
NDGRD_20989,0
NDGRD_20990,0
NDGRD_20991,0
NDGRD_20992,0
NDGRD_20993,0
NDGRD_20994,0
NDGRD_20995,0
NDGRD_20996,0
NDGRD_20997,0
NDGRD_20998,0
NDGRD_20999,0
NDGRD_21000,0
NDGRD_21001,0
NDGRD_21002,0
NDGRD_21003,0
NDGRD_21004,0
NDGRD_21005,0
NDGRD_21006,0
NDGRD_21007,0
NDGRD_21008,0
NDGRD_21009,0
NDGRD_21010,0
NDGRD_21011,0
NDGRD_21012,0
NDGRD_21013,0
NDGRD_21014,0
NDGRD_21015,0
NDGRD_21016,0
NDGRD_21017,0
NDGRD_21018,0
NDGRD_21019,0
NDGRD_21020,0
NDGRD_21021,0
NDGRD_21022,0
NDGRD_21023,0
NDGRD_21024,0
NDGRD_21025,0
NDGRD_21026,0
NDGRD_21027,0
NDGRD_21028,0
NDGRD_21029,0
NDGRD_21030,0
NDGRD_21031,0
NDGRD_21032,0
NDGRD_21033,0
NDGRD_21034,0
NDGRD_21035,0
NDGRD_21036,0
NDGRD_21037,0
NDGRD_21038,0
NDGRD_21039,0
NDGRD_21040,0
NDGRD_21041,0
NDGRD_21042,0
NDGRD_21043,0
NDGRD_21044,0
NDGRD_21045,0
NDGRD_21046,0
NDGRD_21047,0
NDGRD_21048,0
NDGRD_21049,0
NDGRD_21050,0
NDGRD_21051,0
NDGRD_21052,0
NDGRD_21053,0
NDGRD_21054,0
NDGRD_21055,0
NDGRD_21056,0
NDGRD_21057,0
NDGRD_21058,0
NDGRD_21059,0
NDGRD_21060,0
NDGRD_21061,0
NDGRD_21062,0
NDGRD_21063,0
NDGRD_21064,0
NDGRD_21065,0
NDGRD_21066,0
NDGRD_21067,0
NDGRD_21068,0
NDGRD_21069,0
NDGRD_21070,0
NDGRD_21071,0
NDGRD_21072,0
NDGRD_21073,0
NDGRD_21074,0
NDGRD_21075,0
NDGRD_21076,0
NDGRD_21077,0
NDGRD_21078,0
NDGRD_21079,0
NDGRD_21080,0
NDGRD_21081,0
NDGRD_21082,0
NDGRD_21083,0
NDGRD_21084,0
NDGRD_21085,0
NDGRD_21086,0
NDGRD_21087,0
NDGRD_21088,0
NDGRD_21089,0
NDGRD_21090,0
NDGRD_21091,0
NDGRD_21092,0
NDGRD_21093,0
NDGRD_21094,0
NDGRD_21095,0
NDGRD_21096,0
NDGRD_21097,0
NDGRD_21098,0
NDGRD_21099,0
NDGRD_21100,0
NDGRD_21101,0
NDGRD_21102,0
NDGRD_21103,0
NDGRD_21104,0
NDGRD_21105,0
NDGRD_21106,0
NDGRD_21107,0
NDGRD_21108,0
NDGRD_21109,0
NDGRD_21110,0
NDGRD_21111,0
NDGRD_21112,0
NDGRD_21113,0
NDGRD_21114,0
NDGRD_21115,0
NDGRD_21116,0
NDGRD_21117,0
NDGRD_21118,0
NDGRD_21119,0
NDGRD_21120,0
NDGRD_21121,0
NDGRD_21122,0
NDGRD_21123,0
NDGRD_21124,0
NDGRD_21125,0
NDGRD_21126,0
NDGRD_21127,0
NDGRD_21128,0
NDGRD_21129,0
NDGRD_21130,0
NDGRD_21131,0
NDGRD_21132,0
NDGRD_21133,0
NDGRD_21134,0
NDGRD_21135,0
NDGRD_21136,0
NDGRD_21137,0
NDGRD_21138,0
NDGRD_21139,0
NDGRD_21140,0
NDGRD_21141,0
NDGRD_21142,0
NDGRD_21143,0
NDGRD_21144,0
NDGRD_21145,0
NDGRD_21146,0
NDGRD_21147,0
NDGRD_21148,0
NDGRD_21149,0
NDGRD_21150,0
NDGRD_21151,0
NDGRD_21152,0
NDGRD_21153,0
NDGRD_21154,0
NDGRD_21155,0
NDGRD_21156,0
NDGRD_21157,0
NDGRD_21158,0
NDGRD_21159,0
NDGRD_21160,0
NDGRD_21161,0
NDGRD_21162,0
NDGRD_21163,0
NDGRD_21164,0
NDGRD_21165,0
NDGRD_21166,0
NDGRD_21167,0
NDGRD_21168,0
NDGRD_21169,0
NDGRD_21170,0
NDGRD_21171,0
NDGRD_21172,0
NDGRD_21173,0
NDGRD_21174,0
NDGRD_21175,0
NDGRD_21176,0
NDGRD_21177,0
NDGRD_21178,0
NDGRD_21179,0
NDGRD_21180,0
NDGRD_21181,0
NDGRD_21182,0
NDGRD_21183,0
NDGRD_21184,0
NDGRD_21185,0
NDGRD_21186,0
NDGRD_21187,0
NDGRD_21188,0
NDGRD_21189,0
NDGRD_21190,0
NDGRD_21191,0
NDGRD_21192,0
NDGRD_21193,0
NDGRD_21194,0
NDGRD_21195,0
NDGRD_21196,0
NDGRD_21197,0
NDGRD_21198,0
NDGRD_21199,0
NDGRD_21200,0
NDGRD_21201,0
NDGRD_21202,0
NDGRD_21203,0
NDGRD_21204,0
NDGRD_21205,0
NDGRD_21206,0
NDGRD_21207,0
NDGRD_21208,0
NDGRD_21209,0
NDGRD_21210,0
NDGRD_21211,0
NDGRD_21212,0
NDGRD_21213,0
NDGRD_21214,0
NDGRD_21215,0
NDGRD_21216,0
NDGRD_21217,0
NDGRD_21218,0
NDGRD_21219,0
NDGRD_21220,0
NDGRD_21221,0
NDGRD_21222,0
NDGRD_21223,0
NDGRD_21224,0
NDGRD_21225,0
NDGRD_21226,0
NDGRD_21227,0
NDGRD_21228,0
NDGRD_21229,0
NDGRD_21230,0
NDGRD_21231,0
NDGRD_21232,0
NDGRD_21233,0
NDGRD_21234,0
NDGRD_21235,0
NDGRD_21236,0
NDGRD_21237,0
NDGRD_21238,0
NDGRD_21239,0
NDGRD_21240,0
NDGRD_21241,0
NDGRD_21242,0
NDGRD_21243,0
NDGRD_21244,0
NDGRD_21245,0
NDGRD_21246,0
NDGRD_21247,0
NDGRD_21248,0
NDGRD_21249,0
NDGRD_21250,0
NDGRD_21251,0
NDGRD_21252,0
NDGRD_21253,0
NDGRD_21254,0
NDGRD_21255,0
NDGRD_21256,0
NDGRD_21257,0
NDGRD_21258,0
NDGRD_21259,0
NDGRD_21260,0
NDGRD_21261,0
NDGRD_21262,0
NDGRD_21263,0
NDGRD_21264,0
NDGRD_21265,0
NDGRD_21266,0
NDGRD_21267,0
NDGRD_21268,0
NDGRD_21269,0
NDGRD_21270,0
NDGRD_21271,0
NDGRD_21272,0
NDGRD_21273,0
NDGRD_21274,0
NDGRD_21275,0
NDGRD_21276,0
NDGRD_21277,0
NDGRD_21278,0
NDGRD_21279,0
NDGRD_21280,0
NDGRD_21281,0
NDGRD_21282,0
NDGRD_21283,0
NDGRD_21284,0
NDGRD_21285,0
NDGRD_21286,0
NDGRD_21287,0
NDGRD_21288,0
NDGRD_21289,0
NDGRD_21290,0
NDGRD_21291,0
NDGRD_21292,0
NDGRD_21293,0
NDGRD_21294,0
NDGRD_21295,0
NDGRD_21296,0
NDGRD_21297,0
NDGRD_21298,0
NDGRD_21299,0
NDGRD_21300,0
NDGRD_21301,0
NDGRD_21302,0
NDGRD_21303,0
NDGRD_21304,0
NDGRD_21305,0
NDGRD_21306,0
NDGRD_21307,0
NDGRD_21308,0
NDGRD_21309,0
NDGRD_21310,0
NDGRD_21311,0
NDGRD_21312,0
NDGRD_21313,0
NDGRD_21314,0
NDGRD_21315,0
NDGRD_21316,0
NDGRD_21317,0
NDGRD_21318,0
NDGRD_21319,0
NDGRD_21320,0
NDGRD_21321,0
NDGRD_21322,0
NDGRD_21323,0
NDGRD_21324,0
NDGRD_21325,0
NDGRD_21326,0
NDGRD_21327,0
NDGRD_21328,0
NDGRD_21329,0
NDGRD_21330,0
NDGRD_21331,0
NDGRD_21332,0
NDGRD_21333,0
NDGRD_21334,0
NDGRD_21335,0
NDGRD_21336,0
NDGRD_21337,0
NDGRD_21338,0
NDGRD_21339,0
NDGRD_21340,0
NDGRD_21341,0
NDGRD_21342,0
NDGRD_21343,0
NDGRD_21344,0
NDGRD_21345,0
NDGRD_21346,0
NDGRD_21347,0
NDGRD_21348,0
NDGRD_21349,0
NDGRD_21350,0
NDGRD_21351,0
NDGRD_21352,0
NDGRD_21353,0
NDGRD_21354,0
NDGRD_21355,0
NDGRD_21356,0
NDGRD_21357,0
NDGRD_21358,0
NDGRD_21359,0
NDGRD_21360,0
NDGRD_21361,0
NDGRD_21362,0
NDGRD_21363,0
NDGRD_21364,0
NDGRD_21365,0
NDGRD_21366,0
NDGRD_21367,0
NDGRD_21368,0
NDGRD_21369,0
NDGRD_21370,0
NDGRD_21371,0
NDGRD_21372,0
NDGRD_21373,0
NDGRD_21374,0
NDGRD_21375,0
NDGRD_21376,0
NDGRD_21377,0
NDGRD_21378,0
NDGRD_21379,0
NDGRD_21380,0
NDGRD_21381,0
NDGRD_21382,0
NDGRD_21383,0
NDGRD_21384,0
NDGRD_21385,0
NDGRD_21386,0
NDGRD_21387,0
NDGRD_21388,0
NDGRD_21389,0
NDGRD_21390,0
NDGRD_21391,0
NDGRD_21392,0
NDGRD_21393,0
NDGRD_21394,0
NDGRD_21395,0
NDGRD_21396,0
NDGRD_21397,0
NDGRD_21398,0
NDGRD_21399,0
NDGRD_21400,0
NDGRD_21401,0
NDGRD_21402,0
NDGRD_21403,0
NDGRD_21404,0
NDGRD_21405,0
NDGRD_21406,0
NDGRD_21407,0
NDGRD_21408,0
NDGRD_21409,0
NDGRD_21410,0
NDGRD_21411,0
NDGRD_21412,0
NDGRD_21413,0
NDGRD_21414,0
NDGRD_21415,0
NDGRD_21416,0
NDGRD_21417,0
NDGRD_21418,0
NDGRD_21419,0
NDGRD_21420,0
NDGRD_21421,0
NDGRD_21422,0
NDGRD_21423,0
NDGRD_21424,0
NDGRD_21425,0
NDGRD_21426,0
NDGRD_21427,0
NDGRD_21428,0
NDGRD_21429,0
NDGRD_21430,0
NDGRD_21431,0
NDGRD_21432,0
NDGRD_21433,0
NDGRD_21434,0
NDGRD_21435,0
NDGRD_21436,0
NDGRD_21437,0
NDGRD_21438,0
NDGRD_21439,0
NDGRD_21440,0
NDGRD_21441,0
NDGRD_21442,0
NDGRD_21443,0
NDGRD_21444,0
NDGRD_21445,0
NDGRD_21446,0
NDGRD_21447,0
NDGRD_21448,0
NDGRD_21449,0
NDGRD_21450,0
NDGRD_21451,0
NDGRD_21452,0
NDGRD_21453,0
NDGRD_21454,0
NDGRD_21455,0
NDGRD_21456,0
NDGRD_21457,0
NDGRD_21458,0
NDGRD_21459,0
NDGRD_21460,0
NDGRD_21461,0
NDGRD_21462,0
NDGRD_21463,0
NDGRD_21464,0
NDGRD_21465,0
NDGRD_21466,0
NDGRD_21467,0
NDGRD_21468,0
NDGRD_21469,0
NDGRD_21470,0
NDGRD_21471,0
NDGRD_21472,0
NDGRD_21473,0
NDGRD_21474,0
NDGRD_21475,0
NDGRD_21476,0
NDGRD_21477,0
NDGRD_21478,0
NDGRD_21479,0
NDGRD_21480,0
NDGRD_21481,0
NDGRD_21482,0
NDGRD_21483,0
NDGRD_21484,0
NDGRD_21485,0
NDGRD_21486,0
NDGRD_21487,0
NDGRD_21488,0
NDGRD_21489,0
NDGRD_21490,0
NDGRD_21491,0
NDGRD_21492,0
NDGRD_21493,0
NDGRD_21494,0
NDGRD_21495,0
NDGRD_21496,0
NDGRD_21497,0
NDGRD_21498,0
NDGRD_21499,0
NDGRD_21500,0
NDGRD_21501,0
NDGRD_21502,0
NDGRD_21503,0
NDGRD_21504,0
NDGRD_21505,0
NDGRD_21506,0
NDGRD_21507,0
NDGRD_21508,0
NDGRD_21509,0
NDGRD_21510,0
NDGRD_21511,0
NDGRD_21512,0
NDGRD_21513,0
NDGRD_21514,0
NDGRD_21515,0
NDGRD_21516,0
NDGRD_21517,0
NDGRD_21518,0
NDGRD_21519,0
NDGRD_21520,0
NDGRD_21521,0
NDGRD_21522,0
NDGRD_21523,0
NDGRD_21524,0
NDGRD_21525,0
NDGRD_21526,0
NDGRD_21527,0
NDGRD_21528,0
NDGRD_21529,0
NDGRD_21530,0
NDGRD_21531,0
NDGRD_21532,0
NDGRD_21533,0
NDGRD_21534,0
NDGRD_21535,0
NDGRD_21536,0
NDGRD_21537,0
NDGRD_21538,0
NDGRD_21539,0
NDGRD_21540,0
NDGRD_21541,0
NDGRD_21542,0
NDGRD_21543,0
NDGRD_21544,0
NDGRD_21545,0
NDGRD_21546,0
NDGRD_21547,0
NDGRD_21548,0
NDGRD_21549,0
NDGRD_21550,0
NDGRD_21551,0
NDGRD_21552,0
NDGRD_21553,0
NDGRD_21554,0
NDGRD_21555,0
NDGRD_21556,0
NDGRD_21557,0
NDGRD_21558,0
NDGRD_21559,0
NDGRD_21560,0
NDGRD_21561,0
NDGRD_21562,0
NDGRD_21563,0
NDGRD_21564,0
NDGRD_21565,0
NDGRD_21566,0
NDGRD_21567,0
NDGRD_21568,0
NDGRD_21569,0
NDGRD_21570,0
NDGRD_21571,0
NDGRD_21572,0
NDGRD_21573,0
NDGRD_21574,0
NDGRD_21575,0
NDGRD_21576,0
NDGRD_21577,0
NDGRD_21578,0
NDGRD_21579,0
NDGRD_21580,0
NDGRD_21581,0
NDGRD_21582,0
NDGRD_21583,0
NDGRD_21584,0
NDGRD_21585,0
NDGRD_21586,0
NDGRD_21587,0
NDGRD_21588,0
NDGRD_21589,0
NDGRD_21590,0
NDGRD_21591,0
NDGRD_21592,0
NDGRD_21593,0
NDGRD_21594,0
NDGRD_21595,0
NDGRD_21596,0
NDGRD_21597,0
NDGRD_21598,0
NDGRD_21599,0
NDGRD_21600,0
NDGRD_21601,0
NDGRD_21602,0
NDGRD_21603,0
NDGRD_21604,0
NDGRD_21605,0
NDGRD_21606,0
NDGRD_21607,0
NDGRD_21608,0
NDGRD_21609,0
NDGRD_21610,0
NDGRD_21611,0
NDGRD_21612,0
NDGRD_21613,0
NDGRD_21614,0
NDGRD_21615,0
NDGRD_21616,0
NDGRD_21617,0
NDGRD_21618,0
NDGRD_21619,0
NDGRD_21620,0
NDGRD_21621,0
NDGRD_21622,0
NDGRD_21623,0
NDGRD_21624,0
NDGRD_21625,0
NDGRD_21626,0
NDGRD_21627,0
NDGRD_21628,0
NDGRD_21629,0
NDGRD_21630,0
NDGRD_21631,0
NDGRD_21632,0
NDGRD_21633,0
NDGRD_21634,0
NDGRD_21635,0
NDGRD_21636,0
NDGRD_21637,0
NDGRD_21638,0
NDGRD_21639,0
NDGRD_21640,0
NDGRD_21641,0
NDGRD_21642,0
NDGRD_21643,0
NDGRD_21644,0
NDGRD_21645,0
NDGRD_21646,0
NDGRD_21647,0
NDGRD_21648,0
NDGRD_21649,0
NDGRD_21650,0
NDGRD_21651,0
NDGRD_21652,0
NDGRD_21653,0
NDGRD_21654,0
NDGRD_21655,0
NDGRD_21656,0
NDGRD_21657,0
NDGRD_21658,0
NDGRD_21659,0
NDGRD_21660,0
NDGRD_21661,0
NDGRD_21662,0
NDGRD_21663,0
NDGRD_21664,0
NDGRD_21665,0
NDGRD_21666,0
NDGRD_21667,0
NDGRD_21668,0
NDGRD_21669,0
NDGRD_21670,0
NDGRD_21671,0
NDGRD_21672,0
NDGRD_21673,0
NDGRD_21674,0
NDGRD_21675,0
NDGRD_21676,0
NDGRD_21677,0
NDGRD_21678,0
NDGRD_21679,0
NDGRD_21680,0
NDGRD_21681,0
NDGRD_21682,0
NDGRD_21683,0
NDGRD_21684,0
NDGRD_21685,0
NDGRD_21686,0
NDGRD_21687,0
NDGRD_21688,0
NDGRD_21689,0
NDGRD_21690,0
NDGRD_21691,0
NDGRD_21692,0
NDGRD_21693,0
NDGRD_21694,0
NDGRD_21695,0
NDGRD_21696,0
NDGRD_21697,0
NDGRD_21698,0
NDGRD_21699,0
NDGRD_21700,0
NDGRD_21701,0
NDGRD_21702,0
NDGRD_21703,0
NDGRD_21704,0
NDGRD_21705,0
NDGRD_21706,0
NDGRD_21707,0
NDGRD_21708,0
NDGRD_21709,0
NDGRD_21710,0
NDGRD_21711,0
NDGRD_21712,0
NDGRD_21713,0
NDGRD_21714,0
NDGRD_21715,0
NDGRD_21716,0
NDGRD_21717,0
NDGRD_21718,0
NDGRD_21719,0
NDGRD_21720,0
NDGRD_21721,0
NDGRD_21722,0
NDGRD_21723,0
NDGRD_21724,0
NDGRD_21725,0
NDGRD_21726,0
NDGRD_21727,0
NDGRD_21728,0
NDGRD_21729,0
NDGRD_21730,0
NDGRD_21731,0
NDGRD_21732,0
NDGRD_21733,0
NDGRD_21734,0
NDGRD_21735,0
NDGRD_21736,0
NDGRD_21737,0
NDGRD_21738,0
NDGRD_21739,0
NDGRD_21740,0
NDGRD_21741,0
NDGRD_21742,0
NDGRD_21743,0
NDGRD_21744,0
NDGRD_21745,0
NDGRD_21746,0
NDGRD_21747,0
NDGRD_21748,0
NDGRD_21749,0
NDGRD_21750,0
NDGRD_21751,0
NDGRD_21752,0
NDGRD_21753,0
NDGRD_21754,0
NDGRD_21755,0
NDGRD_21756,0
NDGRD_21757,0
NDGRD_21758,0
NDGRD_21759,0
NDGRD_21760,0
NDGRD_21761,0
NDGRD_21762,0
NDGRD_21763,0
NDGRD_21764,0
NDGRD_21765,0
NDGRD_21766,0
NDGRD_21767,0
NDGRD_21768,0
NDGRD_21769,0
NDGRD_21770,0
NDGRD_21771,0
NDGRD_21772,0
NDGRD_21773,0
NDGRD_21774,0
NDGRD_21775,0
NDGRD_21776,0
NDGRD_21777,0
NDGRD_21778,0
NDGRD_21779,0
NDGRD_21780,0
NDGRD_21781,0
NDGRD_21782,0
NDGRD_21783,0
NDGRD_21784,0
NDGRD_21785,0
NDGRD_21786,0
NDGRD_21787,0
NDGRD_21788,0
NDGRD_21789,0
NDGRD_21790,0
NDGRD_21791,0
NDGRD_21792,0
NDGRD_21793,0
NDGRD_21794,0
NDGRD_21795,0
NDGRD_21796,0
NDGRD_21797,0
NDGRD_21798,0
NDGRD_21799,0
NDGRD_21800,0
NDGRD_21801,0
NDGRD_21802,0
NDGRD_21803,0
NDGRD_21804,0
NDGRD_21805,0
NDGRD_21806,0
NDGRD_21807,0
NDGRD_21808,0
NDGRD_21809,0
NDGRD_21810,0
NDGRD_21811,0
NDGRD_21812,0
NDGRD_21813,0
NDGRD_21814,0
NDGRD_21815,0
NDGRD_21816,0
NDGRD_21817,0
NDGRD_21818,0
NDGRD_21819,0
NDGRD_21820,0
NDGRD_21821,0
NDGRD_21822,0
NDGRD_21823,0
NDGRD_21824,0
NDGRD_21825,0
NDGRD_21826,0
NDGRD_21827,0
NDGRD_21828,0
NDGRD_21829,0
NDGRD_21830,0
NDGRD_21831,0
NDGRD_21832,0
NDGRD_21833,0
NDGRD_21834,0
NDGRD_21835,0
NDGRD_21836,0
NDGRD_21837,0
NDGRD_21838,0
NDGRD_21839,0
NDGRD_21840,0
NDGRD_21841,0
NDGRD_21842,0
NDGRD_21843,0
NDGRD_21844,0
NDGRD_21845,0
NDGRD_21846,0
NDGRD_21847,0
NDGRD_21848,0
NDGRD_21849,0
NDGRD_21850,0
NDGRD_21851,0
NDGRD_21852,0
NDGRD_21853,0
NDGRD_21854,0
NDGRD_21855,0
NDGRD_21856,0
NDGRD_21857,0
NDGRD_21858,0
NDGRD_21859,0
NDGRD_21860,0
NDGRD_21861,0
NDGRD_21862,0
NDGRD_21863,0
NDGRD_21864,0
NDGRD_21865,0
NDGRD_21866,0
NDGRD_21867,0
NDGRD_21868,0
NDGRD_21869,0
NDGRD_21870,0
NDGRD_21871,0
NDGRD_21872,0
NDGRD_21873,0
NDGRD_21874,0
NDGRD_21875,0
NDGRD_21876,0
NDGRD_21877,0
NDGRD_21878,0
NDGRD_21879,0
NDGRD_21880,0
NDGRD_21881,0
NDGRD_21882,0
NDGRD_21883,0
NDGRD_21884,0
NDGRD_21885,0
NDGRD_21886,0
NDGRD_21887,0
NDGRD_21888,0
NDGRD_21889,0
NDGRD_21890,0
NDGRD_21891,0
NDGRD_21892,0
NDGRD_21893,0
NDGRD_21894,0
NDGRD_21895,0
NDGRD_21896,0
NDGRD_21897,0
NDGRD_21898,0
NDGRD_21899,0
NDGRD_21900,0
NDGRD_21901,0
NDGRD_21902,0
NDGRD_21903,0
NDGRD_21904,0
NDGRD_21905,0
NDGRD_21906,0
NDGRD_21907,0
NDGRD_21908,0
NDGRD_21909,0
NDGRD_21910,0
NDGRD_21911,0
NDGRD_21912,0
NDGRD_21913,0
NDGRD_21914,0
NDGRD_21915,0
NDGRD_21916,0
NDGRD_21917,0
NDGRD_21918,0
NDGRD_21919,0
NDGRD_21920,0
NDGRD_21921,0
NDGRD_21922,0
NDGRD_21923,0
NDGRD_21924,0
NDGRD_21925,0
NDGRD_21926,0
NDGRD_21927,0
NDGRD_21928,0
NDGRD_21929,0
NDGRD_21930,0
NDGRD_21931,0
NDGRD_21932,0
NDGRD_21933,0
NDGRD_21934,0
NDGRD_21935,0
NDGRD_21936,0
NDGRD_21937,0
NDGRD_21938,0
NDGRD_21939,0
NDGRD_21940,0
NDGRD_21941,0
NDGRD_21942,0
NDGRD_21943,0
NDGRD_21944,0
NDGRD_21945,0
NDGRD_21946,0
NDGRD_21947,0
NDGRD_21948,0
NDGRD_21949,0
NDGRD_21950,0
NDGRD_21951,0
NDGRD_21952,0
NDGRD_21953,0
NDGRD_21954,0
NDGRD_21955,0
NDGRD_21956,0
NDGRD_21957,0
NDGRD_21958,0
NDGRD_21959,0
NDGRD_21960,0
NDGRD_21961,0
NDGRD_21962,0
NDGRD_21963,0
NDGRD_21964,0
NDGRD_21965,0
NDGRD_21966,0
NDGRD_21967,0
NDGRD_21968,0
NDGRD_21969,0
NDGRD_21970,0
NDGRD_21971,0
NDGRD_21972,0
NDGRD_21973,0
NDGRD_21974,0
NDGRD_21975,0
NDGRD_21976,0
NDGRD_21977,0
NDGRD_21978,0
NDGRD_21979,0
NDGRD_21980,0
NDGRD_21981,0
NDGRD_21982,0
NDGRD_21983,0
NDGRD_21984,0
NDGRD_21985,0
NDGRD_21986,0
NDGRD_21987,0
NDGRD_21988,0
NDGRD_21989,0
NDGRD_21990,0
NDGRD_21991,0
NDGRD_21992,0
NDGRD_21993,0
NDGRD_21994,0
NDGRD_21995,0
NDGRD_21996,0
NDGRD_21997,0
NDGRD_21998,0
NDGRD_21999,0
NDGRD_22000,0
NDGRD_22001,0
NDGRD_22002,0
NDGRD_22003,0
NDGRD_22004,0
NDGRD_22005,0
NDGRD_22006,0
NDGRD_22007,0
NDGRD_22008,0
NDGRD_22009,0
NDGRD_22010,0
NDGRD_22011,0
NDGRD_22012,0
NDGRD_22013,0
NDGRD_22014,0
NDGRD_22015,0
NDGRD_22016,0
NDGRD_22017,0
NDGRD_22018,0
NDGRD_22019,0
NDGRD_22020,0
NDGRD_22021,0
NDGRD_22022,0
NDGRD_22023,0
NDGRD_22024,0
NDGRD_22025,0
NDGRD_22026,0
NDGRD_22027,0
NDGRD_22028,0
NDGRD_22029,0
NDGRD_22030,0
NDGRD_22031,0
NDGRD_22032,0
NDGRD_22033,0
NDGRD_22034,0
NDGRD_22035,0
NDGRD_22036,0
NDGRD_22037,0
NDGRD_22038,0
NDGRD_22039,0
NDGRD_22040,0
NDGRD_22041,0
NDGRD_22042,0
NDGRD_22043,0
NDGRD_22044,0
NDGRD_22045,0
NDGRD_22046,0
NDGRD_22047,0
NDGRD_22048,0
NDGRD_22049,0
NDGRD_22050,0
NDGRD_22051,0
NDGRD_22052,0
NDGRD_22053,0
NDGRD_22054,0
NDGRD_22055,0
NDGRD_22056,0
NDGRD_22057,0
NDGRD_22058,0
NDGRD_22059,0
NDGRD_22060,0
NDGRD_22061,0
NDGRD_22062,0
NDGRD_22063,0
NDGRD_22064,0
NDGRD_22065,0
NDGRD_22066,0
NDGRD_22067,0
NDGRD_22068,0
NDGRD_22069,0
NDGRD_22070,0
NDGRD_22071,0
NDGRD_22072,0
NDGRD_22073,0
NDGRD_22074,0
NDGRD_22075,0
NDGRD_22076,0
NDGRD_22077,0
NDGRD_22078,0
NDGRD_22079,0
NDGRD_22080,0
NDGRD_22081,0
NDGRD_22082,0
NDGRD_22083,0
NDGRD_22084,0
NDGRD_22085,0
NDGRD_22086,0
NDGRD_22087,0
NDGRD_22088,0
NDGRD_22089,0
NDGRD_22090,0
NDGRD_22091,0
NDGRD_22092,0
NDGRD_22093,0
NDGRD_22094,0
NDGRD_22095,0
NDGRD_22096,0
NDGRD_22097,0
NDGRD_22098,0
NDGRD_22099,0
NDGRD_22100,0
NDGRD_22101,0
NDGRD_22102,0
NDGRD_22103,0
NDGRD_22104,0
NDGRD_22105,0
NDGRD_22106,0
NDGRD_22107,0
NDGRD_22108,0
NDGRD_22109,0
NDGRD_22110,0
NDGRD_22111,0
NDGRD_22112,0
NDGRD_22113,0
NDGRD_22114,0
NDGRD_22115,0
NDGRD_22116,0
NDGRD_22117,0
NDGRD_22118,0
NDGRD_22119,0
NDGRD_22120,0
NDGRD_22121,0
NDGRD_22122,0
NDGRD_22123,0
NDGRD_22124,0
NDGRD_22125,0
NDGRD_22126,0
NDGRD_22127,0
NDGRD_22128,0
NDGRD_22129,0
NDGRD_22130,0
NDGRD_22131,0
NDGRD_22132,0
NDGRD_22133,0
NDGRD_22134,0
NDGRD_22135,0
NDGRD_22136,0
NDGRD_22137,0
NDGRD_22138,0
NDGRD_22139,0
NDGRD_22140,0
NDGRD_22141,0
NDGRD_22142,0
NDGRD_22143,0
NDGRD_22144,0
NDGRD_22145,0
NDGRD_22146,0
NDGRD_22147,0
NDGRD_22148,0
NDGRD_22149,0
NDGRD_22150,0
NDGRD_22151,0
NDGRD_22152,0
NDGRD_22153,0
NDGRD_22154,0
NDGRD_22155,0
NDGRD_22156,0
NDGRD_22157,0
NDGRD_22158,0
NDGRD_22159,0
NDGRD_22160,0
NDGRD_22161,0
NDGRD_22162,0
NDGRD_22163,0
NDGRD_22164,0
NDGRD_22165,0
NDGRD_22166,0
NDGRD_22167,0
NDGRD_22168,0
NDGRD_22169,0
NDGRD_22170,0
NDGRD_22171,0
NDGRD_22172,0
NDGRD_22173,0
NDGRD_22174,0
NDGRD_22175,0
NDGRD_22176,0
NDGRD_22177,0
NDGRD_22178,0
NDGRD_22179,0
NDGRD_22180,0
NDGRD_22181,0
NDGRD_22182,0
NDGRD_22183,0
NDGRD_22184,0
NDGRD_22185,0
NDGRD_22186,0
NDGRD_22187,0
NDGRD_22188,0
NDGRD_22189,0
NDGRD_22190,0
NDGRD_22191,0
NDGRD_22192,0
NDGRD_22193,0
NDGRD_22194,0
NDGRD_22195,0
NDGRD_22196,0
NDGRD_22197,0
NDGRD_22198,0
NDGRD_22199,0
NDGRD_22200,0
NDGRD_22201,0
NDGRD_22202,0
NDGRD_22203,0
NDGRD_22204,0
NDGRD_22205,0
NDGRD_22206,0
NDGRD_22207,0
NDGRD_22208,0
NDGRD_22209,0
NDGRD_22210,0
NDGRD_22211,0
NDGRD_22212,0
NDGRD_22213,0
NDGRD_22214,0
NDGRD_22215,0
NDGRD_22216,0
NDGRD_22217,0
NDGRD_22218,0
NDGRD_22219,0
NDGRD_22220,0
NDGRD_22221,0
NDGRD_22222,0
NDGRD_22223,0
NDGRD_22224,0
NDGRD_22225,0
NDGRD_22226,0
NDGRD_22227,0
NDGRD_22228,0
NDGRD_22229,0
NDGRD_22230,0
NDGRD_22231,0
NDGRD_22232,0
NDGRD_22233,0
NDGRD_22234,0
NDGRD_22235,0
NDGRD_22236,0
NDGRD_22237,0
NDGRD_22238,0
NDGRD_22239,0
NDGRD_22240,0
NDGRD_22241,0
NDGRD_22242,0
NDGRD_22243,0
NDGRD_22244,0
NDGRD_22245,0
NDGRD_22246,0
NDGRD_22247,0
NDGRD_22248,0
NDGRD_22249,0
NDGRD_22250,0
NDGRD_22251,0
NDGRD_22252,0
NDGRD_22253,0
NDGRD_22254,0
NDGRD_22255,0
NDGRD_22256,0
NDGRD_22257,0
NDGRD_22258,0
NDGRD_22259,0
NDGRD_22260,0
NDGRD_22261,0
NDGRD_22262,0
NDGRD_22263,0
NDGRD_22264,0
NDGRD_22265,0
NDGRD_22266,0
NDGRD_22267,0
NDGRD_22268,0
NDGRD_22269,0
NDGRD_22270,0
NDGRD_22271,0
NDGRD_22272,0
NDGRD_22273,0
NDGRD_22274,0
NDGRD_22275,0
NDGRD_22276,0
NDGRD_22277,0
NDGRD_22278,0
NDGRD_22279,0
NDGRD_22280,0
NDGRD_22281,0
NDGRD_22282,0
NDGRD_22283,0
NDGRD_22284,0
NDGRD_22285,0
NDGRD_22286,0
NDGRD_22287,0
NDGRD_22288,0
NDGRD_22289,0
NDGRD_22290,0
NDGRD_22291,0
NDGRD_22292,0
NDGRD_22293,0
NDGRD_22294,0
NDGRD_22295,0
NDGRD_22296,0
NDGRD_22297,0
NDGRD_22298,0
NDGRD_22299,0
NDGRD_22300,0
NDGRD_22301,0
NDGRD_22302,0
NDGRD_22303,0
NDGRD_22304,0
NDGRD_22305,0
NDGRD_22306,0
NDGRD_22307,0
NDGRD_22308,0
NDGRD_22309,0
NDGRD_22310,0
NDGRD_22311,0
NDGRD_22312,0
NDGRD_22313,0
NDGRD_22314,0
NDGRD_22315,0
NDGRD_22316,0
NDGRD_22317,0
NDGRD_22318,0
NDGRD_22319,0
NDGRD_22320,0
NDGRD_22321,0
NDGRD_22322,0
NDGRD_22323,0
NDGRD_22324,0
NDGRD_22325,0
NDGRD_22326,0
NDGRD_22327,0
NDGRD_22328,0
NDGRD_22329,0
NDGRD_22330,0
NDGRD_22331,0
NDGRD_22332,0
NDGRD_22333,0
NDGRD_22334,0
NDGRD_22335,0
NDGRD_22336,0
NDGRD_22337,0
NDGRD_22338,0
NDGRD_22339,0
NDGRD_22340,0
NDGRD_22341,0
NDGRD_22342,0
NDGRD_22343,0
NDGRD_22344,0
NDGRD_22345,0
NDGRD_22346,0
NDGRD_22347,0
NDGRD_22348,0
NDGRD_22349,0
NDGRD_22350,0
NDGRD_22351,0
NDGRD_22352,0
NDGRD_22353,0
NDGRD_22354,0
NDGRD_22355,0
NDGRD_22356,0
NDGRD_22357,0
NDGRD_22358,0
NDGRD_22359,0
NDGRD_22360,0
NDGRD_22361,0
NDGRD_22362,0
NDGRD_22363,0
NDGRD_22364,0
NDGRD_22365,0
NDGRD_22366,0
NDGRD_22367,0
NDGRD_22368,0
NDGRD_22369,0
NDGRD_22370,0
NDGRD_22371,0
NDGRD_22372,0
NDGRD_22373,0
NDGRD_22374,0
NDGRD_22375,0
NDGRD_22376,0
NDGRD_22377,0
NDGRD_22378,0
NDGRD_22379,0
NDGRD_22380,0
NDGRD_22381,0
NDGRD_22382,0
NDGRD_22383,0
NDGRD_22384,0
NDGRD_22385,0
NDGRD_22386,0
NDGRD_22387,0
NDGRD_22388,0
NDGRD_22389,0
NDGRD_22390,0
NDGRD_22391,0
NDGRD_22392,0
NDGRD_22393,0
NDGRD_22394,0
NDGRD_22395,0
NDGRD_22396,0
NDGRD_22397,0
NDGRD_22398,0
NDGRD_22399,0
NDGRD_22400,0
NDGRD_22401,0
NDGRD_22402,0
NDGRD_22403,0
NDGRD_22404,0
NDGRD_22405,0
NDGRD_22406,0
NDGRD_22407,0
NDGRD_22408,0
NDGRD_22409,0
NDGRD_22410,0
NDGRD_22411,0
NDGRD_22412,0
NDGRD_22413,0
NDGRD_22414,0
NDGRD_22415,0
NDGRD_22416,0
NDGRD_22417,0
NDGRD_22418,0
NDGRD_22419,0
NDGRD_22420,0
NDGRD_22421,0
NDGRD_22422,0
NDGRD_22423,0
NDGRD_22424,0
NDGRD_22425,0
NDGRD_22426,0
NDGRD_22427,0
NDGRD_22428,0
NDGRD_22429,0
NDGRD_22430,0
NDGRD_22431,0
NDGRD_22432,0
NDGRD_22433,0
NDGRD_22434,0
NDGRD_22435,0
NDGRD_22436,0
NDGRD_22437,0
NDGRD_22438,0
NDGRD_22439,0
NDGRD_22440,0
NDGRD_22441,0
NDGRD_22442,0
NDGRD_22443,0
NDGRD_22444,0
NDGRD_22445,0
NDGRD_22446,0
NDGRD_22447,0
NDGRD_22448,0
NDGRD_22449,0
NDGRD_22450,0
NDGRD_22451,0
NDGRD_22452,0
NDGRD_22453,0
NDGRD_22454,0
NDGRD_22455,0
NDGRD_22456,0
NDGRD_22457,0
NDGRD_22458,0
NDGRD_22459,0
NDGRD_22460,0
NDGRD_22461,0
NDGRD_22462,0
NDGRD_22463,0
NDGRD_22464,0
NDGRD_22465,0
NDGRD_22466,0
NDGRD_22467,0
NDGRD_22468,0
NDGRD_22469,0
NDGRD_22470,0
NDGRD_22471,0
NDGRD_22472,0
NDGRD_22473,0
NDGRD_22474,0
NDGRD_22475,0
NDGRD_22476,0
NDGRD_22477,0
NDGRD_22478,0
NDGRD_22479,0
NDGRD_22480,0
NDGRD_22481,0
NDGRD_22482,0
NDGRD_22483,0
NDGRD_22484,0
NDGRD_22485,0
NDGRD_22486,0
NDGRD_22487,0
NDGRD_22488,0
NDGRD_22489,0
NDGRD_22490,0
NDGRD_22491,0
NDGRD_22492,0
NDGRD_22493,0
NDGRD_22494,0
NDGRD_22495,0
NDGRD_22496,0
NDGRD_22497,0
NDGRD_22498,0
NDGRD_22499,0
NDGRD_22500,0
NDGRD_22501,0
NDGRD_22502,0
NDGRD_22503,0
NDGRD_22504,0
NDGRD_22505,0
NDGRD_22506,0
NDGRD_22507,0
NDGRD_22508,0
NDGRD_22509,0
NDGRD_22510,0
NDGRD_22511,0
NDGRD_22512,0
NDGRD_22513,0
NDGRD_22514,0
NDGRD_22515,0
NDGRD_22516,0
NDGRD_22517,0
NDGRD_22518,0
NDGRD_22519,0
NDGRD_22520,0
NDGRD_22521,0
NDGRD_22522,0
NDGRD_22523,0
NDGRD_22524,0
NDGRD_22525,0
NDGRD_22526,0
NDGRD_22527,0
NDGRD_22528,0
NDGRD_22529,0
NDGRD_22530,0
NDGRD_22531,0
NDGRD_22532,0
NDGRD_22533,0
NDGRD_22534,0
NDGRD_22535,0
NDGRD_22536,0
NDGRD_22537,0
NDGRD_22538,0
NDGRD_22539,0
NDGRD_22540,0
NDGRD_22541,0
NDGRD_22542,0
NDGRD_22543,0
NDGRD_22544,0
NDGRD_22545,0
NDGRD_22546,0
NDGRD_22547,0
NDGRD_22548,0
NDGRD_22549,0
NDGRD_22550,0
NDGRD_22551,0
NDGRD_22552,0
NDGRD_22553,0
NDGRD_22554,0
NDGRD_22555,0
NDGRD_22556,0
NDGRD_22557,0
NDGRD_22558,0
NDGRD_22559,0
NDGRD_22560,0
NDGRD_22561,0
NDGRD_22562,0
NDGRD_22563,0
NDGRD_22564,0
NDGRD_22565,0
NDGRD_22566,0
NDGRD_22567,0
NDGRD_22568,0
NDGRD_22569,0
NDGRD_22570,0
NDGRD_22571,0
NDGRD_22572,0
NDGRD_22573,0
NDGRD_22574,0
NDGRD_22575,0
NDGRD_22576,0
NDGRD_22577,0
NDGRD_22578,0
NDGRD_22579,0
NDGRD_22580,0
NDGRD_22581,0
NDGRD_22582,0
NDGRD_22583,0
NDGRD_22584,0
NDGRD_22585,0
NDGRD_22586,0
NDGRD_22587,0
NDGRD_22588,0
NDGRD_22589,0
NDGRD_22590,0
NDGRD_22591,0
NDGRD_22592,0
NDGRD_22593,0
NDGRD_22594,0
NDGRD_22595,0
NDGRD_22596,0
NDGRD_22597,0
NDGRD_22598,0
NDGRD_22599,0
NDGRD_22600,0
NDGRD_22601,0
NDGRD_22602,0
NDGRD_22603,0
NDGRD_22604,0
NDGRD_22605,0
NDGRD_22606,0
NDGRD_22607,0
NDGRD_22608,0
NDGRD_22609,0
NDGRD_22610,0
NDGRD_22611,0
NDGRD_22612,0
NDGRD_22613,0
NDGRD_22614,0
NDGRD_22615,0
NDGRD_22616,0
NDGRD_22617,0
NDGRD_22618,0
NDGRD_22619,0
NDGRD_22620,0
NDGRD_22621,0
NDGRD_22622,0
NDGRD_22623,0
NDGRD_22624,0
NDGRD_22625,0
NDGRD_22626,0
NDGRD_22627,0
NDGRD_22628,0
NDGRD_22629,0
NDGRD_22630,0
NDGRD_22631,0
NDGRD_22632,0
NDGRD_22633,0
NDGRD_22634,0
NDGRD_22635,0
NDGRD_22636,0
NDGRD_22637,0
NDGRD_22638,0
NDGRD_22639,0
NDGRD_22640,0
NDGRD_22641,0
NDGRD_22642,0
NDGRD_22643,0
NDGRD_22644,0
NDGRD_22645,0
NDGRD_22646,0
NDGRD_22647,0
NDGRD_22648,0
NDGRD_22649,0
NDGRD_22650,0
NDGRD_22651,0
NDGRD_22652,0
NDGRD_22653,0
NDGRD_22654,0
NDGRD_22655,0
NDGRD_22656,0
NDGRD_22657,0
NDGRD_22658,0
NDGRD_22659,0
NDGRD_22660,0
NDGRD_22661,0
NDGRD_22662,0
NDGRD_22663,0
NDGRD_22664,0
NDGRD_22665,0
NDGRD_22666,0
NDGRD_22667,0
NDGRD_22668,0
NDGRD_22669,0
NDGRD_22670,0
NDGRD_22671,0
NDGRD_22672,0
NDGRD_22673,0
NDGRD_22674,0
NDGRD_22675,0
NDGRD_22676,0
NDGRD_22677,0
NDGRD_22678,0
NDGRD_22679,0
NDGRD_22680,0
NDGRD_22681,0
NDGRD_22682,0
NDGRD_22683,0
NDGRD_22684,0
NDGRD_22685,0
NDGRD_22686,0
NDGRD_22687,0
NDGRD_22688,0
NDGRD_22689,0
NDGRD_22690,0
NDGRD_22691,0
NDGRD_22692,0
NDGRD_22693,0
NDGRD_22694,0
NDGRD_22695,0
NDGRD_22696,0
NDGRD_22697,0
NDGRD_22698,0
NDGRD_22699,0
NDGRD_22700,0
NDGRD_22701,0
NDGRD_22702,0
NDGRD_22703,0
NDGRD_22704,0
NDGRD_22705,0
NDGRD_22706,0
NDGRD_22707,0
NDGRD_22708,0
NDGRD_22709,0
NDGRD_22710,0
NDGRD_22711,0
NDGRD_22712,0
NDGRD_22713,0
NDGRD_22714,0
NDGRD_22715,0
NDGRD_22716,0
NDGRD_22717,0
NDGRD_22718,0
NDGRD_22719,0
NDGRD_22720,0
NDGRD_22721,0
NDGRD_22722,0
NDGRD_22723,0
NDGRD_22724,0
NDGRD_22725,0
NDGRD_22726,0
NDGRD_22727,0
NDGRD_22728,0
NDGRD_22729,0
NDGRD_22730,0
NDGRD_22731,0
NDGRD_22732,0
NDGRD_22733,0
NDGRD_22734,0
NDGRD_22735,0
NDGRD_22736,0
NDGRD_22737,0
NDGRD_22738,0
NDGRD_22739,0
NDGRD_22740,0
NDGRD_22741,0
NDGRD_22742,0
NDGRD_22743,0
NDGRD_22744,0
NDGRD_22745,0
NDGRD_22746,0
NDGRD_22747,0
NDGRD_22748,0
NDGRD_22749,0
NDGRD_22750,0
NDGRD_22751,0
NDGRD_22752,0
NDGRD_22753,0
NDGRD_22754,0
NDGRD_22755,0
NDGRD_22756,0
NDGRD_22757,0
NDGRD_22758,0
NDGRD_22759,0
NDGRD_22760,0
NDGRD_22761,0
NDGRD_22762,0
NDGRD_22763,0
NDGRD_22764,0
NDGRD_22765,0
NDGRD_22766,0
NDGRD_22767,0
NDGRD_22768,0
NDGRD_22769,0
NDGRD_22770,0
NDGRD_22771,0
NDGRD_22772,0
NDGRD_22773,0
NDGRD_22774,0
NDGRD_22775,0
NDGRD_22776,0
NDGRD_22777,0
NDGRD_22778,0
NDGRD_22779,0
NDGRD_22780,0
NDGRD_22781,0
NDGRD_22782,0
NDGRD_22783,0
NDGRD_22784,0
NDGRD_22785,0
NDGRD_22786,0
NDGRD_22787,0
NDGRD_22788,0
NDGRD_22789,0
NDGRD_22790,0
NDGRD_22791,0
NDGRD_22792,0
NDGRD_22793,0
NDGRD_22794,0
NDGRD_22795,0
NDGRD_22796,0
NDGRD_22797,0
NDGRD_22798,0
NDGRD_22799,0
NDGRD_22800,0
NDGRD_22801,0
NDGRD_22802,0
NDGRD_22803,0
NDGRD_22804,0
NDGRD_22805,0
NDGRD_22806,0
NDGRD_22807,0
NDGRD_22808,0
NDGRD_22809,0
NDGRD_22810,0
NDGRD_22811,0
NDGRD_22812,0
NDGRD_22813,0
NDGRD_22814,0
NDGRD_22815,0
NDGRD_22816,0
NDGRD_22817,0
NDGRD_22818,0
NDGRD_22819,0
NDGRD_22820,0
NDGRD_22821,0
NDGRD_22822,0
NDGRD_22823,0
NDGRD_22824,0
NDGRD_22825,0
NDGRD_22826,0
NDGRD_22827,0
NDGRD_22828,0
NDGRD_22829,0
NDGRD_22830,0
NDGRD_22831,0
NDGRD_22832,0
NDGRD_22833,0
NDGRD_22834,0
NDGRD_22835,0
NDGRD_22836,0
NDGRD_22837,0
NDGRD_22838,0
NDGRD_22839,0
NDGRD_22840,0
NDGRD_22841,0
NDGRD_22842,0
NDGRD_22843,0
NDGRD_22844,0
NDGRD_22845,0
NDGRD_22846,0
NDGRD_22847,0
NDGRD_22848,0
NDGRD_22849,0
NDGRD_22850,0
NDGRD_22851,0
NDGRD_22852,0
NDGRD_22853,0
NDGRD_22854,0
NDGRD_22855,0
NDGRD_22856,0
NDGRD_22857,0
NDGRD_22858,0
NDGRD_22859,0
NDGRD_22860,0
NDGRD_22861,0
NDGRD_22862,0
NDGRD_22863,0
NDGRD_22864,0
NDGRD_22865,0
NDGRD_22866,0
NDGRD_22867,0
NDGRD_22868,0
NDGRD_22869,0
NDGRD_22870,0
NDGRD_22871,0
NDGRD_22872,0
NDGRD_22873,0
NDGRD_22874,0
NDGRD_22875,0
NDGRD_22876,0
NDGRD_22877,0
NDGRD_22878,0
NDGRD_22879,0
NDGRD_22880,0
NDGRD_22881,0
NDGRD_22882,0
NDGRD_22883,0
NDGRD_22884,0
NDGRD_22885,0
NDGRD_22886,0
NDGRD_22887,0
NDGRD_22888,0
NDGRD_22889,0
NDGRD_22890,0
NDGRD_22891,0
NDGRD_22892,0
NDGRD_22893,0
NDGRD_22894,0
NDGRD_22895,0
NDGRD_22896,0
NDGRD_22897,0
NDGRD_22898,0
NDGRD_22899,0
NDGRD_22900,0
NDGRD_22901,0
NDGRD_22902,0
NDGRD_22903,0
NDGRD_22904,0
NDGRD_22905,0
NDGRD_22906,0
NDGRD_22907,0
NDGRD_22908,0
NDGRD_22909,0
NDGRD_22910,0
NDGRD_22911,0
NDGRD_22912,0
NDGRD_22913,0
NDGRD_22914,0
NDGRD_22915,0
NDGRD_22916,0
NDGRD_22917,0
NDGRD_22918,0
NDGRD_22919,0
NDGRD_22920,0
NDGRD_22921,0
NDGRD_22922,0
NDGRD_22923,0
NDGRD_22924,0
NDGRD_22925,0
NDGRD_22926,0
NDGRD_22927,0
NDGRD_22928,0
NDGRD_22929,0
NDGRD_22930,0
NDGRD_22931,0
NDGRD_22932,0
NDGRD_22933,0
NDGRD_22934,0
NDGRD_22935,0
NDGRD_22936,0
NDGRD_22937,0
NDGRD_22938,0
NDGRD_22939,0
NDGRD_22940,0
NDGRD_22941,0
NDGRD_22942,0
NDGRD_22943,0
NDGRD_22944,0
NDGRD_22945,0
NDGRD_22946,0
NDGRD_22947,0
NDGRD_22948,0
NDGRD_22949,0
NDGRD_22950,0
NDGRD_22951,0
NDGRD_22952,0
NDGRD_22953,0
NDGRD_22954,0
NDGRD_22955,0
NDGRD_22956,0
NDGRD_22957,0
NDGRD_22958,0
NDGRD_22959,0
NDGRD_22960,0
NDGRD_22961,0
NDGRD_22962,0
NDGRD_22963,0
NDGRD_22964,0
NDGRD_22965,0
NDGRD_22966,0
NDGRD_22967,0
NDGRD_22968,0
NDGRD_22969,0
NDGRD_22970,0
NDGRD_22971,0
NDGRD_22972,0
NDGRD_22973,0
NDGRD_22974,0
NDGRD_22975,0
NDGRD_22976,0
NDGRD_22977,0
NDGRD_22978,0
NDGRD_22979,0
NDGRD_22980,0
NDGRD_22981,0
NDGRD_22982,0
NDGRD_22983,0
NDGRD_22984,0
NDGRD_22985,0
NDGRD_22986,0
NDGRD_22987,0
NDGRD_22988,0
NDGRD_22989,0
NDGRD_22990,0
NDGRD_22991,0
NDGRD_22992,0
NDGRD_22993,0
NDGRD_22994,0
NDGRD_22995,0
NDGRD_22996,0
NDGRD_22997,0
NDGRD_22998,0
NDGRD_22999,0
NDGRD_23000,0
NDGRD_23001,0
NDGRD_23002,0
NDGRD_23003,0
NDGRD_23004,0
NDGRD_23005,0
NDGRD_23006,0
NDGRD_23007,0
NDGRD_23008,0
NDGRD_23009,0
NDGRD_23010,0
NDGRD_23011,0
NDGRD_23012,0
NDGRD_23013,0
NDGRD_23014,0
NDGRD_23015,0
NDGRD_23016,0
NDGRD_23017,0
NDGRD_23018,0
NDGRD_23019,0
NDGRD_23020,0
NDGRD_23021,0
NDGRD_23022,0
NDGRD_23023,0
NDGRD_23024,0
NDGRD_23025,0
NDGRD_23026,0
NDGRD_23027,0
NDGRD_23028,0
NDGRD_23029,0
NDGRD_23030,0
NDGRD_23031,0
NDGRD_23032,0
NDGRD_23033,0
NDGRD_23034,0
NDGRD_23035,0
NDGRD_23036,0
NDGRD_23037,0
NDGRD_23038,0
NDGRD_23039,0
NDGRD_23040,0
NDGRD_23041,0
NDGRD_23042,0
NDGRD_23043,0
NDGRD_23044,0
NDGRD_23045,0
NDGRD_23046,0
NDGRD_23047,0
NDGRD_23048,0
NDGRD_23049,0
NDGRD_23050,0
NDGRD_23051,0
NDGRD_23052,0
NDGRD_23053,0
NDGRD_23054,0
NDGRD_23055,0
NDGRD_23056,0
NDGRD_23057,0
NDGRD_23058,0
NDGRD_23059,0
NDGRD_23060,0
NDGRD_23061,0
NDGRD_23062,0
NDGRD_23063,0
NDGRD_23064,0
NDGRD_23065,0
NDGRD_23066,0
NDGRD_23067,0
NDGRD_23068,0
NDGRD_23069,0
NDGRD_23070,0
NDGRD_23071,0
NDGRD_23072,0
NDGRD_23073,0
NDGRD_23074,0
NDGRD_23075,0
NDGRD_23076,0
NDGRD_23077,0
NDGRD_23078,0
NDGRD_23079,0
NDGRD_23080,0
NDGRD_23081,0
NDGRD_23082,0
NDGRD_23083,0
NDGRD_23084,0
NDGRD_23085,0
NDGRD_23086,0
NDGRD_23087,0
NDGRD_23088,0
NDGRD_23089,0
NDGRD_23090,0
NDGRD_23091,0
NDGRD_23092,0
NDGRD_23093,0
NDGRD_23094,0
NDGRD_23095,0
NDGRD_23096,0
NDGRD_23097,0
NDGRD_23098,0
NDGRD_23099,0
NDGRD_23100,0
NDGRD_23101,0
NDGRD_23102,0
NDGRD_23103,0
NDGRD_23104,0
NDGRD_23105,0
NDGRD_23106,0
NDGRD_23107,0
NDGRD_23108,0
NDGRD_23109,0
NDGRD_23110,0
NDGRD_23111,0
NDGRD_23112,0
NDGRD_23113,0
NDGRD_23114,0
NDGRD_23115,0
NDGRD_23116,0
NDGRD_23117,0
NDGRD_23118,0
NDGRD_23119,0
NDGRD_23120,0
NDGRD_23121,0
NDGRD_23122,0
NDGRD_23123,0
NDGRD_23124,0
NDGRD_23125,0
NDGRD_23126,0
NDGRD_23127,0
NDGRD_23128,0
NDGRD_23129,0
NDGRD_23130,0
NDGRD_23131,0
NDGRD_23132,0
NDGRD_23133,0
NDGRD_23134,0
NDGRD_23135,0
NDGRD_23136,0
NDGRD_23137,0
NDGRD_23138,0
NDGRD_23139,0
NDGRD_23140,0
NDGRD_23141,0
NDGRD_23142,0
NDGRD_23143,0
NDGRD_23144,0
NDGRD_23145,0
NDGRD_23146,0
NDGRD_23147,0
NDGRD_23148,0
NDGRD_23149,0
NDGRD_23150,0
NDGRD_23151,0
NDGRD_23152,0
NDGRD_23153,0
NDGRD_23154,0
NDGRD_23155,0
NDGRD_23156,0
NDGRD_23157,0
NDGRD_23158,0
NDGRD_23159,0
NDGRD_23160,0
NDGRD_23161,0
NDGRD_23162,0
NDGRD_23163,0
NDGRD_23164,0
NDGRD_23165,0
NDGRD_23166,0
NDGRD_23167,0
NDGRD_23168,0
NDGRD_23169,0
NDGRD_23170,0
NDGRD_23171,0
NDGRD_23172,0
NDGRD_23173,0
NDGRD_23174,0
NDGRD_23175,0
NDGRD_23176,0
NDGRD_23177,0
NDGRD_23178,0
NDGRD_23179,0
NDGRD_23180,0
NDGRD_23181,0
NDGRD_23182,0
NDGRD_23183,0
NDGRD_23184,0
NDGRD_23185,0
NDGRD_23186,0
NDGRD_23187,0
NDGRD_23188,0
NDGRD_23189,0
NDGRD_23190,0
NDGRD_23191,0
NDGRD_23192,0
NDGRD_23193,0
NDGRD_23194,0
NDGRD_23195,0
NDGRD_23196,0
NDGRD_23197,0
NDGRD_23198,0
NDGRD_23199,0
NDGRD_23200,0
NDGRD_23201,0
NDGRD_23202,0
NDGRD_23203,0
NDGRD_23204,0
NDGRD_23205,0
NDGRD_23206,0
NDGRD_23207,0
NDGRD_23208,0
NDGRD_23209,0
NDGRD_23210,0
NDGRD_23211,0
NDGRD_23212,0
NDGRD_23213,0
NDGRD_23214,0
NDGRD_23215,0
NDGRD_23216,0
NDGRD_23217,0
NDGRD_23218,0
NDGRD_23219,0
NDGRD_23220,0
NDGRD_23221,0
NDGRD_23222,0
NDGRD_23223,0
NDGRD_23224,0
NDGRD_23225,0
NDGRD_23226,0
NDGRD_23227,0
NDGRD_23228,0
NDGRD_23229,0
NDGRD_23230,0
NDGRD_23231,0
NDGRD_23232,0
NDGRD_23233,0
NDGRD_23234,0
NDGRD_23235,0
NDGRD_23236,0
NDGRD_23237,0
NDGRD_23238,0
NDGRD_23239,0
NDGRD_23240,0
NDGRD_23241,0
NDGRD_23242,0
NDGRD_23243,0
NDGRD_23244,0
NDGRD_23245,0
NDGRD_23246,0
NDGRD_23247,0
NDGRD_23248,0
NDGRD_23249,0
NDGRD_23250,0
NDGRD_23251,0
NDGRD_23252,0
NDGRD_23253,0
NDGRD_23254,0
NDGRD_23255,0
NDGRD_23256,0
NDGRD_23257,0
NDGRD_23258,0
NDGRD_23259,0
NDGRD_23260,0
NDGRD_23261,0
NDGRD_23262,0
NDGRD_23263,0
NDGRD_23264,0
NDGRD_23265,0
NDGRD_23266,0
NDGRD_23267,0
NDGRD_23268,0
NDGRD_23269,0
NDGRD_23270,0
NDGRD_23271,0
NDGRD_23272,0
NDGRD_23273,0
NDGRD_23274,0
NDGRD_23275,0
NDGRD_23276,0
NDGRD_23277,0
NDGRD_23278,0
NDGRD_23279,0
NDGRD_23280,0
NDGRD_23281,0
NDGRD_23282,0
NDGRD_23283,0
NDGRD_23284,0
NDGRD_23285,0
NDGRD_23286,0
NDGRD_23287,0
NDGRD_23288,0
NDGRD_23289,0
NDGRD_23290,0
NDGRD_23291,0
NDGRD_23292,0
NDGRD_23293,0
NDGRD_23294,0
NDGRD_23295,0
NDGRD_23296,0
NDGRD_23297,0
NDGRD_23298,0
NDGRD_23299,0
NDGRD_23300,0
NDGRD_23301,0
NDGRD_23302,0
NDGRD_23303,0
NDGRD_23304,0
NDGRD_23305,0
NDGRD_23306,0
NDGRD_23307,0
NDGRD_23308,0
NDGRD_23309,0
NDGRD_23310,0
NDGRD_23311,0
NDGRD_23312,0
NDGRD_23313,0
NDGRD_23314,0
NDGRD_23315,0
NDGRD_23316,0
NDGRD_23317,0
NDGRD_23318,0
NDGRD_23319,0
NDGRD_23320,0
NDGRD_23321,0
NDGRD_23322,0
NDGRD_23323,0
NDGRD_23324,0
NDGRD_23325,0
NDGRD_23326,0
NDGRD_23327,0
NDGRD_23328,0
NDGRD_23329,0
NDGRD_23330,0
NDGRD_23331,0
NDGRD_23332,0
NDGRD_23333,0
NDGRD_23334,0
NDGRD_23335,0
NDGRD_23336,0
NDGRD_23337,0
NDGRD_23338,0
NDGRD_23339,0
NDGRD_23340,0
NDGRD_23341,0
NDGRD_23342,0
NDGRD_23343,0
NDGRD_23344,0
NDGRD_23345,0
NDGRD_23346,0
NDGRD_23347,0
NDGRD_23348,0
NDGRD_23349,0
NDGRD_23350,0
NDGRD_23351,0
NDGRD_23352,0
NDGRD_23353,0
NDGRD_23354,0
NDGRD_23355,0
NDGRD_23356,0
NDGRD_23357,0
NDGRD_23358,0
NDGRD_23359,0
NDGRD_23360,0
NDGRD_23361,0
NDGRD_23362,0
NDGRD_23363,0
NDGRD_23364,0
NDGRD_23365,0
NDGRD_23366,0
NDGRD_23367,0
NDGRD_23368,0
NDGRD_23369,0
NDGRD_23370,0
NDGRD_23371,0
NDGRD_23372,0
NDGRD_23373,0
NDGRD_23374,0
NDGRD_23375,0
NDGRD_23376,0
NDGRD_23377,0
NDGRD_23378,0
NDGRD_23379,0
NDGRD_23380,0
NDGRD_23381,0
NDGRD_23382,0
NDGRD_23383,0
NDGRD_23384,0
NDGRD_23385,0
NDGRD_23386,0
NDGRD_23387,0
NDGRD_23388,0
NDGRD_23389,0
NDGRD_23390,0
NDGRD_23391,0
NDGRD_23392,0
NDGRD_23393,0
NDGRD_23394,0
NDGRD_23395,0
NDGRD_23396,0
NDGRD_23397,0
NDGRD_23398,0
NDGRD_23399,0
NDGRD_23400,0
NDGRD_23401,0
NDGRD_23402,0
NDGRD_23403,0
NDGRD_23404,0
NDGRD_23405,0
NDGRD_23406,0
NDGRD_23407,0
NDGRD_23408,0
NDGRD_23409,0
NDGRD_23410,0
NDGRD_23411,0
NDGRD_23412,0
NDGRD_23413,0
NDGRD_23414,0
NDGRD_23415,0
NDGRD_23416,0
NDGRD_23417,0
NDGRD_23418,0
NDGRD_23419,0
NDGRD_23420,0
NDGRD_23421,0
NDGRD_23422,0
NDGRD_23423,0
NDGRD_23424,0
NDGRD_23425,0
NDGRD_23426,0
NDGRD_23427,0
NDGRD_23428,0
NDGRD_23429,0
NDGRD_23430,0
NDGRD_23431,0
NDGRD_23432,0
NDGRD_23433,0
NDGRD_23434,0
NDGRD_23435,0
NDGRD_23436,0
NDGRD_23437,0
NDGRD_23438,0
NDGRD_23439,0
NDGRD_23440,0
NDGRD_23441,0
NDGRD_23442,0
NDGRD_23443,0
NDGRD_23444,0
NDGRD_23445,0
NDGRD_23446,0
NDGRD_23447,0
NDGRD_23448,0
NDGRD_23449,0
NDGRD_23450,0
NDGRD_23451,0
NDGRD_23452,0
NDGRD_23453,0
NDGRD_23454,0
NDGRD_23455,0
NDGRD_23456,0
NDGRD_23457,0
NDGRD_23458,0
NDGRD_23459,0
NDGRD_23460,0
NDGRD_23461,0
NDGRD_23462,0
NDGRD_23463,0
NDGRD_23464,0
NDGRD_23465,0
NDGRD_23466,0
NDGRD_23467,0
NDGRD_23468,0
NDGRD_23469,0
NDGRD_23470,0
NDGRD_23471,0
NDGRD_23472,0
NDGRD_23473,0
NDGRD_23474,0
NDGRD_23475,0
NDGRD_23476,0
NDGRD_23477,0
NDGRD_23478,0
NDGRD_23479,0
NDGRD_23480,0
NDGRD_23481,0
NDGRD_23482,0
NDGRD_23483,0
NDGRD_23484,0
NDGRD_23485,0
NDGRD_23486,0
NDGRD_23487,0
NDGRD_23488,0
NDGRD_23489,0
NDGRD_23490,0
NDGRD_23491,0
NDGRD_23492,0
NDGRD_23493,0
NDGRD_23494,0
NDGRD_23495,0
NDGRD_23496,0
NDGRD_23497,0
NDGRD_23498,0
NDGRD_23499,0
NDGRD_23500,0
NDGRD_23501,0
NDGRD_23502,0
NDGRD_23503,0
NDGRD_23504,0
NDGRD_23505,0
NDGRD_23506,0
NDGRD_23507,0
NDGRD_23508,0
NDGRD_23509,0
NDGRD_23510,0
NDGRD_23511,0
NDGRD_23512,0
NDGRD_23513,0
NDGRD_23514,0
NDGRD_23515,0
NDGRD_23516,0
NDGRD_23517,0
NDGRD_23518,0
NDGRD_23519,0
NDGRD_23520,0
NDGRD_23521,0
NDGRD_23522,0
NDGRD_23523,0
NDGRD_23524,0
NDGRD_23525,0
NDGRD_23526,0
NDGRD_23527,0
NDGRD_23528,0
NDGRD_23529,0
NDGRD_23530,0
NDGRD_23531,0
NDGRD_23532,0
NDGRD_23533,0
NDGRD_23534,0
NDGRD_23535,0
NDGRD_23536,0
NDGRD_23537,0
NDGRD_23538,0
NDGRD_23539,0
NDGRD_23540,0
NDGRD_23541,0
NDGRD_23542,0
NDGRD_23543,0
NDGRD_23544,0
NDGRD_23545,0
NDGRD_23546,0
NDGRD_23547,0
NDGRD_23548,0
NDGRD_23549,0
NDGRD_23550,0
NDGRD_23551,0
NDGRD_23552,0
NDGRD_23553,0
NDGRD_23554,0
NDGRD_23555,0
NDGRD_23556,0
NDGRD_23557,0
NDGRD_23558,0
NDGRD_23559,0
NDGRD_23560,0
NDGRD_23561,0
NDGRD_23562,0
NDGRD_23563,0
NDGRD_23564,0
NDGRD_23565,0
NDGRD_23566,0
NDGRD_23567,0
NDGRD_23568,0
NDGRD_23569,0
NDGRD_23570,0
NDGRD_23571,0
NDGRD_23572,0
NDGRD_23573,0
NDGRD_23574,0
NDGRD_23575,0
NDGRD_23576,0
NDGRD_23577,0
NDGRD_23578,0
NDGRD_23579,0
NDGRD_23580,0
NDGRD_23581,0
NDGRD_23582,0
NDGRD_23583,0
NDGRD_23584,0
NDGRD_23585,0
NDGRD_23586,0
NDGRD_23587,0
NDGRD_23588,0
NDGRD_23589,0
NDGRD_23590,0
NDGRD_23591,0
NDGRD_23592,0
NDGRD_23593,0
NDGRD_23594,0
NDGRD_23595,0
NDGRD_23596,0
NDGRD_23597,0
NDGRD_23598,0
NDGRD_23599,0
NDGRD_23600,0
NDGRD_23601,0
NDGRD_23602,0
NDGRD_23603,0
NDGRD_23604,0
NDGRD_23605,0
NDGRD_23606,0
NDGRD_23607,0
NDGRD_23608,0
NDGRD_23609,0
NDGRD_23610,0
NDGRD_23611,0
NDGRD_23612,0
NDGRD_23613,0
NDGRD_23614,0
NDGRD_23615,0
NDGRD_23616,0
NDGRD_23617,0
NDGRD_23618,0
NDGRD_23619,0
NDGRD_23620,0
NDGRD_23621,0
NDGRD_23622,0
NDGRD_23623,0
NDGRD_23624,0
NDGRD_23625,0
NDGRD_23626,0
NDGRD_23627,0
NDGRD_23628,0
NDGRD_23629,0
NDGRD_23630,0
NDGRD_23631,0
NDGRD_23632,0
NDGRD_23633,0
NDGRD_23634,0
NDGRD_23635,0
NDGRD_23636,0
NDGRD_23637,0
NDGRD_23638,0
NDGRD_23639,0
NDGRD_23640,0
NDGRD_23641,0
NDGRD_23642,0
NDGRD_23643,0
NDGRD_23644,0
NDGRD_23645,0
NDGRD_23646,0
NDGRD_23647,0
NDGRD_23648,0
NDGRD_23649,0
NDGRD_23650,0
NDGRD_23651,0
NDGRD_23652,0
NDGRD_23653,0
NDGRD_23654,0
NDGRD_23655,0
NDGRD_23656,0
NDGRD_23657,0
NDGRD_23658,0
NDGRD_23659,0
NDGRD_23660,0
NDGRD_23661,0
NDGRD_23662,0
NDGRD_23663,0
NDGRD_23664,0
NDGRD_23665,0
NDGRD_23666,0
NDGRD_23667,0
NDGRD_23668,0
NDGRD_23669,0
NDGRD_23670,0
NDGRD_23671,0
NDGRD_23672,0
NDGRD_23673,0
NDGRD_23674,0
NDGRD_23675,0
NDGRD_23676,0
NDGRD_23677,0
NDGRD_23678,0
NDGRD_23679,0
NDGRD_23680,0
NDGRD_23681,0
NDGRD_23682,0
NDGRD_23683,0
NDGRD_23684,0
NDGRD_23685,0
NDGRD_23686,0
NDGRD_23687,0
NDGRD_23688,0
NDGRD_23689,0
NDGRD_23690,0
NDGRD_23691,0
NDGRD_23692,0
NDGRD_23693,0
NDGRD_23694,0
NDGRD_23695,0
NDGRD_23696,0
NDGRD_23697,0
NDGRD_23698,0
NDGRD_23699,0
NDGRD_23700,0
NDGRD_23701,0
NDGRD_23702,0
NDGRD_23703,0
NDGRD_23704,0
NDGRD_23705,0
NDGRD_23706,0
NDGRD_23707,0
NDGRD_23708,0
NDGRD_23709,0
NDGRD_23710,0
NDGRD_23711,0
NDGRD_23712,0
NDGRD_23713,0
NDGRD_23714,0
NDGRD_23715,0
NDGRD_23716,0
NDGRD_23717,0
NDGRD_23718,0
NDGRD_23719,0
NDGRD_23720,0
NDGRD_23721,0
NDGRD_23722,0
NDGRD_23723,0
NDGRD_23724,0
NDGRD_23725,0
NDGRD_23726,0
NDGRD_23727,0
NDGRD_23728,0
NDGRD_23729,0
NDGRD_23730,0
NDGRD_23731,0
NDGRD_23732,0
NDGRD_23733,0
NDGRD_23734,0
NDGRD_23735,0
NDGRD_23736,0
NDGRD_23737,0
NDGRD_23738,0
NDGRD_23739,0
NDGRD_23740,0
NDGRD_23741,0
NDGRD_23742,0
NDGRD_23743,0
NDGRD_23744,0
NDGRD_23745,0
NDGRD_23746,0
NDGRD_23747,0
NDGRD_23748,0
NDGRD_23749,0
NDGRD_23750,0
NDGRD_23751,0
NDGRD_23752,0
NDGRD_23753,0
NDGRD_23754,0
NDGRD_23755,0
NDGRD_23756,0
NDGRD_23757,0
NDGRD_23758,0
NDGRD_23759,0
NDGRD_23760,0
NDGRD_23761,0
NDGRD_23762,0
NDGRD_23763,0
NDGRD_23764,0
NDGRD_23765,0
NDGRD_23766,0
NDGRD_23767,0
NDGRD_23768,0
NDGRD_23769,0
NDGRD_23770,0
NDGRD_23771,0
NDGRD_23772,0
NDGRD_23773,0
NDGRD_23774,0
NDGRD_23775,0
NDGRD_23776,0
NDGRD_23777,0
NDGRD_23778,0
NDGRD_23779,0
NDGRD_23780,0
NDGRD_23781,0
NDGRD_23782,0
NDGRD_23783,0
NDGRD_23784,0
NDGRD_23785,0
NDGRD_23786,0
NDGRD_23787,0
NDGRD_23788,0
NDGRD_23789,0
NDGRD_23790,0
NDGRD_23791,0
NDGRD_23792,0
NDGRD_23793,0
NDGRD_23794,0
NDGRD_23795,0
NDGRD_23796,0
NDGRD_23797,0
NDGRD_23798,0
NDGRD_23799,0
NDGRD_23800,0
NDGRD_23801,0
NDGRD_23802,0
NDGRD_23803,0
NDGRD_23804,0
NDGRD_23805,0
NDGRD_23806,0
NDGRD_23807,0
NDGRD_23808,0
NDGRD_23809,0
NDGRD_23810,0
NDGRD_23811,0
NDGRD_23812,0
NDGRD_23813,0
NDGRD_23814,0
NDGRD_23815,0
NDGRD_23816,0
NDGRD_23817,0
NDGRD_23818,0
NDGRD_23819,0
NDGRD_23820,0
NDGRD_23821,0
NDGRD_23822,0
NDGRD_23823,0
NDGRD_23824,0
NDGRD_23825,0
NDGRD_23826,0
NDGRD_23827,0
NDGRD_23828,0
NDGRD_23829,0
NDGRD_23830,0
NDGRD_23831,0
NDGRD_23832,0
NDGRD_23833,0
NDGRD_23834,0
NDGRD_23835,0
NDGRD_23836,0
NDGRD_23837,0
NDGRD_23838,0
NDGRD_23839,0
NDGRD_23840,0
NDGRD_23841,0
NDGRD_23842,0
NDGRD_23843,0
NDGRD_23844,0
NDGRD_23845,0
NDGRD_23846,0
NDGRD_23847,0
NDGRD_23848,0
NDGRD_23849,0
NDGRD_23850,0
NDGRD_23851,0
NDGRD_23852,0
NDGRD_23853,0
NDGRD_23854,0
NDGRD_23855,0
NDGRD_23856,0
NDGRD_23857,0
NDGRD_23858,0
NDGRD_23859,0
NDGRD_23860,0
NDGRD_23861,0
NDGRD_23862,0
NDGRD_23863,0
NDGRD_23864,0
NDGRD_23865,0
NDGRD_23866,0
NDGRD_23867,0
NDGRD_23868,0
NDGRD_23869,0
NDGRD_23870,0
NDGRD_23871,0
NDGRD_23872,0
NDGRD_23873,0
NDGRD_23874,0
NDGRD_23875,0
NDGRD_23876,0
NDGRD_23877,0
NDGRD_23878,0
NDGRD_23879,0
NDGRD_23880,0
NDGRD_23881,0
NDGRD_23882,0
NDGRD_23883,0
NDGRD_23884,0
NDGRD_23885,0
NDGRD_23886,0
NDGRD_23887,0
NDGRD_23888,0
NDGRD_23889,0
NDGRD_23890,0
NDGRD_23891,0
NDGRD_23892,0
NDGRD_23893,0
NDGRD_23894,0
NDGRD_23895,0
NDGRD_23896,0
NDGRD_23897,0
NDGRD_23898,0
NDGRD_23899,0
NDGRD_23900,0
NDGRD_23901,0
NDGRD_23902,0
NDGRD_23903,0
NDGRD_23904,0
NDGRD_23905,0
NDGRD_23906,0
NDGRD_23907,0
NDGRD_23908,0
NDGRD_23909,0
NDGRD_23910,0
NDGRD_23911,0
NDGRD_23912,0
NDGRD_23913,0
NDGRD_23914,0
NDGRD_23915,0
NDGRD_23916,0
NDGRD_23917,0
NDGRD_23918,0
NDGRD_23919,0
NDGRD_23920,0
NDGRD_23921,0
NDGRD_23922,0
NDGRD_23923,0
NDGRD_23924,0
NDGRD_23925,0
NDGRD_23926,0
NDGRD_23927,0
NDGRD_23928,0
NDGRD_23929,0
NDGRD_23930,0
NDGRD_23931,0
NDGRD_23932,0
NDGRD_23933,0
NDGRD_23934,0
NDGRD_23935,0
NDGRD_23936,0
NDGRD_23937,0
NDGRD_23938,0
NDGRD_23939,0
NDGRD_23940,0
NDGRD_23941,0
NDGRD_23942,0
NDGRD_23943,0
NDGRD_23944,0
NDGRD_23945,0
NDGRD_23946,0
NDGRD_23947,0
NDGRD_23948,0
NDGRD_23949,0
NDGRD_23950,0
NDGRD_23951,0
NDGRD_23952,0
NDGRD_23953,0
NDGRD_23954,0
NDGRD_23955,0
NDGRD_23956,0
NDGRD_23957,0
NDGRD_23958,0
NDGRD_23959,0
NDGRD_23960,0
NDGRD_23961,0
NDGRD_23962,0
NDGRD_23963,0
NDGRD_23964,0
NDGRD_23965,0
NDGRD_23966,0
NDGRD_23967,0
NDGRD_23968,0
NDGRD_23969,0
NDGRD_23970,0
NDGRD_23971,0
NDGRD_23972,0
NDGRD_23973,0
NDGRD_23974,0
NDGRD_23975,0
NDGRD_23976,0
NDGRD_23977,0
NDGRD_23978,0
NDGRD_23979,0
NDGRD_23980,0
NDGRD_23981,0
NDGRD_23982,0
NDGRD_23983,0
NDGRD_23984,0
NDGRD_23985,0
NDGRD_23986,0
NDGRD_23987,0
NDGRD_23988,0
NDGRD_23989,0
NDGRD_23990,0
NDGRD_23991,0
NDGRD_23992,0
NDGRD_23993,0
NDGRD_23994,0
NDGRD_23995,0
NDGRD_23996,0
NDGRD_23997,0
NDGRD_23998,0
NDGRD_23999,0
NDGRD_24000,0
NDGRD_24001,0
NDGRD_24002,0
NDGRD_24003,0
NDGRD_24004,0
NDGRD_24005,0
NDGRD_24006,0
NDGRD_24007,0
NDGRD_24008,0
NDGRD_24009,0
NDGRD_24010,0
NDGRD_24011,0
NDGRD_24012,0
NDGRD_24013,0
NDGRD_24014,0
NDGRD_24015,0
NDGRD_24016,0
NDGRD_24017,0
NDGRD_24018,0
NDGRD_24019,0
NDGRD_24020,0
NDGRD_24021,0
NDGRD_24022,0
NDGRD_24023,0
NDGRD_24024,0
NDGRD_24025,0
NDGRD_24026,0
NDGRD_24027,0
NDGRD_24028,0
NDGRD_24029,0
NDGRD_24030,0
NDGRD_24031,0
NDGRD_24032,0
NDGRD_24033,0
NDGRD_24034,0
NDGRD_24035,0
NDGRD_24036,0
NDGRD_24037,0
NDGRD_24038,0
NDGRD_24039,0
NDGRD_24040,0
NDGRD_24041,0
NDGRD_24042,0
NDGRD_24043,0
NDGRD_24044,0
NDGRD_24045,0
NDGRD_24046,0
NDGRD_24047,0
NDGRD_24048,0
NDGRD_24049,0
NDGRD_24050,0
NDGRD_24051,0
NDGRD_24052,0
NDGRD_24053,0
NDGRD_24054,0
NDGRD_24055,0
NDGRD_24056,0
NDGRD_24057,0
NDGRD_24058,0
NDGRD_24059,0
NDGRD_24060,0
NDGRD_24061,0
NDGRD_24062,0
NDGRD_24063,0
NDGRD_24064,0
NDGRD_24065,0
NDGRD_24066,0
NDGRD_24067,0
NDGRD_24068,0
NDGRD_24069,0
NDGRD_24070,0
NDGRD_24071,0
NDGRD_24072,0
NDGRD_24073,0
NDGRD_24074,0
NDGRD_24075,0
NDGRD_24076,0
NDGRD_24077,0
NDGRD_24078,0
NDGRD_24079,0
NDGRD_24080,0
NDGRD_24081,0
NDGRD_24082,0
NDGRD_24083,0
NDGRD_24084,0
NDGRD_24085,0
NDGRD_24086,0
NDGRD_24087,0
NDGRD_24088,0
NDGRD_24089,0
NDGRD_24090,0
NDGRD_24091,0
NDGRD_24092,0
NDGRD_24093,0
NDGRD_24094,0
NDGRD_24095,0
NDGRD_24096,0
NDGRD_24097,0
NDGRD_24098,0
NDGRD_24099,0
NDGRD_24100,0
NDGRD_24101,0
NDGRD_24102,0
NDGRD_24103,0
NDGRD_24104,0
NDGRD_24105,0
NDGRD_24106,0
NDGRD_24107,0
NDGRD_24108,0
NDGRD_24109,0
NDGRD_24110,0
NDGRD_24111,0
NDGRD_24112,0
NDGRD_24113,0
NDGRD_24114,0
NDGRD_24115,0
NDGRD_24116,0
NDGRD_24117,0
NDGRD_24118,0
NDGRD_24119,0
NDGRD_24120,0
NDGRD_24121,0
NDGRD_24122,0
NDGRD_24123,0
NDGRD_24124,0
NDGRD_24125,0
NDGRD_24126,0
NDGRD_24127,0
NDGRD_24128,0
NDGRD_24129,0
NDGRD_24130,0
NDGRD_24131,0
NDGRD_24132,0
NDGRD_24133,0
NDGRD_24134,0
NDGRD_24135,0
NDGRD_24136,0
NDGRD_24137,0
NDGRD_24138,0
NDGRD_24139,0
NDGRD_24140,0
NDGRD_24141,0
NDGRD_24142,0
NDGRD_24143,0
NDGRD_24144,0
NDGRD_24145,0
NDGRD_24146,0
NDGRD_24147,0
NDGRD_24148,0
NDGRD_24149,0
NDGRD_24150,0
NDGRD_24151,0
NDGRD_24152,0
NDGRD_24153,0
NDGRD_24154,0
NDGRD_24155,0
NDGRD_24156,0
NDGRD_24157,0
NDGRD_24158,0
NDGRD_24159,0
NDGRD_24160,0
NDGRD_24161,0
NDGRD_24162,0
NDGRD_24163,0
NDGRD_24164,0
NDGRD_24165,0
NDGRD_24166,0
NDGRD_24167,0
NDGRD_24168,0
NDGRD_24169,0
NDGRD_24170,0
NDGRD_24171,0
NDGRD_24172,0
NDGRD_24173,0
NDGRD_24174,0
NDGRD_24175,0
NDGRD_24176,0
NDGRD_24177,0
NDGRD_24178,0
NDGRD_24179,0
NDGRD_24180,0
NDGRD_24181,0
NDGRD_24182,0
NDGRD_24183,0
NDGRD_24184,0
NDGRD_24185,0
NDGRD_24186,0
NDGRD_24187,0
NDGRD_24188,0
NDGRD_24189,0
NDGRD_24190,0
NDGRD_24191,0
NDGRD_24192,0
NDGRD_24193,0
NDGRD_24194,0
NDGRD_24195,0
NDGRD_24196,0
NDGRD_24197,0
NDGRD_24198,0
NDGRD_24199,0
NDGRD_24200,0
NDGRD_24201,0
NDGRD_24202,0
NDGRD_24203,0
NDGRD_24204,0
NDGRD_24205,0
NDGRD_24206,0
NDGRD_24207,0
NDGRD_24208,0
NDGRD_24209,0
NDGRD_24210,0
NDGRD_24211,0
NDGRD_24212,0
NDGRD_24213,0
NDGRD_24214,0
NDGRD_24215,0
NDGRD_24216,0
NDGRD_24217,0
NDGRD_24218,0
NDGRD_24219,0
NDGRD_24220,0
NDGRD_24221,0
NDGRD_24222,0
NDGRD_24223,0
NDGRD_24224,0
NDGRD_24225,0
NDGRD_24226,0
NDGRD_24227,0
NDGRD_24228,0
NDGRD_24229,0
NDGRD_24230,0
NDGRD_24231,0
NDGRD_24232,0
NDGRD_24233,0
NDGRD_24234,0
NDGRD_24235,0
NDGRD_24236,0
NDGRD_24237,0
NDGRD_24238,0
NDGRD_24239,0
NDGRD_24240,0
NDGRD_24241,0
NDGRD_24242,0
NDGRD_24243,0
NDGRD_24244,0
NDGRD_24245,0
NDGRD_24246,0
NDGRD_24247,0
NDGRD_24248,0
NDGRD_24249,0
NDGRD_24250,0
NDGRD_24251,0
NDGRD_24252,0
NDGRD_24253,0
NDGRD_24254,0
NDGRD_24255,0
NDGRD_24256,0
NDGRD_24257,0
NDGRD_24258,0
NDGRD_24259,0
NDGRD_24260,0
NDGRD_24261,0
NDGRD_24262,0
NDGRD_24263,0
NDGRD_24264,0
NDGRD_24265,0
NDGRD_24266,0
NDGRD_24267,0
NDGRD_24268,0
NDGRD_24269,0
NDGRD_24270,0
NDGRD_24271,0
NDGRD_24272,0
NDGRD_24273,0
NDGRD_24274,0
NDGRD_24275,0
NDGRD_24276,0
NDGRD_24277,0
NDGRD_24278,0
NDGRD_24279,0
NDGRD_24280,0
NDGRD_24281,0
NDGRD_24282,0
NDGRD_24283,0
NDGRD_24284,0
NDGRD_24285,0
NDGRD_24286,0
NDGRD_24287,0
NDGRD_24288,0
NDGRD_24289,0
NDGRD_24290,0
NDGRD_24291,0
NDGRD_24292,0
NDGRD_24293,0
NDGRD_24294,0
NDGRD_24295,0
NDGRD_24296,0
NDGRD_24297,0
NDGRD_24298,0
NDGRD_24299,0
NDGRD_24300,0
NDGRD_24301,0
NDGRD_24302,0
NDGRD_24303,0
NDGRD_24304,0
NDGRD_24305,0
NDGRD_24306,0
NDGRD_24307,0
NDGRD_24308,0
NDGRD_24309,0
NDGRD_24310,0
NDGRD_24311,0
NDGRD_24312,0
NDGRD_24313,0
NDGRD_24314,0
NDGRD_24315,0
NDGRD_24316,0
NDGRD_24317,0
NDGRD_24318,0
NDGRD_24319,0
NDGRD_24320,0
NDGRD_24321,0
NDGRD_24322,0
NDGRD_24323,0
NDGRD_24324,0
NDGRD_24325,0
NDGRD_24326,0
NDGRD_24327,0
NDGRD_24328,0
NDGRD_24329,0
NDGRD_24330,0
NDGRD_24331,0
NDGRD_24332,0
NDGRD_24333,0
NDGRD_24334,0
NDGRD_24335,0
NDGRD_24336,0
NDGRD_24337,0
NDGRD_24338,0
NDGRD_24339,0
NDGRD_24340,0
NDGRD_24341,0
NDGRD_24342,0
NDGRD_24343,0
NDGRD_24344,0
NDGRD_24345,0
NDGRD_24346,0
NDGRD_24347,0
NDGRD_24348,0
NDGRD_24349,0
NDGRD_24350,0
NDGRD_24351,0
NDGRD_24352,0
NDGRD_24353,0
NDGRD_24354,0
NDGRD_24355,0
NDGRD_24356,0
NDGRD_24357,0
NDGRD_24358,0
NDGRD_24359,0
NDGRD_24360,0
NDGRD_24361,0
NDGRD_24362,0
NDGRD_24363,0
NDGRD_24364,0
NDGRD_24365,0
NDGRD_24366,0
NDGRD_24367,0
NDGRD_24368,0
NDGRD_24369,0
NDGRD_24370,0
NDGRD_24371,0
NDGRD_24372,0
NDGRD_24373,0
NDGRD_24374,0
NDGRD_24375,0
NDGRD_24376,0
NDGRD_24377,0
NDGRD_24378,0
NDGRD_24379,0
NDGRD_24380,0
NDGRD_24381,0
NDGRD_24382,0
NDGRD_24383,0
NDGRD_24384,0
NDGRD_24385,0
NDGRD_24386,0
NDGRD_24387,0
NDGRD_24388,0
NDGRD_24389,0
NDGRD_24390,0
NDGRD_24391,0
NDGRD_24392,0
NDGRD_24393,0
NDGRD_24394,0
NDGRD_24395,0
NDGRD_24396,0
NDGRD_24397,0
NDGRD_24398,0
NDGRD_24399,0
NDGRD_24400,0
NDGRD_24401,0
NDGRD_24402,0
NDGRD_24403,0
NDGRD_24404,0
NDGRD_24405,0
NDGRD_24406,0
NDGRD_24407,0
NDGRD_24408,0
NDGRD_24409,0
NDGRD_24410,0
NDGRD_24411,0
NDGRD_24412,0
NDGRD_24413,0
NDGRD_24414,0
NDGRD_24415,0
NDGRD_24416,0
NDGRD_24417,0
NDGRD_24418,0
NDGRD_24419,0
NDGRD_24420,0
NDGRD_24421,0
NDGRD_24422,0
NDGRD_24423,0
NDGRD_24424,0
NDGRD_24425,0
NDGRD_24426,0
NDGRD_24427,0
NDGRD_24428,0
NDGRD_24429,0
NDGRD_24430,0
NDGRD_24431,0
NDGRD_24432,0
NDGRD_24433,0
NDGRD_24434,0
NDGRD_24435,0
NDGRD_24436,0
NDGRD_24437,0
NDGRD_24438,0
NDGRD_24439,0
NDGRD_24440,0
NDGRD_24441,0
NDGRD_24442,0
NDGRD_24443,0
NDGRD_24444,0
NDGRD_24445,0
NDGRD_24446,0
NDGRD_24447,0
NDGRD_24448,0
NDGRD_24449,0
NDGRD_24450,0
NDGRD_24451,0
NDGRD_24452,0
NDGRD_24453,0
NDGRD_24454,0
NDGRD_24455,0
NDGRD_24456,0
NDGRD_24457,0
NDGRD_24458,0
NDGRD_24459,0
NDGRD_24460,0
NDGRD_24461,0
NDGRD_24462,0
NDGRD_24463,0
NDGRD_24464,0
NDGRD_24465,0
NDGRD_24466,0
NDGRD_24467,0
NDGRD_24468,0
NDGRD_24469,0
NDGRD_24470,0
NDGRD_24471,0
NDGRD_24472,0
NDGRD_24473,0
NDGRD_24474,0
NDGRD_24475,0
NDGRD_24476,0
NDGRD_24477,0
NDGRD_24478,0
NDGRD_24479,0
NDGRD_24480,0
NDGRD_24481,0
NDGRD_24482,0
NDGRD_24483,0
NDGRD_24484,0
NDGRD_24485,0
NDGRD_24486,0
NDGRD_24487,0
NDGRD_24488,0
NDGRD_24489,0
NDGRD_24490,0
NDGRD_24491,0
NDGRD_24492,0
NDGRD_24493,0
NDGRD_24494,0
NDGRD_24495,0
NDGRD_24496,0
NDGRD_24497,0
NDGRD_24498,0
NDGRD_24499,0
NDGRD_24500,0
NDGRD_24501,0
NDGRD_24502,0
NDGRD_24503,0
NDGRD_24504,0
NDGRD_24505,0
NDGRD_24506,0
NDGRD_24507,0
NDGRD_24508,0
NDGRD_24509,0
NDGRD_24510,0
NDGRD_24511,0
NDGRD_24512,0
NDGRD_24513,0
NDGRD_24514,0
NDGRD_24515,0
NDGRD_24516,0
NDGRD_24517,0
NDGRD_24518,0
NDGRD_24519,0
NDGRD_24520,0
NDGRD_24521,0
NDGRD_24522,0
NDGRD_24523,0
NDGRD_24524,0
NDGRD_24525,0
NDGRD_24526,0
NDGRD_24527,0
NDGRD_24528,0
NDGRD_24529,0
NDGRD_24530,0
NDGRD_24531,0
NDGRD_24532,0
NDGRD_24533,0
NDGRD_24534,0
NDGRD_24535,0
NDGRD_24536,0
NDGRD_24537,0
NDGRD_24538,0
NDGRD_24539,0
NDGRD_24540,0
NDGRD_24541,0
NDGRD_24542,0
NDGRD_24543,0
NDGRD_24544,0
NDGRD_24545,0
NDGRD_24546,0
NDGRD_24547,0
NDGRD_24548,0
NDGRD_24549,0
NDGRD_24550,0
NDGRD_24551,0
NDGRD_24552,0
NDGRD_24553,0
NDGRD_24554,0
NDGRD_24555,0
NDGRD_24556,0
NDGRD_24557,0
NDGRD_24558,0
NDGRD_24559,0
NDGRD_24560,0
NDGRD_24561,0
NDGRD_24562,0
NDGRD_24563,0
NDGRD_24564,0
NDGRD_24565,0
NDGRD_24566,0
NDGRD_24567,0
NDGRD_24568,0
NDGRD_24569,0
NDGRD_24570,0
NDGRD_24571,0
NDGRD_24572,0
NDGRD_24573,0
NDGRD_24574,0
NDGRD_24575,0
NDGRD_24576,0
NDGRD_24577,0
NDGRD_24578,0
NDGRD_24579,0
NDGRD_24580,0
NDGRD_24581,0
NDGRD_24582,0
NDGRD_24583,0
NDGRD_24584,0
NDGRD_24585,0
NDGRD_24586,0
NDGRD_24587,0
NDGRD_24588,0
NDGRD_24589,0
NDGRD_24590,0
NDGRD_24591,0
NDGRD_24592,0
NDGRD_24593,0
NDGRD_24594,0
NDGRD_24595,0
NDGRD_24596,0
NDGRD_24597,0
NDGRD_24598,0
NDGRD_24599,0
NDGRD_24600,0
NDGRD_24601,0
NDGRD_24602,0
NDGRD_24603,0
NDGRD_24604,0
NDGRD_24605,0
NDGRD_24606,0
NDGRD_24607,0
NDGRD_24608,0
NDGRD_24609,0
NDGRD_24610,0
NDGRD_24611,0
NDGRD_24612,0
NDGRD_24613,0
NDGRD_24614,0
NDGRD_24615,0
NDGRD_24616,0
NDGRD_24617,0
NDGRD_24618,0
NDGRD_24619,0
NDGRD_24620,0
NDGRD_24621,0
NDGRD_24622,0
NDGRD_24623,0
NDGRD_24624,0
NDGRD_24625,0
NDGRD_24626,0
NDGRD_24627,0
NDGRD_24628,0
NDGRD_24629,0
NDGRD_24630,0
NDGRD_24631,0
NDGRD_24632,0
NDGRD_24633,0
NDGRD_24634,0
NDGRD_24635,0
NDGRD_24636,0
NDGRD_24637,0
NDGRD_24638,0
NDGRD_24639,0
NDGRD_24640,0
NDGRD_24641,0
NDGRD_24642,0
NDGRD_24643,0
NDGRD_24644,0
NDGRD_24645,0
NDGRD_24646,0
NDGRD_24647,0
NDGRD_24648,0
NDGRD_24649,0
NDGRD_24650,0
NDGRD_24651,0
NDGRD_24652,0
NDGRD_24653,0
NDGRD_24654,0
NDGRD_24655,0
NDGRD_24656,0
NDGRD_24657,0
NDGRD_24658,0
NDGRD_24659,0
NDGRD_24660,0
NDGRD_24661,0
NDGRD_24662,0
NDGRD_24663,0
NDGRD_24664,0
NDGRD_24665,0
NDGRD_24666,0
NDGRD_24667,0
NDGRD_24668,0
NDGRD_24669,0
NDGRD_24670,0
NDGRD_24671,0
NDGRD_24672,0
NDGRD_24673,0
NDGRD_24674,0
NDGRD_24675,0
NDGRD_24676,0
NDGRD_24677,0
NDGRD_24678,0
NDGRD_24679,0
NDGRD_24680,0
NDGRD_24681,0
NDGRD_24682,0
NDGRD_24683,0
NDGRD_24684,0
NDGRD_24685,0
NDGRD_24686,0
NDGRD_24687,0
NDGRD_24688,0
NDGRD_24689,0
NDGRD_24690,0
NDGRD_24691,0
NDGRD_24692,0
NDGRD_24693,0
NDGRD_24694,0
NDGRD_24695,0
NDGRD_24696,0
NDGRD_24697,0
NDGRD_24698,0
NDGRD_24699,0
NDGRD_24700,0
NDGRD_24701,0
NDGRD_24702,0
NDGRD_24703,0
NDGRD_24704,0
NDGRD_24705,0
NDGRD_24706,0
NDGRD_24707,0
NDGRD_24708,0
NDGRD_24709,0
NDGRD_24710,0
NDGRD_24711,0
NDGRD_24712,0
NDGRD_24713,0
NDGRD_24714,0
NDGRD_24715,0
NDGRD_24716,0
NDGRD_24717,0
NDGRD_24718,0
NDGRD_24719,0
NDGRD_24720,0
NDGRD_24721,0
NDGRD_24722,0
NDGRD_24723,0
NDGRD_24724,0
NDGRD_24725,0
NDGRD_24726,0
NDGRD_24727,0
NDGRD_24728,0
NDGRD_24729,0
NDGRD_24730,0
NDGRD_24731,0
NDGRD_24732,0
NDGRD_24733,0
NDGRD_24734,0
NDGRD_24735,0
NDGRD_24736,0
NDGRD_24737,0
NDGRD_24738,0
NDGRD_24739,0
NDGRD_24740,0
NDGRD_24741,0
NDGRD_24742,0
NDGRD_24743,0
NDGRD_24744,0
NDGRD_24745,0
NDGRD_24746,0
NDGRD_24747,0
NDGRD_24748,0
NDGRD_24749,0
NDGRD_24750,0
NDGRD_24751,0
NDGRD_24752,0
NDGRD_24753,0
NDGRD_24754,0
NDGRD_24755,0
NDGRD_24756,0
NDGRD_24757,0
NDGRD_24758,0
NDGRD_24759,0
NDGRD_24760,0
NDGRD_24761,0
NDGRD_24762,0
NDGRD_24763,0
NDGRD_24764,0
NDGRD_24765,0
NDGRD_24766,0
NDGRD_24767,0
NDGRD_24768,0
NDGRD_24769,0
NDGRD_24770,0
NDGRD_24771,0
NDGRD_24772,0
NDGRD_24773,0
NDGRD_24774,0
NDGRD_24775,0
NDGRD_24776,0
NDGRD_24777,0
NDGRD_24778,0
NDGRD_24779,0
NDGRD_24780,0
NDGRD_24781,0
NDGRD_24782,0
NDGRD_24783,0
NDGRD_24784,0
NDGRD_24785,0
NDGRD_24786,0
NDGRD_24787,0
NDGRD_24788,0
NDGRD_24789,0
NDGRD_24790,0
NDGRD_24791,0
NDGRD_24792,0
NDGRD_24793,0
NDGRD_24794,0
NDGRD_24795,0
NDGRD_24796,0
NDGRD_24797,0
NDGRD_24798,0
NDGRD_24799,0
NDGRD_24800,0
NDGRD_24801,0
NDGRD_24802,0
NDGRD_24803,0
NDGRD_24804,0
NDGRD_24805,0
NDGRD_24806,0
NDGRD_24807,0
NDGRD_24808,0
NDGRD_24809,0
NDGRD_24810,0
NDGRD_24811,0
NDGRD_24812,0
NDGRD_24813,0
NDGRD_24814,0
NDGRD_24815,0
NDGRD_24816,0
NDGRD_24817,0
NDGRD_24818,0
NDGRD_24819,0
NDGRD_24820,0
NDGRD_24821,0
NDGRD_24822,0
NDGRD_24823,0
NDGRD_24824,0
NDGRD_24825,0
NDGRD_24826,0
NDGRD_24827,0
NDGRD_24828,0
NDGRD_24829,0
NDGRD_24830,0
NDGRD_24831,0
NDGRD_24832,0
NDGRD_24833,0
NDGRD_24834,0
NDGRD_24835,0
NDGRD_24836,0
NDGRD_24837,0
NDGRD_24838,0
NDGRD_24839,0
NDGRD_24840,0
NDGRD_24841,0
NDGRD_24842,0
NDGRD_24843,0
NDGRD_24844,0
NDGRD_24845,0
NDGRD_24846,0
NDGRD_24847,0
NDGRD_24848,0
NDGRD_24849,0
NDGRD_24850,0
NDGRD_24851,0
NDGRD_24852,0
NDGRD_24853,0
NDGRD_24854,0
NDGRD_24855,0
NDGRD_24856,0
NDGRD_24857,0
NDGRD_24858,0
NDGRD_24859,0
NDGRD_24860,0
NDGRD_24861,0
NDGRD_24862,0
NDGRD_24863,0
NDGRD_24864,0
NDGRD_24865,0
NDGRD_24866,0
NDGRD_24867,0
NDGRD_24868,0
NDGRD_24869,0
NDGRD_24870,0
NDGRD_24871,0
NDGRD_24872,0
NDGRD_24873,0
NDGRD_24874,0
NDGRD_24875,0
NDGRD_24876,0
NDGRD_24877,0
NDGRD_24878,0
NDGRD_24879,0
NDGRD_24880,0
NDGRD_24881,0
NDGRD_24882,0
NDGRD_24883,0
NDGRD_24884,0
NDGRD_24885,0
NDGRD_24886,0
NDGRD_24887,0
NDGRD_24888,0
NDGRD_24889,0
NDGRD_24890,0
NDGRD_24891,0
NDGRD_24892,0
NDGRD_24893,0
NDGRD_24894,0
NDGRD_24895,0
NDGRD_24896,0
NDGRD_24897,0
NDGRD_24898,0
NDGRD_24899,0
NDGRD_24900,0
NDGRD_24901,0
NDGRD_24902,0
NDGRD_24903,0
NDGRD_24904,0
NDGRD_24905,0
NDGRD_24906,0
NDGRD_24907,0
NDGRD_24908,0
NDGRD_24909,0
NDGRD_24910,0
NDGRD_24911,0
NDGRD_24912,0
NDGRD_24913,0
NDGRD_24914,0
NDGRD_24915,0
NDGRD_24916,0
NDGRD_24917,0
NDGRD_24918,0
NDGRD_24919,0
NDGRD_24920,0
NDGRD_24921,0
NDGRD_24922,0
NDGRD_24923,0
NDGRD_24924,0
NDGRD_24925,0
NDGRD_24926,0
NDGRD_24927,0
NDGRD_24928,0
NDGRD_24929,0
NDGRD_24930,0
NDGRD_24931,0
NDGRD_24932,0
NDGRD_24933,0
NDGRD_24934,0
NDGRD_24935,0
NDGRD_24936,0
NDGRD_24937,0
NDGRD_24938,0
NDGRD_24939,0
NDGRD_24940,0
NDGRD_24941,0
NDGRD_24942,0
NDGRD_24943,0
NDGRD_24944,0
NDGRD_24945,0
NDGRD_24946,0
NDGRD_24947,0
NDGRD_24948,0
NDGRD_24949,0
NDGRD_24950,0
NDGRD_24951,0
NDGRD_24952,0
NDGRD_24953,0
NDGRD_24954,0
NDGRD_24955,0
NDGRD_24956,0
NDGRD_24957,0
NDGRD_24958,0
NDGRD_24959,0
NDGRD_24960,0
NDGRD_24961,0
NDGRD_24962,0
NDGRD_24963,0
NDGRD_24964,0
NDGRD_24965,0
NDGRD_24966,0
NDGRD_24967,0
NDGRD_24968,0
NDGRD_24969,0
NDGRD_24970,0
NDGRD_24971,0
NDGRD_24972,0
NDGRD_24973,0
NDGRD_24974,0
NDGRD_24975,0
NDGRD_24976,0
NDGRD_24977,0
NDGRD_24978,0
NDGRD_24979,0
NDGRD_24980,0
NDGRD_24981,0
NDGRD_24982,0
NDGRD_24983,0
NDGRD_24984,0
NDGRD_24985,0
NDGRD_24986,0
NDGRD_24987,0
NDGRD_24988,0
NDGRD_24989,0
NDGRD_24990,0
NDGRD_24991,0
NDGRD_24992,0
NDGRD_24993,0
NDGRD_24994,0
NDGRD_24995,0
NDGRD_24996,0
NDGRD_24997,0
NDGRD_24998,0
NDGRD_24999,0
NDGRD_25000,0
NDGRD_25001,0
NDGRD_25002,0
NDGRD_25003,0
NDGRD_25004,0
NDGRD_25005,0
NDGRD_25006,0
NDGRD_25007,0
NDGRD_25008,0
NDGRD_25009,0
NDGRD_25010,0
NDGRD_25011,0
NDGRD_25012,0
NDGRD_25013,0
NDGRD_25014,0
NDGRD_25015,0
NDGRD_25016,0
NDGRD_25017,0
NDGRD_25018,0
NDGRD_25019,0
NDGRD_25020,0
NDGRD_25021,0
NDGRD_25022,0
NDGRD_25023,0
NDGRD_25024,0
NDGRD_25025,0
NDGRD_25026,0
NDGRD_25027,0
NDGRD_25028,0
NDGRD_25029,0
NDGRD_25030,0
NDGRD_25031,0
NDGRD_25032,0
NDGRD_25033,0
NDGRD_25034,0
NDGRD_25035,0
NDGRD_25036,0
NDGRD_25037,0
NDGRD_25038,0
NDGRD_25039,0
NDGRD_25040,0
NDGRD_25041,0
NDGRD_25042,0
NDGRD_25043,0
NDGRD_25044,0
NDGRD_25045,0
NDGRD_25046,0
NDGRD_25047,0
NDGRD_25048,0
NDGRD_25049,0
NDGRD_25050,0
NDGRD_25051,0
NDGRD_25052,0
NDGRD_25053,0
NDGRD_25054,0
NDGRD_25055,0
NDGRD_25056,0
NDGRD_25057,0
NDGRD_25058,0
NDGRD_25059,0
NDGRD_25060,0
NDGRD_25061,0
NDGRD_25062,0
NDGRD_25063,0
NDGRD_25064,0
NDGRD_25065,0
NDGRD_25066,0
NDGRD_25067,0
NDGRD_25068,0
NDGRD_25069,0
NDGRD_25070,0
NDGRD_25071,0
NDGRD_25072,0
NDGRD_25073,0
NDGRD_25074,0
NDGRD_25075,0
NDGRD_25076,0
NDGRD_25077,0
NDGRD_25078,0
NDGRD_25079,0
NDGRD_25080,0
NDGRD_25081,0
NDGRD_25082,0
NDGRD_25083,0
NDGRD_25084,0
NDGRD_25085,0
NDGRD_25086,0
NDGRD_25087,0
NDGRD_25088,0
NDGRD_25089,0
NDGRD_25090,0
NDGRD_25091,0
NDGRD_25092,0
NDGRD_25093,0
NDGRD_25094,0
NDGRD_25095,0
NDGRD_25096,0
NDGRD_25097,0
NDGRD_25098,0
NDGRD_25099,0
NDGRD_25100,0
NDGRD_25101,0
NDGRD_25102,0
NDGRD_25103,0
NDGRD_25104,0
NDGRD_25105,0
NDGRD_25106,0
NDGRD_25107,0
NDGRD_25108,0
NDGRD_25109,0
NDGRD_25110,0
NDGRD_25111,0
NDGRD_25112,0
NDGRD_25113,0
NDGRD_25114,0
NDGRD_25115,0
NDGRD_25116,0
NDGRD_25117,0
NDGRD_25118,0
NDGRD_25119,0
NDGRD_25120,0
NDGRD_25121,0
NDGRD_25122,0
NDGRD_25123,0
NDGRD_25124,0
NDGRD_25125,0
NDGRD_25126,0
NDGRD_25127,0
NDGRD_25128,0
NDGRD_25129,0
NDGRD_25130,0
NDGRD_25131,0
NDGRD_25132,0
NDGRD_25133,0
NDGRD_25134,0
NDGRD_25135,0
NDGRD_25136,0
NDGRD_25137,0
NDGRD_25138,0
NDGRD_25139,0
NDGRD_25140,0
NDGRD_25141,0
NDGRD_25142,0
NDGRD_25143,0
NDGRD_25144,0
NDGRD_25145,0
NDGRD_25146,0
NDGRD_25147,0
NDGRD_25148,0
NDGRD_25149,0
NDGRD_25150,0
NDGRD_25151,0
NDGRD_25152,0
NDGRD_25153,0
NDGRD_25154,0
NDGRD_25155,0
NDGRD_25156,0
NDGRD_25157,0
NDGRD_25158,0
NDGRD_25159,0
NDGRD_25160,0
NDGRD_25161,0
NDGRD_25162,0
NDGRD_25163,0
NDGRD_25164,0
NDGRD_25165,0
NDGRD_25166,0
NDGRD_25167,0
NDGRD_25168,0
NDGRD_25169,0
NDGRD_25170,0
NDGRD_25171,0
NDGRD_25172,0
NDGRD_25173,0
NDGRD_25174,0
NDGRD_25175,0
NDGRD_25176,0
NDGRD_25177,0
NDGRD_25178,0
NDGRD_25179,0
NDGRD_25180,0
NDGRD_25181,0
NDGRD_25182,0
NDGRD_25183,0
NDGRD_25184,0
NDGRD_25185,0
NDGRD_25186,0
NDGRD_25187,0
NDGRD_25188,0
NDGRD_25189,0
NDGRD_25190,0
NDGRD_25191,0
NDGRD_25192,0
NDGRD_25193,0
NDGRD_25194,0
NDGRD_25195,0
NDGRD_25196,0
NDGRD_25197,0
NDGRD_25198,0
NDGRD_25199,0
NDGRD_25200,0
NDGRD_25201,0
NDGRD_25202,0
NDGRD_25203,0
NDGRD_25204,0
NDGRD_25205,0
NDGRD_25206,0
NDGRD_25207,0
NDGRD_25208,0
NDGRD_25209,0
NDGRD_25210,0
NDGRD_25211,0
NDGRD_25212,0
NDGRD_25213,0
NDGRD_25214,0
NDGRD_25215,0
NDGRD_25216,0
NDGRD_25217,0
NDGRD_25218,0
NDGRD_25219,0
NDGRD_25220,0
NDGRD_25221,0
NDGRD_25222,0
NDGRD_25223,0
NDGRD_25224,0
NDGRD_25225,0
NDGRD_25226,0
NDGRD_25227,0
NDGRD_25228,0
NDGRD_25229,0
NDGRD_25230,0
NDGRD_25231,0
NDGRD_25232,0
NDGRD_25233,0
NDGRD_25234,0
NDGRD_25235,0
NDGRD_25236,0
NDGRD_25237,0
NDGRD_25238,0
NDGRD_25239,0
NDGRD_25240,0
NDGRD_25241,0
NDGRD_25242,0
NDGRD_25243,0
NDGRD_25244,0
NDGRD_25245,0
NDGRD_25246,0
NDGRD_25247,0
NDGRD_25248,0
NDGRD_25249,0
NDGRD_25250,0
NDGRD_25251,0
NDGRD_25252,0
NDGRD_25253,0
NDGRD_25254,0
NDGRD_25255,0
NDGRD_25256,0
NDGRD_25257,0
NDGRD_25258,0
NDGRD_25259,0
NDGRD_25260,0
NDGRD_25261,0
NDGRD_25262,0
NDGRD_25263,0
NDGRD_25264,0
NDGRD_25265,0
NDGRD_25266,0
NDGRD_25267,0
NDGRD_25268,0
NDGRD_25269,0
NDGRD_25270,0
NDGRD_25271,0
NDGRD_25272,0
NDGRD_25273,0
NDGRD_25274,0
NDGRD_25275,0
NDGRD_25276,0
NDGRD_25277,0
NDGRD_25278,0
NDGRD_25279,0
NDGRD_25280,0
NDGRD_25281,0
NDGRD_25282,0
NDGRD_25283,0
NDGRD_25284,0
NDGRD_25285,0
NDGRD_25286,0
NDGRD_25287,0
NDGRD_25288,0
NDGRD_25289,0
NDGRD_25290,0
NDGRD_25291,0
NDGRD_25292,0
NDGRD_25293,0
NDGRD_25294,0
NDGRD_25295,0
NDGRD_25296,0
NDGRD_25297,0
NDGRD_25298,0
NDGRD_25299,0
NDGRD_25300,0
NDGRD_25301,0
NDGRD_25302,0
NDGRD_25303,0
NDGRD_25304,0
NDGRD_25305,0
NDGRD_25306,0
NDGRD_25307,0
NDGRD_25308,0
NDGRD_25309,0
NDGRD_25310,0
NDGRD_25311,0
NDGRD_25312,0
NDGRD_25313,0
NDGRD_25314,0
NDGRD_25315,0
NDGRD_25316,0
NDGRD_25317,0
NDGRD_25318,0
NDGRD_25319,0
NDGRD_25320,0
NDGRD_25321,0
NDGRD_25322,0
NDGRD_25323,0
NDGRD_25324,0
NDGRD_25325,0
NDGRD_25326,0
NDGRD_25327,0
NDGRD_25328,0
NDGRD_25329,0
NDGRD_25330,0
NDGRD_25331,0
NDGRD_25332,0
NDGRD_25333,0
NDGRD_25334,0
NDGRD_25335,0
NDGRD_25336,0
NDGRD_25337,0
NDGRD_25338,0
NDGRD_25339,0
NDGRD_25340,0
NDGRD_25341,0
NDGRD_25342,0
NDGRD_25343,0
NDGRD_25344,0
NDGRD_25345,0
NDGRD_25346,0
NDGRD_25347,0
NDGRD_25348,0
NDGRD_25349,0
NDGRD_25350,0
NDGRD_25351,0
NDGRD_25352,0
NDGRD_25353,0
NDGRD_25354,0
NDGRD_25355,0
NDGRD_25356,0
NDGRD_25357,0
NDGRD_25358,0
NDGRD_25359,0
NDGRD_25360,0
NDGRD_25361,0
NDGRD_25362,0
NDGRD_25363,0
NDGRD_25364,0
NDGRD_25365,0
NDGRD_25366,0
NDGRD_25367,0
NDGRD_25368,0
NDGRD_25369,0
NDGRD_25370,0
NDGRD_25371,0
NDGRD_25372,0
NDGRD_25373,0
NDGRD_25374,0
NDGRD_25375,0
NDGRD_25376,0
NDGRD_25377,0
NDGRD_25378,0
NDGRD_25379,0
NDGRD_25380,0
NDGRD_25381,0
NDGRD_25382,0
NDGRD_25383,0
NDGRD_25384,0
NDGRD_25385,0
NDGRD_25386,0
NDGRD_25387,0
NDGRD_25388,0
NDGRD_25389,0
NDGRD_25390,0
NDGRD_25391,0
NDGRD_25392,0
NDGRD_25393,0
NDGRD_25394,0
NDGRD_25395,0
NDGRD_25396,0
NDGRD_25397,0
NDGRD_25398,0
NDGRD_25399,0
NDGRD_25400,0
NDGRD_25401,0
NDGRD_25402,0
NDGRD_25403,0
NDGRD_25404,0
NDGRD_25405,0
NDGRD_25406,0
NDGRD_25407,0
NDGRD_25408,0
NDGRD_25409,0
NDGRD_25410,0
NDGRD_25411,0
NDGRD_25412,0
NDGRD_25413,0
NDGRD_25414,0
NDGRD_25415,0
NDGRD_25416,0
NDGRD_25417,0
NDGRD_25418,0
NDGRD_25419,0
NDGRD_25420,0
NDGRD_25421,0
NDGRD_25422,0
NDGRD_25423,0
NDGRD_25424,0
NDGRD_25425,0
NDGRD_25426,0
NDGRD_25427,0
NDGRD_25428,0
NDGRD_25429,0
NDGRD_25430,0
NDGRD_25431,0
NDGRD_25432,0
NDGRD_25433,0
NDGRD_25434,0
NDGRD_25435,0
NDGRD_25436,0
NDGRD_25437,0
NDGRD_25438,0
NDGRD_25439,0
NDGRD_25440,0
NDGRD_25441,0
NDGRD_25442,0
NDGRD_25443,0
NDGRD_25444,0
NDGRD_25445,0
NDGRD_25446,0
NDGRD_25447,0
NDGRD_25448,0
NDGRD_25449,0
NDGRD_25450,0
NDGRD_25451,0
NDGRD_25452,0
NDGRD_25453,0
NDGRD_25454,0
NDGRD_25455,0
NDGRD_25456,0
NDGRD_25457,0
NDGRD_25458,0
NDGRD_25459,0
NDGRD_25460,0
NDGRD_25461,0
NDGRD_25462,0
NDGRD_25463,0
NDGRD_25464,0
NDGRD_25465,0
NDGRD_25466,0
NDGRD_25467,0
NDGRD_25468,0
NDGRD_25469,0
NDGRD_25470,0
NDGRD_25471,0
NDGRD_25472,0
NDGRD_25473,0
NDGRD_25474,0
NDGRD_25475,0
NDGRD_25476,0
NDGRD_25477,0
NDGRD_25478,0
NDGRD_25479,0
NDGRD_25480,0
NDGRD_25481,0
NDGRD_25482,0
NDGRD_25483,0
NDGRD_25484,0
NDGRD_25485,0
NDGRD_25486,0
NDGRD_25487,0
NDGRD_25488,0
NDGRD_25489,0
NDGRD_25490,0
NDGRD_25491,0
NDGRD_25492,0
NDGRD_25493,0
NDGRD_25494,0
NDGRD_25495,0
NDGRD_25496,0
NDGRD_25497,0
NDGRD_25498,0
NDGRD_25499,0
NDGRD_25500,0
NDGRD_25501,0
NDGRD_25502,0
NDGRD_25503,0
NDGRD_25504,0
NDGRD_25505,0
NDGRD_25506,0
NDGRD_25507,0
NDGRD_25508,0
NDGRD_25509,0
NDGRD_25510,0
NDGRD_25511,0
NDGRD_25512,0
NDGRD_25513,0
NDGRD_25514,0
NDGRD_25515,0
NDGRD_25516,0
NDGRD_25517,0
NDGRD_25518,0
NDGRD_25519,0
NDGRD_25520,0
NDGRD_25521,0
NDGRD_25522,0
NDGRD_25523,0
NDGRD_25524,0
NDGRD_25525,0
NDGRD_25526,0
NDGRD_25527,0
NDGRD_25528,0
NDGRD_25529,0
NDGRD_25530,0
NDGRD_25531,0
NDGRD_25532,0
NDGRD_25533,0
NDGRD_25534,0
NDGRD_25535,0
NDGRD_25536,0
NDGRD_25537,0
NDGRD_25538,0
NDGRD_25539,0
NDGRD_25540,0
NDGRD_25541,0
NDGRD_25542,0
NDGRD_25543,0
NDGRD_25544,0
NDGRD_25545,0
NDGRD_25546,0
NDGRD_25547,0
NDGRD_25548,0
NDGRD_25549,0
NDGRD_25550,0
NDGRD_25551,0
NDGRD_25552,0
NDGRD_25553,0
NDGRD_25554,0
NDGRD_25555,0
NDGRD_25556,0
NDGRD_25557,0
NDGRD_25558,0
NDGRD_25559,0
NDGRD_25560,0
NDGRD_25561,0
NDGRD_25562,0
NDGRD_25563,0
NDGRD_25564,0
NDGRD_25565,0
NDGRD_25566,0
NDGRD_25567,0
NDGRD_25568,0
NDGRD_25569,0
NDGRD_25570,0
NDGRD_25571,0
NDGRD_25572,0
NDGRD_25573,0
NDGRD_25574,0
NDGRD_25575,0
NDGRD_25576,0
NDGRD_25577,0
NDGRD_25578,0
NDGRD_25579,0
NDGRD_25580,0
NDGRD_25581,0
NDGRD_25582,0
NDGRD_25583,0
NDGRD_25584,0
NDGRD_25585,0
NDGRD_25586,0
NDGRD_25587,0
NDGRD_25588,0
NDGRD_25589,0
NDGRD_25590,0
NDGRD_25591,0
NDGRD_25592,0
NDGRD_25593,0
NDGRD_25594,0
NDGRD_25595,0
NDGRD_25596,0
NDGRD_25597,0
NDGRD_25598,0
NDGRD_25599,0
NDGRD_25600,0
NDGRD_25601,0
NDGRD_25602,0
NDGRD_25603,0
NDGRD_25604,0
NDGRD_25605,0
NDGRD_25606,0
NDGRD_25607,0
NDGRD_25608,0
NDGRD_25609,0
NDGRD_25610,0
NDGRD_25611,0
NDGRD_25612,0
NDGRD_25613,0
NDGRD_25614,0
NDGRD_25615,0
NDGRD_25616,0
NDGRD_25617,0
NDGRD_25618,0
NDGRD_25619,0
NDGRD_25620,0
NDGRD_25621,0
NDGRD_25622,0
NDGRD_25623,0
NDGRD_25624,0
NDGRD_25625,0
NDGRD_25626,0
NDGRD_25627,0
NDGRD_25628,0
NDGRD_25629,0
NDGRD_25630,0
NDGRD_25631,0
NDGRD_25632,0
NDGRD_25633,0
NDGRD_25634,0
NDGRD_25635,0
NDGRD_25636,0
NDGRD_25637,0
NDGRD_25638,0
NDGRD_25639,0
NDGRD_25640,0
NDGRD_25641,0
NDGRD_25642,0
NDGRD_25643,0
NDGRD_25644,0
NDGRD_25645,0
NDGRD_25646,0
NDGRD_25647,0
NDGRD_25648,0
NDGRD_25649,0
NDGRD_25650,0
NDGRD_25651,0
NDGRD_25652,0
NDGRD_25653,0
NDGRD_25654,0
NDGRD_25655,0
NDGRD_25656,0
NDGRD_25657,0
NDGRD_25658,0
NDGRD_25659,0
NDGRD_25660,0
NDGRD_25661,0
NDGRD_25662,0
NDGRD_25663,0
NDGRD_25664,0
NDGRD_25665,0
NDGRD_25666,0
NDGRD_25667,0
NDGRD_25668,0
NDGRD_25669,0
NDGRD_25670,0
NDGRD_25671,0
NDGRD_25672,0
NDGRD_25673,0
NDGRD_25674,0
NDGRD_25675,0
NDGRD_25676,0
NDGRD_25677,0
NDGRD_25678,0
NDGRD_25679,0
NDGRD_25680,0
NDGRD_25681,0
NDGRD_25682,0
NDGRD_25683,0
NDGRD_25684,0
NDGRD_25685,0
NDGRD_25686,0
NDGRD_25687,0
NDGRD_25688,0
NDGRD_25689,0
NDGRD_25690,0
NDGRD_25691,0
NDGRD_25692,0
NDGRD_25693,0
NDGRD_25694,0
NDGRD_25695,0
NDGRD_25696,0
NDGRD_25697,0
NDGRD_25698,0
NDGRD_25699,0
NDGRD_25700,0
NDGRD_25701,0
NDGRD_25702,0
NDGRD_25703,0
NDGRD_25704,0
NDGRD_25705,0
NDGRD_25706,0
NDGRD_25707,0
NDGRD_25708,0
NDGRD_25709,0
NDGRD_25710,0
NDGRD_25711,0
NDGRD_25712,0
NDGRD_25713,0
NDGRD_25714,0
NDGRD_25715,0
NDGRD_25716,0
NDGRD_25717,0
NDGRD_25718,0
NDGRD_25719,0
NDGRD_25720,0
NDGRD_25721,0
NDGRD_25722,0
NDGRD_25723,0
NDGRD_25724,0
NDGRD_25725,0
NDGRD_25726,0
NDGRD_25727,0
NDGRD_25728,0
NDGRD_25729,0
NDGRD_25730,0
NDGRD_25731,0
NDGRD_25732,0
NDGRD_25733,0
NDGRD_25734,0
NDGRD_25735,0
NDGRD_25736,0
NDGRD_25737,0
NDGRD_25738,0
NDGRD_25739,0
NDGRD_25740,0
NDGRD_25741,0
NDGRD_25742,0
NDGRD_25743,0
NDGRD_25744,0
NDGRD_25745,0
NDGRD_25746,0
NDGRD_25747,0
NDGRD_25748,0
NDGRD_25749,0
NDGRD_25750,0
NDGRD_25751,0
NDGRD_25752,0
NDGRD_25753,0
NDGRD_25754,0
NDGRD_25755,0
NDGRD_25756,0
NDGRD_25757,0
NDGRD_25758,0
NDGRD_25759,0
NDGRD_25760,0
NDGRD_25761,0
NDGRD_25762,0
NDGRD_25763,0
NDGRD_25764,0
NDGRD_25765,0
NDGRD_25766,0
NDGRD_25767,0
NDGRD_25768,0
NDGRD_25769,0
NDGRD_25770,0
NDGRD_25771,0
NDGRD_25772,0
NDGRD_25773,0
NDGRD_25774,0
NDGRD_25775,0
NDGRD_25776,0
NDGRD_25777,0
NDGRD_25778,0
NDGRD_25779,0
NDGRD_25780,0
NDGRD_25781,0
NDGRD_25782,0
NDGRD_25783,0
NDGRD_25784,0
NDGRD_25785,0
NDGRD_25786,0
NDGRD_25787,0
NDGRD_25788,0
NDGRD_25789,0
NDGRD_25790,0
NDGRD_25791,0
NDGRD_25792,0
NDGRD_25793,0
NDGRD_25794,0
NDGRD_25795,0
NDGRD_25796,0
NDGRD_25797,0
NDGRD_25798,0
NDGRD_25799,0
NDGRD_25800,0
NDGRD_25801,0
NDGRD_25802,0
NDGRD_25803,0
NDGRD_25804,0
NDGRD_25805,0
NDGRD_25806,0
NDGRD_25807,0
NDGRD_25808,0
NDGRD_25809,0
NDGRD_25810,0
NDGRD_25811,0
NDGRD_25812,0
NDGRD_25813,0
NDGRD_25814,0
NDGRD_25815,0
NDGRD_25816,0
NDGRD_25817,0
NDGRD_25818,0
NDGRD_25819,0
NDGRD_25820,0
NDGRD_25821,0
NDGRD_25822,0
NDGRD_25823,0
NDGRD_25824,0
NDGRD_25825,0
NDGRD_25826,0
NDGRD_25827,0
NDGRD_25828,0
NDGRD_25829,0
NDGRD_25830,0
NDGRD_25831,0
NDGRD_25832,0
NDGRD_25833,0
NDGRD_25834,0
NDGRD_25835,0
NDGRD_25836,0
NDGRD_25837,0
NDGRD_25838,0
NDGRD_25839,0
NDGRD_25840,0
NDGRD_25841,0
NDGRD_25842,0
NDGRD_25843,0
NDGRD_25844,0
NDGRD_25845,0
NDGRD_25846,0
NDGRD_25847,0
NDGRD_25848,0
NDGRD_25849,0
NDGRD_25850,0
NDGRD_25851,0
NDGRD_25852,0
NDGRD_25853,0
NDGRD_25854,0
NDGRD_25855,0
NDGRD_25856,0
NDGRD_25857,0
NDGRD_25858,0
NDGRD_25859,0
NDGRD_25860,0
NDGRD_25861,0
NDGRD_25862,0
NDGRD_25863,0
NDGRD_25864,0
NDGRD_25865,0
NDGRD_25866,0
NDGRD_25867,0
NDGRD_25868,0
NDGRD_25869,0
NDGRD_25870,0
NDGRD_25871,0
NDGRD_25872,0
NDGRD_25873,0
NDGRD_25874,0
NDGRD_25875,0
NDGRD_25876,0
NDGRD_25877,0
NDGRD_25878,0
NDGRD_25879,0
NDGRD_25880,0
NDGRD_25881,0
NDGRD_25882,0
NDGRD_25883,0
NDGRD_25884,0
NDGRD_25885,0
NDGRD_25886,0
NDGRD_25887,0
NDGRD_25888,0
NDGRD_25889,0
NDGRD_25890,0
NDGRD_25891,0
NDGRD_25892,0
NDGRD_25893,0
NDGRD_25894,0
NDGRD_25895,0
NDGRD_25896,0
NDGRD_25897,0
NDGRD_25898,0
NDGRD_25899,0
NDGRD_25900,0
NDGRD_25901,0
NDGRD_25902,0
NDGRD_25903,0
NDGRD_25904,0
NDGRD_25905,0
NDGRD_25906,0
NDGRD_25907,0
NDGRD_25908,0
NDGRD_25909,0
NDGRD_25910,0
NDGRD_25911,0
NDGRD_25912,0
NDGRD_25913,0
NDGRD_25914,0
NDGRD_25915,0
NDGRD_25916,0
NDGRD_25917,0
NDGRD_25918,0
NDGRD_25919,0
NDGRD_25920,0
NDGRD_25921,0
NDGRD_25922,0
NDGRD_25923,0
NDGRD_25924,0
NDGRD_25925,0
NDGRD_25926,0
NDGRD_25927,0
NDGRD_25928,0
NDGRD_25929,0
NDGRD_25930,0
NDGRD_25931,0
NDGRD_25932,0
NDGRD_25933,0
NDGRD_25934,0
NDGRD_25935,0
NDGRD_25936,0
NDGRD_25937,0
NDGRD_25938,0
NDGRD_25939,0
NDGRD_25940,0
NDGRD_25941,0
NDGRD_25942,0
NDGRD_25943,0
NDGRD_25944,0
NDGRD_25945,0
NDGRD_25946,0
NDGRD_25947,0
NDGRD_25948,0
NDGRD_25949,0
NDGRD_25950,0
NDGRD_25951,0
NDGRD_25952,0
NDGRD_25953,0
NDGRD_25954,0
NDGRD_25955,0
NDGRD_25956,0
NDGRD_25957,0
NDGRD_25958,0
NDGRD_25959,0
NDGRD_25960,0
NDGRD_25961,0
NDGRD_25962,0
NDGRD_25963,0
NDGRD_25964,0
NDGRD_25965,0
NDGRD_25966,0
NDGRD_25967,0
NDGRD_25968,0
NDGRD_25969,0
NDGRD_25970,0
NDGRD_25971,0
NDGRD_25972,0
NDGRD_25973,0
NDGRD_25974,0
NDGRD_25975,0
NDGRD_25976,0
NDGRD_25977,0
NDGRD_25978,0
NDGRD_25979,0
NDGRD_25980,0
NDGRD_25981,0
NDGRD_25982,0
NDGRD_25983,0
NDGRD_25984,0
NDGRD_25985,0
NDGRD_25986,0
NDGRD_25987,0
NDGRD_25988,0
NDGRD_25989,0
NDGRD_25990,0
NDGRD_25991,0
NDGRD_25992,0
NDGRD_25993,0
NDGRD_25994,0
NDGRD_25995,0
NDGRD_25996,0
NDGRD_25997,0
NDGRD_25998,0
NDGRD_25999,0
NDGRD_26000,0
NDGRD_26001,0
NDGRD_26002,0
NDGRD_26003,0
NDGRD_26004,0
NDGRD_26005,0
NDGRD_26006,0
NDGRD_26007,0
NDGRD_26008,0
NDGRD_26009,0
NDGRD_26010,0
NDGRD_26011,0
NDGRD_26012,0
NDGRD_26013,0
NDGRD_26014,0
NDGRD_26015,0
NDGRD_26016,0
NDGRD_26017,0
NDGRD_26018,0
NDGRD_26019,0
NDGRD_26020,0
NDGRD_26021,0
NDGRD_26022,0
NDGRD_26023,0
NDGRD_26024,0
NDGRD_26025,0
NDGRD_26026,0
NDGRD_26027,0
NDGRD_26028,0
NDGRD_26029,0
NDGRD_26030,0
NDGRD_26031,0
NDGRD_26032,0
NDGRD_26033,0
NDGRD_26034,0
NDGRD_26035,0
NDGRD_26036,0
NDGRD_26037,0
NDGRD_26038,0
NDGRD_26039,0
NDGRD_26040,0
NDGRD_26041,0
NDGRD_26042,0
NDGRD_26043,0
NDGRD_26044,0
NDGRD_26045,0
NDGRD_26046,0
NDGRD_26047,0
NDGRD_26048,0
NDGRD_26049,0
NDGRD_26050,0
NDGRD_26051,0
NDGRD_26052,0
NDGRD_26053,0
NDGRD_26054,0
NDGRD_26055,0
NDGRD_26056,0
NDGRD_26057,0
NDGRD_26058,0
NDGRD_26059,0
NDGRD_26060,0
NDGRD_26061,0
NDGRD_26062,0
NDGRD_26063,0
NDGRD_26064,0
NDGRD_26065,0
NDGRD_26066,0
NDGRD_26067,0
NDGRD_26068,0
NDGRD_26069,0
NDGRD_26070,0
NDGRD_26071,0
NDGRD_26072,0
NDGRD_26073,0
NDGRD_26074,0
NDGRD_26075,0
NDGRD_26076,0
NDGRD_26077,0
NDGRD_26078,0
NDGRD_26079,0
NDGRD_26080,0
NDGRD_26081,0
NDGRD_26082,0
NDGRD_26083,0
NDGRD_26084,0
NDGRD_26085,0
NDGRD_26086,0
NDGRD_26087,0
NDGRD_26088,0
NDGRD_26089,0
NDGRD_26090,0
NDGRD_26091,0
NDGRD_26092,0
NDGRD_26093,0
NDGRD_26094,0
NDGRD_26095,0
NDGRD_26096,0
NDGRD_26097,0
NDGRD_26098,0
NDGRD_26099,0
NDGRD_26100,0
NDGRD_26101,0
NDGRD_26102,0
NDGRD_26103,0
NDGRD_26104,0
NDGRD_26105,0
NDGRD_26106,0
NDGRD_26107,0
NDGRD_26108,0
NDGRD_26109,0
NDGRD_26110,0
NDGRD_26111,0
NDGRD_26112,0
NDGRD_26113,0
NDGRD_26114,0
NDGRD_26115,0
NDGRD_26116,0
NDGRD_26117,0
NDGRD_26118,0
NDGRD_26119,0
NDGRD_26120,0
NDGRD_26121,0
NDGRD_26122,0
NDGRD_26123,0
NDGRD_26124,0
NDGRD_26125,0
NDGRD_26126,0
NDGRD_26127,0
NDGRD_26128,0
NDGRD_26129,0
NDGRD_26130,0
NDGRD_26131,0
NDGRD_26132,0
NDGRD_26133,0
NDGRD_26134,0
NDGRD_26135,0
NDGRD_26136,0
NDGRD_26137,0
NDGRD_26138,0
NDGRD_26139,0
NDGRD_26140,0
NDGRD_26141,0
NDGRD_26142,0
NDGRD_26143,0
NDGRD_26144,0
NDGRD_26145,0
NDGRD_26146,0
NDGRD_26147,0
NDGRD_26148,0
NDGRD_26149,0
NDGRD_26150,0
NDGRD_26151,0
NDGRD_26152,0
NDGRD_26153,0
NDGRD_26154,0
NDGRD_26155,0
NDGRD_26156,0
NDGRD_26157,0
NDGRD_26158,0
NDGRD_26159,0
NDGRD_26160,0
NDGRD_26161,0
NDGRD_26162,0
NDGRD_26163,0
NDGRD_26164,0
NDGRD_26165,0
NDGRD_26166,0
NDGRD_26167,0
NDGRD_26168,0
NDGRD_26169,0
NDGRD_26170,0
NDGRD_26171,0
NDGRD_26172,0
NDGRD_26173,0
NDGRD_26174,0
NDGRD_26175,0
NDGRD_26176,0
NDGRD_26177,0
NDGRD_26178,0
NDGRD_26179,0
NDGRD_26180,0
NDGRD_26181,0
NDGRD_26182,0
NDGRD_26183,0
NDGRD_26184,0
NDGRD_26185,0
NDGRD_26186,0
NDGRD_26187,0
NDGRD_26188,0
NDGRD_26189,0
NDGRD_26190,0
NDGRD_26191,0
NDGRD_26192,0
NDGRD_26193,0
NDGRD_26194,0
NDGRD_26195,0
NDGRD_26196,0
NDGRD_26197,0
NDGRD_26198,0
NDGRD_26199,0
NDGRD_26200,0
NDGRD_26201,0
NDGRD_26202,0
NDGRD_26203,0
NDGRD_26204,0
NDGRD_26205,0
NDGRD_26206,0
NDGRD_26207,0
NDGRD_26208,0
NDGRD_26209,0
NDGRD_26210,0
NDGRD_26211,0
NDGRD_26212,0
NDGRD_26213,0
NDGRD_26214,0
NDGRD_26215,0
NDGRD_26216,0
NDGRD_26217,0
NDGRD_26218,0
NDGRD_26219,0
NDGRD_26220,0
NDGRD_26221,0
NDGRD_26222,0
NDGRD_26223,0
NDGRD_26224,0
NDGRD_26225,0
NDGRD_26226,0
NDGRD_26227,0
NDGRD_26228,0
NDGRD_26229,0
NDGRD_26230,0
NDGRD_26231,0
NDGRD_26232,0
NDGRD_26233,0
NDGRD_26234,0
NDGRD_26235,0
NDGRD_26236,0
NDGRD_26237,0
NDGRD_26238,0
NDGRD_26239,0
NDGRD_26240,0
NDGRD_26241,0
NDGRD_26242,0
NDGRD_26243,0
NDGRD_26244,0
NDGRD_26245,0
NDGRD_26246,0
NDGRD_26247,0
NDGRD_26248,0
NDGRD_26249,0
NDGRD_26250,0
NDGRD_26251,0
NDGRD_26252,0
NDGRD_26253,0
NDGRD_26254,0
NDGRD_26255,0
NDGRD_26256,0
NDGRD_26257,0
NDGRD_26258,0
NDGRD_26259,0
NDGRD_26260,0
NDGRD_26261,0
NDGRD_26262,0
NDGRD_26263,0
NDGRD_26264,0
NDGRD_26265,0
NDGRD_26266,0
NDGRD_26267,0
NDGRD_26268,0
NDGRD_26269,0
NDGRD_26270,0
NDGRD_26271,0
NDGRD_26272,0
NDGRD_26273,0
NDGRD_26274,0
NDGRD_26275,0
NDGRD_26276,0
NDGRD_26277,0
NDGRD_26278,0
NDGRD_26279,0
NDGRD_26280,0
NDGRD_26281,0
NDGRD_26282,0
NDGRD_26283,0
NDGRD_26284,0
NDGRD_26285,0
NDGRD_26286,0
NDGRD_26287,0
NDGRD_26288,0
NDGRD_26289,0
NDGRD_26290,0
NDGRD_26291,0
NDGRD_26292,0
NDGRD_26293,0
NDGRD_26294,0
NDGRD_26295,0
NDGRD_26296,0
NDGRD_26297,0
NDGRD_26298,0
NDGRD_26299,0
NDGRD_26300,0
NDGRD_26301,0
NDGRD_26302,0
NDGRD_26303,0
NDGRD_26304,0
NDGRD_26305,0
NDGRD_26306,0
NDGRD_26307,0
NDGRD_26308,0
NDGRD_26309,0
NDGRD_26310,0
NDGRD_26311,0
NDGRD_26312,0
NDGRD_26313,0
NDGRD_26314,0
NDGRD_26315,0
NDGRD_26316,0
NDGRD_26317,0
NDGRD_26318,0
NDGRD_26319,0
NDGRD_26320,0
NDGRD_26321,0
NDGRD_26322,0
NDGRD_26323,0
NDGRD_26324,0
NDGRD_26325,0
NDGRD_26326,0
NDGRD_26327,0
NDGRD_26328,0
NDGRD_26329,0
NDGRD_26330,0
NDGRD_26331,0
NDGRD_26332,0
NDGRD_26333,0
NDGRD_26334,0
NDGRD_26335,0
NDGRD_26336,0
NDGRD_26337,0
NDGRD_26338,0
NDGRD_26339,0
NDGRD_26340,0
NDGRD_26341,0
NDGRD_26342,0
NDGRD_26343,0
NDGRD_26344,0
NDGRD_26345,0
NDGRD_26346,0
NDGRD_26347,0
NDGRD_26348,0
NDGRD_26349,0
NDGRD_26350,0
NDGRD_26351,0
NDGRD_26352,0
NDGRD_26353,0
NDGRD_26354,0
NDGRD_26355,0
NDGRD_26356,0
NDGRD_26357,0
NDGRD_26358,0
NDGRD_26359,0
NDGRD_26360,0
NDGRD_26361,0
NDGRD_26362,0
NDGRD_26363,0
NDGRD_26364,0
NDGRD_26365,0
NDGRD_26366,0
NDGRD_26367,0
NDGRD_26368,0
NDGRD_26369,0
NDGRD_26370,0
NDGRD_26371,0
NDGRD_26372,0
NDGRD_26373,0
NDGRD_26374,0
NDGRD_26375,0
NDGRD_26376,0
NDGRD_26377,0
NDGRD_26378,0
NDGRD_26379,0
NDGRD_26380,0
NDGRD_26381,0
NDGRD_26382,0
NDGRD_26383,0
NDGRD_26384,0
NDGRD_26385,0
NDGRD_26386,0
NDGRD_26387,0
NDGRD_26388,0
NDGRD_26389,0
NDGRD_26390,0
NDGRD_26391,0
NDGRD_26392,0
NDGRD_26393,0
NDGRD_26394,0
NDGRD_26395,0
NDGRD_26396,0
NDGRD_26397,0
NDGRD_26398,0
NDGRD_26399,0
NDGRD_26400,0
NDGRD_26401,0
NDGRD_26402,0
NDGRD_26403,0
NDGRD_26404,0
NDGRD_26405,0
NDGRD_26406,0
NDGRD_26407,0
NDGRD_26408,0
NDGRD_26409,0
NDGRD_26410,0
NDGRD_26411,0
NDGRD_26412,0
NDGRD_26413,0
NDGRD_26414,0
NDGRD_26415,0
NDGRD_26416,0
NDGRD_26417,0
NDGRD_26418,0
NDGRD_26419,0
NDGRD_26420,0
NDGRD_26421,0
NDGRD_26422,0
NDGRD_26423,0
NDGRD_26424,0
NDGRD_26425,0
NDGRD_26426,0
NDGRD_26427,0
NDGRD_26428,0
NDGRD_26429,0
NDGRD_26430,0
NDGRD_26431,0
NDGRD_26432,0
NDGRD_26433,0
NDGRD_26434,0
NDGRD_26435,0
NDGRD_26436,0
NDGRD_26437,0
NDGRD_26438,0
NDGRD_26439,0
NDGRD_26440,0
NDGRD_26441,0
NDGRD_26442,0
NDGRD_26443,0
NDGRD_26444,0
NDGRD_26445,0
NDGRD_26446,0
NDGRD_26447,0
NDGRD_26448,0
NDGRD_26449,0
NDGRD_26450,0
NDGRD_26451,0
NDGRD_26452,0
NDGRD_26453,0
NDGRD_26454,0
NDGRD_26455,0
NDGRD_26456,0
NDGRD_26457,0
NDGRD_26458,0
NDGRD_26459,0
NDGRD_26460,0
NDGRD_26461,0
NDGRD_26462,0
NDGRD_26463,0
NDGRD_26464,0
NDGRD_26465,0
NDGRD_26466,0
NDGRD_26467,0
NDGRD_26468,0
NDGRD_26469,0
NDGRD_26470,0
NDGRD_26471,0
NDGRD_26472,0
NDGRD_26473,0
NDGRD_26474,0
NDGRD_26475,0
NDGRD_26476,0
NDGRD_26477,0
NDGRD_26478,0
NDGRD_26479,0
NDGRD_26480,0
NDGRD_26481,0
NDGRD_26482,0
NDGRD_26483,0
NDGRD_26484,0
NDGRD_26485,0
NDGRD_26486,0
NDGRD_26487,0
NDGRD_26488,0
NDGRD_26489,0
NDGRD_26490,0
NDGRD_26491,0
NDGRD_26492,0
NDGRD_26493,0
NDGRD_26494,0
NDGRD_26495,0
NDGRD_26496,0
NDGRD_26497,0
NDGRD_26498,0
NDGRD_26499,0
NDGRD_26500,0
NDGRD_26501,0
NDGRD_26502,0
NDGRD_26503,0
NDGRD_26504,0
NDGRD_26505,0
NDGRD_26506,0
NDGRD_26507,0
NDGRD_26508,0
NDGRD_26509,0
NDGRD_26510,0
NDGRD_26511,0
NDGRD_26512,0
NDGRD_26513,0
NDGRD_26514,0
NDGRD_26515,0
NDGRD_26516,0
NDGRD_26517,0
NDGRD_26518,0
NDGRD_26519,0
NDGRD_26520,0
NDGRD_26521,0
NDGRD_26522,0
NDGRD_26523,0
NDGRD_26524,0
NDGRD_26525,0
NDGRD_26526,0
NDGRD_26527,0
NDGRD_26528,0
NDGRD_26529,0
NDGRD_26530,0
NDGRD_26531,0
NDGRD_26532,0
NDGRD_26533,0
NDGRD_26534,0
NDGRD_26535,0
NDGRD_26536,0
NDGRD_26537,0
NDGRD_26538,0
NDGRD_26539,0
NDGRD_26540,0
NDGRD_26541,0
NDGRD_26542,0
NDGRD_26543,0
NDGRD_26544,0
NDGRD_26545,0
NDGRD_26546,0
NDGRD_26547,0
NDGRD_26548,0
NDGRD_26549,0
NDGRD_26550,0
NDGRD_26551,0
NDGRD_26552,0
NDGRD_26553,0
NDGRD_26554,0
NDGRD_26555,0
NDGRD_26556,0
NDGRD_26557,0
NDGRD_26558,0
NDGRD_26559,0
NDGRD_26560,0
NDGRD_26561,0
NDGRD_26562,0
NDGRD_26563,0
NDGRD_26564,0
NDGRD_26565,0
NDGRD_26566,0
NDGRD_26567,0
NDGRD_26568,0
NDGRD_26569,0
NDGRD_26570,0
NDGRD_26571,0
NDGRD_26572,0
NDGRD_26573,0
NDGRD_26574,0
NDGRD_26575,0
NDGRD_26576,0
NDGRD_26577,0
NDGRD_26578,0
NDGRD_26579,0
NDGRD_26580,0
NDGRD_26581,0
NDGRD_26582,0
NDGRD_26583,0
NDGRD_26584,0
NDGRD_26585,0
NDGRD_26586,0
NDGRD_26587,0
NDGRD_26588,0
NDGRD_26589,0
NDGRD_26590,0
NDGRD_26591,0
NDGRD_26592,0
NDGRD_26593,0
NDGRD_26594,0
NDGRD_26595,0
NDGRD_26596,0
NDGRD_26597,0
NDGRD_26598,0
NDGRD_26599,0
NDGRD_26600,0
NDGRD_26601,0
NDGRD_26602,0
NDGRD_26603,0
NDGRD_26604,0
NDGRD_26605,0
NDGRD_26606,0
NDGRD_26607,0
NDGRD_26608,0
NDGRD_26609,0
NDGRD_26610,0
NDGRD_26611,0
NDGRD_26612,0
NDGRD_26613,0
NDGRD_26614,0
NDGRD_26615,0
NDGRD_26616,0
NDGRD_26617,0
NDGRD_26618,0
NDGRD_26619,0
NDGRD_26620,0
NDGRD_26621,0
NDGRD_26622,0
NDGRD_26623,0
NDGRD_26624,0
NDGRD_26625,0
NDGRD_26626,0
NDGRD_26627,0
NDGRD_26628,0
NDGRD_26629,0
NDGRD_26630,0
NDGRD_26631,0
NDGRD_26632,0
NDGRD_26633,0
NDGRD_26634,0
NDGRD_26635,0
NDGRD_26636,0
NDGRD_26637,0
NDGRD_26638,0
NDGRD_26639,0
NDGRD_26640,0
NDGRD_26641,0
NDGRD_26642,0
NDGRD_26643,0
NDGRD_26644,0
NDGRD_26645,0
NDGRD_26646,0
NDGRD_26647,0
NDGRD_26648,0
NDGRD_26649,0
NDGRD_26650,0
NDGRD_26651,0
NDGRD_26652,0
NDGRD_26653,0
NDGRD_26654,0
NDGRD_26655,0
NDGRD_26656,0
NDGRD_26657,0
NDGRD_26658,0
NDGRD_26659,0
NDGRD_26660,0
NDGRD_26661,0
NDGRD_26662,0
NDGRD_26663,0
NDGRD_26664,0
NDGRD_26665,0
NDGRD_26666,0
NDGRD_26667,0
NDGRD_26668,0
NDGRD_26669,0
NDGRD_26670,0
NDGRD_26671,0
NDGRD_26672,0
NDGRD_26673,0
NDGRD_26674,0
NDGRD_26675,0
NDGRD_26676,0
NDGRD_26677,0
NDGRD_26678,0
NDGRD_26679,0
NDGRD_26680,0
NDGRD_26681,0
NDGRD_26682,0
NDGRD_26683,0
NDGRD_26684,0
NDGRD_26685,0
NDGRD_26686,0
NDGRD_26687,0
NDGRD_26688,0
NDGRD_26689,0
NDGRD_26690,0
NDGRD_26691,0
NDGRD_26692,0
NDGRD_26693,0
NDGRD_26694,0
NDGRD_26695,0
NDGRD_26696,0
NDGRD_26697,0
NDGRD_26698,0
NDGRD_26699,0
NDGRD_26700,0
NDGRD_26701,0
NDGRD_26702,0
NDGRD_26703,0
NDGRD_26704,0
NDGRD_26705,0
NDGRD_26706,0
NDGRD_26707,0
NDGRD_26708,0
NDGRD_26709,0
NDGRD_26710,0
NDGRD_26711,0
NDGRD_26712,0
NDGRD_26713,0
NDGRD_26714,0
NDGRD_26715,0
NDGRD_26716,0
NDGRD_26717,0
NDGRD_26718,0
NDGRD_26719,0
NDGRD_26720,0
NDGRD_26721,0
NDGRD_26722,0
NDGRD_26723,0
NDGRD_26724,0
NDGRD_26725,0
NDGRD_26726,0
NDGRD_26727,0
NDGRD_26728,0
NDGRD_26729,0
NDGRD_26730,0
NDGRD_26731,0
NDGRD_26732,0
NDGRD_26733,0
NDGRD_26734,0
NDGRD_26735,0
NDGRD_26736,0
NDGRD_26737,0
NDGRD_26738,0
NDGRD_26739,0
NDGRD_26740,0
NDGRD_26741,0
NDGRD_26742,0
NDGRD_26743,0
NDGRD_26744,0
NDGRD_26745,0
NDGRD_26746,0
NDGRD_26747,0
NDGRD_26748,0
NDGRD_26749,0
NDGRD_26750,0
NDGRD_26751,0
NDGRD_26752,0
NDGRD_26753,0
NDGRD_26754,0
NDGRD_26755,0
NDGRD_26756,0
NDGRD_26757,0
NDGRD_26758,0
NDGRD_26759,0
NDGRD_26760,0
NDGRD_26761,0
NDGRD_26762,0
NDGRD_26763,0
NDGRD_26764,0
NDGRD_26765,0
NDGRD_26766,0
NDGRD_26767,0
NDGRD_26768,0
NDGRD_26769,0
NDGRD_26770,0
NDGRD_26771,0
NDGRD_26772,0
NDGRD_26773,0
NDGRD_26774,0
NDGRD_26775,0
NDGRD_26776,0
NDGRD_26777,0
NDGRD_26778,0
NDGRD_26779,0
NDGRD_26780,0
NDGRD_26781,0
NDGRD_26782,0
NDGRD_26783,0
NDGRD_26784,0
NDGRD_26785,0
NDGRD_26786,0
NDGRD_26787,0
NDGRD_26788,0
NDGRD_26789,0
NDGRD_26790,0
NDGRD_26791,0
NDGRD_26792,0
NDGRD_26793,0
NDGRD_26794,0
NDGRD_26795,0
NDGRD_26796,0
NDGRD_26797,0
NDGRD_26798,0
NDGRD_26799,0
NDGRD_26800,0
NDGRD_26801,0
NDGRD_26802,0
NDGRD_26803,0
NDGRD_26804,0
NDGRD_26805,0
NDGRD_26806,0
NDGRD_26807,0
NDGRD_26808,0
NDGRD_26809,0
NDGRD_26810,0
NDGRD_26811,0
NDGRD_26812,0
NDGRD_26813,0
NDGRD_26814,0
NDGRD_26815,0
NDGRD_26816,0
NDGRD_26817,0
NDGRD_26818,0
NDGRD_26819,0
NDGRD_26820,0
NDGRD_26821,0
NDGRD_26822,0
NDGRD_26823,0
NDGRD_26824,0
NDGRD_26825,0
NDGRD_26826,0
NDGRD_26827,0
NDGRD_26828,0
NDGRD_26829,0
NDGRD_26830,0
NDGRD_26831,0
NDGRD_26832,0
NDGRD_26833,0
NDGRD_26834,0
NDGRD_26835,0
NDGRD_26836,0
NDGRD_26837,0
NDGRD_26838,0
NDGRD_26839,0
NDGRD_26840,0
NDGRD_26841,0
NDGRD_26842,0
NDGRD_26843,0
NDGRD_26844,0
NDGRD_26845,0
NDGRD_26846,0
NDGRD_26847,0
NDGRD_26848,0
NDGRD_26849,0
NDGRD_26850,0
NDGRD_26851,0
NDGRD_26852,0
NDGRD_26853,0
NDGRD_26854,0
NDGRD_26855,0
NDGRD_26856,0
NDGRD_26857,0
NDGRD_26858,0
NDGRD_26859,0
NDGRD_26860,0
NDGRD_26861,0
NDGRD_26862,0
NDGRD_26863,0
NDGRD_26864,0
NDGRD_26865,0
NDGRD_26866,0
NDGRD_26867,0
NDGRD_26868,0
NDGRD_26869,0
NDGRD_26870,0
NDGRD_26871,0
NDGRD_26872,0
NDGRD_26873,0
NDGRD_26874,0
NDGRD_26875,0
NDGRD_26876,0
NDGRD_26877,0
NDGRD_26878,0
NDGRD_26879,0
NDGRD_26880,0
NDGRD_26881,0
NDGRD_26882,0
NDGRD_26883,0
NDGRD_26884,0
NDGRD_26885,0
NDGRD_26886,0
NDGRD_26887,0
NDGRD_26888,0
NDGRD_26889,0
NDGRD_26890,0
NDGRD_26891,0
NDGRD_26892,0
NDGRD_26893,0
NDGRD_26894,0
NDGRD_26895,0
NDGRD_26896,0
NDGRD_26897,0
NDGRD_26898,0
NDGRD_26899,0
NDGRD_26900,0
NDGRD_26901,0
NDGRD_26902,0
NDGRD_26903,0
NDGRD_26904,0
NDGRD_26905,0
NDGRD_26906,0
NDGRD_26907,0
NDGRD_26908,0
NDGRD_26909,0
NDGRD_26910,0
NDGRD_26911,0
NDGRD_26912,0
NDGRD_26913,0
NDGRD_26914,0
NDGRD_26915,0
NDGRD_26916,0
NDGRD_26917,0
NDGRD_26918,0
NDGRD_26919,0
NDGRD_26920,0
NDGRD_26921,0
NDGRD_26922,0
NDGRD_26923,0
NDGRD_26924,0
NDGRD_26925,0
NDGRD_26926,0
NDGRD_26927,0
NDGRD_26928,0
NDGRD_26929,0
NDGRD_26930,0
NDGRD_26931,0
NDGRD_26932,0
NDGRD_26933,0
NDGRD_26934,0
NDGRD_26935,0
NDGRD_26936,0
NDGRD_26937,0
NDGRD_26938,0
NDGRD_26939,0
NDGRD_26940,0
NDGRD_26941,0
NDGRD_26942,0
NDGRD_26943,0
NDGRD_26944,0
NDGRD_26945,0
NDGRD_26946,0
NDGRD_26947,0
NDGRD_26948,0
NDGRD_26949,0
NDGRD_26950,0
NDGRD_26951,0
NDGRD_26952,0
NDGRD_26953,0
NDGRD_26954,0
NDGRD_26955,0
NDGRD_26956,0
NDGRD_26957,0
NDGRD_26958,0
NDGRD_26959,0
NDGRD_26960,0
NDGRD_26961,0
NDGRD_26962,0
NDGRD_26963,0
NDGRD_26964,0
NDGRD_26965,0
NDGRD_26966,0
NDGRD_26967,0
NDGRD_26968,0
NDGRD_26969,0
NDGRD_26970,0
NDGRD_26971,0
NDGRD_26972,0
NDGRD_26973,0
NDGRD_26974,0
NDGRD_26975,0
NDGRD_26976,0
NDGRD_26977,0
NDGRD_26978,0
NDGRD_26979,0
NDGRD_26980,0
NDGRD_26981,0
NDGRD_26982,0
NDGRD_26983,0
NDGRD_26984,0
NDGRD_26985,0
NDGRD_26986,0
NDGRD_26987,0
NDGRD_26988,0
NDGRD_26989,0
NDGRD_26990,0
NDGRD_26991,0
NDGRD_26992,0
NDGRD_26993,0
NDGRD_26994,0
NDGRD_26995,0
NDGRD_26996,0
NDGRD_26997,0
NDGRD_26998,0
NDGRD_26999,0
NDGRD_27000,0
NDGRD_27001,0
NDGRD_27002,0
NDGRD_27003,0
NDGRD_27004,0
NDGRD_27005,0
NDGRD_27006,0
NDGRD_27007,0
NDGRD_27008,0
NDGRD_27009,0
NDGRD_27010,0
NDGRD_27011,0
NDGRD_27012,0
NDGRD_27013,0
NDGRD_27014,0
NDGRD_27015,0
NDGRD_27016,0
NDGRD_27017,0
NDGRD_27018,0
NDGRD_27019,0
NDGRD_27020,0
NDGRD_27021,0
NDGRD_27022,0
NDGRD_27023,0
NDGRD_27024,0
NDGRD_27025,0
NDGRD_27026,0
NDGRD_27027,0
NDGRD_27028,0
NDGRD_27029,0
NDGRD_27030,0
NDGRD_27031,0
NDGRD_27032,0
NDGRD_27033,0
NDGRD_27034,0
NDGRD_27035,0
NDGRD_27036,0
NDGRD_27037,0
NDGRD_27038,0
NDGRD_27039,0
NDGRD_27040,0
NDGRD_27041,0
NDGRD_27042,0
NDGRD_27043,0
NDGRD_27044,0
NDGRD_27045,0
NDGRD_27046,0
NDGRD_27047,0
NDGRD_27048,0
NDGRD_27049,0
NDGRD_27050,0
NDGRD_27051,0
NDGRD_27052,0
NDGRD_27053,0
NDGRD_27054,0
NDGRD_27055,0
NDGRD_27056,0
NDGRD_27057,0
NDGRD_27058,0
NDGRD_27059,0
NDGRD_27060,0
NDGRD_27061,0
NDGRD_27062,0
NDGRD_27063,0
NDGRD_27064,0
NDGRD_27065,0
NDGRD_27066,0
NDGRD_27067,0
NDGRD_27068,0
NDGRD_27069,0
NDGRD_27070,0
NDGRD_27071,0
NDGRD_27072,0
NDGRD_27073,0
NDGRD_27074,0
NDGRD_27075,0
NDGRD_27076,0
NDGRD_27077,0
NDGRD_27078,0
NDGRD_27079,0
NDGRD_27080,0
NDGRD_27081,0
NDGRD_27082,0
NDGRD_27083,0
NDGRD_27084,0
NDGRD_27085,0
NDGRD_27086,0
NDGRD_27087,0
NDGRD_27088,0
NDGRD_27089,0
NDGRD_27090,0
NDGRD_27091,0
NDGRD_27092,0
NDGRD_27093,0
NDGRD_27094,0
NDGRD_27095,0
NDGRD_27096,0
NDGRD_27097,0
NDGRD_27098,0
NDGRD_27099,0
NDGRD_27100,0
NDGRD_27101,0
NDGRD_27102,0
NDGRD_27103,0
NDGRD_27104,0
NDGRD_27105,0
NDGRD_27106,0
NDGRD_27107,0
NDGRD_27108,0
NDGRD_27109,0
NDGRD_27110,0
NDGRD_27111,0
NDGRD_27112,0
NDGRD_27113,0
NDGRD_27114,0
NDGRD_27115,0
NDGRD_27116,0
NDGRD_27117,0
NDGRD_27118,0
NDGRD_27119,0
NDGRD_27120,0
NDGRD_27121,0
NDGRD_27122,0
NDGRD_27123,0
NDGRD_27124,0
NDGRD_27125,0
NDGRD_27126,0
NDGRD_27127,0
NDGRD_27128,0
NDGRD_27129,0
NDGRD_27130,0
NDGRD_27131,0
NDGRD_27132,0
NDGRD_27133,0
NDGRD_27134,0
NDGRD_27135,0
NDGRD_27136,0
NDGRD_27137,0
NDGRD_27138,0
NDGRD_27139,0
NDGRD_27140,0
NDGRD_27141,0
NDGRD_27142,0
NDGRD_27143,0
NDGRD_27144,0
NDGRD_27145,0
NDGRD_27146,0
NDGRD_27147,0
NDGRD_27148,0
NDGRD_27149,0
NDGRD_27150,0
NDGRD_27151,0
NDGRD_27152,0
NDGRD_27153,0
NDGRD_27154,0
NDGRD_27155,0
NDGRD_27156,0
NDGRD_27157,0
NDGRD_27158,0
NDGRD_27159,0
NDGRD_27160,0
NDGRD_27161,0
NDGRD_27162,0
NDGRD_27163,0
NDGRD_27164,0
NDGRD_27165,0
NDGRD_27166,0
NDGRD_27167,0
NDGRD_27168,0
NDGRD_27169,0
NDGRD_27170,0
NDGRD_27171,0
NDGRD_27172,0
NDGRD_27173,0
NDGRD_27174,0
NDGRD_27175,0
NDGRD_27176,0
NDGRD_27177,0
NDGRD_27178,0
NDGRD_27179,0
NDGRD_27180,0
NDGRD_27181,0
NDGRD_27182,0
NDGRD_27183,0
NDGRD_27184,0
NDGRD_27185,0
NDGRD_27186,0
NDGRD_27187,0
NDGRD_27188,0
NDGRD_27189,0
NDGRD_27190,0
NDGRD_27191,0
NDGRD_27192,0
NDGRD_27193,0
NDGRD_27194,0
NDGRD_27195,0
NDGRD_27196,0
NDGRD_27197,0
NDGRD_27198,0
NDGRD_27199,0
NDGRD_27200,0
NDGRD_27201,0
NDGRD_27202,0
NDGRD_27203,0
NDGRD_27204,0
NDGRD_27205,0
NDGRD_27206,0
NDGRD_27207,0
NDGRD_27208,0
NDGRD_27209,0
NDGRD_27210,0
NDGRD_27211,0
NDGRD_27212,0
NDGRD_27213,0
NDGRD_27214,0
NDGRD_27215,0
NDGRD_27216,0
NDGRD_27217,0
NDGRD_27218,0
NDGRD_27219,0
NDGRD_27220,0
NDGRD_27221,0
NDGRD_27222,0
NDGRD_27223,0
NDGRD_27224,0
NDGRD_27225,0
NDGRD_27226,0
NDGRD_27227,0
NDGRD_27228,0
NDGRD_27229,0
NDGRD_27230,0
NDGRD_27231,0
NDGRD_27232,0
NDGRD_27233,0
NDGRD_27234,0
NDGRD_27235,0
NDGRD_27236,0
NDGRD_27237,0
NDGRD_27238,0
NDGRD_27239,0
NDGRD_27240,0
NDGRD_27241,0
NDGRD_27242,0
NDGRD_27243,0
NDGRD_27244,0
NDGRD_27245,0
NDGRD_27246,0
NDGRD_27247,0
NDGRD_27248,0
NDGRD_27249,0
NDGRD_27250,0
NDGRD_27251,0
NDGRD_27252,0
NDGRD_27253,0
NDGRD_27254,0
NDGRD_27255,0
NDGRD_27256,0
NDGRD_27257,0
NDGRD_27258,0
NDGRD_27259,0
NDGRD_27260,0
NDGRD_27261,0
NDGRD_27262,0
NDGRD_27263,0
NDGRD_27264,0
NDGRD_27265,0
NDGRD_27266,0
NDGRD_27267,0
NDGRD_27268,0
NDGRD_27269,0
NDGRD_27270,0
NDGRD_27271,0
NDGRD_27272,0
NDGRD_27273,0
NDGRD_27274,0
NDGRD_27275,0
NDGRD_27276,0
NDGRD_27277,0
NDGRD_27278,0
NDGRD_27279,0
NDGRD_27280,0
NDGRD_27281,0
NDGRD_27282,0
NDGRD_27283,0
NDGRD_27284,0
NDGRD_27285,0
NDGRD_27286,0
NDGRD_27287,0
NDGRD_27288,0
NDGRD_27289,0
NDGRD_27290,0
NDGRD_27291,0
NDGRD_27292,0
NDGRD_27293,0
NDGRD_27294,0
NDGRD_27295,0
NDGRD_27296,0
NDGRD_27297,0
NDGRD_27298,0
NDGRD_27299,0
NDGRD_27300,0
NDGRD_27301,0
NDGRD_27302,0
NDGRD_27303,0
NDGRD_27304,0
NDGRD_27305,0
NDGRD_27306,0
NDGRD_27307,0
NDGRD_27308,0
NDGRD_27309,0
NDGRD_27310,0
NDGRD_27311,0
NDGRD_27312,0
NDGRD_27313,0
NDGRD_27314,0
NDGRD_27315,0
NDGRD_27316,0
NDGRD_27317,0
NDGRD_27318,0
NDGRD_27319,0
NDGRD_27320,0
NDGRD_27321,0
NDGRD_27322,0
NDGRD_27323,0
NDGRD_27324,0
NDGRD_27325,0
NDGRD_27326,0
NDGRD_27327,0
NDGRD_27328,0
NDGRD_27329,0
NDGRD_27330,0
NDGRD_27331,0
NDGRD_27332,0
NDGRD_27333,0
NDGRD_27334,0
NDGRD_27335,0
NDGRD_27336,0
NDGRD_27337,0
NDGRD_27338,0
NDGRD_27339,0
NDGRD_27340,0
NDGRD_27341,0
NDGRD_27342,0
NDGRD_27343,0
NDGRD_27344,0
NDGRD_27345,0
NDGRD_27346,0
NDGRD_27347,0
NDGRD_27348,0
NDGRD_27349,0
NDGRD_27350,0
NDGRD_27351,0
NDGRD_27352,0
NDGRD_27353,0
NDGRD_27354,0
NDGRD_27355,0
NDGRD_27356,0
NDGRD_27357,0
NDGRD_27358,0
NDGRD_27359,0
NDGRD_27360,0
NDGRD_27361,0
NDGRD_27362,0
NDGRD_27363,0
NDGRD_27364,0
NDGRD_27365,0
NDGRD_27366,0
NDGRD_27367,0
NDGRD_27368,0
NDGRD_27369,0
NDGRD_27370,0
NDGRD_27371,0
NDGRD_27372,0
NDGRD_27373,0
NDGRD_27374,0
NDGRD_27375,0
NDGRD_27376,0
NDGRD_27377,0
NDGRD_27378,0
NDGRD_27379,0
NDGRD_27380,0
NDGRD_27381,0
NDGRD_27382,0
NDGRD_27383,0
NDGRD_27384,0
NDGRD_27385,0
NDGRD_27386,0
NDGRD_27387,0
NDGRD_27388,0
NDGRD_27389,0
NDGRD_27390,0
NDGRD_27391,0
NDGRD_27392,0
NDGRD_27393,0
NDGRD_27394,0
NDGRD_27395,0
NDGRD_27396,0
NDGRD_27397,0
NDGRD_27398,0
NDGRD_27399,0
NDGRD_27400,0
NDGRD_27401,0
NDGRD_27402,0
NDGRD_27403,0
NDGRD_27404,0
NDGRD_27405,0
NDGRD_27406,0
NDGRD_27407,0
NDGRD_27408,0
NDGRD_27409,0
NDGRD_27410,0
NDGRD_27411,0
NDGRD_27412,0
NDGRD_27413,0
NDGRD_27414,0
NDGRD_27415,0
NDGRD_27416,0
NDGRD_27417,0
NDGRD_27418,0
NDGRD_27419,0
NDGRD_27420,0
NDGRD_27421,0
NDGRD_27422,0
NDGRD_27423,0
NDGRD_27424,0
NDGRD_27425,0
NDGRD_27426,0
NDGRD_27427,0
NDGRD_27428,0
NDGRD_27429,0
NDGRD_27430,0
NDGRD_27431,0
NDGRD_27432,0
NDGRD_27433,0
NDGRD_27434,0
NDGRD_27435,0
NDGRD_27436,0
NDGRD_27437,0
NDGRD_27438,0
NDGRD_27439,0
NDGRD_27440,0
NDGRD_27441,0
NDGRD_27442,0
NDGRD_27443,0
NDGRD_27444,0
NDGRD_27445,0
NDGRD_27446,0
NDGRD_27447,0
NDGRD_27448,0
NDGRD_27449,0
NDGRD_27450,0
NDGRD_27451,0
NDGRD_27452,0
NDGRD_27453,0
NDGRD_27454,0
NDGRD_27455,0
NDGRD_27456,0
NDGRD_27457,0
NDGRD_27458,0
NDGRD_27459,0
NDGRD_27460,0
NDGRD_27461,0
NDGRD_27462,0
NDGRD_27463,0
NDGRD_27464,0
NDGRD_27465,0
NDGRD_27466,0
NDGRD_27467,0
NDGRD_27468,0
NDGRD_27469,0
NDGRD_27470,0
NDGRD_27471,0
NDGRD_27472,0
NDGRD_27473,0
NDGRD_27474,0
NDGRD_27475,0
NDGRD_27476,0
NDGRD_27477,0
NDGRD_27478,0
NDGRD_27479,0
NDGRD_27480,0
NDGRD_27481,0
NDGRD_27482,0
NDGRD_27483,0
NDGRD_27484,0
NDGRD_27485,0
NDGRD_27486,0
NDGRD_27487,0
NDGRD_27488,0
NDGRD_27489,0
NDGRD_27490,0
NDGRD_27491,0
NDGRD_27492,0
NDGRD_27493,0
NDGRD_27494,0
NDGRD_27495,0
NDGRD_27496,0
NDGRD_27497,0
NDGRD_27498,0
NDGRD_27499,0
NDGRD_27500,0
NDGRD_27501,0
NDGRD_27502,0
NDGRD_27503,0
NDGRD_27504,0
NDGRD_27505,0
NDGRD_27506,0
NDGRD_27507,0
NDGRD_27508,0
NDGRD_27509,0
NDGRD_27510,0
NDGRD_27511,0
NDGRD_27512,0
NDGRD_27513,0
NDGRD_27514,0
NDGRD_27515,0
NDGRD_27516,0
NDGRD_27517,0
NDGRD_27518,0
NDGRD_27519,0
NDGRD_27520,0
NDGRD_27521,0
NDGRD_27522,0
NDGRD_27523,0
NDGRD_27524,0
NDGRD_27525,0
NDGRD_27526,0
NDGRD_27527,0
NDGRD_27528,0
NDGRD_27529,0
NDGRD_27530,0
NDGRD_27531,0
NDGRD_27532,0
NDGRD_27533,0
NDGRD_27534,0
NDGRD_27535,0
NDGRD_27536,0
NDGRD_27537,0
NDGRD_27538,0
NDGRD_27539,0
NDGRD_27540,0
NDGRD_27541,0
NDGRD_27542,0
NDGRD_27543,0
NDGRD_27544,0
NDGRD_27545,0
NDGRD_27546,0
NDGRD_27547,0
NDGRD_27548,0
NDGRD_27549,0
NDGRD_27550,0
NDGRD_27551,0
NDGRD_27552,0
NDGRD_27553,0
NDGRD_27554,0
NDGRD_27555,0
NDGRD_27556,0
NDGRD_27557,0
NDGRD_27558,0
NDGRD_27559,0
NDGRD_27560,0
NDGRD_27561,0
NDGRD_27562,0
NDGRD_27563,0
NDGRD_27564,0
NDGRD_27565,0
NDGRD_27566,0
NDGRD_27567,0
NDGRD_27568,0
NDGRD_27569,0
NDGRD_27570,0
NDGRD_27571,0
NDGRD_27572,0
NDGRD_27573,0
NDGRD_27574,0
NDGRD_27575,0
NDGRD_27576,0
NDGRD_27577,0
NDGRD_27578,0
NDGRD_27579,0
NDGRD_27580,0
NDGRD_27581,0
NDGRD_27582,0
NDGRD_27583,0
NDGRD_27584,0
NDGRD_27585,0
NDGRD_27586,0
NDGRD_27587,0
NDGRD_27588,0
NDGRD_27589,0
NDGRD_27590,0
NDGRD_27591,0
NDGRD_27592,0
NDGRD_27593,0
NDGRD_27594,0
NDGRD_27595,0
NDGRD_27596,0
NDGRD_27597,0
NDGRD_27598,0
NDGRD_27599,0
NDGRD_27600,0
NDGRD_27601,0
NDGRD_27602,0
NDGRD_27603,0
NDGRD_27604,0
NDGRD_27605,0
NDGRD_27606,0
NDGRD_27607,0
NDGRD_27608,0
NDGRD_27609,0
NDGRD_27610,0
NDGRD_27611,0
NDGRD_27612,0
NDGRD_27613,0
NDGRD_27614,0
NDGRD_27615,0
NDGRD_27616,0
NDGRD_27617,0
NDGRD_27618,0
NDGRD_27619,0
NDGRD_27620,0
NDGRD_27621,0
NDGRD_27622,0
NDGRD_27623,0
NDGRD_27624,0
NDGRD_27625,0
NDGRD_27626,0
NDGRD_27627,0
NDGRD_27628,0
NDGRD_27629,0
NDGRD_27630,0
NDGRD_27631,0
NDGRD_27632,0
NDGRD_27633,0
NDGRD_27634,0
NDGRD_27635,0
NDGRD_27636,0
NDGRD_27637,0
NDGRD_27638,0
NDGRD_27639,0
NDGRD_27640,0
NDGRD_27641,0
NDGRD_27642,0
NDGRD_27643,0
NDGRD_27644,0
NDGRD_27645,0
NDGRD_27646,0
NDGRD_27647,0
NDGRD_27648,0
NDGRD_27649,0
NDGRD_27650,0
NDGRD_27651,0
NDGRD_27652,0
NDGRD_27653,0
NDGRD_27654,0
NDGRD_27655,0
NDGRD_27656,0
NDGRD_27657,0
NDGRD_27658,0
NDGRD_27659,0
NDGRD_27660,0
NDGRD_27661,0
NDGRD_27662,0
NDGRD_27663,0
NDGRD_27664,0
NDGRD_27665,0
NDGRD_27666,0
NDGRD_27667,0
NDGRD_27668,0
NDGRD_27669,0
NDGRD_27670,0
NDGRD_27671,0
NDGRD_27672,0
NDGRD_27673,0
NDGRD_27674,0
NDGRD_27675,0
NDGRD_27676,0
NDGRD_27677,0
NDGRD_27678,0
NDGRD_27679,0
NDGRD_27680,0
NDGRD_27681,0
NDGRD_27682,0
NDGRD_27683,0
NDGRD_27684,0
NDGRD_27685,0
NDGRD_27686,0
NDGRD_27687,0
NDGRD_27688,0
NDGRD_27689,0
NDGRD_27690,0
NDGRD_27691,0
NDGRD_27692,0
NDGRD_27693,0
NDGRD_27694,0
NDGRD_27695,0
NDGRD_27696,0
NDGRD_27697,0
NDGRD_27698,0
NDGRD_27699,0
NDGRD_27700,0
NDGRD_27701,0
NDGRD_27702,0
NDGRD_27703,0
NDGRD_27704,0
NDGRD_27705,0
NDGRD_27706,0
NDGRD_27707,0
NDGRD_27708,0
NDGRD_27709,0
NDGRD_27710,0
NDGRD_27711,0
NDGRD_27712,0
NDGRD_27713,0
NDGRD_27714,0
NDGRD_27715,0
NDGRD_27716,0
NDGRD_27717,0
NDGRD_27718,0
NDGRD_27719,0
NDGRD_27720,0
NDGRD_27721,0
NDGRD_27722,0
NDGRD_27723,0
NDGRD_27724,0
NDGRD_27725,0
NDGRD_27726,0
NDGRD_27727,0
NDGRD_27728,0
NDGRD_27729,0
NDGRD_27730,0
NDGRD_27731,0
NDGRD_27732,0
NDGRD_27733,0
NDGRD_27734,0
NDGRD_27735,0
NDGRD_27736,0
NDGRD_27737,0
NDGRD_27738,0
NDGRD_27739,0
NDGRD_27740,0
NDGRD_27741,0
NDGRD_27742,0
NDGRD_27743,0
NDGRD_27744,0
NDGRD_27745,0
NDGRD_27746,0
NDGRD_27747,0
NDGRD_27748,0
NDGRD_27749,0
NDGRD_27750,0
NDGRD_27751,0
NDGRD_27752,0
NDGRD_27753,0
NDGRD_27754,0
NDGRD_27755,0
NDGRD_27756,0
NDGRD_27757,0
NDGRD_27758,0
NDGRD_27759,0
NDGRD_27760,0
NDGRD_27761,0
NDGRD_27762,0
NDGRD_27763,0
NDGRD_27764,0
NDGRD_27765,0
NDGRD_27766,0
NDGRD_27767,0
NDGRD_27768,0
NDGRD_27769,0
NDGRD_27770,0
NDGRD_27771,0
NDGRD_27772,0
NDGRD_27773,0
NDGRD_27774,0
NDGRD_27775,0
NDGRD_27776,0
NDGRD_27777,0
NDGRD_27778,0
NDGRD_27779,0
NDGRD_27780,0
NDGRD_27781,0
NDGRD_27782,0
NDGRD_27783,0
NDGRD_27784,0
NDGRD_27785,0
NDGRD_27786,0
NDGRD_27787,0
NDGRD_27788,0
NDGRD_27789,0
NDGRD_27790,0
NDGRD_27791,0
NDGRD_27792,0
NDGRD_27793,0
NDGRD_27794,0
NDGRD_27795,0
NDGRD_27796,0
NDGRD_27797,0
NDGRD_27798,0
NDGRD_27799,0
NDGRD_27800,0
NDGRD_27801,0
NDGRD_27802,0
NDGRD_27803,0
NDGRD_27804,0
NDGRD_27805,0
NDGRD_27806,0
NDGRD_27807,0
NDGRD_27808,0
NDGRD_27809,0
NDGRD_27810,0
NDGRD_27811,0
NDGRD_27812,0
NDGRD_27813,0
NDGRD_27814,0
NDGRD_27815,0
NDGRD_27816,0
NDGRD_27817,0
NDGRD_27818,0
NDGRD_27819,0
NDGRD_27820,0
NDGRD_27821,0
NDGRD_27822,0
NDGRD_27823,0
NDGRD_27824,0
NDGRD_27825,0
NDGRD_27826,0
NDGRD_27827,0
NDGRD_27828,0
NDGRD_27829,0
NDGRD_27830,0
NDGRD_27831,0
NDGRD_27832,0
NDGRD_27833,0
NDGRD_27834,0
NDGRD_27835,0
NDGRD_27836,0
NDGRD_27837,0
NDGRD_27838,0
NDGRD_27839,0
NDGRD_27840,0
NDGRD_27841,0
NDGRD_27842,0
NDGRD_27843,0
NDGRD_27844,0
NDGRD_27845,0
NDGRD_27846,0
NDGRD_27847,0
NDGRD_27848,0
NDGRD_27849,0
NDGRD_27850,0
NDGRD_27851,0
NDGRD_27852,0
NDGRD_27853,0
NDGRD_27854,0
NDGRD_27855,0
NDGRD_27856,0
NDGRD_27857,0
NDGRD_27858,0
NDGRD_27859,0
NDGRD_27860,0
NDGRD_27861,0
NDGRD_27862,0
NDGRD_27863,0
NDGRD_27864,0
NDGRD_27865,0
NDGRD_27866,0
NDGRD_27867,0
NDGRD_27868,0
NDGRD_27869,0
NDGRD_27870,0
NDGRD_27871,0
NDGRD_27872,0
NDGRD_27873,0
NDGRD_27874,0
NDGRD_27875,0
NDGRD_27876,0
NDGRD_27877,0
NDGRD_27878,0
NDGRD_27879,0
NDGRD_27880,0
NDGRD_27881,0
NDGRD_27882,0
NDGRD_27883,0
NDGRD_27884,0
NDGRD_27885,0
NDGRD_27886,0
NDGRD_27887,0
NDGRD_27888,0
NDGRD_27889,0
NDGRD_27890,0
NDGRD_27891,0
NDGRD_27892,0
NDGRD_27893,0
NDGRD_27894,0
NDGRD_27895,0
NDGRD_27896,0
NDGRD_27897,0
NDGRD_27898,0
NDGRD_27899,0
NDGRD_27900,0
NDGRD_27901,0
NDGRD_27902,0
NDGRD_27903,0
NDGRD_27904,0
NDGRD_27905,0
NDGRD_27906,0
NDGRD_27907,0
NDGRD_27908,0
NDGRD_27909,0
NDGRD_27910,0
NDGRD_27911,0
NDGRD_27912,0
NDGRD_27913,0
NDGRD_27914,0
NDGRD_27915,0
NDGRD_27916,0
NDGRD_27917,0
NDGRD_27918,0
NDGRD_27919,0
NDGRD_27920,0
NDGRD_27921,0
NDGRD_27922,0
NDGRD_27923,0
NDGRD_27924,0
NDGRD_27925,0
NDGRD_27926,0
NDGRD_27927,0
NDGRD_27928,0
NDGRD_27929,0
NDGRD_27930,0
NDGRD_27931,0
NDGRD_27932,0
NDGRD_27933,0
NDGRD_27934,0
NDGRD_27935,0
NDGRD_27936,0
NDGRD_27937,0
NDGRD_27938,0
NDGRD_27939,0
NDGRD_27940,0
NDGRD_27941,0
NDGRD_27942,0
NDGRD_27943,0
NDGRD_27944,0
NDGRD_27945,0
NDGRD_27946,0
NDGRD_27947,0
NDGRD_27948,0
NDGRD_27949,0
NDGRD_27950,0
NDGRD_27951,0
NDGRD_27952,0
NDGRD_27953,0
NDGRD_27954,0
NDGRD_27955,0
NDGRD_27956,0
NDGRD_27957,0
NDGRD_27958,0
NDGRD_27959,0
NDGRD_27960,0
NDGRD_27961,0
NDGRD_27962,0
NDGRD_27963,0
NDGRD_27964,0
NDGRD_27965,0
NDGRD_27966,0
NDGRD_27967,0
NDGRD_27968,0
NDGRD_27969,0
NDGRD_27970,0
NDGRD_27971,0
NDGRD_27972,0
NDGRD_27973,0
NDGRD_27974,0
NDGRD_27975,0
NDGRD_27976,0
NDGRD_27977,0
NDGRD_27978,0
NDGRD_27979,0
NDGRD_27980,0
NDGRD_27981,0
NDGRD_27982,0
NDGRD_27983,0
NDGRD_27984,0
NDGRD_27985,0
NDGRD_27986,0
NDGRD_27987,0
NDGRD_27988,0
NDGRD_27989,0
NDGRD_27990,0
NDGRD_27991,0
NDGRD_27992,0
NDGRD_27993,0
NDGRD_27994,0
NDGRD_27995,0
NDGRD_27996,0
NDGRD_27997,0
NDGRD_27998,0
NDGRD_27999,0
NDGRD_28000,0
NDGRD_28001,0
NDGRD_28002,0
NDGRD_28003,0
NDGRD_28004,0
NDGRD_28005,0
NDGRD_28006,0
NDGRD_28007,0
NDGRD_28008,0
NDGRD_28009,0
NDGRD_28010,0
NDGRD_28011,0
NDGRD_28012,0
NDGRD_28013,0
NDGRD_28014,0
NDGRD_28015,0
NDGRD_28016,0
NDGRD_28017,0
NDGRD_28018,0
NDGRD_28019,0
NDGRD_28020,0
NDGRD_28021,0
NDGRD_28022,0
NDGRD_28023,0
NDGRD_28024,0
NDGRD_28025,0
NDGRD_28026,0
NDGRD_28027,0
NDGRD_28028,0
NDGRD_28029,0
NDGRD_28030,0
NDGRD_28031,0
NDGRD_28032,0
NDGRD_28033,0
NDGRD_28034,0
NDGRD_28035,0
NDGRD_28036,0
NDGRD_28037,0
NDGRD_28038,0
NDGRD_28039,0
NDGRD_28040,0
NDGRD_28041,0
NDGRD_28042,0
NDGRD_28043,0
NDGRD_28044,0
NDGRD_28045,0
NDGRD_28046,0
NDGRD_28047,0
NDGRD_28048,0
NDGRD_28049,0
NDGRD_28050,0
NDGRD_28051,0
NDGRD_28052,0
NDGRD_28053,0
NDGRD_28054,0
NDGRD_28055,0
NDGRD_28056,0
NDGRD_28057,0
NDGRD_28058,0
NDGRD_28059,0
NDGRD_28060,0
NDGRD_28061,0
NDGRD_28062,0
NDGRD_28063,0
NDGRD_28064,0
NDGRD_28065,0
NDGRD_28066,0
NDGRD_28067,0
NDGRD_28068,0
NDGRD_28069,0
NDGRD_28070,0
NDGRD_28071,0
NDGRD_28072,0
NDGRD_28073,0
NDGRD_28074,0
NDGRD_28075,0
NDGRD_28076,0
NDGRD_28077,0
NDGRD_28078,0
NDGRD_28079,0
NDGRD_28080,0
NDGRD_28081,0
NDGRD_28082,0
NDGRD_28083,0
NDGRD_28084,0
NDGRD_28085,0
NDGRD_28086,0
NDGRD_28087,0
NDGRD_28088,0
NDGRD_28089,0
NDGRD_28090,0
NDGRD_28091,0
NDGRD_28092,0
NDGRD_28093,0
NDGRD_28094,0
NDGRD_28095,0
NDGRD_28096,0
NDGRD_28097,0
NDGRD_28098,0
NDGRD_28099,0
NDGRD_28100,0
NDGRD_28101,0
NDGRD_28102,0
NDGRD_28103,0
NDGRD_28104,0
NDGRD_28105,0
NDGRD_28106,0
NDGRD_28107,0
NDGRD_28108,0
NDGRD_28109,0
NDGRD_28110,0
NDGRD_28111,0
NDGRD_28112,0
NDGRD_28113,0
NDGRD_28114,0
NDGRD_28115,0
NDGRD_28116,0
NDGRD_28117,0
NDGRD_28118,0
NDGRD_28119,0
NDGRD_28120,0
NDGRD_28121,0
NDGRD_28122,0
NDGRD_28123,0
NDGRD_28124,0
NDGRD_28125,0
NDGRD_28126,0
NDGRD_28127,0
NDGRD_28128,0
NDGRD_28129,0
NDGRD_28130,0
NDGRD_28131,0
NDGRD_28132,0
NDGRD_28133,0
NDGRD_28134,0
NDGRD_28135,0
NDGRD_28136,0
NDGRD_28137,0
NDGRD_28138,0
NDGRD_28139,0
NDGRD_28140,0
NDGRD_28141,0
NDGRD_28142,0
NDGRD_28143,0
NDGRD_28144,0
NDGRD_28145,0
NDGRD_28146,0
NDGRD_28147,0
NDGRD_28148,0
NDGRD_28149,0
NDGRD_28150,0
NDGRD_28151,0
NDGRD_28152,0
NDGRD_28153,0
NDGRD_28154,0
NDGRD_28155,0
NDGRD_28156,0
NDGRD_28157,0
NDGRD_28158,0
NDGRD_28159,0
NDGRD_28160,0
NDGRD_28161,0
NDGRD_28162,0
NDGRD_28163,0
NDGRD_28164,0
NDGRD_28165,0
NDGRD_28166,0
NDGRD_28167,0
NDGRD_28168,0
NDGRD_28169,0
NDGRD_28170,0
NDGRD_28171,0
NDGRD_28172,0
NDGRD_28173,0
NDGRD_28174,0
NDGRD_28175,0
NDGRD_28176,0
NDGRD_28177,0
NDGRD_28178,0
NDGRD_28179,0
NDGRD_28180,0
NDGRD_28181,0
NDGRD_28182,0
NDGRD_28183,0
NDGRD_28184,0
NDGRD_28185,0
NDGRD_28186,0
NDGRD_28187,0
NDGRD_28188,0
NDGRD_28189,0
NDGRD_28190,0
NDGRD_28191,0
NDGRD_28192,0
NDGRD_28193,0
NDGRD_28194,0
NDGRD_28195,0
NDGRD_28196,0
NDGRD_28197,0
NDGRD_28198,0
NDGRD_28199,0
NDGRD_28200,0
NDGRD_28201,0
NDGRD_28202,0
NDGRD_28203,0
NDGRD_28204,0
NDGRD_28205,0
NDGRD_28206,0
NDGRD_28207,0
NDGRD_28208,0
NDGRD_28209,0
NDGRD_28210,0
NDGRD_28211,0
NDGRD_28212,0
NDGRD_28213,0
NDGRD_28214,0
NDGRD_28215,0
NDGRD_28216,0
NDGRD_28217,0
NDGRD_28218,0
NDGRD_28219,0
NDGRD_28220,0
NDGRD_28221,0
NDGRD_28222,0
NDGRD_28223,0
NDGRD_28224,0
NDGRD_28225,0
NDGRD_28226,0
NDGRD_28227,0
NDGRD_28228,0
NDGRD_28229,0
NDGRD_28230,0
NDGRD_28231,0
NDGRD_28232,0
NDGRD_28233,0
NDGRD_28234,0
NDGRD_28235,0
NDGRD_28236,0
NDGRD_28237,0
NDGRD_28238,0
NDGRD_28239,0
NDGRD_28240,0
NDGRD_28241,0
NDGRD_28242,0
NDGRD_28243,0
NDGRD_28244,0
NDGRD_28245,0
NDGRD_28246,0
NDGRD_28247,0
NDGRD_28248,0
NDGRD_28249,0
NDGRD_28250,0
NDGRD_28251,0
NDGRD_28252,0
NDGRD_28253,0
NDGRD_28254,0
NDGRD_28255,0
NDGRD_28256,0
NDGRD_28257,0
NDGRD_28258,0
NDGRD_28259,0
NDGRD_28260,0
NDGRD_28261,0
NDGRD_28262,0
NDGRD_28263,0
NDGRD_28264,0
NDGRD_28265,0
NDGRD_28266,0
NDGRD_28267,0
NDGRD_28268,0
NDGRD_28269,0
NDGRD_28270,0
NDGRD_28271,0
NDGRD_28272,0
NDGRD_28273,0
NDGRD_28274,0
NDGRD_28275,0
NDGRD_28276,0
NDGRD_28277,0
NDGRD_28278,0
NDGRD_28279,0
NDGRD_28280,0
NDGRD_28281,0
NDGRD_28282,0
NDGRD_28283,0
NDGRD_28284,0
NDGRD_28285,0
NDGRD_28286,0
NDGRD_28287,0
NDGRD_28288,0
NDGRD_28289,0
NDGRD_28290,0
NDGRD_28291,0
NDGRD_28292,0
NDGRD_28293,0
NDGRD_28294,0
NDGRD_28295,0
NDGRD_28296,0
NDGRD_28297,0
NDGRD_28298,0
NDGRD_28299,0
NDGRD_28300,0
NDGRD_28301,0
NDGRD_28302,0
NDGRD_28303,0
NDGRD_28304,0
NDGRD_28305,0
NDGRD_28306,0
NDGRD_28307,0
NDGRD_28308,0
NDGRD_28309,0
NDGRD_28310,0
NDGRD_28311,0
NDGRD_28312,0
NDGRD_28313,0
NDGRD_28314,0
NDGRD_28315,0
NDGRD_28316,0
NDGRD_28317,0
NDGRD_28318,0
NDGRD_28319,0
NDGRD_28320,0
NDGRD_28321,0
NDGRD_28322,0
NDGRD_28323,0
NDGRD_28324,0
NDGRD_28325,0
NDGRD_28326,0
NDGRD_28327,0
NDGRD_28328,0
NDGRD_28329,0
NDGRD_28330,0
NDGRD_28331,0
NDGRD_28332,0
NDGRD_28333,0
NDGRD_28334,0
NDGRD_28335,0
NDGRD_28336,0
NDGRD_28337,0
NDGRD_28338,0
NDGRD_28339,0
NDGRD_28340,0
NDGRD_28341,0
NDGRD_28342,0
NDGRD_28343,0
NDGRD_28344,0
NDGRD_28345,0
NDGRD_28346,0
NDGRD_28347,0
NDGRD_28348,0
NDGRD_28349,0
NDGRD_28350,0
NDGRD_28351,0
NDGRD_28352,0
NDGRD_28353,0
NDGRD_28354,0
NDGRD_28355,0
NDGRD_28356,0
NDGRD_28357,0
NDGRD_28358,0
NDGRD_28359,0
NDGRD_28360,0
NDGRD_28361,0
NDGRD_28362,0
NDGRD_28363,0
NDGRD_28364,0
NDGRD_28365,0
NDGRD_28366,0
NDGRD_28367,0
NDGRD_28368,0
NDGRD_28369,0
NDGRD_28370,0
NDGRD_28371,0
NDGRD_28372,0
NDGRD_28373,0
NDGRD_28374,0
NDGRD_28375,0
NDGRD_28376,0
NDGRD_28377,0
NDGRD_28378,0
NDGRD_28379,0
NDGRD_28380,0
NDGRD_28381,0
NDGRD_28382,0
NDGRD_28383,0
NDGRD_28384,0
NDGRD_28385,0
NDGRD_28386,0
NDGRD_28387,0
NDGRD_28388,0
NDGRD_28389,0
NDGRD_28390,0
NDGRD_28391,0
NDGRD_28392,0
NDGRD_28393,0
NDGRD_28394,0
NDGRD_28395,0
NDGRD_28396,0
NDGRD_28397,0
NDGRD_28398,0
NDGRD_28399,0
NDGRD_28400,0
NDGRD_28401,0
NDGRD_28402,0
NDGRD_28403,0
NDGRD_28404,0
NDGRD_28405,0
NDGRD_28406,0
NDGRD_28407,0
NDGRD_28408,0
NDGRD_28409,0
NDGRD_28410,0
NDGRD_28411,0
NDGRD_28412,0
NDGRD_28413,0
NDGRD_28414,0
NDGRD_28415,0
NDGRD_28416,0
NDGRD_28417,0
NDGRD_28418,0
NDGRD_28419,0
NDGRD_28420,0
NDGRD_28421,0
NDGRD_28422,0
NDGRD_28423,0
NDGRD_28424,0
NDGRD_28425,0
NDGRD_28426,0
NDGRD_28427,0
NDGRD_28428,0
NDGRD_28429,0
NDGRD_28430,0
NDGRD_28431,0
NDGRD_28432,0
NDGRD_28433,0
NDGRD_28434,0
NDGRD_28435,0
NDGRD_28436,0
NDGRD_28437,0
NDGRD_28438,0
NDGRD_28439,0
NDGRD_28440,0
NDGRD_28441,0
NDGRD_28442,0
NDGRD_28443,0
NDGRD_28444,0
NDGRD_28445,0
NDGRD_28446,0
NDGRD_28447,0
NDGRD_28448,0
NDGRD_28449,0
NDGRD_28450,0
NDGRD_28451,0
NDGRD_28452,0
NDGRD_28453,0
NDGRD_28454,0
NDGRD_28455,0
NDGRD_28456,0
NDGRD_28457,0
NDGRD_28458,0
NDGRD_28459,0
NDGRD_28460,0
NDGRD_28461,0
NDGRD_28462,0
NDGRD_28463,0
NDGRD_28464,0
NDGRD_28465,0
NDGRD_28466,0
NDGRD_28467,0
NDGRD_28468,0
NDGRD_28469,0
NDGRD_28470,0
NDGRD_28471,0
NDGRD_28472,0
NDGRD_28473,0
NDGRD_28474,0
NDGRD_28475,0
NDGRD_28476,0
NDGRD_28477,0
NDGRD_28478,0
NDGRD_28479,0
NDGRD_28480,0
NDGRD_28481,0
NDGRD_28482,0
NDGRD_28483,0
NDGRD_28484,0
NDGRD_28485,0
NDGRD_28486,0
NDGRD_28487,0
NDGRD_28488,0
NDGRD_28489,0
NDGRD_28490,0
NDGRD_28491,0
NDGRD_28492,0
NDGRD_28493,0
NDGRD_28494,0
NDGRD_28495,0
NDGRD_28496,0
NDGRD_28497,0
NDGRD_28498,0
NDGRD_28499,0
NDGRD_28500,0
NDGRD_28501,0
NDGRD_28502,0
NDGRD_28503,0
NDGRD_28504,0
NDGRD_28505,0
NDGRD_28506,0
NDGRD_28507,0
NDGRD_28508,0
NDGRD_28509,0
NDGRD_28510,0
NDGRD_28511,0
NDGRD_28512,0
NDGRD_28513,0
NDGRD_28514,0
NDGRD_28515,0
NDGRD_28516,0
NDGRD_28517,0
NDGRD_28518,0
NDGRD_28519,0
NDGRD_28520,0
NDGRD_28521,0
NDGRD_28522,0
NDGRD_28523,0
NDGRD_28524,0
NDGRD_28525,0
NDGRD_28526,0
NDGRD_28527,0
NDGRD_28528,0
NDGRD_28529,0
NDGRD_28530,0
NDGRD_28531,0
NDGRD_28532,0
NDGRD_28533,0
NDGRD_28534,0
NDGRD_28535,0
NDGRD_28536,0
NDGRD_28537,0
NDGRD_28538,0
NDGRD_28539,0
NDGRD_28540,0
NDGRD_28541,0
NDGRD_28542,0
NDGRD_28543,0
NDGRD_28544,0
NDGRD_28545,0
NDGRD_28546,0
NDGRD_28547,0
NDGRD_28548,0
NDGRD_28549,0
NDGRD_28550,0
NDGRD_28551,0
NDGRD_28552,0
NDGRD_28553,0
NDGRD_28554,0
NDGRD_28555,0
NDGRD_28556,0
NDGRD_28557,0
NDGRD_28558,0
NDGRD_28559,0
NDGRD_28560,0
NDGRD_28561,0
NDGRD_28562,0
NDGRD_28563,0
NDGRD_28564,0
NDGRD_28565,0
NDGRD_28566,0
NDGRD_28567,0
NDGRD_28568,0
NDGRD_28569,0
NDGRD_28570,0
NDGRD_28571,0
NDGRD_28572,0
NDGRD_28573,0
NDGRD_28574,0
NDGRD_28575,0
NDGRD_28576,0
NDGRD_28577,0
NDGRD_28578,0
NDGRD_28579,0
NDGRD_28580,0
NDGRD_28581,0
NDGRD_28582,0
NDGRD_28583,0
NDGRD_28584,0
NDGRD_28585,0
NDGRD_28586,0
NDGRD_28587,0
NDGRD_28588,0
NDGRD_28589,0
NDGRD_28590,0
NDGRD_28591,0
NDGRD_28592,0
NDGRD_28593,0
NDGRD_28594,0
NDGRD_28595,0
NDGRD_28596,0
NDGRD_28597,0
NDGRD_28598,0
NDGRD_28599,0
NDGRD_28600,0
NDGRD_28601,0
NDGRD_28602,0
NDGRD_28603,0
NDGRD_28604,0
NDGRD_28605,0
NDGRD_28606,0
NDGRD_28607,0
NDGRD_28608,0
NDGRD_28609,0
NDGRD_28610,0
NDGRD_28611,0
NDGRD_28612,0
NDGRD_28613,0
NDGRD_28614,0
NDGRD_28615,0
NDGRD_28616,0
NDGRD_28617,0
NDGRD_28618,0
NDGRD_28619,0
NDGRD_28620,0
NDGRD_28621,0
NDGRD_28622,0
NDGRD_28623,0
NDGRD_28624,0
NDGRD_28625,0
NDGRD_28626,0
NDGRD_28627,0
NDGRD_28628,0
NDGRD_28629,0
NDGRD_28630,0
NDGRD_28631,0
NDGRD_28632,0
NDGRD_28633,0
NDGRD_28634,0
NDGRD_28635,0
NDGRD_28636,0
NDGRD_28637,0
NDGRD_28638,0
NDGRD_28639,0
NDGRD_28640,0
NDGRD_28641,0
NDGRD_28642,0
NDGRD_28643,0
NDGRD_28644,0
NDGRD_28645,0
NDGRD_28646,0
NDGRD_28647,0
NDGRD_28648,0
NDGRD_28649,0
NDGRD_28650,0
NDGRD_28651,0
NDGRD_28652,0
NDGRD_28653,0
NDGRD_28654,0
NDGRD_28655,0
NDGRD_28656,0
NDGRD_28657,0
NDGRD_28658,0
NDGRD_28659,0
NDGRD_28660,0
NDGRD_28661,0
NDGRD_28662,0
NDGRD_28663,0
NDGRD_28664,0
NDGRD_28665,0
NDGRD_28666,0
NDGRD_28667,0
NDGRD_28668,0
NDGRD_28669,0
NDGRD_28670,0
NDGRD_28671,0
NDGRD_28672,0
NDGRD_28673,0
NDGRD_28674,0
NDGRD_28675,0
NDGRD_28676,0
NDGRD_28677,0
NDGRD_28678,0
NDGRD_28679,0
NDGRD_28680,0
NDGRD_28681,0
NDGRD_28682,0
NDGRD_28683,0
NDGRD_28684,0
NDGRD_28685,0
NDGRD_28686,0
NDGRD_28687,0
NDGRD_28688,0
NDGRD_28689,0
NDGRD_28690,0
NDGRD_28691,0
NDGRD_28692,0
NDGRD_28693,0
NDGRD_28694,0
NDGRD_28695,0
NDGRD_28696,0
NDGRD_28697,0
NDGRD_28698,0
NDGRD_28699,0
NDGRD_28700,0
NDGRD_28701,0
NDGRD_28702,0
NDGRD_28703,0
NDGRD_28704,0
NDGRD_28705,0
NDGRD_28706,0
NDGRD_28707,0
NDGRD_28708,0
NDGRD_28709,0
NDGRD_28710,0
NDGRD_28711,0
NDGRD_28712,0
NDGRD_28713,0
NDGRD_28714,0
NDGRD_28715,0
NDGRD_28716,0
NDGRD_28717,0
NDGRD_28718,0
NDGRD_28719,0
NDGRD_28720,0
NDGRD_28721,0
NDGRD_28722,0
NDGRD_28723,0
NDGRD_28724,0
NDGRD_28725,0
NDGRD_28726,0
NDGRD_28727,0
NDGRD_28728,0
NDGRD_28729,0
NDGRD_28730,0
NDGRD_28731,0
NDGRD_28732,0
NDGRD_28733,0
NDGRD_28734,0
NDGRD_28735,0
NDGRD_28736,0
NDGRD_28737,0
NDGRD_28738,0
NDGRD_28739,0
NDGRD_28740,0
NDGRD_28741,0
NDGRD_28742,0
NDGRD_28743,0
NDGRD_28744,0
NDGRD_28745,0
NDGRD_28746,0
NDGRD_28747,0
NDGRD_28748,0
NDGRD_28749,0
NDGRD_28750,0
NDGRD_28751,0
NDGRD_28752,0
NDGRD_28753,0
NDGRD_28754,0
NDGRD_28755,0
NDGRD_28756,0
NDGRD_28757,0
NDGRD_28758,0
NDGRD_28759,0
NDGRD_28760,0
NDGRD_28761,0
NDGRD_28762,0
NDGRD_28763,0
NDGRD_28764,0
NDGRD_28765,0
NDGRD_28766,0
NDGRD_28767,0
NDGRD_28768,0
NDGRD_28769,0
NDGRD_28770,0
NDGRD_28771,0
NDGRD_28772,0
NDGRD_28773,0
NDGRD_28774,0
NDGRD_28775,0
NDGRD_28776,0
NDGRD_28777,0
NDGRD_28778,0
NDGRD_28779,0
NDGRD_28780,0
NDGRD_28781,0
NDGRD_28782,0
NDGRD_28783,0
NDGRD_28784,0
NDGRD_28785,0
NDGRD_28786,0
NDGRD_28787,0
NDGRD_28788,0
NDGRD_28789,0
NDGRD_28790,0
NDGRD_28791,0
NDGRD_28792,0
NDGRD_28793,0
NDGRD_28794,0
NDGRD_28795,0
NDGRD_28796,0
NDGRD_28797,0
NDGRD_28798,0
NDGRD_28799,0
NDGRD_28800,0
NDGRD_28801,0
NDGRD_28802,0
NDGRD_28803,0
NDGRD_28804,0
NDGRD_28805,0
NDGRD_28806,0
NDGRD_28807,0
NDGRD_28808,0
NDGRD_28809,0
NDGRD_28810,0
NDGRD_28811,0
NDGRD_28812,0
NDGRD_28813,0
NDGRD_28814,0
NDGRD_28815,0
NDGRD_28816,0
NDGRD_28817,0
NDGRD_28818,0
NDGRD_28819,0
NDGRD_28820,0
NDGRD_28821,0
NDGRD_28822,0
NDGRD_28823,0
NDGRD_28824,0
NDGRD_28825,0
NDGRD_28826,0
NDGRD_28827,0
NDGRD_28828,0
NDGRD_28829,0
NDGRD_28830,0
NDGRD_28831,0
NDGRD_28832,0
NDGRD_28833,0
NDGRD_28834,0
NDGRD_28835,0
NDGRD_28836,0
NDGRD_28837,0
NDGRD_28838,0
NDGRD_28839,0
NDGRD_28840,0
NDGRD_28841,0
NDGRD_28842,0
NDGRD_28843,0
NDGRD_28844,0
NDGRD_28845,0
NDGRD_28846,0
NDGRD_28847,0
NDGRD_28848,0
NDGRD_28849,0
NDGRD_28850,0
NDGRD_28851,0
NDGRD_28852,0
NDGRD_28853,0
NDGRD_28854,0
NDGRD_28855,0
NDGRD_28856,0
NDGRD_28857,0
NDGRD_28858,0
NDGRD_28859,0
NDGRD_28860,0
NDGRD_28861,0
NDGRD_28862,0
NDGRD_28863,0
NDGRD_28864,0
NDGRD_28865,0
NDGRD_28866,0
NDGRD_28867,0
NDGRD_28868,0
NDGRD_28869,0
NDGRD_28870,0
NDGRD_28871,0
NDGRD_28872,0
NDGRD_28873,0
NDGRD_28874,0
NDGRD_28875,0
NDGRD_28876,0
NDGRD_28877,0
NDGRD_28878,0
NDGRD_28879,0
NDGRD_28880,0
NDGRD_28881,0
NDGRD_28882,0
NDGRD_28883,0
NDGRD_28884,0
NDGRD_28885,0
NDGRD_28886,0
NDGRD_28887,0
NDGRD_28888,0
NDGRD_28889,0
NDGRD_28890,0
NDGRD_28891,0
NDGRD_28892,0
NDGRD_28893,0
NDGRD_28894,0
NDGRD_28895,0
NDGRD_28896,0
NDGRD_28897,0
NDGRD_28898,0
NDGRD_28899,0
NDGRD_28900,0
NDGRD_28901,0
NDGRD_28902,0
NDGRD_28903,0
NDGRD_28904,0
NDGRD_28905,0
NDGRD_28906,0
NDGRD_28907,0
NDGRD_28908,0
NDGRD_28909,0
NDGRD_28910,0
NDGRD_28911,0
NDGRD_28912,0
NDGRD_28913,0
NDGRD_28914,0
NDGRD_28915,0
NDGRD_28916,0
NDGRD_28917,0
NDGRD_28918,0
NDGRD_28919,0
NDGRD_28920,0
NDGRD_28921,0
NDGRD_28922,0
NDGRD_28923,0
NDGRD_28924,0
NDGRD_28925,0
NDGRD_28926,0
NDGRD_28927,0
NDGRD_28928,0
NDGRD_28929,0
NDGRD_28930,0
NDGRD_28931,0
NDGRD_28932,0
NDGRD_28933,0
NDGRD_28934,0
NDGRD_28935,0
NDGRD_28936,0
NDGRD_28937,0
NDGRD_28938,0
NDGRD_28939,0
NDGRD_28940,0
NDGRD_28941,0
NDGRD_28942,0
NDGRD_28943,0
NDGRD_28944,0
NDGRD_28945,0
NDGRD_28946,0
NDGRD_28947,0
NDGRD_28948,0
NDGRD_28949,0
NDGRD_28950,0
NDGRD_28951,0
NDGRD_28952,0
NDGRD_28953,0
NDGRD_28954,0
NDGRD_28955,0
NDGRD_28956,0
NDGRD_28957,0
NDGRD_28958,0
NDGRD_28959,0
NDGRD_28960,0
NDGRD_28961,0
NDGRD_28962,0
NDGRD_28963,0
NDGRD_28964,0
NDGRD_28965,0
NDGRD_28966,0
NDGRD_28967,0
NDGRD_28968,0
NDGRD_28969,0
NDGRD_28970,0
NDGRD_28971,0
NDGRD_28972,0
NDGRD_28973,0
NDGRD_28974,0
NDGRD_28975,0
NDGRD_28976,0
NDGRD_28977,0
NDGRD_28978,0
NDGRD_28979,0
NDGRD_28980,0
NDGRD_28981,0
NDGRD_28982,0
NDGRD_28983,0
NDGRD_28984,0
NDGRD_28985,0
NDGRD_28986,0
NDGRD_28987,0
NDGRD_28988,0
NDGRD_28989,0
NDGRD_28990,0
NDGRD_28991,0
NDGRD_28992,0
NDGRD_28993,0
NDGRD_28994,0
NDGRD_28995,0
NDGRD_28996,0
NDGRD_28997,0
NDGRD_28998,0
NDGRD_28999,0
NDGRD_29000,0
NDGRD_29001,0
NDGRD_29002,0
NDGRD_29003,0
NDGRD_29004,0
NDGRD_29005,0
NDGRD_29006,0
NDGRD_29007,0
NDGRD_29008,0
NDGRD_29009,0
NDGRD_29010,0
NDGRD_29011,0
NDGRD_29012,0
NDGRD_29013,0
NDGRD_29014,0
NDGRD_29015,0
NDGRD_29016,0
NDGRD_29017,0
NDGRD_29018,0
NDGRD_29019,0
NDGRD_29020,0
NDGRD_29021,0
NDGRD_29022,0
NDGRD_29023,0
NDGRD_29024,0
NDGRD_29025,0
NDGRD_29026,0
NDGRD_29027,0
NDGRD_29028,0
NDGRD_29029,0
NDGRD_29030,0
NDGRD_29031,0
NDGRD_29032,0
NDGRD_29033,0
NDGRD_29034,0
NDGRD_29035,0
NDGRD_29036,0
NDGRD_29037,0
NDGRD_29038,0
NDGRD_29039,0
NDGRD_29040,0
NDGRD_29041,0
NDGRD_29042,0
NDGRD_29043,0
NDGRD_29044,0
NDGRD_29045,0
NDGRD_29046,0
NDGRD_29047,0
NDGRD_29048,0
NDGRD_29049,0
NDGRD_29050,0
NDGRD_29051,0
NDGRD_29052,0
NDGRD_29053,0
NDGRD_29054,0
NDGRD_29055,0
NDGRD_29056,0
NDGRD_29057,0
NDGRD_29058,0
NDGRD_29059,0
NDGRD_29060,0
NDGRD_29061,0
NDGRD_29062,0
NDGRD_29063,0
NDGRD_29064,0
NDGRD_29065,0
NDGRD_29066,0
NDGRD_29067,0
NDGRD_29068,0
NDGRD_29069,0
NDGRD_29070,0
NDGRD_29071,0
NDGRD_29072,0
NDGRD_29073,0
NDGRD_29074,0
NDGRD_29075,0
NDGRD_29076,0
NDGRD_29077,0
NDGRD_29078,0
NDGRD_29079,0
NDGRD_29080,0
NDGRD_29081,0
NDGRD_29082,0
NDGRD_29083,0
NDGRD_29084,0
NDGRD_29085,0
NDGRD_29086,0
NDGRD_29087,0
NDGRD_29088,0
NDGRD_29089,0
NDGRD_29090,0
NDGRD_29091,0
NDGRD_29092,0
NDGRD_29093,0
NDGRD_29094,0
NDGRD_29095,0
NDGRD_29096,0
NDGRD_29097,0
NDGRD_29098,0
NDGRD_29099,0
NDGRD_29100,0
NDGRD_29101,0
NDGRD_29102,0
NDGRD_29103,0
NDGRD_29104,0
NDGRD_29105,0
NDGRD_29106,0
NDGRD_29107,0
NDGRD_29108,0
NDGRD_29109,0
NDGRD_29110,0
NDGRD_29111,0
NDGRD_29112,0
NDGRD_29113,0
NDGRD_29114,0
NDGRD_29115,0
NDGRD_29116,0
NDGRD_29117,0
NDGRD_29118,0
NDGRD_29119,0
NDGRD_29120,0
NDGRD_29121,0
NDGRD_29122,0
NDGRD_29123,0
NDGRD_29124,0
NDGRD_29125,0
NDGRD_29126,0
NDGRD_29127,0
NDGRD_29128,0
NDGRD_29129,0
NDGRD_29130,0
NDGRD_29131,0
NDGRD_29132,0
NDGRD_29133,0
NDGRD_29134,0
NDGRD_29135,0
NDGRD_29136,0
NDGRD_29137,0
NDGRD_29138,0
NDGRD_29139,0
NDGRD_29140,0
NDGRD_29141,0
NDGRD_29142,0
NDGRD_29143,0
NDGRD_29144,0
NDGRD_29145,0
NDGRD_29146,0
NDGRD_29147,0
NDGRD_29148,0
NDGRD_29149,0
NDGRD_29150,0
NDGRD_29151,0
NDGRD_29152,0
NDGRD_29153,0
NDGRD_29154,0
NDGRD_29155,0
NDGRD_29156,0
NDGRD_29157,0
NDGRD_29158,0
NDGRD_29159,0
NDGRD_29160,0
NDGRD_29161,0
NDGRD_29162,0
NDGRD_29163,0
NDGRD_29164,0
NDGRD_29165,0
NDGRD_29166,0
NDGRD_29167,0
NDGRD_29168,0
NDGRD_29169,0
NDGRD_29170,0
NDGRD_29171,0
NDGRD_29172,0
NDGRD_29173,0
NDGRD_29174,0
NDGRD_29175,0
NDGRD_29176,0
NDGRD_29177,0
NDGRD_29178,0
NDGRD_29179,0
NDGRD_29180,0
NDGRD_29181,0
NDGRD_29182,0
NDGRD_29183,0
NDGRD_29184,0
NDGRD_29185,0
NDGRD_29186,0
NDGRD_29187,0
NDGRD_29188,0
NDGRD_29189,0
NDGRD_29190,0
NDGRD_29191,0
NDGRD_29192,0
NDGRD_29193,0
NDGRD_29194,0
NDGRD_29195,0
NDGRD_29196,0
NDGRD_29197,0
NDGRD_29198,0
NDGRD_29199,0
NDGRD_29200,0
NDGRD_29201,0
NDGRD_29202,0
NDGRD_29203,0
NDGRD_29204,0
NDGRD_29205,0
NDGRD_29206,0
NDGRD_29207,0
NDGRD_29208,0
NDGRD_29209,0
NDGRD_29210,0
NDGRD_29211,0
NDGRD_29212,0
NDGRD_29213,0
NDGRD_29214,0
NDGRD_29215,0
NDGRD_29216,0
NDGRD_29217,0
NDGRD_29218,0
NDGRD_29219,0
NDGRD_29220,0
NDGRD_29221,0
NDGRD_29222,0
NDGRD_29223,0
NDGRD_29224,0
NDGRD_29225,0
NDGRD_29226,0
NDGRD_29227,0
NDGRD_29228,0
NDGRD_29229,0
NDGRD_29230,0
NDGRD_29231,0
NDGRD_29232,0
NDGRD_29233,0
NDGRD_29234,0
NDGRD_29235,0
NDGRD_29236,0
NDGRD_29237,0
NDGRD_29238,0
NDGRD_29239,0
NDGRD_29240,0
NDGRD_29241,0
NDGRD_29242,0
NDGRD_29243,0
NDGRD_29244,0
NDGRD_29245,0
NDGRD_29246,0
NDGRD_29247,0
NDGRD_29248,0
NDGRD_29249,0
NDGRD_29250,0
NDGRD_29251,0
NDGRD_29252,0
NDGRD_29253,0
NDGRD_29254,0
NDGRD_29255,0
NDGRD_29256,0
NDGRD_29257,0
NDGRD_29258,0
NDGRD_29259,0
NDGRD_29260,0
NDGRD_29261,0
NDGRD_29262,0
NDGRD_29263,0
NDGRD_29264,0
NDGRD_29265,0
NDGRD_29266,0
NDGRD_29267,0
NDGRD_29268,0
NDGRD_29269,0
NDGRD_29270,0
NDGRD_29271,0
NDGRD_29272,0
NDGRD_29273,0
NDGRD_29274,0
NDGRD_29275,0
NDGRD_29276,0
NDGRD_29277,0
NDGRD_29278,0
NDGRD_29279,0
NDGRD_29280,0
NDGRD_29281,0
NDGRD_29282,0
NDGRD_29283,0
NDGRD_29284,0
NDGRD_29285,0
NDGRD_29286,0
NDGRD_29287,0
NDGRD_29288,0
NDGRD_29289,0
NDGRD_29290,0
NDGRD_29291,0
NDGRD_29292,0
NDGRD_29293,0
NDGRD_29294,0
NDGRD_29295,0
NDGRD_29296,0
NDGRD_29297,0
NDGRD_29298,0
NDGRD_29299,0
NDGRD_29300,0
NDGRD_29301,0
NDGRD_29302,0
NDGRD_29303,0
NDGRD_29304,0
NDGRD_29305,0
NDGRD_29306,0
NDGRD_29307,0
NDGRD_29308,0
NDGRD_29309,0
NDGRD_29310,0
NDGRD_29311,0
NDGRD_29312,0
NDGRD_29313,0
NDGRD_29314,0
NDGRD_29315,0
NDGRD_29316,0
NDGRD_29317,0
NDGRD_29318,0
NDGRD_29319,0
NDGRD_29320,0
NDGRD_29321,0
NDGRD_29322,0
NDGRD_29323,0
NDGRD_29324,0
NDGRD_29325,0
NDGRD_29326,0
NDGRD_29327,0
NDGRD_29328,0
NDGRD_29329,0
NDGRD_29330,0
NDGRD_29331,0
NDGRD_29332,0
NDGRD_29333,0
NDGRD_29334,0
NDGRD_29335,0
NDGRD_29336,0
NDGRD_29337,0
NDGRD_29338,0
NDGRD_29339,0
NDGRD_29340,0
NDGRD_29341,0
NDGRD_29342,0
NDGRD_29343,0
NDGRD_29344,0
NDGRD_29345,0
NDGRD_29346,0
NDGRD_29347,0
NDGRD_29348,0
NDGRD_29349,0
NDGRD_29350,0
NDGRD_29351,0
NDGRD_29352,0
NDGRD_29353,0
NDGRD_29354,0
NDGRD_29355,0
NDGRD_29356,0
NDGRD_29357,0
NDGRD_29358,0
NDGRD_29359,0
NDGRD_29360,0
NDGRD_29361,0
NDGRD_29362,0
NDGRD_29363,0
NDGRD_29364,0
NDGRD_29365,0
NDGRD_29366,0
NDGRD_29367,0
NDGRD_29368,0
NDGRD_29369,0
NDGRD_29370,0
NDGRD_29371,0
NDGRD_29372,0
NDGRD_29373,0
NDGRD_29374,0
NDGRD_29375,0
NDGRD_29376,0
NDGRD_29377,0
NDGRD_29378,0
NDGRD_29379,0
NDGRD_29380,0
NDGRD_29381,0
NDGRD_29382,0
NDGRD_29383,0
NDGRD_29384,0
NDGRD_29385,0
NDGRD_29386,0
NDGRD_29387,0
NDGRD_29388,0
NDGRD_29389,0
NDGRD_29390,0
NDGRD_29391,0
NDGRD_29392,0
NDGRD_29393,0
NDGRD_29394,0
NDGRD_29395,0
NDGRD_29396,0
NDGRD_29397,0
NDGRD_29398,0
NDGRD_29399,0
NDGRD_29400,0
NDGRD_29401,0
NDGRD_29402,0
NDGRD_29403,0
NDGRD_29404,0
NDGRD_29405,0
NDGRD_29406,0
NDGRD_29407,0
NDGRD_29408,0
NDGRD_29409,0
NDGRD_29410,0
NDGRD_29411,0
NDGRD_29412,0
NDGRD_29413,0
NDGRD_29414,0
NDGRD_29415,0
NDGRD_29416,0
NDGRD_29417,0
NDGRD_29418,0
NDGRD_29419,0
NDGRD_29420,0
NDGRD_29421,0
NDGRD_29422,0
NDGRD_29423,0
NDGRD_29424,0
NDGRD_29425,0
NDGRD_29426,0
NDGRD_29427,0
NDGRD_29428,0
NDGRD_29429,0
NDGRD_29430,0
NDGRD_29431,0
NDGRD_29432,0
NDGRD_29433,0
NDGRD_29434,0
NDGRD_29435,0
NDGRD_29436,0
NDGRD_29437,0
NDGRD_29438,0
NDGRD_29439,0
NDGRD_29440,0
NDGRD_29441,0
NDGRD_29442,0
NDGRD_29443,0
NDGRD_29444,0
NDGRD_29445,0
NDGRD_29446,0
NDGRD_29447,0
NDGRD_29448,0
NDGRD_29449,0
NDGRD_29450,0
NDGRD_29451,0
NDGRD_29452,0
NDGRD_29453,0
NDGRD_29454,0
NDGRD_29455,0
NDGRD_29456,0
NDGRD_29457,0
NDGRD_29458,0
NDGRD_29459,0
NDGRD_29460,0
NDGRD_29461,0
NDGRD_29462,0
NDGRD_29463,0
NDGRD_29464,0
NDGRD_29465,0
NDGRD_29466,0
NDGRD_29467,0
NDGRD_29468,0
NDGRD_29469,0
NDGRD_29470,0
NDGRD_29471,0
NDGRD_29472,0
NDGRD_29473,0
NDGRD_29474,0
NDGRD_29475,0
NDGRD_29476,0
NDGRD_29477,0
NDGRD_29478,0
NDGRD_29479,0
NDGRD_29480,0
NDGRD_29481,0
NDGRD_29482,0
NDGRD_29483,0
NDGRD_29484,0
NDGRD_29485,0
NDGRD_29486,0
NDGRD_29487,0
NDGRD_29488,0
NDGRD_29489,0
NDGRD_29490,0
NDGRD_29491,0
NDGRD_29492,0
NDGRD_29493,0
NDGRD_29494,0
NDGRD_29495,0
NDGRD_29496,0
NDGRD_29497,0
NDGRD_29498,0
NDGRD_29499,0
NDGRD_29500,0
NDGRD_29501,0
NDGRD_29502,0
NDGRD_29503,0
NDGRD_29504,0
NDGRD_29505,0
NDGRD_29506,0
NDGRD_29507,0
NDGRD_29508,0
NDGRD_29509,0
NDGRD_29510,0
NDGRD_29511,0
NDGRD_29512,0
NDGRD_29513,0
NDGRD_29514,0
NDGRD_29515,0
NDGRD_29516,0
NDGRD_29517,0
NDGRD_29518,0
NDGRD_29519,0
NDGRD_29520,0
NDGRD_29521,0
NDGRD_29522,0
NDGRD_29523,0
NDGRD_29524,0
NDGRD_29525,0
NDGRD_29526,0
NDGRD_29527,0
NDGRD_29528,0
NDGRD_29529,0
NDGRD_29530,0
NDGRD_29531,0
NDGRD_29532,0
NDGRD_29533,0
NDGRD_29534,0
NDGRD_29535,0
NDGRD_29536,0
NDGRD_29537,0
NDGRD_29538,0
NDGRD_29539,0
NDGRD_29540,0
NDGRD_29541,0
NDGRD_29542,0
NDGRD_29543,0
NDGRD_29544,0
NDGRD_29545,0
NDGRD_29546,0
NDGRD_29547,0
NDGRD_29548,0
NDGRD_29549,0
NDGRD_29550,0
NDGRD_29551,0
NDGRD_29552,0
NDGRD_29553,0
NDGRD_29554,0
NDGRD_29555,0
NDGRD_29556,0
NDGRD_29557,0
NDGRD_29558,0
NDGRD_29559,0
NDGRD_29560,0
NDGRD_29561,0
NDGRD_29562,0
NDGRD_29563,0
NDGRD_29564,0
NDGRD_29565,0
NDGRD_29566,0
NDGRD_29567,0
NDGRD_29568,0
NDGRD_29569,0
NDGRD_29570,0
NDGRD_29571,0
NDGRD_29572,0
NDGRD_29573,0
NDGRD_29574,0
NDGRD_29575,0
NDGRD_29576,0
NDGRD_29577,0
NDGRD_29578,0
NDGRD_29579,0
NDGRD_29580,0
NDGRD_29581,0
NDGRD_29582,0
NDGRD_29583,0
NDGRD_29584,0
NDGRD_29585,0
NDGRD_29586,0
NDGRD_29587,0
NDGRD_29588,0
NDGRD_29589,0
NDGRD_29590,0
NDGRD_29591,0
NDGRD_29592,0
NDGRD_29593,0
NDGRD_29594,0
NDGRD_29595,0
NDGRD_29596,0
NDGRD_29597,0
NDGRD_29598,0
NDGRD_29599,0
NDGRD_29600,0
NDGRD_29601,0
NDGRD_29602,0
NDGRD_29603,0
NDGRD_29604,0
NDGRD_29605,0
NDGRD_29606,0
NDGRD_29607,0
NDGRD_29608,0
NDGRD_29609,0
NDGRD_29610,0
NDGRD_29611,0
NDGRD_29612,0
NDGRD_29613,0
NDGRD_29614,0
NDGRD_29615,0
NDGRD_29616,0
NDGRD_29617,0
NDGRD_29618,0
NDGRD_29619,0
NDGRD_29620,0
NDGRD_29621,0
NDGRD_29622,0
NDGRD_29623,0
NDGRD_29624,0
NDGRD_29625,0
NDGRD_29626,0
NDGRD_29627,0
NDGRD_29628,0
NDGRD_29629,0
NDGRD_29630,0
NDGRD_29631,0
NDGRD_29632,0
NDGRD_29633,0
NDGRD_29634,0
NDGRD_29635,0
NDGRD_29636,0
NDGRD_29637,0
NDGRD_29638,0
NDGRD_29639,0
NDGRD_29640,0
NDGRD_29641,0
NDGRD_29642,0
NDGRD_29643,0
NDGRD_29644,0
NDGRD_29645,0
NDGRD_29646,0
NDGRD_29647,0
NDGRD_29648,0
NDGRD_29649,0
NDGRD_29650,0
NDGRD_29651,0
NDGRD_29652,0
NDGRD_29653,0
NDGRD_29654,0
NDGRD_29655,0
NDGRD_29656,0
NDGRD_29657,0
NDGRD_29658,0
NDGRD_29659,0
NDGRD_29660,0
NDGRD_29661,0
NDGRD_29662,0
NDGRD_29663,0
NDGRD_29664,0
NDGRD_29665,0
NDGRD_29666,0
NDGRD_29667,0
NDGRD_29668,0
NDGRD_29669,0
NDGRD_29670,0
NDGRD_29671,0
NDGRD_29672,0
NDGRD_29673,0
NDGRD_29674,0
NDGRD_29675,0
NDGRD_29676,0
NDGRD_29677,0
NDGRD_29678,0
NDGRD_29679,0
NDGRD_29680,0
NDGRD_29681,0
NDGRD_29682,0
NDGRD_29683,0
NDGRD_29684,0
NDGRD_29685,0
NDGRD_29686,0
NDGRD_29687,0
NDGRD_29688,0
NDGRD_29689,0
NDGRD_29690,0
NDGRD_29691,0
NDGRD_29692,0
NDGRD_29693,0
NDGRD_29694,0
NDGRD_29695,0
NDGRD_29696,0
NDGRD_29697,0
NDGRD_29698,0
NDGRD_29699,0
NDGRD_29700,0
NDGRD_29701,0
NDGRD_29702,0
NDGRD_29703,0
NDGRD_29704,0
NDGRD_29705,0
NDGRD_29706,0
NDGRD_29707,0
NDGRD_29708,0
NDGRD_29709,0
NDGRD_29710,0
NDGRD_29711,0
NDGRD_29712,0
NDGRD_29713,0
NDGRD_29714,0
NDGRD_29715,0
NDGRD_29716,0
NDGRD_29717,0
NDGRD_29718,0
NDGRD_29719,0
NDGRD_29720,0
NDGRD_29721,0
NDGRD_29722,0
NDGRD_29723,0
NDGRD_29724,0
NDGRD_29725,0
NDGRD_29726,0
NDGRD_29727,0
NDGRD_29728,0
NDGRD_29729,0
NDGRD_29730,0
NDGRD_29731,0
NDGRD_29732,0
NDGRD_29733,0
NDGRD_29734,0
NDGRD_29735,0
NDGRD_29736,0
NDGRD_29737,0
NDGRD_29738,0
NDGRD_29739,0
NDGRD_29740,0
NDGRD_29741,0
NDGRD_29742,0
NDGRD_29743,0
NDGRD_29744,0
NDGRD_29745,0
NDGRD_29746,0
NDGRD_29747,0
NDGRD_29748,0
NDGRD_29749,0
NDGRD_29750,0
NDGRD_29751,0
NDGRD_29752,0
NDGRD_29753,0
NDGRD_29754,0
NDGRD_29755,0
NDGRD_29756,0
NDGRD_29757,0
NDGRD_29758,0
NDGRD_29759,0
NDGRD_29760,0
NDGRD_29761,0
NDGRD_29762,0
NDGRD_29763,0
NDGRD_29764,0
NDGRD_29765,0
NDGRD_29766,0
NDGRD_29767,0
NDGRD_29768,0
NDGRD_29769,0
NDGRD_29770,0
NDGRD_29771,0
NDGRD_29772,0
NDGRD_29773,0
NDGRD_29774,0
NDGRD_29775,0
NDGRD_29776,0
NDGRD_29777,0
NDGRD_29778,0
NDGRD_29779,0
NDGRD_29780,0
NDGRD_29781,0
NDGRD_29782,0
NDGRD_29783,0
NDGRD_29784,0
NDGRD_29785,0
NDGRD_29786,0
NDGRD_29787,0
NDGRD_29788,0
NDGRD_29789,0
NDGRD_29790,0
NDGRD_29791,0
NDGRD_29792,0
NDGRD_29793,0
NDGRD_29794,0
NDGRD_29795,0
NDGRD_29796,0
NDGRD_29797,0
NDGRD_29798,0
NDGRD_29799,0
NDGRD_29800,0
NDGRD_29801,0
NDGRD_29802,0
NDGRD_29803,0
NDGRD_29804,0
NDGRD_29805,0
NDGRD_29806,0
NDGRD_29807,0
NDGRD_29808,0
NDGRD_29809,0
NDGRD_29810,0
NDGRD_29811,0
NDGRD_29812,0
NDGRD_29813,0
NDGRD_29814,0
NDGRD_29815,0
NDGRD_29816,0
NDGRD_29817,0
NDGRD_29818,0
NDGRD_29819,0
NDGRD_29820,0
NDGRD_29821,0
NDGRD_29822,0
NDGRD_29823,0
NDGRD_29824,0
NDGRD_29825,0
NDGRD_29826,0
NDGRD_29827,0
NDGRD_29828,0
NDGRD_29829,0
NDGRD_29830,0
NDGRD_29831,0
NDGRD_29832,0
NDGRD_29833,0
NDGRD_29834,0
NDGRD_29835,0
NDGRD_29836,0
NDGRD_29837,0
NDGRD_29838,0
NDGRD_29839,0
NDGRD_29840,0
NDGRD_29841,0
NDGRD_29842,0
NDGRD_29843,0
NDGRD_29844,0
NDGRD_29845,0
NDGRD_29846,0
NDGRD_29847,0
NDGRD_29848,0
NDGRD_29849,0
NDGRD_29850,0
NDGRD_29851,0
NDGRD_29852,0
NDGRD_29853,0
NDGRD_29854,0
NDGRD_29855,0
NDGRD_29856,0
NDGRD_29857,0
NDGRD_29858,0
NDGRD_29859,0
NDGRD_29860,0
NDGRD_29861,0
NDGRD_29862,0
NDGRD_29863,0
NDGRD_29864,0
NDGRD_29865,0
NDGRD_29866,0
NDGRD_29867,0
NDGRD_29868,0
NDGRD_29869,0
NDGRD_29870,0
NDGRD_29871,0
NDGRD_29872,0
NDGRD_29873,0
NDGRD_29874,0
NDGRD_29875,0
NDGRD_29876,0
NDGRD_29877,0
NDGRD_29878,0
NDGRD_29879,0
NDGRD_29880,0
NDGRD_29881,0
NDGRD_29882,0
NDGRD_29883,0
NDGRD_29884,0
NDGRD_29885,0
NDGRD_29886,0
NDGRD_29887,0
NDGRD_29888,0
NDGRD_29889,0
NDGRD_29890,0
NDGRD_29891,0
NDGRD_29892,0
NDGRD_29893,0
NDGRD_29894,0
NDGRD_29895,0
NDGRD_29896,0
NDGRD_29897,0
NDGRD_29898,0
NDGRD_29899,0
NDGRD_29900,0
NDGRD_29901,0
NDGRD_29902,0
NDGRD_29903,0
NDGRD_29904,0
NDGRD_29905,0
NDGRD_29906,0
NDGRD_29907,0
NDGRD_29908,0
NDGRD_29909,0
NDGRD_29910,0
NDGRD_29911,0
NDGRD_29912,0
NDGRD_29913,0
NDGRD_29914,0
NDGRD_29915,0
NDGRD_29916,0
NDGRD_29917,0
NDGRD_29918,0
NDGRD_29919,0
NDGRD_29920,0
NDGRD_29921,0
NDGRD_29922,0
NDGRD_29923,0
NDGRD_29924,0
NDGRD_29925,0
NDGRD_29926,0
NDGRD_29927,0
NDGRD_29928,0
NDGRD_29929,0
NDGRD_29930,0
NDGRD_29931,0
NDGRD_29932,0
NDGRD_29933,0
NDGRD_29934,0
NDGRD_29935,0
NDGRD_29936,0
NDGRD_29937,0
NDGRD_29938,0
NDGRD_29939,0
NDGRD_29940,0
NDGRD_29941,0
NDGRD_29942,0
NDGRD_29943,0
NDGRD_29944,0
NDGRD_29945,0
NDGRD_29946,0
NDGRD_29947,0
NDGRD_29948,0
NDGRD_29949,0
NDGRD_29950,0
NDGRD_29951,0
NDGRD_29952,0
NDGRD_29953,0
NDGRD_29954,0
NDGRD_29955,0
NDGRD_29956,0
NDGRD_29957,0
NDGRD_29958,0
NDGRD_29959,0
NDGRD_29960,0
NDGRD_29961,0
NDGRD_29962,0
NDGRD_29963,0
NDGRD_29964,0
NDGRD_29965,0
NDGRD_29966,0
NDGRD_29967,0
NDGRD_29968,0
NDGRD_29969,0
NDGRD_29970,0
NDGRD_29971,0
NDGRD_29972,0
NDGRD_29973,0
NDGRD_29974,0
NDGRD_29975,0
NDGRD_29976,0
NDGRD_29977,0
NDGRD_29978,0
NDGRD_29979,0
NDGRD_29980,0
NDGRD_29981,0
NDGRD_29982,0
NDGRD_29983,0
NDGRD_29984,0
NDGRD_29985,0
NDGRD_29986,0
NDGRD_29987,0
NDGRD_29988,0
NDGRD_29989,0
NDGRD_29990,0
NDGRD_29991,0
NDGRD_29992,0
NDGRD_29993,0
NDGRD_29994,0
NDGRD_29995,0
NDGRD_29996,0
NDGRD_29997,0
NDGRD_29998,0
NDGRD_29999,0
NDGRD_30000,0
NDGRD_30001,0
NDGRD_30002,0
NDGRD_30003,0
NDGRD_30004,0
NDGRD_30005,0
NDGRD_30006,0
NDGRD_30007,0
NDGRD_30008,0
NDGRD_30009,0
NDGRD_30010,0
NDGRD_30011,0
NDGRD_30012,0
NDGRD_30013,0
NDGRD_30014,0
NDGRD_30015,0
NDGRD_30016,0
NDGRD_30017,0
NDGRD_30018,0
NDGRD_30019,0
NDGRD_30020,0
NDGRD_30021,0
NDGRD_30022,0
NDGRD_30023,0
NDGRD_30024,0
NDGRD_30025,0
NDGRD_30026,0
NDGRD_30027,0
NDGRD_30028,0
NDGRD_30029,0
NDGRD_30030,0
NDGRD_30031,0
NDGRD_30032,0
NDGRD_30033,0
NDGRD_30034,0
NDGRD_30035,0
NDGRD_30036,0
NDGRD_30037,0
NDGRD_30038,0
NDGRD_30039,0
NDGRD_30040,0
NDGRD_30041,0
NDGRD_30042,0
NDGRD_30043,0
NDGRD_30044,0
NDGRD_30045,0
NDGRD_30046,0
NDGRD_30047,0
NDGRD_30048,0
NDGRD_30049,0
NDGRD_30050,0
NDGRD_30051,0
NDGRD_30052,0
NDGRD_30053,0
NDGRD_30054,0
NDGRD_30055,0
NDGRD_30056,0
NDGRD_30057,0
NDGRD_30058,0
NDGRD_30059,0
NDGRD_30060,0
NDGRD_30061,0
NDGRD_30062,0
NDGRD_30063,0
NDGRD_30064,0
NDGRD_30065,0
NDGRD_30066,0
NDGRD_30067,0
NDGRD_30068,0
NDGRD_30069,0
NDGRD_30070,0
NDGRD_30071,0
NDGRD_30072,0
NDGRD_30073,0
NDGRD_30074,0
NDGRD_30075,0
NDGRD_30076,0
NDGRD_30077,0
NDGRD_30078,0
NDGRD_30079,0
NDGRD_30080,0
NDGRD_30081,0
NDGRD_30082,0
NDGRD_30083,0
NDGRD_30084,0
NDGRD_30085,0
NDGRD_30086,0
NDGRD_30087,0
NDGRD_30088,0
NDGRD_30089,0
NDGRD_30090,0
NDGRD_30091,0
NDGRD_30092,0
NDGRD_30093,0
NDGRD_30094,0
NDGRD_30095,0
NDGRD_30096,0
NDGRD_30097,0
NDGRD_30098,0
NDGRD_30099,0
NDGRD_30100,0
NDGRD_30101,0
NDGRD_30102,0
NDGRD_30103,0
NDGRD_30104,0
NDGRD_30105,0
NDGRD_30106,0
NDGRD_30107,0
NDGRD_30108,0
NDGRD_30109,0
NDGRD_30110,0
NDGRD_30111,0
NDGRD_30112,0
NDGRD_30113,0
NDGRD_30114,0
NDGRD_30115,0
NDGRD_30116,0
NDGRD_30117,0
NDGRD_30118,0
NDGRD_30119,0
NDGRD_30120,0
NDGRD_30121,0
NDGRD_30122,0
NDGRD_30123,0
NDGRD_30124,0
NDGRD_30125,0
NDGRD_30126,0
NDGRD_30127,0
NDGRD_30128,0
NDGRD_30129,0
NDGRD_30130,0
NDGRD_30131,0
NDGRD_30132,0
NDGRD_30133,0
NDGRD_30134,0
NDGRD_30135,0
NDGRD_30136,0
NDGRD_30137,0
NDGRD_30138,0
NDGRD_30139,0
NDGRD_30140,0
NDGRD_30141,0
NDGRD_30142,0
NDGRD_30143,0
NDGRD_30144,0
NDGRD_30145,0
NDGRD_30146,0
NDGRD_30147,0
NDGRD_30148,0
NDGRD_30149,0
NDGRD_30150,0
NDGRD_30151,0
NDGRD_30152,0
NDGRD_30153,0
NDGRD_30154,0
NDGRD_30155,0
NDGRD_30156,0
NDGRD_30157,0
NDGRD_30158,0
NDGRD_30159,0
NDGRD_30160,0
NDGRD_30161,0
NDGRD_30162,0
NDGRD_30163,0
NDGRD_30164,0
NDGRD_30165,0
NDGRD_30166,0
NDGRD_30167,0
NDGRD_30168,0
NDGRD_30169,0
NDGRD_30170,0
NDGRD_30171,0
NDGRD_30172,0
NDGRD_30173,0
NDGRD_30174,0
NDGRD_30175,0
NDGRD_30176,0
NDGRD_30177,0
NDGRD_30178,0
NDGRD_30179,0
NDGRD_30180,0
NDGRD_30181,0
NDGRD_30182,0
NDGRD_30183,0
NDGRD_30184,0
NDGRD_30185,0
NDGRD_30186,0
NDGRD_30187,0
NDGRD_30188,0
NDGRD_30189,0
NDGRD_30190,0
NDGRD_30191,0
NDGRD_30192,0
NDGRD_30193,0
NDGRD_30194,0
NDGRD_30195,0
NDGRD_30196,0
NDGRD_30197,0
NDGRD_30198,0
NDGRD_30199,0
NDGRD_30200,0
NDGRD_30201,0
NDGRD_30202,0
NDGRD_30203,0
NDGRD_30204,0
NDGRD_30205,0
NDGRD_30206,0
NDGRD_30207,0
NDGRD_30208,0
NDGRD_30209,0
NDGRD_30210,0
NDGRD_30211,0
NDGRD_30212,0
NDGRD_30213,0
NDGRD_30214,0
NDGRD_30215,0
NDGRD_30216,0
NDGRD_30217,0
NDGRD_30218,0
NDGRD_30219,0
NDGRD_30220,0
NDGRD_30221,0
NDGRD_30222,0
NDGRD_30223,0
NDGRD_30224,0
NDGRD_30225,0
NDGRD_30226,0
NDGRD_30227,0
NDGRD_30228,0
NDGRD_30229,0
NDGRD_30230,0
NDGRD_30231,0
NDGRD_30232,0
NDGRD_30233,0
NDGRD_30234,0
NDGRD_30235,0
NDGRD_30236,0
NDGRD_30237,0
NDGRD_30238,0
NDGRD_30239,0
NDGRD_30240,0
NDGRD_30241,0
NDGRD_30242,0
NDGRD_30243,0
NDGRD_30244,0
NDGRD_30245,0
NDGRD_30246,0
NDGRD_30247,0
NDGRD_30248,0
NDGRD_30249,0
NDGRD_30250,0
NDGRD_30251,0
NDGRD_30252,0
NDGRD_30253,0
NDGRD_30254,0
NDGRD_30255,0
NDGRD_30256,0
NDGRD_30257,0
NDGRD_30258,0
NDGRD_30259,0
NDGRD_30260,0
NDGRD_30261,0
NDGRD_30262,0
NDGRD_30263,0
NDGRD_30264,0
NDGRD_30265,0
NDGRD_30266,0
NDGRD_30267,0
NDGRD_30268,0
NDGRD_30269,0
NDGRD_30270,0
NDGRD_30271,0
NDGRD_30272,0
NDGRD_30273,0
NDGRD_30274,0
NDGRD_30275,0
NDGRD_30276,0
NDGRD_30277,0
NDGRD_30278,0
NDGRD_30279,0
NDGRD_30280,0
NDGRD_30281,0
NDGRD_30282,0
NDGRD_30283,0
NDGRD_30284,0
NDGRD_30285,0
NDGRD_30286,0
NDGRD_30287,0
NDGRD_30288,0
NDGRD_30289,0
NDGRD_30290,0
NDGRD_30291,0
NDGRD_30292,0
NDGRD_30293,0
NDGRD_30294,0
NDGRD_30295,0
NDGRD_30296,0
NDGRD_30297,0
NDGRD_30298,0
NDGRD_30299,0
NDGRD_30300,0
NDGRD_30301,0
NDGRD_30302,0
NDGRD_30303,0
NDGRD_30304,0
NDGRD_30305,0
NDGRD_30306,0
NDGRD_30307,0
NDGRD_30308,0
NDGRD_30309,0
NDGRD_30310,0
NDGRD_30311,0
NDGRD_30312,0
NDGRD_30313,0
NDGRD_30314,0
NDGRD_30315,0
NDGRD_30316,0
NDGRD_30317,0
NDGRD_30318,0
NDGRD_30319,0
NDGRD_30320,0
NDGRD_30321,0
NDGRD_30322,0
NDGRD_30323,0
NDGRD_30324,0
NDGRD_30325,0
NDGRD_30326,0
NDGRD_30327,0
NDGRD_30328,0
NDGRD_30329,0
NDGRD_30330,0
NDGRD_30331,0
NDGRD_30332,0
NDGRD_30333,0
NDGRD_30334,0
NDGRD_30335,0
NDGRD_30336,0
NDGRD_30337,0
NDGRD_30338,0
NDGRD_30339,0
NDGRD_30340,0
NDGRD_30341,0
NDGRD_30342,0
NDGRD_30343,0
NDGRD_30344,0
NDGRD_30345,0
NDGRD_30346,0
NDGRD_30347,0
NDGRD_30348,0
NDGRD_30349,0
NDGRD_30350,0
NDGRD_30351,0
NDGRD_30352,0
NDGRD_30353,0
NDGRD_30354,0
NDGRD_30355,0
NDGRD_30356,0
NDGRD_30357,0
NDGRD_30358,0
NDGRD_30359,0
NDGRD_30360,0
NDGRD_30361,0
NDGRD_30362,0
NDGRD_30363,0
NDGRD_30364,0
NDGRD_30365,0
NDGRD_30366,0
NDGRD_30367,0
NDGRD_30368,0
NDGRD_30369,0
NDGRD_30370,0
NDGRD_30371,0
NDGRD_30372,0
NDGRD_30373,0
NDGRD_30374,0
NDGRD_30375,0
NDGRD_30376,0
NDGRD_30377,0
NDGRD_30378,0
NDGRD_30379,0
NDGRD_30380,0
NDGRD_30381,0
NDGRD_30382,0
NDGRD_30383,0
NDGRD_30384,0
NDGRD_30385,0
NDGRD_30386,0
NDGRD_30387,0
NDGRD_30388,0
NDGRD_30389,0
NDGRD_30390,0
NDGRD_30391,0
NDGRD_30392,0
NDGRD_30393,0
NDGRD_30394,0
NDGRD_30395,0
NDGRD_30396,0
NDGRD_30397,0
NDGRD_30398,0
NDGRD_30399,0
NDGRD_30400,0
NDGRD_30401,0
NDGRD_30402,0
NDGRD_30403,0
NDGRD_30404,0
NDGRD_30405,0
NDGRD_30406,0
NDGRD_30407,0
NDGRD_30408,0
NDGRD_30409,0
NDGRD_30410,0
NDGRD_30411,0
NDGRD_30412,0
NDGRD_30413,0
NDGRD_30414,0
NDGRD_30415,0
NDGRD_30416,0
NDGRD_30417,0
NDGRD_30418,0
NDGRD_30419,0
NDGRD_30420,0
NDGRD_30421,0
NDGRD_30422,0
NDGRD_30423,0
NDGRD_30424,0
NDGRD_30425,0
NDGRD_30426,0
NDGRD_30427,0
NDGRD_30428,0
NDGRD_30429,0
NDGRD_30430,0
NDGRD_30431,0
NDGRD_30432,0
NDGRD_30433,0
NDGRD_30434,0
NDGRD_30435,0
NDGRD_30436,0
NDGRD_30437,0
NDGRD_30438,0
NDGRD_30439,0
NDGRD_30440,0
NDGRD_30441,0
NDGRD_30442,0
NDGRD_30443,0
NDGRD_30444,0
NDGRD_30445,0
NDGRD_30446,0
NDGRD_30447,0
NDGRD_30448,0
NDGRD_30449,0
NDGRD_30450,0
NDGRD_30451,0
NDGRD_30452,0
NDGRD_30453,0
NDGRD_30454,0
NDGRD_30455,0
NDGRD_30456,0
NDGRD_30457,0
NDGRD_30458,0
NDGRD_30459,0
NDGRD_30460,0
NDGRD_30461,0
NDGRD_30462,0
NDGRD_30463,0
NDGRD_30464,0
NDGRD_30465,0
NDGRD_30466,0
NDGRD_30467,0
NDGRD_30468,0
NDGRD_30469,0
NDGRD_30470,0
NDGRD_30471,0
NDGRD_30472,0
NDGRD_30473,0
NDGRD_30474,0
NDGRD_30475,0
NDGRD_30476,0
NDGRD_30477,0
NDGRD_30478,0
NDGRD_30479,0
NDGRD_30480,0
NDGRD_30481,0
NDGRD_30482,0
NDGRD_30483,0
NDGRD_30484,0
NDGRD_30485,0
NDGRD_30486,0
NDGRD_30487,0
NDGRD_30488,0
NDGRD_30489,0
NDGRD_30490,0
NDGRD_30491,0
NDGRD_30492,0
NDGRD_30493,0
NDGRD_30494,0
NDGRD_30495,0
NDGRD_30496,0
NDGRD_30497,0
NDGRD_30498,0
NDGRD_30499,0
NDGRD_30500,0
NDGRD_30501,0
NDGRD_30502,0
NDGRD_30503,0
NDGRD_30504,0
NDGRD_30505,0
NDGRD_30506,0
NDGRD_30507,0
NDGRD_30508,0
NDGRD_30509,0
NDGRD_30510,0
NDGRD_30511,0
NDGRD_30512,0
NDGRD_30513,0
NDGRD_30514,0
NDGRD_30515,0
NDGRD_30516,0
NDGRD_30517,0
NDGRD_30518,0
NDGRD_30519,0
NDGRD_30520,0
NDGRD_30521,0
NDGRD_30522,0
NDGRD_30523,0
NDGRD_30524,0
NDGRD_30525,0
NDGRD_30526,0
NDGRD_30527,0
NDGRD_30528,0
NDGRD_30529,0
NDGRD_30530,0
NDGRD_30531,0
NDGRD_30532,0
NDGRD_30533,0
NDGRD_30534,0
NDGRD_30535,0
NDGRD_30536,0
NDGRD_30537,0
NDGRD_30538,0
NDGRD_30539,0
NDGRD_30540,0
NDGRD_30541,0
NDGRD_30542,0
NDGRD_30543,0
NDGRD_30544,0
NDGRD_30545,0
NDGRD_30546,0
NDGRD_30547,0
NDGRD_30548,0
NDGRD_30549,0
NDGRD_30550,0
NDGRD_30551,0
NDGRD_30552,0
NDGRD_30553,0
NDGRD_30554,0
NDGRD_30555,0
NDGRD_30556,0
NDGRD_30557,0
NDGRD_30558,0
NDGRD_30559,0
NDGRD_30560,0
NDGRD_30561,0
NDGRD_30562,0
NDGRD_30563,0
NDGRD_30564,0
NDGRD_30565,0
NDGRD_30566,0
NDGRD_30567,0
NDGRD_30568,0
NDGRD_30569,0
NDGRD_30570,0
NDGRD_30571,0
NDGRD_30572,0
NDGRD_30573,0
NDGRD_30574,0
NDGRD_30575,0
NDGRD_30576,0
NDGRD_30577,0
NDGRD_30578,0
NDGRD_30579,0
NDGRD_30580,0
NDGRD_30581,0
NDGRD_30582,0
NDGRD_30583,0
NDGRD_30584,0
NDGRD_30585,0
NDGRD_30586,0
NDGRD_30587,0
NDGRD_30588,0
NDGRD_30589,0
NDGRD_30590,0
NDGRD_30591,0
NDGRD_30592,0
NDGRD_30593,0
NDGRD_30594,0
NDGRD_30595,0
NDGRD_30596,0
NDGRD_30597,0
NDGRD_30598,0
NDGRD_30599,0
NDGRD_30600,0
NDGRD_30601,0
NDGRD_30602,0
NDGRD_30603,0
NDGRD_30604,0
NDGRD_30605,0
NDGRD_30606,0
NDGRD_30607,0
NDGRD_30608,0
NDGRD_30609,0
NDGRD_30610,0
NDGRD_30611,0
NDGRD_30612,0
NDGRD_30613,0
NDGRD_30614,0
NDGRD_30615,0
NDGRD_30616,0
NDGRD_30617,0
NDGRD_30618,0
NDGRD_30619,0
NDGRD_30620,0
NDGRD_30621,0
NDGRD_30622,0
NDGRD_30623,0
NDGRD_30624,0
NDGRD_30625,0
NDGRD_30626,0
NDGRD_30627,0
NDGRD_30628,0
NDGRD_30629,0
NDGRD_30630,0
NDGRD_30631,0
NDGRD_30632,0
NDGRD_30633,0
NDGRD_30634,0
NDGRD_30635,0
NDGRD_30636,0
NDGRD_30637,0
NDGRD_30638,0
NDGRD_30639,0
NDGRD_30640,0
NDGRD_30641,0
NDGRD_30642,0
NDGRD_30643,0
NDGRD_30644,0
NDGRD_30645,0
NDGRD_30646,0
NDGRD_30647,0
NDGRD_30648,0
NDGRD_30649,0
NDGRD_30650,0
NDGRD_30651,0
NDGRD_30652,0
NDGRD_30653,0
NDGRD_30654,0
NDGRD_30655,0
NDGRD_30656,0
NDGRD_30657,0
NDGRD_30658,0
NDGRD_30659,0
NDGRD_30660,0
NDGRD_30661,0
NDGRD_30662,0
NDGRD_30663,0
NDGRD_30664,0
NDGRD_30665,0
NDGRD_30666,0
NDGRD_30667,0
NDGRD_30668,0
NDGRD_30669,0
NDGRD_30670,0
NDGRD_30671,0
NDGRD_30672,0
NDGRD_30673,0
NDGRD_30674,0
NDGRD_30675,0
NDGRD_30676,0
NDGRD_30677,0
NDGRD_30678,0
NDGRD_30679,0
NDGRD_30680,0
NDGRD_30681,0
NDGRD_30682,0
NDGRD_30683,0
NDGRD_30684,0
NDGRD_30685,0
NDGRD_30686,0
NDGRD_30687,0
NDGRD_30688,0
NDGRD_30689,0
NDGRD_30690,0
NDGRD_30691,0
NDGRD_30692,0
NDGRD_30693,0
NDGRD_30694,0
NDGRD_30695,0
NDGRD_30696,0
NDGRD_30697,0
NDGRD_30698,0
NDGRD_30699,0
NDGRD_30700,0
NDGRD_30701,0
NDGRD_30702,0
NDGRD_30703,0
NDGRD_30704,0
NDGRD_30705,0
NDGRD_30706,0
NDGRD_30707,0
NDGRD_30708,0
NDGRD_30709,0
NDGRD_30710,0
NDGRD_30711,0
NDGRD_30712,0
NDGRD_30713,0
NDGRD_30714,0
NDGRD_30715,0
NDGRD_30716,0
NDGRD_30717,0
NDGRD_30718,0
NDGRD_30719,0
NDGRD_30720,0
NDGRD_30721,0
NDGRD_30722,0
NDGRD_30723,0
NDGRD_30724,0
NDGRD_30725,0
NDGRD_30726,0
NDGRD_30727,0
NDGRD_30728,0
NDGRD_30729,0
NDGRD_30730,0
NDGRD_30731,0
NDGRD_30732,0
NDGRD_30733,0
NDGRD_30734,0
NDGRD_30735,0
NDGRD_30736,0
NDGRD_30737,0
NDGRD_30738,0
NDGRD_30739,0
NDGRD_30740,0
NDGRD_30741,0
NDGRD_30742,0
NDGRD_30743,0
NDGRD_30744,0
NDGRD_30745,0
NDGRD_30746,0
NDGRD_30747,0
NDGRD_30748,0
NDGRD_30749,0
NDGRD_30750,0
NDGRD_30751,0
NDGRD_30752,0
NDGRD_30753,0
NDGRD_30754,0
NDGRD_30755,0
NDGRD_30756,0
NDGRD_30757,0
NDGRD_30758,0
NDGRD_30759,0
NDGRD_30760,0
NDGRD_30761,0
NDGRD_30762,0
NDGRD_30763,0
NDGRD_30764,0
NDGRD_30765,0
NDGRD_30766,0
NDGRD_30767,0
NDGRD_30768,0
NDGRD_30769,0
NDGRD_30770,0
NDGRD_30771,0
NDGRD_30772,0
NDGRD_30773,0
NDGRD_30774,0
NDGRD_30775,0
NDGRD_30776,0
NDGRD_30777,0
NDGRD_30778,0
NDGRD_30779,0
NDGRD_30780,0
NDGRD_30781,0
NDGRD_30782,0
NDGRD_30783,0
NDGRD_30784,0
NDGRD_30785,0
NDGRD_30786,0
NDGRD_30787,0
NDGRD_30788,0
NDGRD_30789,0
NDGRD_30790,0
NDGRD_30791,0
NDGRD_30792,0
NDGRD_30793,0
NDGRD_30794,0
NDGRD_30795,0
NDGRD_30796,0
NDGRD_30797,0
NDGRD_30798,0
NDGRD_30799,0
NDGRD_30800,0
NDGRD_30801,0
NDGRD_30802,0
NDGRD_30803,0
NDGRD_30804,0
NDGRD_30805,0
NDGRD_30806,0
NDGRD_30807,0
NDGRD_30808,0
NDGRD_30809,0
NDGRD_30810,0
NDGRD_30811,0
NDGRD_30812,0
NDGRD_30813,0
NDGRD_30814,0
NDGRD_30815,0
NDGRD_30816,0
NDGRD_30817,0
NDGRD_30818,0
NDGRD_30819,0
NDGRD_30820,0
NDGRD_30821,0
NDGRD_30822,0
NDGRD_30823,0
NDGRD_30824,0
NDGRD_30825,0
NDGRD_30826,0
NDGRD_30827,0
NDGRD_30828,0
NDGRD_30829,0
NDGRD_30830,0
NDGRD_30831,0
NDGRD_30832,0
NDGRD_30833,0
NDGRD_30834,0
NDGRD_30835,0
NDGRD_30836,0
NDGRD_30837,0
NDGRD_30838,0
NDGRD_30839,0
NDGRD_30840,0
NDGRD_30841,0
NDGRD_30842,0
NDGRD_30843,0
NDGRD_30844,0
NDGRD_30845,0
NDGRD_30846,0
NDGRD_30847,0
NDGRD_30848,0
NDGRD_30849,0
NDGRD_30850,0
NDGRD_30851,0
NDGRD_30852,0
NDGRD_30853,0
NDGRD_30854,0
NDGRD_30855,0
NDGRD_30856,0
NDGRD_30857,0
NDGRD_30858,0
NDGRD_30859,0
NDGRD_30860,0
NDGRD_30861,0
NDGRD_30862,0
NDGRD_30863,0
NDGRD_30864,0
NDGRD_30865,0
NDGRD_30866,0
NDGRD_30867,0
NDGRD_30868,0
NDGRD_30869,0
NDGRD_30870,0
NDGRD_30871,0
NDGRD_30872,0
NDGRD_30873,0
NDGRD_30874,0
NDGRD_30875,0
NDGRD_30876,0
NDGRD_30877,0
NDGRD_30878,0
NDGRD_30879,0
NDGRD_30880,0
NDGRD_30881,0
NDGRD_30882,0
NDGRD_30883,0
NDGRD_30884,0
NDGRD_30885,0
NDGRD_30886,0
NDGRD_30887,0
NDGRD_30888,0
NDGRD_30889,0
NDGRD_30890,0
NDGRD_30891,0
NDGRD_30892,0
NDGRD_30893,0
NDGRD_30894,0
NDGRD_30895,0
NDGRD_30896,0
NDGRD_30897,0
NDGRD_30898,0
NDGRD_30899,0
NDGRD_30900,0
NDGRD_30901,0
NDGRD_30902,0
NDGRD_30903,0
NDGRD_30904,0
NDGRD_30905,0
NDGRD_30906,0
NDGRD_30907,0
NDGRD_30908,0
NDGRD_30909,0
NDGRD_30910,0
NDGRD_30911,0
NDGRD_30912,0
NDGRD_30913,0
NDGRD_30914,0
NDGRD_30915,0
NDGRD_30916,0
NDGRD_30917,0
NDGRD_30918,0
NDGRD_30919,0
NDGRD_30920,0
NDGRD_30921,0
NDGRD_30922,0
NDGRD_30923,0
NDGRD_30924,0
NDGRD_30925,0
NDGRD_30926,0
NDGRD_30927,0
NDGRD_30928,0
NDGRD_30929,0
NDGRD_30930,0
NDGRD_30931,0
NDGRD_30932,0
NDGRD_30933,0
NDGRD_30934,0
NDGRD_30935,0
NDGRD_30936,0
NDGRD_30937,0
NDGRD_30938,0
NDGRD_30939,0
NDGRD_30940,0
NDGRD_30941,0
NDGRD_30942,0
NDGRD_30943,0
NDGRD_30944,0
NDGRD_30945,0
NDGRD_30946,0
NDGRD_30947,0
NDGRD_30948,0
NDGRD_30949,0
NDGRD_30950,0
NDGRD_30951,0
NDGRD_30952,0
NDGRD_30953,0
NDGRD_30954,0
NDGRD_30955,0
NDGRD_30956,0
NDGRD_30957,0
NDGRD_30958,0
NDGRD_30959,0
NDGRD_30960,0
NDGRD_30961,0
NDGRD_30962,0
NDGRD_30963,0
NDGRD_30964,0
NDGRD_30965,0
NDGRD_30966,0
NDGRD_30967,0
NDGRD_30968,0
NDGRD_30969,0
NDGRD_30970,0
NDGRD_30971,0
NDGRD_30972,0
NDGRD_30973,0
NDGRD_30974,0
NDGRD_30975,0
NDGRD_30976,0
NDGRD_30977,0
NDGRD_30978,0
NDGRD_30979,0
NDGRD_30980,0
NDGRD_30981,0
NDGRD_30982,0
NDGRD_30983,0
NDGRD_30984,0
NDGRD_30985,0
NDGRD_30986,0
NDGRD_30987,0
NDGRD_30988,0
NDGRD_30989,0
NDGRD_30990,0
NDGRD_30991,0
NDGRD_30992,0
NDGRD_30993,0
NDGRD_30994,0
NDGRD_30995,0
NDGRD_30996,0
NDGRD_30997,0
NDGRD_30998,0
NDGRD_30999,0
NDGRD_31000,0
NDGRD_31001,0
NDGRD_31002,0
NDGRD_31003,0
NDGRD_31004,0
NDGRD_31005,0
NDGRD_31006,0
NDGRD_31007,0
NDGRD_31008,0
NDGRD_31009,0
NDGRD_31010,0
NDGRD_31011,0
NDGRD_31012,0
NDGRD_31013,0
NDGRD_31014,0
NDGRD_31015,0
NDGRD_31016,0
NDGRD_31017,0
NDGRD_31018,0
NDGRD_31019,0
NDGRD_31020,0
NDGRD_31021,0
NDGRD_31022,0
NDGRD_31023,0
NDGRD_31024,0
NDGRD_31025,0
NDGRD_31026,0
NDGRD_31027,0
NDGRD_31028,0
NDGRD_31029,0
NDGRD_31030,0
NDGRD_31031,0
NDGRD_31032,0
NDGRD_31033,0
NDGRD_31034,0
NDGRD_31035,0
NDGRD_31036,0
NDGRD_31037,0
NDGRD_31038,0
NDGRD_31039,0
NDGRD_31040,0
NDGRD_31041,0
NDGRD_31042,0
NDGRD_31043,0
NDGRD_31044,0
NDGRD_31045,0
NDGRD_31046,0
NDGRD_31047,0
NDGRD_31048,0
NDGRD_31049,0
NDGRD_31050,0
NDGRD_31051,0
NDGRD_31052,0
NDGRD_31053,0
NDGRD_31054,0
NDGRD_31055,0
NDGRD_31056,0
NDGRD_31057,0
NDGRD_31058,0
NDGRD_31059,0
NDGRD_31060,0
NDGRD_31061,0
NDGRD_31062,0
NDGRD_31063,0
NDGRD_31064,0
NDGRD_31065,0
NDGRD_31066,0
NDGRD_31067,0
NDGRD_31068,0
NDGRD_31069,0
NDGRD_31070,0
NDGRD_31071,0
NDGRD_31072,0
NDGRD_31073,0
NDGRD_31074,0
NDGRD_31075,0
NDGRD_31076,0
NDGRD_31077,0
NDGRD_31078,0
NDGRD_31079,0
NDGRD_31080,0
NDGRD_31081,0
NDGRD_31082,0
NDGRD_31083,0
NDGRD_31084,0
NDGRD_31085,0
NDGRD_31086,0
NDGRD_31087,0
NDGRD_31088,0
NDGRD_31089,0
NDGRD_31090,0
NDGRD_31091,0
NDGRD_31092,0
NDGRD_31093,0
NDGRD_31094,0
NDGRD_31095,0
NDGRD_31096,0
NDGRD_31097,0
NDGRD_31098,0
NDGRD_31099,0
NDGRD_31100,0
NDGRD_31101,0
NDGRD_31102,0
NDGRD_31103,0
NDGRD_31104,0
NDGRD_31105,0
NDGRD_31106,0
NDGRD_31107,0
NDGRD_31108,0
NDGRD_31109,0
NDGRD_31110,0
NDGRD_31111,0
NDGRD_31112,0
NDGRD_31113,0
NDGRD_31114,0
NDGRD_31115,0
NDGRD_31116,0
NDGRD_31117,0
NDGRD_31118,0
NDGRD_31119,0
NDGRD_31120,0
NDGRD_31121,0
NDGRD_31122,0
NDGRD_31123,0
NDGRD_31124,0
NDGRD_31125,0
NDGRD_31126,0
NDGRD_31127,0
NDGRD_31128,0
NDGRD_31129,0
NDGRD_31130,0
NDGRD_31131,0
NDGRD_31132,0
NDGRD_31133,0
NDGRD_31134,0
NDGRD_31135,0
NDGRD_31136,0
NDGRD_31137,0
NDGRD_31138,0
NDGRD_31139,0
NDGRD_31140,0
NDGRD_31141,0
NDGRD_31142,0
NDGRD_31143,0
NDGRD_31144,0
NDGRD_31145,0
NDGRD_31146,0
NDGRD_31147,0
NDGRD_31148,0
NDGRD_31149,0
NDGRD_31150,0
NDGRD_31151,0
NDGRD_31152,0
NDGRD_31153,0
NDGRD_31154,0
NDGRD_31155,0
NDGRD_31156,0
NDGRD_31157,0
NDGRD_31158,0
NDGRD_31159,0
NDGRD_31160,0
NDGRD_31161,0
NDGRD_31162,0
NDGRD_31163,0
NDGRD_31164,0
NDGRD_31165,0
NDGRD_31166,0
NDGRD_31167,0
NDGRD_31168,0
NDGRD_31169,0
NDGRD_31170,0
NDGRD_31171,0
NDGRD_31172,0
NDGRD_31173,0
NDGRD_31174,0
NDGRD_31175,0
NDGRD_31176,0
NDGRD_31177,0
NDGRD_31178,0
NDGRD_31179,0
NDGRD_31180,0
NDGRD_31181,0
NDGRD_31182,0
NDGRD_31183,0
NDGRD_31184,0
NDGRD_31185,0
NDGRD_31186,0
NDGRD_31187,0
NDGRD_31188,0
NDGRD_31189,0
NDGRD_31190,0
NDGRD_31191,0
NDGRD_31192,0
NDGRD_31193,0
NDGRD_31194,0
NDGRD_31195,0
NDGRD_31196,0
NDGRD_31197,0
NDGRD_31198,0
NDGRD_31199,0
NDGRD_31200,0
NDGRD_31201,0
NDGRD_31202,0
NDGRD_31203,0
NDGRD_31204,0
NDGRD_31205,0
NDGRD_31206,0
NDGRD_31207,0
NDGRD_31208,0
NDGRD_31209,0
NDGRD_31210,0
NDGRD_31211,0
NDGRD_31212,0
NDGRD_31213,0
NDGRD_31214,0
NDGRD_31215,0
NDGRD_31216,0
NDGRD_31217,0
NDGRD_31218,0
NDGRD_31219,0
NDGRD_31220,0
NDGRD_31221,0
NDGRD_31222,0
NDGRD_31223,0
NDGRD_31224,0
NDGRD_31225,0
NDGRD_31226,0
NDGRD_31227,0
NDGRD_31228,0
NDGRD_31229,0
NDGRD_31230,0
NDGRD_31231,0
NDGRD_31232,0
NDGRD_31233,0
NDGRD_31234,0
NDGRD_31235,0
NDGRD_31236,0
NDGRD_31237,0
NDGRD_31238,0
NDGRD_31239,0
NDGRD_31240,0
NDGRD_31241,0
NDGRD_31242,0
NDGRD_31243,0
NDGRD_31244,0
NDGRD_31245,0
NDGRD_31246,0
NDGRD_31247,0
NDGRD_31248,0
NDGRD_31249,0
NDGRD_31250,0
NDGRD_31251,0
NDGRD_31252,0
NDGRD_31253,0
NDGRD_31254,0
NDGRD_31255,0
NDGRD_31256,0
NDGRD_31257,0
NDGRD_31258,0
NDGRD_31259,0
NDGRD_31260,0
NDGRD_31261,0
NDGRD_31262,0
NDGRD_31263,0
NDGRD_31264,0
NDGRD_31265,0
NDGRD_31266,0
NDGRD_31267,0
NDGRD_31268,0
NDGRD_31269,0
NDGRD_31270,0
NDGRD_31271,0
NDGRD_31272,0
NDGRD_31273,0
NDGRD_31274,0
NDGRD_31275,0
NDGRD_31276,0
NDGRD_31277,0
NDGRD_31278,0
NDGRD_31279,0
NDGRD_31280,0
NDGRD_31281,0
NDGRD_31282,0
NDGRD_31283,0
NDGRD_31284,0
NDGRD_31285,0
NDGRD_31286,0
NDGRD_31287,0
NDGRD_31288,0
NDGRD_31289,0
NDGRD_31290,0
NDGRD_31291,0
NDGRD_31292,0
NDGRD_31293,0
NDGRD_31294,0
NDGRD_31295,0
NDGRD_31296,0
NDGRD_31297,0
NDGRD_31298,0
NDGRD_31299,0
NDGRD_31300,0
NDGRD_31301,0
NDGRD_31302,0
NDGRD_31303,0
NDGRD_31304,0
NDGRD_31305,0
NDGRD_31306,0
NDGRD_31307,0
NDGRD_31308,0
NDGRD_31309,0
NDGRD_31310,0
NDGRD_31311,0
NDGRD_31312,0
NDGRD_31313,0
NDGRD_31314,0
NDGRD_31315,0
NDGRD_31316,0
NDGRD_31317,0
NDGRD_31318,0
NDGRD_31319,0
NDGRD_31320,0
NDGRD_31321,0
NDGRD_31322,0
NDGRD_31323,0
NDGRD_31324,0
NDGRD_31325,0
NDGRD_31326,0
NDGRD_31327,0
NDGRD_31328,0
NDGRD_31329,0
NDGRD_31330,0
NDGRD_31331,0
NDGRD_31332,0
NDGRD_31333,0
NDGRD_31334,0
NDGRD_31335,0
NDGRD_31336,0
NDGRD_31337,0
NDGRD_31338,0
NDGRD_31339,0
NDGRD_31340,0
NDGRD_31341,0
NDGRD_31342,0
NDGRD_31343,0
NDGRD_31344,0
NDGRD_31345,0
NDGRD_31346,0
NDGRD_31347,0
NDGRD_31348,0
NDGRD_31349,0
NDGRD_31350,0
NDGRD_31351,0
NDGRD_31352,0
NDGRD_31353,0
NDGRD_31354,0
NDGRD_31355,0
NDGRD_31356,0
NDGRD_31357,0
NDGRD_31358,0
NDGRD_31359,0
NDGRD_31360,0
NDGRD_31361,0
NDGRD_31362,0
NDGRD_31363,0
NDGRD_31364,0
NDGRD_31365,0
NDGRD_31366,0
NDGRD_31367,0
NDGRD_31368,0
NDGRD_31369,0
NDGRD_31370,0
NDGRD_31371,0
NDGRD_31372,0
NDGRD_31373,0
NDGRD_31374,0
NDGRD_31375,0
NDGRD_31376,0
NDGRD_31377,0
NDGRD_31378,0
NDGRD_31379,0
NDGRD_31380,0
NDGRD_31381,0
NDGRD_31382,0
NDGRD_31383,0
NDGRD_31384,0
NDGRD_31385,0
NDGRD_31386,0
NDGRD_31387,0
NDGRD_31388,0
NDGRD_31389,0
NDGRD_31390,0
NDGRD_31391,0
NDGRD_31392,0
NDGRD_31393,0
NDGRD_31394,0
NDGRD_31395,0
NDGRD_31396,0
NDGRD_31397,0
NDGRD_31398,0
NDGRD_31399,0
NDGRD_31400,0
NDGRD_31401,0
NDGRD_31402,0
NDGRD_31403,0
NDGRD_31404,0
NDGRD_31405,0
NDGRD_31406,0
NDGRD_31407,0
NDGRD_31408,0
NDGRD_31409,0
NDGRD_31410,0
NDGRD_31411,0
NDGRD_31412,0
NDGRD_31413,0
NDGRD_31414,0
NDGRD_31415,0
NDGRD_31416,0
NDGRD_31417,0
NDGRD_31418,0
NDGRD_31419,0
NDGRD_31420,0
NDGRD_31421,0
NDGRD_31422,0
NDGRD_31423,0
NDGRD_31424,0
NDGRD_31425,0
NDGRD_31426,0
NDGRD_31427,0
NDGRD_31428,0
NDGRD_31429,0
NDGRD_31430,0
NDGRD_31431,0
NDGRD_31432,0
NDGRD_31433,0
NDGRD_31434,0
NDGRD_31435,0
NDGRD_31436,0
NDGRD_31437,0
NDGRD_31438,0
NDGRD_31439,0
NDGRD_31440,0
NDGRD_31441,0
NDGRD_31442,0
NDGRD_31443,0
NDGRD_31444,0
NDGRD_31445,0
NDGRD_31446,0
NDGRD_31447,0
NDGRD_31448,0
NDGRD_31449,0
NDGRD_31450,0
NDGRD_31451,0
NDGRD_31452,0
NDGRD_31453,0
NDGRD_31454,0
NDGRD_31455,0
NDGRD_31456,0
NDGRD_31457,0
NDGRD_31458,0
NDGRD_31459,0
NDGRD_31460,0
NDGRD_31461,0
NDGRD_31462,0
NDGRD_31463,0
NDGRD_31464,0
NDGRD_31465,0
NDGRD_31466,0
NDGRD_31467,0
NDGRD_31468,0
NDGRD_31469,0
NDGRD_31470,0
NDGRD_31471,0
NDGRD_31472,0
NDGRD_31473,0
NDGRD_31474,0
NDGRD_31475,0
NDGRD_31476,0
NDGRD_31477,0
NDGRD_31478,0
NDGRD_31479,0
NDGRD_31480,0
NDGRD_31481,0
NDGRD_31482,0
NDGRD_31483,0
NDGRD_31484,0
NDGRD_31485,0
NDGRD_31486,0
NDGRD_31487,0
NDGRD_31488,0
NDGRD_31489,0
NDGRD_31490,0
NDGRD_31491,0
NDGRD_31492,0
NDGRD_31493,0
NDGRD_31494,0
NDGRD_31495,0
NDGRD_31496,0
NDGRD_31497,0
NDGRD_31498,0
NDGRD_31499,0
NDGRD_31500,0
NDGRD_31501,0
NDGRD_31502,0
NDGRD_31503,0
NDGRD_31504,0
NDGRD_31505,0
NDGRD_31506,0
NDGRD_31507,0
NDGRD_31508,0
NDGRD_31509,0
NDGRD_31510,0
NDGRD_31511,0
NDGRD_31512,0
NDGRD_31513,0
NDGRD_31514,0
NDGRD_31515,0
NDGRD_31516,0
NDGRD_31517,0
NDGRD_31518,0
NDGRD_31519,0
NDGRD_31520,0
NDGRD_31521,0
NDGRD_31522,0
NDGRD_31523,0
NDGRD_31524,0
NDGRD_31525,0
NDGRD_31526,0
NDGRD_31527,0
NDGRD_31528,0
NDGRD_31529,0
NDGRD_31530,0
NDGRD_31531,0
NDGRD_31532,0
NDGRD_31533,0
NDGRD_31534,0
NDGRD_31535,0
NDGRD_31536,0
NDGRD_31537,0
NDGRD_31538,0
NDGRD_31539,0
NDGRD_31540,0
NDGRD_31541,0
NDGRD_31542,0
NDGRD_31543,0
NDGRD_31544,0
NDGRD_31545,0
NDGRD_31546,0
NDGRD_31547,0
NDGRD_31548,0
NDGRD_31549,0
NDGRD_31550,0
NDGRD_31551,0
NDGRD_31552,0
NDGRD_31553,0
NDGRD_31554,0
NDGRD_31555,0
NDGRD_31556,0
NDGRD_31557,0
NDGRD_31558,0
NDGRD_31559,0
NDGRD_31560,0
NDGRD_31561,0
NDGRD_31562,0
NDGRD_31563,0
NDGRD_31564,0
NDGRD_31565,0
NDGRD_31566,0
NDGRD_31567,0
NDGRD_31568,0
NDGRD_31569,0
NDGRD_31570,0
NDGRD_31571,0
NDGRD_31572,0
NDGRD_31573,0
NDGRD_31574,0
NDGRD_31575,0
NDGRD_31576,0
NDGRD_31577,0
NDGRD_31578,0
NDGRD_31579,0
NDGRD_31580,0
NDGRD_31581,0
NDGRD_31582,0
NDGRD_31583,0
NDGRD_31584,0
NDGRD_31585,0
NDGRD_31586,0
NDGRD_31587,0
NDGRD_31588,0
NDGRD_31589,0
NDGRD_31590,0
NDGRD_31591,0
NDGRD_31592,0
NDGRD_31593,0
NDGRD_31594,0
NDGRD_31595,0
NDGRD_31596,0
NDGRD_31597,0
NDGRD_31598,0
NDGRD_31599,0
NDGRD_31600,0
NDGRD_31601,0
NDGRD_31602,0
NDGRD_31603,0
NDGRD_31604,0
NDGRD_31605,0
NDGRD_31606,0
NDGRD_31607,0
NDGRD_31608,0
NDGRD_31609,0
NDGRD_31610,0
NDGRD_31611,0
NDGRD_31612,0
NDGRD_31613,0
NDGRD_31614,0
NDGRD_31615,0
NDGRD_31616,0
NDGRD_31617,0
NDGRD_31618,0
NDGRD_31619,0
NDGRD_31620,0
NDGRD_31621,0
NDGRD_31622,0
NDGRD_31623,0
NDGRD_31624,0
NDGRD_31625,0
NDGRD_31626,0
NDGRD_31627,0
NDGRD_31628,0
NDGRD_31629,0
NDGRD_31630,0
NDGRD_31631,0
NDGRD_31632,0
NDGRD_31633,0
NDGRD_31634,0
NDGRD_31635,0
NDGRD_31636,0
NDGRD_31637,0
NDGRD_31638,0
NDGRD_31639,0
NDGRD_31640,0
NDGRD_31641,0
NDGRD_31642,0
NDGRD_31643,0
NDGRD_31644,0
NDGRD_31645,0
NDGRD_31646,0
NDGRD_31647,0
NDGRD_31648,0
NDGRD_31649,0
NDGRD_31650,0
NDGRD_31651,0
NDGRD_31652,0
NDGRD_31653,0
NDGRD_31654,0
NDGRD_31655,0
NDGRD_31656,0
NDGRD_31657,0
NDGRD_31658,0
NDGRD_31659,0
NDGRD_31660,0
NDGRD_31661,0
NDGRD_31662,0
NDGRD_31663,0
NDGRD_31664,0
NDGRD_31665,0
NDGRD_31666,0
NDGRD_31667,0
NDGRD_31668,0
NDGRD_31669,0
NDGRD_31670,0
NDGRD_31671,0
NDGRD_31672,0
NDGRD_31673,0
NDGRD_31674,0
NDGRD_31675,0
NDGRD_31676,0
NDGRD_31677,0
NDGRD_31678,0
NDGRD_31679,0
NDGRD_31680,0
NDGRD_31681,0
NDGRD_31682,0
NDGRD_31683,0
NDGRD_31684,0
NDGRD_31685,0
NDGRD_31686,0
NDGRD_31687,0
NDGRD_31688,0
NDGRD_31689,0
NDGRD_31690,0
NDGRD_31691,0
NDGRD_31692,0
NDGRD_31693,0
NDGRD_31694,0
NDGRD_31695,0
NDGRD_31696,0
NDGRD_31697,0
NDGRD_31698,0
NDGRD_31699,0
NDGRD_31700,0
NDGRD_31701,0
NDGRD_31702,0
NDGRD_31703,0
NDGRD_31704,0
NDGRD_31705,0
NDGRD_31706,0
NDGRD_31707,0
NDGRD_31708,0
NDGRD_31709,0
NDGRD_31710,0
NDGRD_31711,0
NDGRD_31712,0
NDGRD_31713,0
NDGRD_31714,0
NDGRD_31715,0
NDGRD_31716,0
NDGRD_31717,0
NDGRD_31718,0
NDGRD_31719,0
NDGRD_31720,0
NDGRD_31721,0
NDGRD_31722,0
NDGRD_31723,0
NDGRD_31724,0
NDGRD_31725,0
NDGRD_31726,0
NDGRD_31727,0
NDGRD_31728,0
NDGRD_31729,0
NDGRD_31730,0
NDGRD_31731,0
NDGRD_31732,0
NDGRD_31733,0
NDGRD_31734,0
NDGRD_31735,0
NDGRD_31736,0
NDGRD_31737,0
NDGRD_31738,0
NDGRD_31739,0
NDGRD_31740,0
NDGRD_31741,0
NDGRD_31742,0
NDGRD_31743,0
NDGRD_31744,0
NDGRD_31745,0
NDGRD_31746,0
NDGRD_31747,0
NDGRD_31748,0
NDGRD_31749,0
NDGRD_31750,0
NDGRD_31751,0
NDGRD_31752,0
NDGRD_31753,0
NDGRD_31754,0
NDGRD_31755,0
NDGRD_31756,0
NDGRD_31757,0
NDGRD_31758,0
NDGRD_31759,0
NDGRD_31760,0
NDGRD_31761,0
NDGRD_31762,0
NDGRD_31763,0
NDGRD_31764,0
NDGRD_31765,0
NDGRD_31766,0
NDGRD_31767,0
NDGRD_31768,0
NDGRD_31769,0
NDGRD_31770,0
NDGRD_31771,0
NDGRD_31772,0
NDGRD_31773,0
NDGRD_31774,0
NDGRD_31775,0
NDGRD_31776,0
NDGRD_31777,0
NDGRD_31778,0
NDGRD_31779,0
NDGRD_31780,0
NDGRD_31781,0
NDGRD_31782,0
NDGRD_31783,0
NDGRD_31784,0
NDGRD_31785,0
NDGRD_31786,0
NDGRD_31787,0
NDGRD_31788,0
NDGRD_31789,0
NDGRD_31790,0
NDGRD_31791,0
NDGRD_31792,0
NDGRD_31793,0
NDGRD_31794,0
NDGRD_31795,0
NDGRD_31796,0
NDGRD_31797,0
NDGRD_31798,0
NDGRD_31799,0
NDGRD_31800,0
NDGRD_31801,0
NDGRD_31802,0
NDGRD_31803,0
NDGRD_31804,0
NDGRD_31805,0
NDGRD_31806,0
NDGRD_31807,0
NDGRD_31808,0
NDGRD_31809,0
NDGRD_31810,0
NDGRD_31811,0
NDGRD_31812,0
NDGRD_31813,0
NDGRD_31814,0
NDGRD_31815,0
NDGRD_31816,0
NDGRD_31817,0
NDGRD_31818,0
NDGRD_31819,0
NDGRD_31820,0
NDGRD_31821,0
NDGRD_31822,0
NDGRD_31823,0
NDGRD_31824,0
NDGRD_31825,0
NDGRD_31826,0
NDGRD_31827,0
NDGRD_31828,0
NDGRD_31829,0
NDGRD_31830,0
NDGRD_31831,0
NDGRD_31832,0
NDGRD_31833,0
NDGRD_31834,0
NDGRD_31835,0
NDGRD_31836,0
NDGRD_31837,0
NDGRD_31838,0
NDGRD_31839,0
NDGRD_31840,0
NDGRD_31841,0
NDGRD_31842,0
NDGRD_31843,0
NDGRD_31844,0
NDGRD_31845,0
NDGRD_31846,0
NDGRD_31847,0
NDGRD_31848,0
NDGRD_31849,0
NDGRD_31850,0
NDGRD_31851,0
NDGRD_31852,0
NDGRD_31853,0
NDGRD_31854,0
NDGRD_31855,0
NDGRD_31856,0
NDGRD_31857,0
NDGRD_31858,0
NDGRD_31859,0
NDGRD_31860,0
NDGRD_31861,0
NDGRD_31862,0
NDGRD_31863,0
NDGRD_31864,0
NDGRD_31865,0
NDGRD_31866,0
NDGRD_31867,0
NDGRD_31868,0
NDGRD_31869,0
NDGRD_31870,0
NDGRD_31871,0
NDGRD_31872,0
NDGRD_31873,0
NDGRD_31874,0
NDGRD_31875,0
NDGRD_31876,0
NDGRD_31877,0
NDGRD_31878,0
NDGRD_31879,0
NDGRD_31880,0
NDGRD_31881,0
NDGRD_31882,0
NDGRD_31883,0
NDGRD_31884,0
NDGRD_31885,0
NDGRD_31886,0
NDGRD_31887,0
NDGRD_31888,0
NDGRD_31889,0
NDGRD_31890,0
NDGRD_31891,0
NDGRD_31892,0
NDGRD_31893,0
NDGRD_31894,0
NDGRD_31895,0
NDGRD_31896,0
NDGRD_31897,0
NDGRD_31898,0
NDGRD_31899,0
NDGRD_31900,0
NDGRD_31901,0
NDGRD_31902,0
NDGRD_31903,0
NDGRD_31904,0
NDGRD_31905,0
NDGRD_31906,0
NDGRD_31907,0
NDGRD_31908,0
NDGRD_31909,0
NDGRD_31910,0
NDGRD_31911,0
NDGRD_31912,0
NDGRD_31913,0
NDGRD_31914,0
NDGRD_31915,0
NDGRD_31916,0
NDGRD_31917,0
NDGRD_31918,0
NDGRD_31919,0
NDGRD_31920,0
NDGRD_31921,0
NDGRD_31922,0
NDGRD_31923,0
NDGRD_31924,0
NDGRD_31925,0
NDGRD_31926,0
NDGRD_31927,0
NDGRD_31928,0
NDGRD_31929,0
NDGRD_31930,0
NDGRD_31931,0
NDGRD_31932,0
NDGRD_31933,0
NDGRD_31934,0
NDGRD_31935,0
NDGRD_31936,0
NDGRD_31937,0
NDGRD_31938,0
NDGRD_31939,0
NDGRD_31940,0
NDGRD_31941,0
NDGRD_31942,0
NDGRD_31943,0
NDGRD_31944,0
NDGRD_31945,0
NDGRD_31946,0
NDGRD_31947,0
NDGRD_31948,0
NDGRD_31949,0
NDGRD_31950,0
NDGRD_31951,0
NDGRD_31952,0
NDGRD_31953,0
NDGRD_31954,0
NDGRD_31955,0
NDGRD_31956,0
NDGRD_31957,0
NDGRD_31958,0
NDGRD_31959,0
NDGRD_31960,0
NDGRD_31961,0
NDGRD_31962,0
NDGRD_31963,0
NDGRD_31964,0
NDGRD_31965,0
NDGRD_31966,0
NDGRD_31967,0
NDGRD_31968,0
NDGRD_31969,0
NDGRD_31970,0
NDGRD_31971,0
NDGRD_31972,0
NDGRD_31973,0
NDGRD_31974,0
NDGRD_31975,0
NDGRD_31976,0
NDGRD_31977,0
NDGRD_31978,0
NDGRD_31979,0
NDGRD_31980,0
NDGRD_31981,0
NDGRD_31982,0
NDGRD_31983,0
NDGRD_31984,0
NDGRD_31985,0
NDGRD_31986,0
NDGRD_31987,0
NDGRD_31988,0
NDGRD_31989,0
NDGRD_31990,0
NDGRD_31991,0
NDGRD_31992,0
NDGRD_31993,0
NDGRD_31994,0
NDGRD_31995,0
NDGRD_31996,0
NDGRD_31997,0
NDGRD_31998,0
NDGRD_31999,0
NDGRD_32000,0
NDGRD_32001,0
NDGRD_32002,0
NDGRD_32003,0
NDGRD_32004,0
NDGRD_32005,0
NDGRD_32006,0
NDGRD_32007,0
NDGRD_32008,0
NDGRD_32009,0
NDGRD_32010,0
NDGRD_32011,0
NDGRD_32012,0
NDGRD_32013,0
NDGRD_32014,0
NDGRD_32015,0
NDGRD_32016,0
NDGRD_32017,0
NDGRD_32018,0
NDGRD_32019,0
NDGRD_32020,0
NDGRD_32021,0
NDGRD_32022,0
NDGRD_32023,0
NDGRD_32024,0
NDGRD_32025,0
NDGRD_32026,0
NDGRD_32027,0
NDGRD_32028,0
NDGRD_32029,0
NDGRD_32030,0
NDGRD_32031,0
NDGRD_32032,0
NDGRD_32033,0
NDGRD_32034,0
NDGRD_32035,0
NDGRD_32036,0
NDGRD_32037,0
NDGRD_32038,0
NDGRD_32039,0
NDGRD_32040,0
NDGRD_32041,0
NDGRD_32042,0
NDGRD_32043,0
NDGRD_32044,0
NDGRD_32045,0
NDGRD_32046,0
NDGRD_32047,0
NDGRD_32048,0
NDGRD_32049,0
NDGRD_32050,0
NDGRD_32051,0
NDGRD_32052,0
NDGRD_32053,0
NDGRD_32054,0
NDGRD_32055,0
NDGRD_32056,0
NDGRD_32057,0
NDGRD_32058,0
NDGRD_32059,0
NDGRD_32060,0
NDGRD_32061,0
NDGRD_32062,0
NDGRD_32063,0
NDGRD_32064,0
NDGRD_32065,0
NDGRD_32066,0
NDGRD_32067,0
NDGRD_32068,0
NDGRD_32069,0
NDGRD_32070,0
NDGRD_32071,0
NDGRD_32072,0
NDGRD_32073,0
NDGRD_32074,0
NDGRD_32075,0
NDGRD_32076,0
NDGRD_32077,0
NDGRD_32078,0
NDGRD_32079,0
NDGRD_32080,0
NDGRD_32081,0
NDGRD_32082,0
NDGRD_32083,0
NDGRD_32084,0
NDGRD_32085,0
NDGRD_32086,0
NDGRD_32087,0
NDGRD_32088,0
NDGRD_32089,0
NDGRD_32090,0
NDGRD_32091,0
NDGRD_32092,0
NDGRD_32093,0
NDGRD_32094,0
NDGRD_32095,0
NDGRD_32096,0
NDGRD_32097,0
NDGRD_32098,0
NDGRD_32099,0
NDGRD_32100,0
NDGRD_32101,0
NDGRD_32102,0
NDGRD_32103,0
NDGRD_32104,0
NDGRD_32105,0
NDGRD_32106,0
NDGRD_32107,0
NDGRD_32108,0
NDGRD_32109,0
NDGRD_32110,0
NDGRD_32111,0
NDGRD_32112,0
NDGRD_32113,0
NDGRD_32114,0
NDGRD_32115,0
NDGRD_32116,0
NDGRD_32117,0
NDGRD_32118,0
NDGRD_32119,0
NDGRD_32120,0
NDGRD_32121,0
NDGRD_32122,0
NDGRD_32123,0
NDGRD_32124,0
NDGRD_32125,0
NDGRD_32126,0
NDGRD_32127,0
NDGRD_32128,0
NDGRD_32129,0
NDGRD_32130,0
NDGRD_32131,0
NDGRD_32132,0
NDGRD_32133,0
NDGRD_32134,0
NDGRD_32135,0
NDGRD_32136,0
NDGRD_32137,0
NDGRD_32138,0
NDGRD_32139,0
NDGRD_32140,0
NDGRD_32141,0
NDGRD_32142,0
NDGRD_32143,0
NDGRD_32144,0
NDGRD_32145,0
NDGRD_32146,0
NDGRD_32147,0
NDGRD_32148,0
NDGRD_32149,0
NDGRD_32150,0
NDGRD_32151,0
NDGRD_32152,0
NDGRD_32153,0
NDGRD_32154,0
NDGRD_32155,0
NDGRD_32156,0
NDGRD_32157,0
NDGRD_32158,0
NDGRD_32159,0
NDGRD_32160,0
NDGRD_32161,0
NDGRD_32162,0
NDGRD_32163,0
NDGRD_32164,0
NDGRD_32165,0
NDGRD_32166,0
NDGRD_32167,0
NDGRD_32168,0
NDGRD_32169,0
NDGRD_32170,0
NDGRD_32171,0
NDGRD_32172,0
NDGRD_32173,0
NDGRD_32174,0
NDGRD_32175,0
NDGRD_32176,0
NDGRD_32177,0
NDGRD_32178,0
NDGRD_32179,0
NDGRD_32180,0
NDGRD_32181,0
NDGRD_32182,0
NDGRD_32183,0
NDGRD_32184,0
NDGRD_32185,0
NDGRD_32186,0
NDGRD_32187,0
NDGRD_32188,0
NDGRD_32189,0
NDGRD_32190,0
NDGRD_32191,0
NDGRD_32192,0
NDGRD_32193,0
NDGRD_32194,0
NDGRD_32195,0
NDGRD_32196,0
NDGRD_32197,0
NDGRD_32198,0
NDGRD_32199,0
NDGRD_32200,0
NDGRD_32201,0
NDGRD_32202,0
NDGRD_32203,0
NDGRD_32204,0
NDGRD_32205,0
NDGRD_32206,0
NDGRD_32207,0
NDGRD_32208,0
NDGRD_32209,0
NDGRD_32210,0
NDGRD_32211,0
NDGRD_32212,0
NDGRD_32213,0
NDGRD_32214,0
NDGRD_32215,0
NDGRD_32216,0
NDGRD_32217,0
NDGRD_32218,0
NDGRD_32219,0
NDGRD_32220,0
NDGRD_32221,0
NDGRD_32222,0
NDGRD_32223,0
NDGRD_32224,0
NDGRD_32225,0
NDGRD_32226,0
NDGRD_32227,0
NDGRD_32228,0
NDGRD_32229,0
NDGRD_32230,0
NDGRD_32231,0
NDGRD_32232,0
NDGRD_32233,0
NDGRD_32234,0
NDGRD_32235,0
NDGRD_32236,0
NDGRD_32237,0
NDGRD_32238,0
NDGRD_32239,0
NDGRD_32240,0
NDGRD_32241,0
NDGRD_32242,0
NDGRD_32243,0
NDGRD_32244,0
NDGRD_32245,0
NDGRD_32246,0
NDGRD_32247,0
NDGRD_32248,0
NDGRD_32249,0
NDGRD_32250,0
NDGRD_32251,0
NDGRD_32252,0
NDGRD_32253,0
NDGRD_32254,0
NDGRD_32255,0
NDGRD_32256,0
NDGRD_32257,0
NDGRD_32258,0
NDGRD_32259,0
NDGRD_32260,0
NDGRD_32261,0
NDGRD_32262,0
NDGRD_32263,0
NDGRD_32264,0
NDGRD_32265,0
NDGRD_32266,0
NDGRD_32267,0
NDGRD_32268,0
NDGRD_32269,0
NDGRD_32270,0
NDGRD_32271,0
NDGRD_32272,0
NDGRD_32273,0
NDGRD_32274,0
NDGRD_32275,0
NDGRD_32276,0
NDGRD_32277,0
NDGRD_32278,0
NDGRD_32279,0
NDGRD_32280,0
NDGRD_32281,0
NDGRD_32282,0
NDGRD_32283,0
NDGRD_32284,0
NDGRD_32285,0
NDGRD_32286,0
NDGRD_32287,0
NDGRD_32288,0
NDGRD_32289,0
NDGRD_32290,0
NDGRD_32291,0
NDGRD_32292,0
NDGRD_32293,0
NDGRD_32294,0
NDGRD_32295,0
NDGRD_32296,0
NDGRD_32297,0
NDGRD_32298,0
NDGRD_32299,0
NDGRD_32300,0
NDGRD_32301,0
NDGRD_32302,0
NDGRD_32303,0
NDGRD_32304,0
NDGRD_32305,0
NDGRD_32306,0
NDGRD_32307,0
NDGRD_32308,0
NDGRD_32309,0
NDGRD_32310,0
NDGRD_32311,0
NDGRD_32312,0
NDGRD_32313,0
NDGRD_32314,0
NDGRD_32315,0
NDGRD_32316,0
NDGRD_32317,0
NDGRD_32318,0
NDGRD_32319,0
NDGRD_32320,0
NDGRD_32321,0
NDGRD_32322,0
NDGRD_32323,0
NDGRD_32324,0
NDGRD_32325,0
NDGRD_32326,0
NDGRD_32327,0
NDGRD_32328,0
NDGRD_32329,0
NDGRD_32330,0
NDGRD_32331,0
NDGRD_32332,0
NDGRD_32333,0
NDGRD_32334,0
NDGRD_32335,0
NDGRD_32336,0
NDGRD_32337,0
NDGRD_32338,0
NDGRD_32339,0
NDGRD_32340,0
NDGRD_32341,0
NDGRD_32342,0
NDGRD_32343,0
NDGRD_32344,0
NDGRD_32345,0
NDGRD_32346,0
NDGRD_32347,0
NDGRD_32348,0
NDGRD_32349,0
NDGRD_32350,0
NDGRD_32351,0
NDGRD_32352,0
NDGRD_32353,0
NDGRD_32354,0
NDGRD_32355,0
NDGRD_32356,0
NDGRD_32357,0
NDGRD_32358,0
NDGRD_32359,0
NDGRD_32360,0
NDGRD_32361,0
NDGRD_32362,0
NDGRD_32363,0
NDGRD_32364,0
NDGRD_32365,0
NDGRD_32366,0
NDGRD_32367,0
NDGRD_32368,0
NDGRD_32369,0
NDGRD_32370,0
NDGRD_32371,0
NDGRD_32372,0
NDGRD_32373,0
NDGRD_32374,0
NDGRD_32375,0
NDGRD_32376,0
NDGRD_32377,0
NDGRD_32378,0
NDGRD_32379,0
NDGRD_32380,0
NDGRD_32381,0
NDGRD_32382,0
NDGRD_32383,0
NDGRD_32384,0
NDGRD_32385,0
NDGRD_32386,0
NDGRD_32387,0
NDGRD_32388,0
NDGRD_32389,0
NDGRD_32390,0
NDGRD_32391,0
NDGRD_32392,0
NDGRD_32393,0
NDGRD_32394,0
NDGRD_32395,0
NDGRD_32396,0
NDGRD_32397,0
NDGRD_32398,0
NDGRD_32399,0
NDGRD_32400,0
NDGRD_32401,0
NDGRD_32402,0
NDGRD_32403,0
NDGRD_32404,0
NDGRD_32405,0
NDGRD_32406,0
NDGRD_32407,0
NDGRD_32408,0
NDGRD_32409,0
NDGRD_32410,0
NDGRD_32411,0
NDGRD_32412,0
NDGRD_32413,0
NDGRD_32414,0
NDGRD_32415,0
NDGRD_32416,0
NDGRD_32417,0
NDGRD_32418,0
NDGRD_32419,0
NDGRD_32420,0
NDGRD_32421,0
NDGRD_32422,0
NDGRD_32423,0
NDGRD_32424,0
NDGRD_32425,0
NDGRD_32426,0
NDGRD_32427,0
NDGRD_32428,0
NDGRD_32429,0
NDGRD_32430,0
NDGRD_32431,0
NDGRD_32432,0
NDGRD_32433,0
NDGRD_32434,0
NDGRD_32435,0
NDGRD_32436,0
NDGRD_32437,0
NDGRD_32438,0
NDGRD_32439,0
NDGRD_32440,0
NDGRD_32441,0
NDGRD_32442,0
NDGRD_32443,0
NDGRD_32444,0
NDGRD_32445,0
NDGRD_32446,0
NDGRD_32447,0
NDGRD_32448,0
NDGRD_32449,0
NDGRD_32450,0
NDGRD_32451,0
NDGRD_32452,0
NDGRD_32453,0
NDGRD_32454,0
NDGRD_32455,0
NDGRD_32456,0
NDGRD_32457,0
NDGRD_32458,0
NDGRD_32459,0
NDGRD_32460,0
NDGRD_32461,0
NDGRD_32462,0
NDGRD_32463,0
NDGRD_32464,0
NDGRD_32465,0
NDGRD_32466,0
NDGRD_32467,0
NDGRD_32468,0
NDGRD_32469,0
NDGRD_32470,0
NDGRD_32471,0
NDGRD_32472,0
NDGRD_32473,0
NDGRD_32474,0
NDGRD_32475,0
NDGRD_32476,0
NDGRD_32477,0
NDGRD_32478,0
NDGRD_32479,0
NDGRD_32480,0
NDGRD_32481,0
NDGRD_32482,0
NDGRD_32483,0
NDGRD_32484,0
NDGRD_32485,0
NDGRD_32486,0
NDGRD_32487,0
NDGRD_32488,0
NDGRD_32489,0
NDGRD_32490,0
NDGRD_32491,0
NDGRD_32492,0
NDGRD_32493,0
NDGRD_32494,0
NDGRD_32495,0
NDGRD_32496,0
NDGRD_32497,0
NDGRD_32498,0
NDGRD_32499,0
NDGRD_32500,0
NDGRD_32501,0
NDGRD_32502,0
NDGRD_32503,0
NDGRD_32504,0
NDGRD_32505,0
NDGRD_32506,0
NDGRD_32507,0
NDGRD_32508,0
NDGRD_32509,0
NDGRD_32510,0
NDGRD_32511,0
NDGRD_32512,0
NDGRD_32513,0
NDGRD_32514,0
NDGRD_32515,0
NDGRD_32516,0
NDGRD_32517,0
NDGRD_32518,0
NDGRD_32519,0
NDGRD_32520,0
NDGRD_32521,0
NDGRD_32522,0
NDGRD_32523,0
NDGRD_32524,0
NDGRD_32525,0
NDGRD_32526,0
NDGRD_32527,0
NDGRD_32528,0
NDGRD_32529,0
NDGRD_32530,0
NDGRD_32531,0
NDGRD_32532,0
NDGRD_32533,0
NDGRD_32534,0
NDGRD_32535,0
NDGRD_32536,0
NDGRD_32537,0
NDGRD_32538,0
NDGRD_32539,0
NDGRD_32540,0
NDGRD_32541,0
NDGRD_32542,0
NDGRD_32543,0
NDGRD_32544,0
NDGRD_32545,0
NDGRD_32546,0
NDGRD_32547,0
NDGRD_32548,0
NDGRD_32549,0
NDGRD_32550,0
NDGRD_32551,0
NDGRD_32552,0
NDGRD_32553,0
NDGRD_32554,0
NDGRD_32555,0
NDGRD_32556,0
NDGRD_32557,0
NDGRD_32558,0
NDGRD_32559,0
NDGRD_32560,0
NDGRD_32561,0
NDGRD_32562,0
NDGRD_32563,0
NDGRD_32564,0
NDGRD_32565,0
NDGRD_32566,0
NDGRD_32567,0
NDGRD_32568,0
NDGRD_32569,0
NDGRD_32570,0
NDGRD_32571,0
NDGRD_32572,0
NDGRD_32573,0
NDGRD_32574,0
NDGRD_32575,0
NDGRD_32576,0
NDGRD_32577,0
NDGRD_32578,0
NDGRD_32579,0
NDGRD_32580,0
NDGRD_32581,0
NDGRD_32582,0
NDGRD_32583,0
NDGRD_32584,0
NDGRD_32585,0
NDGRD_32586,0
NDGRD_32587,0
NDGRD_32588,0
NDGRD_32589,0
NDGRD_32590,0
NDGRD_32591,0
NDGRD_32592,0
NDGRD_32593,0
NDGRD_32594,0
NDGRD_32595,0
NDGRD_32596,0
NDGRD_32597,0
NDGRD_32598,0
NDGRD_32599,0
NDGRD_32600,0
NDGRD_32601,0
NDGRD_32602,0
NDGRD_32603,0
NDGRD_32604,0
NDGRD_32605,0
NDGRD_32606,0
NDGRD_32607,0
NDGRD_32608,0
NDGRD_32609,0
NDGRD_32610,0
NDGRD_32611,0
NDGRD_32612,0
NDGRD_32613,0
NDGRD_32614,0
NDGRD_32615,0
NDGRD_32616,0
NDGRD_32617,0
NDGRD_32618,0
NDGRD_32619,0
NDGRD_32620,0
NDGRD_32621,0
NDGRD_32622,0
NDGRD_32623,0
NDGRD_32624,0
NDGRD_32625,0
NDGRD_32626,0
NDGRD_32627,0
NDGRD_32628,0
NDGRD_32629,0
NDGRD_32630,0
NDGRD_32631,0
NDGRD_32632,0
NDGRD_32633,0
NDGRD_32634,0
NDGRD_32635,0
NDGRD_32636,0
NDGRD_32637,0
NDGRD_32638,0
NDGRD_32639,0
NDGRD_32640,0
NDGRD_32641,0
NDGRD_32642,0
NDGRD_32643,0
NDGRD_32644,0
NDGRD_32645,0
NDGRD_32646,0
NDGRD_32647,0
NDGRD_32648,0
NDGRD_32649,0
NDGRD_32650,0
NDGRD_32651,0
NDGRD_32652,0
NDGRD_32653,0
NDGRD_32654,0
NDGRD_32655,0
NDGRD_32656,0
NDGRD_32657,0
NDGRD_32658,0
NDGRD_32659,0
NDGRD_32660,0
NDGRD_32661,0
NDGRD_32662,0
NDGRD_32663,0
NDGRD_32664,0
NDGRD_32665,0
NDGRD_32666,0
NDGRD_32667,0
NDGRD_32668,0
NDGRD_32669,0
NDGRD_32670,0
NDGRD_32671,0
NDGRD_32672,0
NDGRD_32673,0
NDGRD_32674,0
NDGRD_32675,0
NDGRD_32676,0
NDGRD_32677,0
NDGRD_32678,0
NDGRD_32679,0
NDGRD_32680,0
NDGRD_32681,0
NDGRD_32682,0
NDGRD_32683,0
NDGRD_32684,0
NDGRD_32685,0
NDGRD_32686,0
NDGRD_32687,0
NDGRD_32688,0
NDGRD_32689,0
NDGRD_32690,0
NDGRD_32691,0
NDGRD_32692,0
NDGRD_32693,0
NDGRD_32694,0
NDGRD_32695,0
NDGRD_32696,0
NDGRD_32697,0
NDGRD_32698,0
NDGRD_32699,0
NDGRD_32700,0
NDGRD_32701,0
NDGRD_32702,0
NDGRD_32703,0
NDGRD_32704,0
NDGRD_32705,0
NDGRD_32706,0
NDGRD_32707,0
NDGRD_32708,0
NDGRD_32709,0
NDGRD_32710,0
NDGRD_32711,0
NDGRD_32712,0
NDGRD_32713,0
NDGRD_32714,0
NDGRD_32715,0
NDGRD_32716,0
NDGRD_32717,0
NDGRD_32718,0
NDGRD_32719,0
NDGRD_32720,0
NDGRD_32721,0
NDGRD_32722,0
NDGRD_32723,0
NDGRD_32724,0
NDGRD_32725,0
NDGRD_32726,0
NDGRD_32727,0
NDGRD_32728,0
NDGRD_32729,0
NDGRD_32730,0
NDGRD_32731,0
NDGRD_32732,0
NDGRD_32733,0
NDGRD_32734,0
NDGRD_32735,0
NDGRD_32736,0
NDGRD_32737,0
NDGRD_32738,0
NDGRD_32739,0
NDGRD_32740,0
NDGRD_32741,0
NDGRD_32742,0
NDGRD_32743,0
NDGRD_32744,0
NDGRD_32745,0
NDGRD_32746,0
NDGRD_32747,0
NDGRD_32748,0
NDGRD_32749,0
NDGRD_32750,0
NDGRD_32751,0
NDGRD_32752,0
NDGRD_32753,0
NDGRD_32754,0
NDGRD_32755,0
NDGRD_32756,0
NDGRD_32757,0
NDGRD_32758,0
NDGRD_32759,0
NDGRD_32760,0
NDGRD_32761,0
NDGRD_32762,0
NDGRD_32763,0
NDGRD_32764,0
NDGRD_32765,0
NDGRD_32766,0
NDGRD_32767,0
NDGRD_32768,0
NDGRD_32769,0
NDGRD_32770,0
NDGRD_32771,0
NDGRD_32772,0
NDGRD_32773,0
NDGRD_32774,0
NDGRD_32775,0
NDGRD_32776,0
NDGRD_32777,0
NDGRD_32778,0
NDGRD_32779,0
NDGRD_32780,0
NDGRD_32781,0
NDGRD_32782,0
NDGRD_32783,0
NDGRD_32784,0
NDGRD_32785,0
NDGRD_32786,0
NDGRD_32787,0
NDGRD_32788,0
NDGRD_32789,0
NDGRD_32790,0
NDGRD_32791,0
NDGRD_32792,0
NDGRD_32793,0
NDGRD_32794,0
NDGRD_32795,0
NDGRD_32796,0
NDGRD_32797,0
NDGRD_32798,0
NDGRD_32799,0
NDGRD_32800,0
NDGRD_32801,0
NDGRD_32802,0
NDGRD_32803,0
NDGRD_32804,0
NDGRD_32805,0
NDGRD_32806,0
NDGRD_32807,0
NDGRD_32808,0
NDGRD_32809,0
NDGRD_32810,0
NDGRD_32811,0
NDGRD_32812,0
NDGRD_32813,0
NDGRD_32814,0
NDGRD_32815,0
NDGRD_32816,0
NDGRD_32817,0
NDGRD_32818,0
NDGRD_32819,0
NDGRD_32820,0
NDGRD_32821,0
NDGRD_32822,0
NDGRD_32823,0
NDGRD_32824,0
NDGRD_32825,0
NDGRD_32826,0
NDGRD_32827,0
NDGRD_32828,0
NDGRD_32829,0
NDGRD_32830,0
NDGRD_32831,0
NDGRD_32832,0
NDGRD_32833,0
NDGRD_32834,0
NDGRD_32835,0
NDGRD_32836,0
NDGRD_32837,0
NDGRD_32838,0
NDGRD_32839,0
NDGRD_32840,0
NDGRD_32841,0
NDGRD_32842,0
NDGRD_32843,0
NDGRD_32844,0
NDGRD_32845,0
NDGRD_32846,0
NDGRD_32847,0
NDGRD_32848,0
NDGRD_32849,0
NDGRD_32850,0
NDGRD_32851,0
NDGRD_32852,0
NDGRD_32853,0
NDGRD_32854,0
NDGRD_32855,0
NDGRD_32856,0
NDGRD_32857,0
NDGRD_32858,0
NDGRD_32859,0
NDGRD_32860,0
NDGRD_32861,0
NDGRD_32862,0
NDGRD_32863,0
NDGRD_32864,0
NDGRD_32865,0
NDGRD_32866,0
NDGRD_32867,0
NDGRD_32868,0
NDGRD_32869,0
NDGRD_32870,0
NDGRD_32871,0
NDGRD_32872,0
NDGRD_32873,0
NDGRD_32874,0
NDGRD_32875,0
NDGRD_32876,0
NDGRD_32877,0
NDGRD_32878,0
NDGRD_32879,0
NDGRD_32880,0
NDGRD_32881,0
NDGRD_32882,0
NDGRD_32883,0
NDGRD_32884,0
NDGRD_32885,0
NDGRD_32886,0
NDGRD_32887,0
NDGRD_32888,0
NDGRD_32889,0
NDGRD_32890,0
NDGRD_32891,0
NDGRD_32892,0
NDGRD_32893,0
NDGRD_32894,0
NDGRD_32895,0
NDGRD_32896,0
NDGRD_32897,0
NDGRD_32898,0
NDGRD_32899,0
NDGRD_32900,0
NDGRD_32901,0
NDGRD_32902,0
NDGRD_32903,0
NDGRD_32904,0
NDGRD_32905,0
NDGRD_32906,0
NDGRD_32907,0
NDGRD_32908,0
NDGRD_32909,0
NDGRD_32910,0
NDGRD_32911,0
NDGRD_32912,0
NDGRD_32913,0
NDGRD_32914,0
NDGRD_32915,0
NDGRD_32916,0
NDGRD_32917,0
NDGRD_32918,0
NDGRD_32919,0
NDGRD_32920,0
NDGRD_32921,0
NDGRD_32922,0
NDGRD_32923,0
NDGRD_32924,0
NDGRD_32925,0
NDGRD_32926,0
NDGRD_32927,0
NDGRD_32928,0
NDGRD_32929,0
NDGRD_32930,0
NDGRD_32931,0
NDGRD_32932,0
NDGRD_32933,0
NDGRD_32934,0
NDGRD_32935,0
NDGRD_32936,0
NDGRD_32937,0
NDGRD_32938,0
NDGRD_32939,0
NDGRD_32940,0
NDGRD_32941,0
NDGRD_32942,0
NDGRD_32943,0
NDGRD_32944,0
NDGRD_32945,0
NDGRD_32946,0
NDGRD_32947,0
NDGRD_32948,0
NDGRD_32949,0
NDGRD_32950,0
NDGRD_32951,0
NDGRD_32952,0
NDGRD_32953,0
NDGRD_32954,0
NDGRD_32955,0
NDGRD_32956,0
NDGRD_32957,0
NDGRD_32958,0
NDGRD_32959,0
NDGRD_32960,0
NDGRD_32961,0
NDGRD_32962,0
NDGRD_32963,0
NDGRD_32964,0
NDGRD_32965,0
NDGRD_32966,0
NDGRD_32967,0
NDGRD_32968,0
NDGRD_32969,0
NDGRD_32970,0
NDGRD_32971,0
NDGRD_32972,0
NDGRD_32973,0
NDGRD_32974,0
NDGRD_32975,0
NDGRD_32976,0
NDGRD_32977,0
NDGRD_32978,0
NDGRD_32979,0
NDGRD_32980,0
NDGRD_32981,0
NDGRD_32982,0
NDGRD_32983,0
NDGRD_32984,0
NDGRD_32985,0
NDGRD_32986,0
NDGRD_32987,0
NDGRD_32988,0
NDGRD_32989,0
NDGRD_32990,0
NDGRD_32991,0
NDGRD_32992,0
NDGRD_32993,0
NDGRD_32994,0
NDGRD_32995,0
NDGRD_32996,0
NDGRD_32997,0
NDGRD_32998,0
NDGRD_32999,0
NDGRD_33000,0
NDGRD_33001,0
NDGRD_33002,0
NDGRD_33003,0
NDGRD_33004,0
NDGRD_33005,0
NDGRD_33006,0
NDGRD_33007,0
NDGRD_33008,0
NDGRD_33009,0
NDGRD_33010,0
NDGRD_33011,0
NDGRD_33012,0
NDGRD_33013,0
NDGRD_33014,0
NDGRD_33015,0
NDGRD_33016,0
NDGRD_33017,0
NDGRD_33018,0
NDGRD_33019,0
NDGRD_33020,0
NDGRD_33021,0
NDGRD_33022,0
NDGRD_33023,0
NDGRD_33024,0
NDGRD_33025,0
NDGRD_33026,0
NDGRD_33027,0
NDGRD_33028,0
NDGRD_33029,0
NDGRD_33030,0
NDGRD_33031,0
NDGRD_33032,0
NDGRD_33033,0
NDGRD_33034,0
NDGRD_33035,0
NDGRD_33036,0
NDGRD_33037,0
NDGRD_33038,0
NDGRD_33039,0
NDGRD_33040,0
NDGRD_33041,0
NDGRD_33042,0
NDGRD_33043,0
NDGRD_33044,0
NDGRD_33045,0
NDGRD_33046,0
NDGRD_33047,0
NDGRD_33048,0
NDGRD_33049,0
NDGRD_33050,0
NDGRD_33051,0
NDGRD_33052,0
NDGRD_33053,0
NDGRD_33054,0
NDGRD_33055,0
NDGRD_33056,0
NDGRD_33057,0
NDGRD_33058,0
NDGRD_33059,0
NDGRD_33060,0
NDGRD_33061,0
NDGRD_33062,0
NDGRD_33063,0
NDGRD_33064,0
NDGRD_33065,0
NDGRD_33066,0
NDGRD_33067,0
NDGRD_33068,0
NDGRD_33069,0
NDGRD_33070,0
NDGRD_33071,0
NDGRD_33072,0
NDGRD_33073,0
NDGRD_33074,0
NDGRD_33075,0
NDGRD_33076,0
NDGRD_33077,0
NDGRD_33078,0
NDGRD_33079,0
NDGRD_33080,0
NDGRD_33081,0
NDGRD_33082,0
NDGRD_33083,0
NDGRD_33084,0
NDGRD_33085,0
NDGRD_33086,0
NDGRD_33087,0
NDGRD_33088,0
NDGRD_33089,0
NDGRD_33090,0
NDGRD_33091,0
NDGRD_33092,0
NDGRD_33093,0
NDGRD_33094,0
NDGRD_33095,0
NDGRD_33096,0
NDGRD_33097,0
NDGRD_33098,0
NDGRD_33099,0
NDGRD_33100,0
NDGRD_33101,0
NDGRD_33102,0
NDGRD_33103,0
NDGRD_33104,0
NDGRD_33105,0
NDGRD_33106,0
NDGRD_33107,0
NDGRD_33108,0
NDGRD_33109,0
NDGRD_33110,0
NDGRD_33111,0
NDGRD_33112,0
NDGRD_33113,0
NDGRD_33114,0
NDGRD_33115,0
NDGRD_33116,0
NDGRD_33117,0
NDGRD_33118,0
NDGRD_33119,0
NDGRD_33120,0
NDGRD_33121,0
NDGRD_33122,0
NDGRD_33123,0
NDGRD_33124,0
NDGRD_33125,0
NDGRD_33126,0
NDGRD_33127,0
NDGRD_33128,0
NDGRD_33129,0
NDGRD_33130,0
NDGRD_33131,0
NDGRD_33132,0
NDGRD_33133,0
NDGRD_33134,0
NDGRD_33135,0
NDGRD_33136,0
NDGRD_33137,0
NDGRD_33138,0
NDGRD_33139,0
NDGRD_33140,0
NDGRD_33141,0
NDGRD_33142,0
NDGRD_33143,0
NDGRD_33144,0
NDGRD_33145,0
NDGRD_33146,0
NDGRD_33147,0
NDGRD_33148,0
NDGRD_33149,0
NDGRD_33150,0
NDGRD_33151,0
NDGRD_33152,0
NDGRD_33153,0
NDGRD_33154,0
NDGRD_33155,0
NDGRD_33156,0
NDGRD_33157,0
NDGRD_33158,0
NDGRD_33159,0
NDGRD_33160,0
NDGRD_33161,0
NDGRD_33162,0
NDGRD_33163,0
NDGRD_33164,0
NDGRD_33165,0
NDGRD_33166,0
NDGRD_33167,0
NDGRD_33168,0
NDGRD_33169,0
NDGRD_33170,0
NDGRD_33171,0
NDGRD_33172,0
NDGRD_33173,0
NDGRD_33174,0
NDGRD_33175,0
NDGRD_33176,0
NDGRD_33177,0
NDGRD_33178,0
NDGRD_33179,0
NDGRD_33180,0
NDGRD_33181,0
NDGRD_33182,0
NDGRD_33183,0
NDGRD_33184,0
NDGRD_33185,0
NDGRD_33186,0
NDGRD_33187,0
NDGRD_33188,0
NDGRD_33189,0
NDGRD_33190,0
NDGRD_33191,0
NDGRD_33192,0
NDGRD_33193,0
NDGRD_33194,0
NDGRD_33195,0
NDGRD_33196,0
NDGRD_33197,0
NDGRD_33198,0
NDGRD_33199,0
NDGRD_33200,0
NDGRD_33201,0
NDGRD_33202,0
NDGRD_33203,0
NDGRD_33204,0
NDGRD_33205,0
NDGRD_33206,0
NDGRD_33207,0
NDGRD_33208,0
NDGRD_33209,0
NDGRD_33210,0
NDGRD_33211,0
NDGRD_33212,0
NDGRD_33213,0
NDGRD_33214,0
NDGRD_33215,0
NDGRD_33216,0
NDGRD_33217,0
NDGRD_33218,0
NDGRD_33219,0
NDGRD_33220,0
NDGRD_33221,0
NDGRD_33222,0
NDGRD_33223,0
NDGRD_33224,0
NDGRD_33225,0
NDGRD_33226,0
NDGRD_33227,0
NDGRD_33228,0
NDGRD_33229,0
NDGRD_33230,0
NDGRD_33231,0
NDGRD_33232,0
NDGRD_33233,0
NDGRD_33234,0
NDGRD_33235,0
NDGRD_33236,0
NDGRD_33237,0
NDGRD_33238,0
NDGRD_33239,0
NDGRD_33240,0
NDGRD_33241,0
NDGRD_33242,0
NDGRD_33243,0
NDGRD_33244,0
NDGRD_33245,0
NDGRD_33246,0
NDGRD_33247,0
NDGRD_33248,0
NDGRD_33249,0
NDGRD_33250,0
NDGRD_33251,0
NDGRD_33252,0
NDGRD_33253,0
NDGRD_33254,0
NDGRD_33255,0
NDGRD_33256,0
NDGRD_33257,0
NDGRD_33258,0
NDGRD_33259,0
NDGRD_33260,0
NDGRD_33261,0
NDGRD_33262,0
NDGRD_33263,0
NDGRD_33264,0
NDGRD_33265,0
NDGRD_33266,0
NDGRD_33267,0
NDGRD_33268,0
NDGRD_33269,0
NDGRD_33270,0
NDGRD_33271,0
NDGRD_33272,0
NDGRD_33273,0
NDGRD_33274,0
NDGRD_33275,0
NDGRD_33276,0
NDGRD_33277,0
NDGRD_33278,0
NDGRD_33279,0
NDGRD_33280,0
NDGRD_33281,0
NDGRD_33282,0
NDGRD_33283,0
NDGRD_33284,0
NDGRD_33285,0
NDGRD_33286,0
NDGRD_33287,0
NDGRD_33288,0
NDGRD_33289,0
NDGRD_33290,0
NDGRD_33291,0
NDGRD_33292,0
NDGRD_33293,0
NDGRD_33294,0
NDGRD_33295,0
NDGRD_33296,0
NDGRD_33297,0
NDGRD_33298,0
NDGRD_33299,0
NDGRD_33300,0
NDGRD_33301,0
NDGRD_33302,0
NDGRD_33303,0
NDGRD_33304,0
NDGRD_33305,0
NDGRD_33306,0
NDGRD_33307,0
NDGRD_33308,0
NDGRD_33309,0
NDGRD_33310,0
NDGRD_33311,0
NDGRD_33312,0
NDGRD_33313,0
NDGRD_33314,0
NDGRD_33315,0
NDGRD_33316,0
NDGRD_33317,0
NDGRD_33318,0
NDGRD_33319,0
NDGRD_33320,0
NDGRD_33321,0
NDGRD_33322,0
NDGRD_33323,0
NDGRD_33324,0
NDGRD_33325,0
NDGRD_33326,0
NDGRD_33327,0
NDGRD_33328,0
NDGRD_33329,0
NDGRD_33330,0
NDGRD_33331,0
NDGRD_33332,0
NDGRD_33333,0
NDGRD_33334,0
NDGRD_33335,0
NDGRD_33336,0
NDGRD_33337,0
NDGRD_33338,0
NDGRD_33339,0
NDGRD_33340,0
NDGRD_33341,0
NDGRD_33342,0
NDGRD_33343,0
NDGRD_33344,0
NDGRD_33345,0
NDGRD_33346,0
NDGRD_33347,0
NDGRD_33348,0
NDGRD_33349,0
NDGRD_33350,0
NDGRD_33351,0
NDGRD_33352,0
NDGRD_33353,0
NDGRD_33354,0
NDGRD_33355,0
NDGRD_33356,0
NDGRD_33357,0
NDGRD_33358,0
NDGRD_33359,0
NDGRD_33360,0
NDGRD_33361,0
NDGRD_33362,0
NDGRD_33363,0
NDGRD_33364,0
NDGRD_33365,0
NDGRD_33366,0
NDGRD_33367,0
NDGRD_33368,0
NDGRD_33369,0
NDGRD_33370,0
NDGRD_33371,0
NDGRD_33372,0
NDGRD_33373,0
NDGRD_33374,0
NDGRD_33375,0
NDGRD_33376,0
NDGRD_33377,0
NDGRD_33378,0
NDGRD_33379,0
NDGRD_33380,0
NDGRD_33381,0
NDGRD_33382,0
NDGRD_33383,0
NDGRD_33384,0
NDGRD_33385,0
NDGRD_33386,0
NDGRD_33387,0
NDGRD_33388,0
NDGRD_33389,0
NDGRD_33390,0
NDGRD_33391,0
NDGRD_33392,0
NDGRD_33393,0
NDGRD_33394,0
NDGRD_33395,0
NDGRD_33396,0
NDGRD_33397,0
NDGRD_33398,0
NDGRD_33399,0
NDGRD_33400,0
NDGRD_33401,0
NDGRD_33402,0
NDGRD_33403,0
NDGRD_33404,0
NDGRD_33405,0
NDGRD_33406,0
NDGRD_33407,0
NDGRD_33408,0
NDGRD_33409,0
NDGRD_33410,0
NDGRD_33411,0
NDGRD_33412,0
NDGRD_33413,0
NDGRD_33414,0
NDGRD_33415,0
NDGRD_33416,0
NDGRD_33417,0
NDGRD_33418,0
NDGRD_33419,0
NDGRD_33420,0
NDGRD_33421,0
NDGRD_33422,0
NDGRD_33423,0
NDGRD_33424,0
NDGRD_33425,0
NDGRD_33426,0
NDGRD_33427,0
NDGRD_33428,0
NDGRD_33429,0
NDGRD_33430,0
NDGRD_33431,0
NDGRD_33432,0
NDGRD_33433,0
NDGRD_33434,0
NDGRD_33435,0
NDGRD_33436,0
NDGRD_33437,0
NDGRD_33438,0
NDGRD_33439,0
NDGRD_33440,0
NDGRD_33441,0
NDGRD_33442,0
NDGRD_33443,0
NDGRD_33444,0
NDGRD_33445,0
NDGRD_33446,0
NDGRD_33447,0
NDGRD_33448,0
NDGRD_33449,0
NDGRD_33450,0
NDGRD_33451,0
NDGRD_33452,0
NDGRD_33453,0
NDGRD_33454,0
NDGRD_33455,0
NDGRD_33456,0
NDGRD_33457,0
NDGRD_33458,0
NDGRD_33459,0
NDGRD_33460,0
NDGRD_33461,0
NDGRD_33462,0
NDGRD_33463,0
NDGRD_33464,0
NDGRD_33465,0
NDGRD_33466,0
NDGRD_33467,0
NDGRD_33468,0
NDGRD_33469,0
NDGRD_33470,0
NDGRD_33471,0
NDGRD_33472,0
NDGRD_33473,0
NDGRD_33474,0
NDGRD_33475,0
NDGRD_33476,0
NDGRD_33477,0
NDGRD_33478,0
NDGRD_33479,0
NDGRD_33480,0
NDGRD_33481,0
NDGRD_33482,0
NDGRD_33483,0
NDGRD_33484,0
NDGRD_33485,0
NDGRD_33486,0
NDGRD_33487,0
NDGRD_33488,0
NDGRD_33489,0
NDGRD_33490,0
NDGRD_33491,0
NDGRD_33492,0
NDGRD_33493,0
NDGRD_33494,0
NDGRD_33495,0
NDGRD_33496,0
NDGRD_33497,0
NDGRD_33498,0
NDGRD_33499,0
NDGRD_33500,0
NDGRD_33501,0
NDGRD_33502,0
NDGRD_33503,0
NDGRD_33504,0
NDGRD_33505,0
NDGRD_33506,0
NDGRD_33507,0
NDGRD_33508,0
NDGRD_33509,0
NDGRD_33510,0
NDGRD_33511,0
NDGRD_33512,0
NDGRD_33513,0
NDGRD_33514,0
NDGRD_33515,0
NDGRD_33516,0
NDGRD_33517,0
NDGRD_33518,0
NDGRD_33519,0
NDGRD_33520,0
NDGRD_33521,0
NDGRD_33522,0
NDGRD_33523,0
NDGRD_33524,0
NDGRD_33525,0
NDGRD_33526,0
NDGRD_33527,0
NDGRD_33528,0
NDGRD_33529,0
NDGRD_33530,0
NDGRD_33531,0
NDGRD_33532,0
NDGRD_33533,0
NDGRD_33534,0
NDGRD_33535,0
NDGRD_33536,0
NDGRD_33537,0
NDGRD_33538,0
NDGRD_33539,0
NDGRD_33540,0
NDGRD_33541,0
NDGRD_33542,0
NDGRD_33543,0
NDGRD_33544,0
NDGRD_33545,0
NDGRD_33546,0
NDGRD_33547,0
NDGRD_33548,0
NDGRD_33549,0
NDGRD_33550,0
NDGRD_33551,0
NDGRD_33552,0
NDGRD_33553,0
NDGRD_33554,0
NDGRD_33555,0
NDGRD_33556,0
NDGRD_33557,0
NDGRD_33558,0
NDGRD_33559,0
NDGRD_33560,0
NDGRD_33561,0
NDGRD_33562,0
NDGRD_33563,0
NDGRD_33564,0
NDGRD_33565,0
NDGRD_33566,0
NDGRD_33567,0
NDGRD_33568,0
NDGRD_33569,0
NDGRD_33570,0
NDGRD_33571,0
NDGRD_33572,0
NDGRD_33573,0
NDGRD_33574,0
NDGRD_33575,0
NDGRD_33576,0
NDGRD_33577,0
NDGRD_33578,0
NDGRD_33579,0
NDGRD_33580,0
NDGRD_33581,0
NDGRD_33582,0
NDGRD_33583,0
NDGRD_33584,0
NDGRD_33585,0
NDGRD_33586,0
NDGRD_33587,0
NDGRD_33588,0
NDGRD_33589,0
NDGRD_33590,0
NDGRD_33591,0
NDGRD_33592,0
NDGRD_33593,0
NDGRD_33594,0
NDGRD_33595,0
NDGRD_33596,0
NDGRD_33597,0
NDGRD_33598,0
NDGRD_33599,0
NDGRD_33600,0
NDGRD_33601,0
NDGRD_33602,0
NDGRD_33603,0
NDGRD_33604,0
NDGRD_33605,0
NDGRD_33606,0
NDGRD_33607,0
NDGRD_33608,0
NDGRD_33609,0
NDGRD_33610,0
NDGRD_33611,0
NDGRD_33612,0
NDGRD_33613,0
NDGRD_33614,0
NDGRD_33615,0
NDGRD_33616,0
NDGRD_33617,0
NDGRD_33618,0
NDGRD_33619,0
NDGRD_33620,0
NDGRD_33621,0
NDGRD_33622,0
NDGRD_33623,0
NDGRD_33624,0
NDGRD_33625,0
NDGRD_33626,0
NDGRD_33627,0
NDGRD_33628,0
NDGRD_33629,0
NDGRD_33630,0
NDGRD_33631,0
NDGRD_33632,0
NDGRD_33633,0
NDGRD_33634,0
NDGRD_33635,0
NDGRD_33636,0
NDGRD_33637,0
NDGRD_33638,0
NDGRD_33639,0
NDGRD_33640,0
NDGRD_33641,0
NDGRD_33642,0
NDGRD_33643,0
NDGRD_33644,0
NDGRD_33645,0
NDGRD_33646,0
NDGRD_33647,0
NDGRD_33648,0
NDGRD_33649,0
NDGRD_33650,0
NDGRD_33651,0
NDGRD_33652,0
NDGRD_33653,0
NDGRD_33654,0
NDGRD_33655,0
NDGRD_33656,0
NDGRD_33657,0
NDGRD_33658,0
NDGRD_33659,0
NDGRD_33660,0
NDGRD_33661,0
NDGRD_33662,0
NDGRD_33663,0
NDGRD_33664,0
NDGRD_33665,0
NDGRD_33666,0
NDGRD_33667,0
NDGRD_33668,0
NDGRD_33669,0
NDGRD_33670,0
NDGRD_33671,0
NDGRD_33672,0
NDGRD_33673,0
NDGRD_33674,0
NDGRD_33675,0
NDGRD_33676,0
NDGRD_33677,0
NDGRD_33678,0
NDGRD_33679,0
NDGRD_33680,0
NDGRD_33681,0
NDGRD_33682,0
NDGRD_33683,0
NDGRD_33684,0
NDGRD_33685,0
NDGRD_33686,0
NDGRD_33687,0
NDGRD_33688,0
NDGRD_33689,0
NDGRD_33690,0
NDGRD_33691,0
NDGRD_33692,0
NDGRD_33693,0
NDGRD_33694,0
NDGRD_33695,0
NDGRD_33696,0
NDGRD_33697,0
NDGRD_33698,0
NDGRD_33699,0
NDGRD_33700,0
NDGRD_33701,0
NDGRD_33702,0
NDGRD_33703,0
NDGRD_33704,0
NDGRD_33705,0
NDGRD_33706,0
NDGRD_33707,0
NDGRD_33708,0
NDGRD_33709,0
NDGRD_33710,0
NDGRD_33711,0
NDGRD_33712,0
NDGRD_33713,0
NDGRD_33714,0
NDGRD_33715,0
NDGRD_33716,0
NDGRD_33717,0
NDGRD_33718,0
NDGRD_33719,0
NDGRD_33720,0
NDGRD_33721,0
NDGRD_33722,0
NDGRD_33723,0
NDGRD_33724,0
NDGRD_33725,0
NDGRD_33726,0
NDGRD_33727,0
NDGRD_33728,0
NDGRD_33729,0
NDGRD_33730,0
NDGRD_33731,0
NDGRD_33732,0
NDGRD_33733,0
NDGRD_33734,0
NDGRD_33735,0
NDGRD_33736,0
NDGRD_33737,0
NDGRD_33738,0
NDGRD_33739,0
NDGRD_33740,0
NDGRD_33741,0
NDGRD_33742,0
NDGRD_33743,0
NDGRD_33744,0
NDGRD_33745,0
NDGRD_33746,0
NDGRD_33747,0
NDGRD_33748,0
NDGRD_33749,0
NDGRD_33750,0
NDGRD_33751,0
NDGRD_33752,0
NDGRD_33753,0
NDGRD_33754,0
NDGRD_33755,0
NDGRD_33756,0
NDGRD_33757,0
NDGRD_33758,0
NDGRD_33759,0
NDGRD_33760,0
NDGRD_33761,0
NDGRD_33762,0
NDGRD_33763,0
NDGRD_33764,0
NDGRD_33765,0
NDGRD_33766,0
NDGRD_33767,0
NDGRD_33768,0
NDGRD_33769,0
NDGRD_33770,0
NDGRD_33771,0
NDGRD_33772,0
NDGRD_33773,0
NDGRD_33774,0
NDGRD_33775,0
NDGRD_33776,0
NDGRD_33777,0
NDGRD_33778,0
NDGRD_33779,0
NDGRD_33780,0
NDGRD_33781,0
NDGRD_33782,0
NDGRD_33783,0
NDGRD_33784,0
NDGRD_33785,0
NDGRD_33786,0
NDGRD_33787,0
NDGRD_33788,0
NDGRD_33789,0
NDGRD_33790,0
NDGRD_33791,0
NDGRD_33792,0
NDGRD_33793,0
NDGRD_33794,0
NDGRD_33795,0
NDGRD_33796,0
NDGRD_33797,0
NDGRD_33798,0
NDGRD_33799,0
NDGRD_33800,0
NDGRD_33801,0
NDGRD_33802,0
NDGRD_33803,0
NDGRD_33804,0
NDGRD_33805,0
NDGRD_33806,0
NDGRD_33807,0
NDGRD_33808,0
NDGRD_33809,0
NDGRD_33810,0
NDGRD_33811,0
NDGRD_33812,0
NDGRD_33813,0
NDGRD_33814,0
NDGRD_33815,0
NDGRD_33816,0
NDGRD_33817,0
NDGRD_33818,0
NDGRD_33819,0
NDGRD_33820,0
NDGRD_33821,0
NDGRD_33822,0
NDGRD_33823,0
NDGRD_33824,0
NDGRD_33825,0
NDGRD_33826,0
NDGRD_33827,0
NDGRD_33828,0
NDGRD_33829,0
NDGRD_33830,0
NDGRD_33831,0
NDGRD_33832,0
NDGRD_33833,0
NDGRD_33834,0
NDGRD_33835,0
NDGRD_33836,0
NDGRD_33837,0
NDGRD_33838,0
NDGRD_33839,0
NDGRD_33840,0
NDGRD_33841,0
NDGRD_33842,0
NDGRD_33843,0
NDGRD_33844,0
NDGRD_33845,0
NDGRD_33846,0
NDGRD_33847,0
NDGRD_33848,0
NDGRD_33849,0
NDGRD_33850,0
NDGRD_33851,0
NDGRD_33852,0
NDGRD_33853,0
NDGRD_33854,0
NDGRD_33855,0
NDGRD_33856,0
NDGRD_33857,0
NDGRD_33858,0
NDGRD_33859,0
NDGRD_33860,0
NDGRD_33861,0
NDGRD_33862,0
NDGRD_33863,0
NDGRD_33864,0
NDGRD_33865,0
NDGRD_33866,0
NDGRD_33867,0
NDGRD_33868,0
NDGRD_33869,0
NDGRD_33870,0
NDGRD_33871,0
NDGRD_33872,0
NDGRD_33873,0
NDGRD_33874,0
NDGRD_33875,0
NDGRD_33876,0
NDGRD_33877,0
NDGRD_33878,0
NDGRD_33879,0
NDGRD_33880,0
NDGRD_33881,0
NDGRD_33882,0
NDGRD_33883,0
NDGRD_33884,0
NDGRD_33885,0
NDGRD_33886,0
NDGRD_33887,0
NDGRD_33888,0
NDGRD_33889,0
NDGRD_33890,0
NDGRD_33891,0
NDGRD_33892,0
NDGRD_33893,0
NDGRD_33894,0
NDGRD_33895,0
NDGRD_33896,0
NDGRD_33897,0
NDGRD_33898,0
NDGRD_33899,0
NDGRD_33900,0
NDGRD_33901,0
NDGRD_33902,0
NDGRD_33903,0
NDGRD_33904,0
NDGRD_33905,0
NDGRD_33906,0
NDGRD_33907,0
NDGRD_33908,0
NDGRD_33909,0
NDGRD_33910,0
NDGRD_33911,0
NDGRD_33912,0
NDGRD_33913,0
NDGRD_33914,0
NDGRD_33915,0
NDGRD_33916,0
NDGRD_33917,0
NDGRD_33918,0
NDGRD_33919,0
NDGRD_33920,0
NDGRD_33921,0
NDGRD_33922,0
NDGRD_33923,0
NDGRD_33924,0
NDGRD_33925,0
NDGRD_33926,0
NDGRD_33927,0
NDGRD_33928,0
NDGRD_33929,0
NDGRD_33930,0
NDGRD_33931,0
NDGRD_33932,0
NDGRD_33933,0
NDGRD_33934,0
NDGRD_33935,0
NDGRD_33936,0
NDGRD_33937,0
NDGRD_33938,0
NDGRD_33939,0
NDGRD_33940,0
NDGRD_33941,0
NDGRD_33942,0
NDGRD_33943,0
NDGRD_33944,0
NDGRD_33945,0
NDGRD_33946,0
NDGRD_33947,0
NDGRD_33948,0
NDGRD_33949,0
NDGRD_33950,0
NDGRD_33951,0
NDGRD_33952,0
NDGRD_33953,0
NDGRD_33954,0
NDGRD_33955,0
NDGRD_33956,0
NDGRD_33957,0
NDGRD_33958,0
NDGRD_33959,0
NDGRD_33960,0
NDGRD_33961,0
NDGRD_33962,0
NDGRD_33963,0
NDGRD_33964,0
NDGRD_33965,0
NDGRD_33966,0
NDGRD_33967,0
NDGRD_33968,0
NDGRD_33969,0
NDGRD_33970,0
NDGRD_33971,0
NDGRD_33972,0
NDGRD_33973,0
NDGRD_33974,0
NDGRD_33975,0
NDGRD_33976,0
NDGRD_33977,0
NDGRD_33978,0
NDGRD_33979,0
NDGRD_33980,0
NDGRD_33981,0
NDGRD_33982,0
NDGRD_33983,0
NDGRD_33984,0
NDGRD_33985,0
NDGRD_33986,0
NDGRD_33987,0
NDGRD_33988,0
NDGRD_33989,0
NDGRD_33990,0
NDGRD_33991,0
NDGRD_33992,0
NDGRD_33993,0
NDGRD_33994,0
NDGRD_33995,0
NDGRD_33996,0
NDGRD_33997,0
NDGRD_33998,0
NDGRD_33999,0
NDGRD_34000,0
NDGRD_34001,0
NDGRD_34002,0
NDGRD_34003,0
NDGRD_34004,0
NDGRD_34005,0
NDGRD_34006,0
NDGRD_34007,0
NDGRD_34008,0
NDGRD_34009,0
NDGRD_34010,0
NDGRD_34011,0
NDGRD_34012,0
NDGRD_34013,0
NDGRD_34014,0
NDGRD_34015,0
NDGRD_34016,0
NDGRD_34017,0
NDGRD_34018,0
NDGRD_34019,0
NDGRD_34020,0
NDGRD_34021,0
NDGRD_34022,0
NDGRD_34023,0
NDGRD_34024,0
NDGRD_34025,0
NDGRD_34026,0
NDGRD_34027,0
NDGRD_34028,0
NDGRD_34029,0
NDGRD_34030,0
NDGRD_34031,0
NDGRD_34032,0
NDGRD_34033,0
NDGRD_34034,0
NDGRD_34035,0
NDGRD_34036,0
NDGRD_34037,0
NDGRD_34038,0
NDGRD_34039,0
NDGRD_34040,0
NDGRD_34041,0
NDGRD_34042,0
NDGRD_34043,0
NDGRD_34044,0
NDGRD_34045,0
NDGRD_34046,0
NDGRD_34047,0
NDGRD_34048,0
NDGRD_34049,0
NDGRD_34050,0
NDGRD_34051,0
NDGRD_34052,0
NDGRD_34053,0
NDGRD_34054,0
NDGRD_34055,0
NDGRD_34056,0
NDGRD_34057,0
NDGRD_34058,0
NDGRD_34059,0
NDGRD_34060,0
NDGRD_34061,0
NDGRD_34062,0
NDGRD_34063,0
NDGRD_34064,0
NDGRD_34065,0
NDGRD_34066,0
NDGRD_34067,0
NDGRD_34068,0
NDGRD_34069,0
NDGRD_34070,0
NDGRD_34071,0
NDGRD_34072,0
NDGRD_34073,0
NDGRD_34074,0
NDGRD_34075,0
NDGRD_34076,0
NDGRD_34077,0
NDGRD_34078,0
NDGRD_34079,0
NDGRD_34080,0
NDGRD_34081,0
NDGRD_34082,0
NDGRD_34083,0
NDGRD_34084,0
NDGRD_34085,0
NDGRD_34086,0
NDGRD_34087,0
NDGRD_34088,0
NDGRD_34089,0
NDGRD_34090,0
NDGRD_34091,0
NDGRD_34092,0
NDGRD_34093,0
NDGRD_34094,0
NDGRD_34095,0
NDGRD_34096,0
NDGRD_34097,0
NDGRD_34098,0
NDGRD_34099,0
NDGRD_34100,0
NDGRD_34101,0
NDGRD_34102,0
NDGRD_34103,0
NDGRD_34104,0
NDGRD_34105,0
NDGRD_34106,0
NDGRD_34107,0
NDGRD_34108,0
NDGRD_34109,0
NDGRD_34110,0
NDGRD_34111,0
NDGRD_34112,0
NDGRD_34113,0
NDGRD_34114,0
NDGRD_34115,0
NDGRD_34116,0
NDGRD_34117,0
NDGRD_34118,0
NDGRD_34119,0
NDGRD_34120,0
NDGRD_34121,0
NDGRD_34122,0
NDGRD_34123,0
NDGRD_34124,0
NDGRD_34125,0
NDGRD_34126,0
NDGRD_34127,0
NDGRD_34128,0
NDGRD_34129,0
NDGRD_34130,0
NDGRD_34131,0
NDGRD_34132,0
NDGRD_34133,0
NDGRD_34134,0
NDGRD_34135,0
NDGRD_34136,0
NDGRD_34137,0
NDGRD_34138,0
NDGRD_34139,0
NDGRD_34140,0
NDGRD_34141,0
NDGRD_34142,0
NDGRD_34143,0
NDGRD_34144,0
NDGRD_34145,0
NDGRD_34146,0
NDGRD_34147,0
NDGRD_34148,0
NDGRD_34149,0
NDGRD_34150,0
NDGRD_34151,0
NDGRD_34152,0
NDGRD_34153,0
NDGRD_34154,0
NDGRD_34155,0
NDGRD_34156,0
NDGRD_34157,0
NDGRD_34158,0
NDGRD_34159,0
NDGRD_34160,0
NDGRD_34161,0
NDGRD_34162,0
NDGRD_34163,0
NDGRD_34164,0
NDGRD_34165,0
NDGRD_34166,0
NDGRD_34167,0
NDGRD_34168,0
NDGRD_34169,0
NDGRD_34170,0
NDGRD_34171,0
NDGRD_34172,0
NDGRD_34173,0
NDGRD_34174,0
NDGRD_34175,0
NDGRD_34176,0
NDGRD_34177,0
NDGRD_34178,0
NDGRD_34179,0
NDGRD_34180,0
NDGRD_34181,0
NDGRD_34182,0
NDGRD_34183,0
NDGRD_34184,0
NDGRD_34185,0
NDGRD_34186,0
NDGRD_34187,0
NDGRD_34188,0
NDGRD_34189,0
NDGRD_34190,0
NDGRD_34191,0
NDGRD_34192,0
NDGRD_34193,0
NDGRD_34194,0
NDGRD_34195,0
NDGRD_34196,0
NDGRD_34197,0
NDGRD_34198,0
NDGRD_34199,0
NDGRD_34200,0
NDGRD_34201,0
NDGRD_34202,0
NDGRD_34203,0
NDGRD_34204,0
NDGRD_34205,0
NDGRD_34206,0
NDGRD_34207,0
NDGRD_34208,0
NDGRD_34209,0
NDGRD_34210,0
NDGRD_34211,0
NDGRD_34212,0
NDGRD_34213,0
NDGRD_34214,0
NDGRD_34215,0
NDGRD_34216,0
NDGRD_34217,0
NDGRD_34218,0
NDGRD_34219,0
NDGRD_34220,0
NDGRD_34221,0
NDGRD_34222,0
NDGRD_34223,0
NDGRD_34224,0
NDGRD_34225,0
NDGRD_34226,0
NDGRD_34227,0
NDGRD_34228,0
NDGRD_34229,0
NDGRD_34230,0
NDGRD_34231,0
NDGRD_34232,0
NDGRD_34233,0
NDGRD_34234,0
NDGRD_34235,0
NDGRD_34236,0
NDGRD_34237,0
NDGRD_34238,0
NDGRD_34239,0
NDGRD_34240,0
NDGRD_34241,0
NDGRD_34242,0
NDGRD_34243,0
NDGRD_34244,0
NDGRD_34245,0
NDGRD_34246,0
NDGRD_34247,0
NDGRD_34248,0
NDGRD_34249,0
NDGRD_34250,0
NDGRD_34251,0
NDGRD_34252,0
NDGRD_34253,0
NDGRD_34254,0
NDGRD_34255,0
NDGRD_34256,0
NDGRD_34257,0
NDGRD_34258,0
NDGRD_34259,0
NDGRD_34260,0
NDGRD_34261,0
NDGRD_34262,0
NDGRD_34263,0
NDGRD_34264,0
NDGRD_34265,0
NDGRD_34266,0
NDGRD_34267,0
NDGRD_34268,0
NDGRD_34269,0
NDGRD_34270,0
NDGRD_34271,0
NDGRD_34272,0
NDGRD_34273,0
NDGRD_34274,0
NDGRD_34275,0
NDGRD_34276,0
NDGRD_34277,0
NDGRD_34278,0
NDGRD_34279,0
NDGRD_34280,0
NDGRD_34281,0
NDGRD_34282,0
NDGRD_34283,0
NDGRD_34284,0
NDGRD_34285,0
NDGRD_34286,0
NDGRD_34287,0
NDGRD_34288,0
NDGRD_34289,0
NDGRD_34290,0
NDGRD_34291,0
NDGRD_34292,0
NDGRD_34293,0
NDGRD_34294,0
NDGRD_34295,0
NDGRD_34296,0
NDGRD_34297,0
NDGRD_34298,0
NDGRD_34299,0
NDGRD_34300,0
NDGRD_34301,0
NDGRD_34302,0
NDGRD_34303,0
NDGRD_34304,0
NDGRD_34305,0
NDGRD_34306,0
NDGRD_34307,0
NDGRD_34308,0
NDGRD_34309,0
NDGRD_34310,0
NDGRD_34311,0
NDGRD_34312,0
NDGRD_34313,0
NDGRD_34314,0
NDGRD_34315,0
NDGRD_34316,0
NDGRD_34317,0
NDGRD_34318,0
NDGRD_34319,0
NDGRD_34320,0
NDGRD_34321,0
NDGRD_34322,0
NDGRD_34323,0
NDGRD_34324,0
NDGRD_34325,0
NDGRD_34326,0
NDGRD_34327,0
NDGRD_34328,0
NDGRD_34329,0
NDGRD_34330,0
NDGRD_34331,0
NDGRD_34332,0
NDGRD_34333,0
NDGRD_34334,0
NDGRD_34335,0
NDGRD_34336,0
NDGRD_34337,0
NDGRD_34338,0
NDGRD_34339,0
NDGRD_34340,0
NDGRD_34341,0
NDGRD_34342,0
NDGRD_34343,0
NDGRD_34344,0
NDGRD_34345,0
NDGRD_34346,0
NDGRD_34347,0
NDGRD_34348,0
NDGRD_34349,0
NDGRD_34350,0
NDGRD_34351,0
NDGRD_34352,0
NDGRD_34353,0
NDGRD_34354,0
NDGRD_34355,0
NDGRD_34356,0
NDGRD_34357,0
NDGRD_34358,0
NDGRD_34359,0
NDGRD_34360,0
NDGRD_34361,0
NDGRD_34362,0
NDGRD_34363,0
NDGRD_34364,0
NDGRD_34365,0
NDGRD_34366,0
NDGRD_34367,0
NDGRD_34368,0
NDGRD_34369,0
NDGRD_34370,0
NDGRD_34371,0
NDGRD_34372,0
NDGRD_34373,0
NDGRD_34374,0
NDGRD_34375,0
NDGRD_34376,0
NDGRD_34377,0
NDGRD_34378,0
NDGRD_34379,0
NDGRD_34380,0
NDGRD_34381,0
NDGRD_34382,0
NDGRD_34383,0
NDGRD_34384,0
NDGRD_34385,0
NDGRD_34386,0
NDGRD_34387,0
NDGRD_34388,0
NDGRD_34389,0
NDGRD_34390,0
NDGRD_34391,0
NDGRD_34392,0
NDGRD_34393,0
NDGRD_34394,0
NDGRD_34395,0
NDGRD_34396,0
NDGRD_34397,0
NDGRD_34398,0
NDGRD_34399,0
NDGRD_34400,0
NDGRD_34401,0
NDGRD_34402,0
NDGRD_34403,0
NDGRD_34404,0
NDGRD_34405,0
NDGRD_34406,0
NDGRD_34407,0
NDGRD_34408,0
NDGRD_34409,0
NDGRD_34410,0
NDGRD_34411,0
NDGRD_34412,0
NDGRD_34413,0
NDGRD_34414,0
NDGRD_34415,0
NDGRD_34416,0
NDGRD_34417,0
NDGRD_34418,0
NDGRD_34419,0
NDGRD_34420,0
NDGRD_34421,0
NDGRD_34422,0
NDGRD_34423,0
NDGRD_34424,0
NDGRD_34425,0
NDGRD_34426,0
NDGRD_34427,0
NDGRD_34428,0
NDGRD_34429,0
NDGRD_34430,0
NDGRD_34431,0
NDGRD_34432,0
NDGRD_34433,0
NDGRD_34434,0
NDGRD_34435,0
NDGRD_34436,0
NDGRD_34437,0
NDGRD_34438,0
NDGRD_34439,0
NDGRD_34440,0
NDGRD_34441,0
NDGRD_34442,0
NDGRD_34443,0
NDGRD_34444,0
NDGRD_34445,0
NDGRD_34446,0
NDGRD_34447,0
NDGRD_34448,0
NDGRD_34449,0
NDGRD_34450,0
NDGRD_34451,0
NDGRD_34452,0
NDGRD_34453,0
NDGRD_34454,0
NDGRD_34455,0
NDGRD_34456,0
NDGRD_34457,0
NDGRD_34458,0
NDGRD_34459,0
NDGRD_34460,0
NDGRD_34461,0
NDGRD_34462,0
NDGRD_34463,0
NDGRD_34464,0
NDGRD_34465,0
NDGRD_34466,0
NDGRD_34467,0
NDGRD_34468,0
NDGRD_34469,0
NDGRD_34470,0
NDGRD_34471,0
NDGRD_34472,0
NDGRD_34473,0
NDGRD_34474,0
NDGRD_34475,0
NDGRD_34476,0
NDGRD_34477,0
NDGRD_34478,0
NDGRD_34479,0
NDGRD_34480,0
NDGRD_34481,0
NDGRD_34482,0
NDGRD_34483,0
NDGRD_34484,0
NDGRD_34485,0
NDGRD_34486,0
NDGRD_34487,0
NDGRD_34488,0
NDGRD_34489,0
NDGRD_34490,0
NDGRD_34491,0
NDGRD_34492,0
NDGRD_34493,0
NDGRD_34494,0
NDGRD_34495,0
NDGRD_34496,0
NDGRD_34497,0
NDGRD_34498,0
NDGRD_34499,0
NDGRD_34500,0
NDGRD_34501,0
NDGRD_34502,0
NDGRD_34503,0
NDGRD_34504,0
NDGRD_34505,0
NDGRD_34506,0
NDGRD_34507,0
NDGRD_34508,0
NDGRD_34509,0
NDGRD_34510,0
NDGRD_34511,0
NDGRD_34512,0
NDGRD_34513,0
NDGRD_34514,0
NDGRD_34515,0
NDGRD_34516,0
NDGRD_34517,0
NDGRD_34518,0
NDGRD_34519,0
NDGRD_34520,0
NDGRD_34521,0
NDGRD_34522,0
NDGRD_34523,0
NDGRD_34524,0
NDGRD_34525,0
NDGRD_34526,0
NDGRD_34527,0
NDGRD_34528,0
NDGRD_34529,0
NDGRD_34530,0
NDGRD_34531,0
NDGRD_34532,0
NDGRD_34533,0
NDGRD_34534,0
NDGRD_34535,0
NDGRD_34536,0
NDGRD_34537,0
NDGRD_34538,0
NDGRD_34539,0
NDGRD_34540,0
NDGRD_34541,0
NDGRD_34542,0
NDGRD_34543,0
NDGRD_34544,0
NDGRD_34545,0
NDGRD_34546,0
NDGRD_34547,0
NDGRD_34548,0
NDGRD_34549,0
NDGRD_34550,0
NDGRD_34551,0
NDGRD_34552,0
NDGRD_34553,0
NDGRD_34554,0
NDGRD_34555,0
NDGRD_34556,0
NDGRD_34557,0
NDGRD_34558,0
NDGRD_34559,0
NDGRD_34560,0
NDGRD_34561,0
NDGRD_34562,0
NDGRD_34563,0
NDGRD_34564,0
NDGRD_34565,0
NDGRD_34566,0
NDGRD_34567,0
NDGRD_34568,0
NDGRD_34569,0
NDGRD_34570,0
NDGRD_34571,0
NDGRD_34572,0
NDGRD_34573,0
NDGRD_34574,0
NDGRD_34575,0
NDGRD_34576,0
NDGRD_34577,0
NDGRD_34578,0
NDGRD_34579,0
NDGRD_34580,0
NDGRD_34581,0
NDGRD_34582,0
NDGRD_34583,0
NDGRD_34584,0
NDGRD_34585,0
NDGRD_34586,0
NDGRD_34587,0
NDGRD_34588,0
NDGRD_34589,0
NDGRD_34590,0
NDGRD_34591,0
NDGRD_34592,0
NDGRD_34593,0
NDGRD_34594,0
NDGRD_34595,0
NDGRD_34596,0
NDGRD_34597,0
NDGRD_34598,0
NDGRD_34599,0
NDGRD_34600,0
NDGRD_34601,0
NDGRD_34602,0
NDGRD_34603,0
NDGRD_34604,0
NDGRD_34605,0
NDGRD_34606,0
NDGRD_34607,0
NDGRD_34608,0
NDGRD_34609,0
NDGRD_34610,0
NDGRD_34611,0
NDGRD_34612,0
NDGRD_34613,0
NDGRD_34614,0
NDGRD_34615,0
NDGRD_34616,0
NDGRD_34617,0
NDGRD_34618,0
NDGRD_34619,0
NDGRD_34620,0
NDGRD_34621,0
NDGRD_34622,0
NDGRD_34623,0
NDGRD_34624,0
NDGRD_34625,0
NDGRD_34626,0
NDGRD_34627,0
NDGRD_34628,0
NDGRD_34629,0
NDGRD_34630,0
NDGRD_34631,0
NDGRD_34632,0
NDGRD_34633,0
NDGRD_34634,0
NDGRD_34635,0
NDGRD_34636,0
NDGRD_34637,0
NDGRD_34638,0
NDGRD_34639,0
NDGRD_34640,0
NDGRD_34641,0
NDGRD_34642,0
NDGRD_34643,0
NDGRD_34644,0
NDGRD_34645,0
NDGRD_34646,0
NDGRD_34647,0
NDGRD_34648,0
NDGRD_34649,0
NDGRD_34650,0
NDGRD_34651,0
NDGRD_34652,0
NDGRD_34653,0
NDGRD_34654,0
NDGRD_34655,0
NDGRD_34656,0
NDGRD_34657,0
NDGRD_34658,0
NDGRD_34659,0
NDGRD_34660,0
NDGRD_34661,0
NDGRD_34662,0
NDGRD_34663,0
NDGRD_34664,0
NDGRD_34665,0
NDGRD_34666,0
NDGRD_34667,0
NDGRD_34668,0
NDGRD_34669,0
NDGRD_34670,0
NDGRD_34671,0
NDGRD_34672,0
NDGRD_34673,0
NDGRD_34674,0
NDGRD_34675,0
NDGRD_34676,0
NDGRD_34677,0
NDGRD_34678,0
NDGRD_34679,0
NDGRD_34680,0
NDGRD_34681,0
NDGRD_34682,0
NDGRD_34683,0
NDGRD_34684,0
NDGRD_34685,0
NDGRD_34686,0
NDGRD_34687,0
NDGRD_34688,0
NDGRD_34689,0
NDGRD_34690,0
NDGRD_34691,0
NDGRD_34692,0
NDGRD_34693,0
NDGRD_34694,0
NDGRD_34695,0
NDGRD_34696,0
NDGRD_34697,0
NDGRD_34698,0
NDGRD_34699,0
NDGRD_34700,0
NDGRD_34701,0
NDGRD_34702,0
NDGRD_34703,0
NDGRD_34704,0
NDGRD_34705,0
NDGRD_34706,0
NDGRD_34707,0
NDGRD_34708,0
NDGRD_34709,0
NDGRD_34710,0
NDGRD_34711,0
NDGRD_34712,0
NDGRD_34713,0
NDGRD_34714,0
NDGRD_34715,0
NDGRD_34716,0
NDGRD_34717,0
NDGRD_34718,0
NDGRD_34719,0
NDGRD_34720,0
NDGRD_34721,0
NDGRD_34722,0
NDGRD_34723,0
NDGRD_34724,0
NDGRD_34725,0
NDGRD_34726,0
NDGRD_34727,0
NDGRD_34728,0
NDGRD_34729,0
NDGRD_34730,0
NDGRD_34731,0
NDGRD_34732,0
NDGRD_34733,0
NDGRD_34734,0
NDGRD_34735,0
NDGRD_34736,0
NDGRD_34737,0
NDGRD_34738,0
NDGRD_34739,0
NDGRD_34740,0
NDGRD_34741,0
NDGRD_34742,0
NDGRD_34743,0
NDGRD_34744,0
NDGRD_34745,0
NDGRD_34746,0
NDGRD_34747,0
NDGRD_34748,0
NDGRD_34749,0
NDGRD_34750,0
NDGRD_34751,0
NDGRD_34752,0
NDGRD_34753,0
NDGRD_34754,0
NDGRD_34755,0
NDGRD_34756,0
NDGRD_34757,0
NDGRD_34758,0
NDGRD_34759,0
NDGRD_34760,0
NDGRD_34761,0
NDGRD_34762,0
NDGRD_34763,0
NDGRD_34764,0
NDGRD_34765,0
NDGRD_34766,0
NDGRD_34767,0
NDGRD_34768,0
NDGRD_34769,0
NDGRD_34770,0
NDGRD_34771,0
NDGRD_34772,0
NDGRD_34773,0
NDGRD_34774,0
NDGRD_34775,0
NDGRD_34776,0
NDGRD_34777,0
NDGRD_34778,0
NDGRD_34779,0
NDGRD_34780,0
NDGRD_34781,0
NDGRD_34782,0
NDGRD_34783,0
NDGRD_34784,0
NDGRD_34785,0
NDGRD_34786,0
NDGRD_34787,0
NDGRD_34788,0
NDGRD_34789,0
NDGRD_34790,0
NDGRD_34791,0
NDGRD_34792,0
NDGRD_34793,0
NDGRD_34794,0
NDGRD_34795,0
NDGRD_34796,0
NDGRD_34797,0
NDGRD_34798,0
NDGRD_34799,0
NDGRD_34800,0
NDGRD_34801,0
NDGRD_34802,0
NDGRD_34803,0
NDGRD_34804,0
NDGRD_34805,0
NDGRD_34806,0
NDGRD_34807,0
NDGRD_34808,0
NDGRD_34809,0
NDGRD_34810,0
NDGRD_34811,0
NDGRD_34812,0
NDGRD_34813,0
NDGRD_34814,0
NDGRD_34815,0
NDGRD_34816,0
NDGRD_34817,0
NDGRD_34818,0
NDGRD_34819,0
NDGRD_34820,0
NDGRD_34821,0
NDGRD_34822,0
NDGRD_34823,0
NDGRD_34824,0
NDGRD_34825,0
NDGRD_34826,0
NDGRD_34827,0
NDGRD_34828,0
NDGRD_34829,0
NDGRD_34830,0
NDGRD_34831,0
NDGRD_34832,0
NDGRD_34833,0
NDGRD_34834,0
NDGRD_34835,0
NDGRD_34836,0
NDGRD_34837,0
NDGRD_34838,0
NDGRD_34839,0
NDGRD_34840,0
NDGRD_34841,0
NDGRD_34842,0
NDGRD_34843,0
NDGRD_34844,0
NDGRD_34845,0
NDGRD_34846,0
NDGRD_34847,0
NDGRD_34848,0
NDGRD_34849,0
NDGRD_34850,0
NDGRD_34851,0
NDGRD_34852,0
NDGRD_34853,0
NDGRD_34854,0
NDGRD_34855,0
NDGRD_34856,0
NDGRD_34857,0
NDGRD_34858,0
NDGRD_34859,0
NDGRD_34860,0
NDGRD_34861,0
NDGRD_34862,0
NDGRD_34863,0
NDGRD_34864,0
NDGRD_34865,0
NDGRD_34866,0
NDGRD_34867,0
NDGRD_34868,0
NDGRD_34869,0
NDGRD_34870,0
NDGRD_34871,0
NDGRD_34872,0
NDGRD_34873,0
NDGRD_34874,0
NDGRD_34875,0
NDGRD_34876,0
NDGRD_34877,0
NDGRD_34878,0
NDGRD_34879,0
NDGRD_34880,0
NDGRD_34881,0
NDGRD_34882,0
NDGRD_34883,0
NDGRD_34884,0
NDGRD_34885,0
NDGRD_34886,0
NDGRD_34887,0
NDGRD_34888,0
NDGRD_34889,0
NDGRD_34890,0
NDGRD_34891,0
NDGRD_34892,0
NDGRD_34893,0
NDGRD_34894,0
NDGRD_34895,0
NDGRD_34896,0
NDGRD_34897,0
NDGRD_34898,0
NDGRD_34899,0
NDGRD_34900,0
NDGRD_34901,0
NDGRD_34902,0
NDGRD_34903,0
NDGRD_34904,0
NDGRD_34905,0
NDGRD_34906,0
NDGRD_34907,0
NDGRD_34908,0
NDGRD_34909,0
NDGRD_34910,0
NDGRD_34911,0
NDGRD_34912,0
NDGRD_34913,0
NDGRD_34914,0
NDGRD_34915,0
NDGRD_34916,0
NDGRD_34917,0
NDGRD_34918,0
NDGRD_34919,0
NDGRD_34920,0
NDGRD_34921,0
NDGRD_34922,0
NDGRD_34923,0
NDGRD_34924,0
NDGRD_34925,0
NDGRD_34926,0
NDGRD_34927,0
NDGRD_34928,0
NDGRD_34929,0
NDGRD_34930,0
NDGRD_34931,0
NDGRD_34932,0
NDGRD_34933,0
NDGRD_34934,0
NDGRD_34935,0
NDGRD_34936,0
NDGRD_34937,0
NDGRD_34938,0
NDGRD_34939,0
NDGRD_34940,0
NDGRD_34941,0
NDGRD_34942,0
NDGRD_34943,0
NDGRD_34944,0
NDGRD_34945,0
NDGRD_34946,0
NDGRD_34947,0
NDGRD_34948,0
NDGRD_34949,0
NDGRD_34950,0
NDGRD_34951,0
NDGRD_34952,0
NDGRD_34953,0
NDGRD_34954,0
NDGRD_34955,0
NDGRD_34956,0
NDGRD_34957,0
NDGRD_34958,0
NDGRD_34959,0
NDGRD_34960,0
NDGRD_34961,0
NDGRD_34962,0
NDGRD_34963,0
NDGRD_34964,0
NDGRD_34965,0
NDGRD_34966,0
NDGRD_34967,0
NDGRD_34968,0
NDGRD_34969,0
NDGRD_34970,0
NDGRD_34971,0
NDGRD_34972,0
NDGRD_34973,0
NDGRD_34974,0
NDGRD_34975,0
NDGRD_34976,0
NDGRD_34977,0
NDGRD_34978,0
NDGRD_34979,0
NDGRD_34980,0
NDGRD_34981,0
NDGRD_34982,0
NDGRD_34983,0
NDGRD_34984,0
NDGRD_34985,0
NDGRD_34986,0
NDGRD_34987,0
NDGRD_34988,0
NDGRD_34989,0
NDGRD_34990,0
NDGRD_34991,0
NDGRD_34992,0
NDGRD_34993,0
NDGRD_34994,0
NDGRD_34995,0
NDGRD_34996,0
NDGRD_34997,0
NDGRD_34998,0
NDGRD_34999,0
NDGRD_35000,0
NDGRD_35001,0
NDGRD_35002,0
NDGRD_35003,0
NDGRD_35004,0
NDGRD_35005,0
NDGRD_35006,0
NDGRD_35007,0
NDGRD_35008,0
NDGRD_35009,0
NDGRD_35010,0
NDGRD_35011,0
NDGRD_35012,0
NDGRD_35013,0
NDGRD_35014,0
NDGRD_35015,0
NDGRD_35016,0
NDGRD_35017,0
NDGRD_35018,0
NDGRD_35019,0
NDGRD_35020,0
NDGRD_35021,0
NDGRD_35022,0
NDGRD_35023,0
NDGRD_35024,0
NDGRD_35025,0
NDGRD_35026,0
NDGRD_35027,0
NDGRD_35028,0
NDGRD_35029,0
NDGRD_35030,0
NDGRD_35031,0
NDGRD_35032,0
NDGRD_35033,0
NDGRD_35034,0
NDGRD_35035,0
NDGRD_35036,0
NDGRD_35037,0
NDGRD_35038,0
NDGRD_35039,0
NDGRD_35040,0
NDGRD_35041,0
NDGRD_35042,0
NDGRD_35043,0
NDGRD_35044,0
NDGRD_35045,0
NDGRD_35046,0
NDGRD_35047,0
NDGRD_35048,0
NDGRD_35049,0
NDGRD_35050,0
NDGRD_35051,0
NDGRD_35052,0
NDGRD_35053,0
NDGRD_35054,0
NDGRD_35055,0
NDGRD_35056,0
NDGRD_35057,0
NDGRD_35058,0
NDGRD_35059,0
NDGRD_35060,0
NDGRD_35061,0
NDGRD_35062,0
NDGRD_35063,0
NDGRD_35064,0
NDGRD_35065,0
NDGRD_35066,0
NDGRD_35067,0
NDGRD_35068,0
NDGRD_35069,0
NDGRD_35070,0
NDGRD_35071,0
NDGRD_35072,0
NDGRD_35073,0
NDGRD_35074,0
NDGRD_35075,0
NDGRD_35076,0
NDGRD_35077,0
NDGRD_35078,0
NDGRD_35079,0
NDGRD_35080,0
NDGRD_35081,0
NDGRD_35082,0
NDGRD_35083,0
NDGRD_35084,0
NDGRD_35085,0
NDGRD_35086,0
NDGRD_35087,0
NDGRD_35088,0
NDGRD_35089,0
NDGRD_35090,0
NDGRD_35091,0
NDGRD_35092,0
NDGRD_35093,0
NDGRD_35094,0
NDGRD_35095,0
NDGRD_35096,0
NDGRD_35097,0
NDGRD_35098,0
NDGRD_35099,0
NDGRD_35100,0
NDGRD_35101,0
NDGRD_35102,0
NDGRD_35103,0
NDGRD_35104,0
NDGRD_35105,0
NDGRD_35106,0
NDGRD_35107,0
NDGRD_35108,0
NDGRD_35109,0
NDGRD_35110,0
NDGRD_35111,0
NDGRD_35112,0
NDGRD_35113,0
NDGRD_35114,0
NDGRD_35115,0
NDGRD_35116,0
NDGRD_35117,0
NDGRD_35118,0
NDGRD_35119,0
NDGRD_35120,0
NDGRD_35121,0
NDGRD_35122,0
NDGRD_35123,0
NDGRD_35124,0
NDGRD_35125,0
NDGRD_35126,0
NDGRD_35127,0
NDGRD_35128,0
NDGRD_35129,0
NDGRD_35130,0
NDGRD_35131,0
NDGRD_35132,0
NDGRD_35133,0
NDGRD_35134,0
NDGRD_35135,0
NDGRD_35136,0
NDGRD_35137,0
NDGRD_35138,0
NDGRD_35139,0
NDGRD_35140,0
NDGRD_35141,0
NDGRD_35142,0
NDGRD_35143,0
NDGRD_35144,0
NDGRD_35145,0
NDGRD_35146,0
NDGRD_35147,0
NDGRD_35148,0
NDGRD_35149,0
NDGRD_35150,0
NDGRD_35151,0
NDGRD_35152,0
NDGRD_35153,0
NDGRD_35154,0
NDGRD_35155,0
NDGRD_35156,0
NDGRD_35157,0
NDGRD_35158,0
NDGRD_35159,0
NDGRD_35160,0
NDGRD_35161,0
NDGRD_35162,0
NDGRD_35163,0
NDGRD_35164,0
NDGRD_35165,0
NDGRD_35166,0
NDGRD_35167,0
NDGRD_35168,0
NDGRD_35169,0
NDGRD_35170,0
NDGRD_35171,0
NDGRD_35172,0
NDGRD_35173,0
NDGRD_35174,0
NDGRD_35175,0
NDGRD_35176,0
NDGRD_35177,0
NDGRD_35178,0
NDGRD_35179,0
NDGRD_35180,0
NDGRD_35181,0
NDGRD_35182,0
NDGRD_35183,0
NDGRD_35184,0
NDGRD_35185,0
NDGRD_35186,0
NDGRD_35187,0
NDGRD_35188,0
NDGRD_35189,0
NDGRD_35190,0
NDGRD_35191,0
NDGRD_35192,0
NDGRD_35193,0
NDGRD_35194,0
NDGRD_35195,0
NDGRD_35196,0
NDGRD_35197,0
NDGRD_35198,0
NDGRD_35199,0
NDGRD_35200,0
NDGRD_35201,0
NDGRD_35202,0
NDGRD_35203,0
NDGRD_35204,0
NDGRD_35205,0
NDGRD_35206,0
NDGRD_35207,0
NDGRD_35208,0
NDGRD_35209,0
NDGRD_35210,0
NDGRD_35211,0
NDGRD_35212,0
NDGRD_35213,0
NDGRD_35214,0
NDGRD_35215,0
NDGRD_35216,0
NDGRD_35217,0
NDGRD_35218,0
NDGRD_35219,0
NDGRD_35220,0
NDGRD_35221,0
NDGRD_35222,0
NDGRD_35223,0
NDGRD_35224,0
NDGRD_35225,0
NDGRD_35226,0
NDGRD_35227,0
NDGRD_35228,0
NDGRD_35229,0
NDGRD_35230,0
NDGRD_35231,0
NDGRD_35232,0
NDGRD_35233,0
NDGRD_35234,0
NDGRD_35235,0
NDGRD_35236,0
NDGRD_35237,0
NDGRD_35238,0
NDGRD_35239,0
NDGRD_35240,0
NDGRD_35241,0
NDGRD_35242,0
NDGRD_35243,0
NDGRD_35244,0
NDGRD_35245,0
NDGRD_35246,0
NDGRD_35247,0
NDGRD_35248,0
NDGRD_35249,0
NDGRD_35250,0
NDGRD_35251,0
NDGRD_35252,0
NDGRD_35253,0
NDGRD_35254,0
NDGRD_35255,0
NDGRD_35256,0
NDGRD_35257,0
NDGRD_35258,0
NDGRD_35259,0
NDGRD_35260,0
NDGRD_35261,0
NDGRD_35262,0
NDGRD_35263,0
NDGRD_35264,0
NDGRD_35265,0
NDGRD_35266,0
NDGRD_35267,0
NDGRD_35268,0
NDGRD_35269,0
NDGRD_35270,0
NDGRD_35271,0
NDGRD_35272,0
NDGRD_35273,0
NDGRD_35274,0
NDGRD_35275,0
NDGRD_35276,0
NDGRD_35277,0
NDGRD_35278,0
NDGRD_35279,0
NDGRD_35280,0
NDGRD_35281,0
NDGRD_35282,0
NDGRD_35283,0
NDGRD_35284,0
NDGRD_35285,0
NDGRD_35286,0
NDGRD_35287,0
NDGRD_35288,0
NDGRD_35289,0
NDGRD_35290,0
NDGRD_35291,0
NDGRD_35292,0
NDGRD_35293,0
NDGRD_35294,0
NDGRD_35295,0
NDGRD_35296,0
NDGRD_35297,0
NDGRD_35298,0
NDGRD_35299,0
NDGRD_35300,0
NDGRD_35301,0
NDGRD_35302,0
NDGRD_35303,0
NDGRD_35304,0
NDGRD_35305,0
NDGRD_35306,0
NDGRD_35307,0
NDGRD_35308,0
NDGRD_35309,0
NDGRD_35310,0
NDGRD_35311,0
NDGRD_35312,0
NDGRD_35313,0
NDGRD_35314,0
NDGRD_35315,0
NDGRD_35316,0
NDGRD_35317,0
NDGRD_35318,0
NDGRD_35319,0
NDGRD_35320,0
NDGRD_35321,0
NDGRD_35322,0
NDGRD_35323,0
NDGRD_35324,0
NDGRD_35325,0
NDGRD_35326,0
NDGRD_35327,0
NDGRD_35328,0
NDGRD_35329,0
NDGRD_35330,0
NDGRD_35331,0
NDGRD_35332,0
NDGRD_35333,0
NDGRD_35334,0
NDGRD_35335,0
NDGRD_35336,0
NDGRD_35337,0
NDGRD_35338,0
NDGRD_35339,0
NDGRD_35340,0
NDGRD_35341,0
NDGRD_35342,0
NDGRD_35343,0
NDGRD_35344,0
NDGRD_35345,0
NDGRD_35346,0
NDGRD_35347,0
NDGRD_35348,0
NDGRD_35349,0
NDGRD_35350,0
NDGRD_35351,0
NDGRD_35352,0
NDGRD_35353,0
NDGRD_35354,0
NDGRD_35355,0
NDGRD_35356,0
NDGRD_35357,0
NDGRD_35358,0
NDGRD_35359,0
NDGRD_35360,0
NDGRD_35361,0
NDGRD_35362,0
NDGRD_35363,0
NDGRD_35364,0
NDGRD_35365,0
NDGRD_35366,0
NDGRD_35367,0
NDGRD_35368,0
NDGRD_35369,0
NDGRD_35370,0
NDGRD_35371,0
NDGRD_35372,0
NDGRD_35373,0
NDGRD_35374,0
NDGRD_35375,0
NDGRD_35376,0
NDGRD_35377,0
NDGRD_35378,0
NDGRD_35379,0
NDGRD_35380,0
NDGRD_35381,0
NDGRD_35382,0
NDGRD_35383,0
NDGRD_35384,0
NDGRD_35385,0
NDGRD_35386,0
NDGRD_35387,0
NDGRD_35388,0
NDGRD_35389,0
NDGRD_35390,0
NDGRD_35391,0
NDGRD_35392,0
NDGRD_35393,0
NDGRD_35394,0
NDGRD_35395,0
NDGRD_35396,0
NDGRD_35397,0
NDGRD_35398,0
NDGRD_35399,0
NDGRD_35400,0
NDGRD_35401,0
NDGRD_35402,0
NDGRD_35403,0
NDGRD_35404,0
NDGRD_35405,0
NDGRD_35406,0
NDGRD_35407,0
NDGRD_35408,0
NDGRD_35409,0
NDGRD_35410,0
NDGRD_35411,0
NDGRD_35412,0
NDGRD_35413,0
NDGRD_35414,0
NDGRD_35415,0
NDGRD_35416,0
NDGRD_35417,0
NDGRD_35418,0
NDGRD_35419,0
NDGRD_35420,0
NDGRD_35421,0
NDGRD_35422,0
NDGRD_35423,0
NDGRD_35424,0
NDGRD_35425,0
NDGRD_35426,0
NDGRD_35427,0
NDGRD_35428,0
NDGRD_35429,0
NDGRD_35430,0
NDGRD_35431,0
NDGRD_35432,0
NDGRD_35433,0
NDGRD_35434,0
NDGRD_35435,0
NDGRD_35436,0
NDGRD_35437,0
NDGRD_35438,0
NDGRD_35439,0
NDGRD_35440,0
NDGRD_35441,0
NDGRD_35442,0
NDGRD_35443,0
NDGRD_35444,0
NDGRD_35445,0
NDGRD_35446,0
NDGRD_35447,0
NDGRD_35448,0
NDGRD_35449,0
NDGRD_35450,0
NDGRD_35451,0
NDGRD_35452,0
NDGRD_35453,0
NDGRD_35454,0
NDGRD_35455,0
NDGRD_35456,0
NDGRD_35457,0
NDGRD_35458,0
NDGRD_35459,0
NDGRD_35460,0
NDGRD_35461,0
NDGRD_35462,0
NDGRD_35463,0
NDGRD_35464,0
NDGRD_35465,0
NDGRD_35466,0
NDGRD_35467,0
NDGRD_35468,0
NDGRD_35469,0
NDGRD_35470,0
NDGRD_35471,0
NDGRD_35472,0
NDGRD_35473,0
NDGRD_35474,0
NDGRD_35475,0
NDGRD_35476,0
NDGRD_35477,0
NDGRD_35478,0
NDGRD_35479,0
NDGRD_35480,0
NDGRD_35481,0
NDGRD_35482,0
NDGRD_35483,0
NDGRD_35484,0
NDGRD_35485,0
NDGRD_35486,0
NDGRD_35487,0
NDGRD_35488,0
NDGRD_35489,0
NDGRD_35490,0
NDGRD_35491,0
NDGRD_35492,0
NDGRD_35493,0
NDGRD_35494,0
NDGRD_35495,0
NDGRD_35496,0
NDGRD_35497,0
NDGRD_35498,0
NDGRD_35499,0
NDGRD_35500,0
NDGRD_35501,0
NDGRD_35502,0
NDGRD_35503,0
NDGRD_35504,0
NDGRD_35505,0
NDGRD_35506,0
NDGRD_35507,0
NDGRD_35508,0
NDGRD_35509,0
NDGRD_35510,0
NDGRD_35511,0
NDGRD_35512,0
NDGRD_35513,0
NDGRD_35514,0
NDGRD_35515,0
NDGRD_35516,0
NDGRD_35517,0
NDGRD_35518,0
NDGRD_35519,0
NDGRD_35520,0
NDGRD_35521,0
NDGRD_35522,0
NDGRD_35523,0
NDGRD_35524,0
NDGRD_35525,0
NDGRD_35526,0
NDGRD_35527,0
NDGRD_35528,0
NDGRD_35529,0
NDGRD_35530,0
NDGRD_35531,0
NDGRD_35532,0
NDGRD_35533,0
NDGRD_35534,0
NDGRD_35535,0
NDGRD_35536,0
NDGRD_35537,0
NDGRD_35538,0
NDGRD_35539,0
NDGRD_35540,0
NDGRD_35541,0
NDGRD_35542,0
NDGRD_35543,0
NDGRD_35544,0
NDGRD_35545,0
NDGRD_35546,0
NDGRD_35547,0
NDGRD_35548,0
NDGRD_35549,0
NDGRD_35550,0
NDGRD_35551,0
NDGRD_35552,0
NDGRD_35553,0
NDGRD_35554,0
NDGRD_35555,0
NDGRD_35556,0
NDGRD_35557,0
NDGRD_35558,0
NDGRD_35559,0
NDGRD_35560,0
NDGRD_35561,0
NDGRD_35562,0
NDGRD_35563,0
NDGRD_35564,0
NDGRD_35565,0
NDGRD_35566,0
NDGRD_35567,0
NDGRD_35568,0
NDGRD_35569,0
NDGRD_35570,0
NDGRD_35571,0
NDGRD_35572,0
NDGRD_35573,0
NDGRD_35574,0
NDGRD_35575,0
NDGRD_35576,0
NDGRD_35577,0
NDGRD_35578,0
NDGRD_35579,0
NDGRD_35580,0
NDGRD_35581,0
NDGRD_35582,0
NDGRD_35583,0
NDGRD_35584,0
NDGRD_35585,0
NDGRD_35586,0
NDGRD_35587,0
NDGRD_35588,0
NDGRD_35589,0
NDGRD_35590,0
NDGRD_35591,0
NDGRD_35592,0
NDGRD_35593,0
NDGRD_35594,0
NDGRD_35595,0
NDGRD_35596,0
NDGRD_35597,0
NDGRD_35598,0
NDGRD_35599,0
NDGRD_35600,0
NDGRD_35601,0
NDGRD_35602,0
NDGRD_35603,0
NDGRD_35604,0
NDGRD_35605,0
NDGRD_35606,0
NDGRD_35607,0
NDGRD_35608,0
NDGRD_35609,0
NDGRD_35610,0
NDGRD_35611,0
NDGRD_35612,0
NDGRD_35613,0
NDGRD_35614,0
NDGRD_35615,0
NDGRD_35616,0
NDGRD_35617,0
NDGRD_35618,0
NDGRD_35619,0
NDGRD_35620,0
NDGRD_35621,0
NDGRD_35622,0
NDGRD_35623,0
NDGRD_35624,0
NDGRD_35625,0
NDGRD_35626,0
NDGRD_35627,0
NDGRD_35628,0
NDGRD_35629,0
NDGRD_35630,0
NDGRD_35631,0
NDGRD_35632,0
NDGRD_35633,0
NDGRD_35634,0
NDGRD_35635,0
NDGRD_35636,0
NDGRD_35637,0
NDGRD_35638,0
NDGRD_35639,0
NDGRD_35640,0
NDGRD_35641,0
NDGRD_35642,0
NDGRD_35643,0
NDGRD_35644,0
NDGRD_35645,0
NDGRD_35646,0
NDGRD_35647,0
NDGRD_35648,0
NDGRD_35649,0
NDGRD_35650,0
NDGRD_35651,0
NDGRD_35652,0
NDGRD_35653,0
NDGRD_35654,0
NDGRD_35655,0
NDGRD_35656,0
NDGRD_35657,0
NDGRD_35658,0
NDGRD_35659,0
NDGRD_35660,0
NDGRD_35661,0
NDGRD_35662,0
NDGRD_35663,0
NDGRD_35664,0
NDGRD_35665,0
NDGRD_35666,0
NDGRD_35667,0
NDGRD_35668,0
NDGRD_35669,0
NDGRD_35670,0
NDGRD_35671,0
NDGRD_35672,0
NDGRD_35673,0
NDGRD_35674,0
NDGRD_35675,0
NDGRD_35676,0
NDGRD_35677,0
NDGRD_35678,0
NDGRD_35679,0
NDGRD_35680,0
NDGRD_35681,0
NDGRD_35682,0
NDGRD_35683,0
NDGRD_35684,0
NDGRD_35685,0
NDGRD_35686,0
NDGRD_35687,0
NDGRD_35688,0
NDGRD_35689,0
NDGRD_35690,0
NDGRD_35691,0
NDGRD_35692,0
NDGRD_35693,0
NDGRD_35694,0
NDGRD_35695,0
NDGRD_35696,0
NDGRD_35697,0
NDGRD_35698,0
NDGRD_35699,0
NDGRD_35700,0
NDGRD_35701,0
NDGRD_35702,0
NDGRD_35703,0
NDGRD_35704,0
NDGRD_35705,0
NDGRD_35706,0
NDGRD_35707,0
NDGRD_35708,0
NDGRD_35709,0
NDGRD_35710,0
NDGRD_35711,0
NDGRD_35712,0
NDGRD_35713,0
NDGRD_35714,0
NDGRD_35715,0
NDGRD_35716,0
NDGRD_35717,0
NDGRD_35718,0
NDGRD_35719,0
NDGRD_35720,0
NDGRD_35721,0
NDGRD_35722,0
NDGRD_35723,0
NDGRD_35724,0
NDGRD_35725,0
NDGRD_35726,0
NDGRD_35727,0
NDGRD_35728,0
NDGRD_35729,0
NDGRD_35730,0
NDGRD_35731,0
NDGRD_35732,0
NDGRD_35733,0
NDGRD_35734,0
NDGRD_35735,0
NDGRD_35736,0
NDGRD_35737,0
NDGRD_35738,0
NDGRD_35739,0
NDGRD_35740,0
NDGRD_35741,0
NDGRD_35742,0
NDGRD_35743,0
NDGRD_35744,0
NDGRD_35745,0
NDGRD_35746,0
NDGRD_35747,0
NDGRD_35748,0
NDGRD_35749,0
NDGRD_35750,0
NDGRD_35751,0
NDGRD_35752,0
NDGRD_35753,0
NDGRD_35754,0
NDGRD_35755,0
NDGRD_35756,0
NDGRD_35757,0
NDGRD_35758,0
NDGRD_35759,0
NDGRD_35760,0
NDGRD_35761,0
NDGRD_35762,0
NDGRD_35763,0
NDGRD_35764,0
NDGRD_35765,0
NDGRD_35766,0
NDGRD_35767,0
NDGRD_35768,0
NDGRD_35769,0
NDGRD_35770,0
NDGRD_35771,0
NDGRD_35772,0
NDGRD_35773,0
NDGRD_35774,0
NDGRD_35775,0
NDGRD_35776,0
NDGRD_35777,0
NDGRD_35778,0
NDGRD_35779,0
NDGRD_35780,0
NDGRD_35781,0
NDGRD_35782,0
NDGRD_35783,0
NDGRD_35784,0
NDGRD_35785,0
NDGRD_35786,0
NDGRD_35787,0
NDGRD_35788,0
NDGRD_35789,0
NDGRD_35790,0
NDGRD_35791,0
NDGRD_35792,0
NDGRD_35793,0
NDGRD_35794,0
NDGRD_35795,0
NDGRD_35796,0
NDGRD_35797,0
NDGRD_35798,0
NDGRD_35799,0
NDGRD_35800,0
NDGRD_35801,0
NDGRD_35802,0
NDGRD_35803,0
NDGRD_35804,0
NDGRD_35805,0
NDGRD_35806,0
NDGRD_35807,0
NDGRD_35808,0
NDGRD_35809,0
NDGRD_35810,0
NDGRD_35811,0
NDGRD_35812,0
NDGRD_35813,0
NDGRD_35814,0
NDGRD_35815,0
NDGRD_35816,0
NDGRD_35817,0
NDGRD_35818,0
NDGRD_35819,0
NDGRD_35820,0
NDGRD_35821,0
NDGRD_35822,0
NDGRD_35823,0
NDGRD_35824,0
NDGRD_35825,0
NDGRD_35826,0
NDGRD_35827,0
NDGRD_35828,0
NDGRD_35829,0
NDGRD_35830,0
NDGRD_35831,0
NDGRD_35832,0
NDGRD_35833,0
NDGRD_35834,0
NDGRD_35835,0
NDGRD_35836,0
NDGRD_35837,0
NDGRD_35838,0
NDGRD_35839,0
NDGRD_35840,0
NDGRD_35841,0
NDGRD_35842,0
NDGRD_35843,0
NDGRD_35844,0
NDGRD_35845,0
NDGRD_35846,0
NDGRD_35847,0
NDGRD_35848,0
NDGRD_35849,0
NDGRD_35850,0
NDGRD_35851,0
NDGRD_35852,0
NDGRD_35853,0
NDGRD_35854,0
NDGRD_35855,0
NDGRD_35856,0
NDGRD_35857,0
NDGRD_35858,0
NDGRD_35859,0
NDGRD_35860,0
NDGRD_35861,0
NDGRD_35862,0
NDGRD_35863,0
NDGRD_35864,0
NDGRD_35865,0
NDGRD_35866,0
NDGRD_35867,0
NDGRD_35868,0
NDGRD_35869,0
NDGRD_35870,0
NDGRD_35871,0
NDGRD_35872,0
NDGRD_35873,0
NDGRD_35874,0
NDGRD_35875,0
NDGRD_35876,0
NDGRD_35877,0
NDGRD_35878,0
NDGRD_35879,0
NDGRD_35880,0
NDGRD_35881,0
NDGRD_35882,0
NDGRD_35883,0
NDGRD_35884,0
NDGRD_35885,0
NDGRD_35886,0
NDGRD_35887,0
NDGRD_35888,0
NDGRD_35889,0
NDGRD_35890,0
NDGRD_35891,0
NDGRD_35892,0
NDGRD_35893,0
NDGRD_35894,0
NDGRD_35895,0
NDGRD_35896,0
NDGRD_35897,0
NDGRD_35898,0
NDGRD_35899,0
NDGRD_35900,0
NDGRD_35901,0
NDGRD_35902,0
NDGRD_35903,0
NDGRD_35904,0
NDGRD_35905,0
NDGRD_35906,0
NDGRD_35907,0
NDGRD_35908,0
NDGRD_35909,0
NDGRD_35910,0
NDGRD_35911,0
NDGRD_35912,0
NDGRD_35913,0
NDGRD_35914,0
NDGRD_35915,0
NDGRD_35916,0
NDGRD_35917,0
NDGRD_35918,0
NDGRD_35919,0
NDGRD_35920,0
NDGRD_35921,0
NDGRD_35922,0
NDGRD_35923,0
NDGRD_35924,0
NDGRD_35925,0
NDGRD_35926,0
NDGRD_35927,0
NDGRD_35928,0
NDGRD_35929,0
NDGRD_35930,0
NDGRD_35931,0
NDGRD_35932,0
NDGRD_35933,0
NDGRD_35934,0
NDGRD_35935,0
NDGRD_35936,0
NDGRD_35937,0
NDGRD_35938,0
NDGRD_35939,0
NDGRD_35940,0
NDGRD_35941,0
NDGRD_35942,0
NDGRD_35943,0
NDGRD_35944,0
NDGRD_35945,0
NDGRD_35946,0
NDGRD_35947,0
NDGRD_35948,0
NDGRD_35949,0
NDGRD_35950,0
NDGRD_35951,0
NDGRD_35952,0
NDGRD_35953,0
NDGRD_35954,0
NDGRD_35955,0
NDGRD_35956,0
NDGRD_35957,0
NDGRD_35958,0
NDGRD_35959,0
NDGRD_35960,0
NDGRD_35961,0
NDGRD_35962,0
NDGRD_35963,0
NDGRD_35964,0
NDGRD_35965,0
NDGRD_35966,0
NDGRD_35967,0
NDGRD_35968,0
NDGRD_35969,0
NDGRD_35970,0
NDGRD_35971,0
NDGRD_35972,0
NDGRD_35973,0
NDGRD_35974,0
NDGRD_35975,0
NDGRD_35976,0
NDGRD_35977,0
NDGRD_35978,0
NDGRD_35979,0
NDGRD_35980,0
NDGRD_35981,0
NDGRD_35982,0
NDGRD_35983,0
NDGRD_35984,0
NDGRD_35985,0
NDGRD_35986,0
NDGRD_35987,0
NDGRD_35988,0
NDGRD_35989,0
NDGRD_35990,0
NDGRD_35991,0
NDGRD_35992,0
NDGRD_35993,0
NDGRD_35994,0
NDGRD_35995,0
NDGRD_35996,0
NDGRD_35997,0
NDGRD_35998,0
NDGRD_35999,0
NDGRD_36000,0
NDGRD_36001,0
NDGRD_36002,0
NDGRD_36003,0
NDGRD_36004,0
NDGRD_36005,0
NDGRD_36006,0
NDGRD_36007,0
NDGRD_36008,0
NDGRD_36009,0
NDGRD_36010,0
NDGRD_36011,0
NDGRD_36012,0
NDGRD_36013,0
NDGRD_36014,0
NDGRD_36015,0
NDGRD_36016,0
NDGRD_36017,0
NDGRD_36018,0
NDGRD_36019,0
NDGRD_36020,0
NDGRD_36021,0
NDGRD_36022,0
NDGRD_36023,0
NDGRD_36024,0
NDGRD_36025,0
NDGRD_36026,0
NDGRD_36027,0
NDGRD_36028,0
NDGRD_36029,0
NDGRD_36030,0
NDGRD_36031,0
NDGRD_36032,0
NDGRD_36033,0
NDGRD_36034,0
NDGRD_36035,0
NDGRD_36036,0
NDGRD_36037,0
NDGRD_36038,0
NDGRD_36039,0
NDGRD_36040,0
NDGRD_36041,0
NDGRD_36042,0
NDGRD_36043,0
NDGRD_36044,0
NDGRD_36045,0
NDGRD_36046,0
NDGRD_36047,0
NDGRD_36048,0
NDGRD_36049,0
NDGRD_36050,0
NDGRD_36051,0
NDGRD_36052,0
NDGRD_36053,0
NDGRD_36054,0
NDGRD_36055,0
NDGRD_36056,0
NDGRD_36057,0
NDGRD_36058,0
NDGRD_36059,0
NDGRD_36060,0
NDGRD_36061,0
NDGRD_36062,0
NDGRD_36063,0
NDGRD_36064,0
NDGRD_36065,0
NDGRD_36066,0
NDGRD_36067,0
NDGRD_36068,0
NDGRD_36069,0
NDGRD_36070,0
NDGRD_36071,0
NDGRD_36072,0
NDGRD_36073,0
NDGRD_36074,0
NDGRD_36075,0
NDGRD_36076,0
NDGRD_36077,0
NDGRD_36078,0
NDGRD_36079,0
NDGRD_36080,0
NDGRD_36081,0
NDGRD_36082,0
NDGRD_36083,0
NDGRD_36084,0
NDGRD_36085,0
NDGRD_36086,0
NDGRD_36087,0
NDGRD_36088,0
NDGRD_36089,0
NDGRD_36090,0
NDGRD_36091,0
NDGRD_36092,0
NDGRD_36093,0
NDGRD_36094,0
NDGRD_36095,0
NDGRD_36096,0
NDGRD_36097,0
NDGRD_36098,0
NDGRD_36099,0
NDGRD_36100,0
NDGRD_36101,0
NDGRD_36102,0
NDGRD_36103,0
NDGRD_36104,0
NDGRD_36105,0
NDGRD_36106,0
NDGRD_36107,0
NDGRD_36108,0
NDGRD_36109,0
NDGRD_36110,0
NDGRD_36111,0
NDGRD_36112,0
NDGRD_36113,0
NDGRD_36114,0
NDGRD_36115,0
NDGRD_36116,0
NDGRD_36117,0
NDGRD_36118,0
NDGRD_36119,0
NDGRD_36120,0
NDGRD_36121,0
NDGRD_36122,0
NDGRD_36123,0
NDGRD_36124,0
NDGRD_36125,0
NDGRD_36126,0
NDGRD_36127,0
NDGRD_36128,0
NDGRD_36129,0
NDGRD_36130,0
NDGRD_36131,0
NDGRD_36132,0
NDGRD_36133,0
NDGRD_36134,0
NDGRD_36135,0
NDGRD_36136,0
NDGRD_36137,0
NDGRD_36138,0
NDGRD_36139,0
NDGRD_36140,0
NDGRD_36141,0
NDGRD_36142,0
NDGRD_36143,0
NDGRD_36144,0
NDGRD_36145,0
NDGRD_36146,0
NDGRD_36147,0
NDGRD_36148,0
NDGRD_36149,0
NDGRD_36150,0
NDGRD_36151,0
NDGRD_36152,0
NDGRD_36153,0
NDGRD_36154,0
NDGRD_36155,0
NDGRD_36156,0
NDGRD_36157,0
NDGRD_36158,0
NDGRD_36159,0
NDGRD_36160,0
NDGRD_36161,0
NDGRD_36162,0
NDGRD_36163,0
NDGRD_36164,0
NDGRD_36165,0
NDGRD_36166,0
NDGRD_36167,0
NDGRD_36168,0
NDGRD_36169,0
NDGRD_36170,0
NDGRD_36171,0
NDGRD_36172,0
NDGRD_36173,0
NDGRD_36174,0
NDGRD_36175,0
NDGRD_36176,0
NDGRD_36177,0
NDGRD_36178,0
NDGRD_36179,0
NDGRD_36180,0
NDGRD_36181,0
NDGRD_36182,0
NDGRD_36183,0
NDGRD_36184,0
NDGRD_36185,0
NDGRD_36186,0
NDGRD_36187,0
NDGRD_36188,0
NDGRD_36189,0
NDGRD_36190,0
NDGRD_36191,0
NDGRD_36192,0
NDGRD_36193,0
NDGRD_36194,0
NDGRD_36195,0
NDGRD_36196,0
NDGRD_36197,0
NDGRD_36198,0
NDGRD_36199,0
NDGRD_36200,0
NDGRD_36201,0
NDGRD_36202,0
NDGRD_36203,0
NDGRD_36204,0
NDGRD_36205,0
NDGRD_36206,0
NDGRD_36207,0
NDGRD_36208,0
NDGRD_36209,0
NDGRD_36210,0
NDGRD_36211,0
NDGRD_36212,0
NDGRD_36213,0
NDGRD_36214,0
NDGRD_36215,0
NDGRD_36216,0
NDGRD_36217,0
NDGRD_36218,0
NDGRD_36219,0
NDGRD_36220,0
NDGRD_36221,0
NDGRD_36222,0
NDGRD_36223,0
NDGRD_36224,0
NDGRD_36225,0
NDGRD_36226,0
NDGRD_36227,0
NDGRD_36228,0
NDGRD_36229,0
NDGRD_36230,0
NDGRD_36231,0
NDGRD_36232,0
NDGRD_36233,0
NDGRD_36234,0
NDGRD_36235,0
NDGRD_36236,0
NDGRD_36237,0
NDGRD_36238,0
NDGRD_36239,0
NDGRD_36240,0
NDGRD_36241,0
NDGRD_36242,0
NDGRD_36243,0
NDGRD_36244,0
NDGRD_36245,0
NDGRD_36246,0
NDGRD_36247,0
NDGRD_36248,0
NDGRD_36249,0
NDGRD_36250,0
NDGRD_36251,0
NDGRD_36252,0
NDGRD_36253,0
NDGRD_36254,0
NDGRD_36255,0
NDGRD_36256,0
NDGRD_36257,0
NDGRD_36258,0
NDGRD_36259,0
NDGRD_36260,0
NDGRD_36261,0
NDGRD_36262,0
NDGRD_36263,0
NDGRD_36264,0
NDGRD_36265,0
NDGRD_36266,0
NDGRD_36267,0
NDGRD_36268,0
NDGRD_36269,0
NDGRD_36270,0
NDGRD_36271,0
NDGRD_36272,0
NDGRD_36273,0
NDGRD_36274,0
NDGRD_36275,0
NDGRD_36276,0
NDGRD_36277,0
NDGRD_36278,0
NDGRD_36279,0
NDGRD_36280,0
NDGRD_36281,0
NDGRD_36282,0
NDGRD_36283,0
NDGRD_36284,0
NDGRD_36285,0
NDGRD_36286,0
NDGRD_36287,0
NDGRD_36288,0
NDGRD_36289,0
NDGRD_36290,0
NDGRD_36291,0
NDGRD_36292,0
NDGRD_36293,0
NDGRD_36294,0
NDGRD_36295,0
NDGRD_36296,0
NDGRD_36297,0
NDGRD_36298,0
NDGRD_36299,0
NDGRD_36300,0
NDGRD_36301,0
NDGRD_36302,0
NDGRD_36303,0
NDGRD_36304,0
NDGRD_36305,0
NDGRD_36306,0
NDGRD_36307,0
NDGRD_36308,0
NDGRD_36309,0
NDGRD_36310,0
NDGRD_36311,0
NDGRD_36312,0
NDGRD_36313,0
NDGRD_36314,0
NDGRD_36315,0
NDGRD_36316,0
NDGRD_36317,0
NDGRD_36318,0
NDGRD_36319,0
NDGRD_36320,0
NDGRD_36321,0
NDGRD_36322,0
NDGRD_36323,0
NDGRD_36324,0
NDGRD_36325,0
NDGRD_36326,0
NDGRD_36327,0
NDGRD_36328,0
NDGRD_36329,0
NDGRD_36330,0
NDGRD_36331,0
NDGRD_36332,0
NDGRD_36333,0
NDGRD_36334,0
NDGRD_36335,0
NDGRD_36336,0
NDGRD_36337,0
NDGRD_36338,0
NDGRD_36339,0
NDGRD_36340,0
NDGRD_36341,0
NDGRD_36342,0
NDGRD_36343,0
NDGRD_36344,0
NDGRD_36345,0
NDGRD_36346,0
NDGRD_36347,0
NDGRD_36348,0
NDGRD_36349,0
NDGRD_36350,0
NDGRD_36351,0
NDGRD_36352,0
NDGRD_36353,0
NDGRD_36354,0
NDGRD_36355,0
NDGRD_36356,0
NDGRD_36357,0
NDGRD_36358,0
NDGRD_36359,0
NDGRD_36360,0
NDGRD_36361,0
NDGRD_36362,0
NDGRD_36363,0
NDGRD_36364,0
NDGRD_36365,0
NDGRD_36366,0
NDGRD_36367,0
NDGRD_36368,0
NDGRD_36369,0
NDGRD_36370,0
NDGRD_36371,0
NDGRD_36372,0
NDGRD_36373,0
NDGRD_36374,0
NDGRD_36375,0
NDGRD_36376,0
NDGRD_36377,0
NDGRD_36378,0
NDGRD_36379,0
NDGRD_36380,0
NDGRD_36381,0
NDGRD_36382,0
NDGRD_36383,0
NDGRD_36384,0
NDGRD_36385,0
NDGRD_36386,0
NDGRD_36387,0
NDGRD_36388,0
NDGRD_36389,0
NDGRD_36390,0
NDGRD_36391,0
NDGRD_36392,0
NDGRD_36393,0
NDGRD_36394,0
NDGRD_36395,0
NDGRD_36396,0
NDGRD_36397,0
NDGRD_36398,0
NDGRD_36399,0
NDGRD_36400,0
NDGRD_36401,0
NDGRD_36402,0
NDGRD_36403,0
NDGRD_36404,0
NDGRD_36405,0
NDGRD_36406,0
NDGRD_36407,0
NDGRD_36408,0
NDGRD_36409,0
NDGRD_36410,0
NDGRD_36411,0
NDGRD_36412,0
NDGRD_36413,0
NDGRD_36414,0
NDGRD_36415,0
NDGRD_36416,0
NDGRD_36417,0
NDGRD_36418,0
NDGRD_36419,0
NDGRD_36420,0
NDGRD_36421,0
NDGRD_36422,0
NDGRD_36423,0
NDGRD_36424,0
NDGRD_36425,0
NDGRD_36426,0
NDGRD_36427,0
NDGRD_36428,0
NDGRD_36429,0
NDGRD_36430,0
NDGRD_36431,0
NDGRD_36432,0
NDGRD_36433,0
NDGRD_36434,0
NDGRD_36435,0
NDGRD_36436,0
NDGRD_36437,0
NDGRD_36438,0
NDGRD_36439,0
NDGRD_36440,0
NDGRD_36441,0
NDGRD_36442,0
NDGRD_36443,0
NDGRD_36444,0
NDGRD_36445,0
NDGRD_36446,0
NDGRD_36447,0
NDGRD_36448,0
NDGRD_36449,0
NDGRD_36450,0
NDGRD_36451,0
NDGRD_36452,0
NDGRD_36453,0
NDGRD_36454,0
NDGRD_36455,0
NDGRD_36456,0
NDGRD_36457,0
NDGRD_36458,0
NDGRD_36459,0
NDGRD_36460,0
NDGRD_36461,0
NDGRD_36462,0
NDGRD_36463,0
NDGRD_36464,0
NDGRD_36465,0
NDGRD_36466,0
NDGRD_36467,0
NDGRD_36468,0
NDGRD_36469,0
NDGRD_36470,0
NDGRD_36471,0
NDGRD_36472,0
NDGRD_36473,0
NDGRD_36474,0
NDGRD_36475,0
NDGRD_36476,0
NDGRD_36477,0
NDGRD_36478,0
NDGRD_36479,0
NDGRD_36480,0
NDGRD_36481,0
NDGRD_36482,0
NDGRD_36483,0
NDGRD_36484,0
NDGRD_36485,0
NDGRD_36486,0
NDGRD_36487,0
NDGRD_36488,0
NDGRD_36489,0
NDGRD_36490,0
NDGRD_36491,0
NDGRD_36492,0
NDGRD_36493,0
NDGRD_36494,0
NDGRD_36495,0
NDGRD_36496,0
NDGRD_36497,0
NDGRD_36498,0
NDGRD_36499,0
NDGRD_36500,0
NDGRD_36501,0
NDGRD_36502,0
NDGRD_36503,0
NDGRD_36504,0
NDGRD_36505,0
NDGRD_36506,0
NDGRD_36507,0
NDGRD_36508,0
NDGRD_36509,0
NDGRD_36510,0
NDGRD_36511,0
NDGRD_36512,0
NDGRD_36513,0
NDGRD_36514,0
NDGRD_36515,0
NDGRD_36516,0
NDGRD_36517,0
NDGRD_36518,0
NDGRD_36519,0
NDGRD_36520,0
NDGRD_36521,0
NDGRD_36522,0
NDGRD_36523,0
NDGRD_36524,0
NDGRD_36525,0
NDGRD_36526,0
NDGRD_36527,0
NDGRD_36528,0
NDGRD_36529,0
NDGRD_36530,0
NDGRD_36531,0
NDGRD_36532,0
NDGRD_36533,0
NDGRD_36534,0
NDGRD_36535,0
NDGRD_36536,0
NDGRD_36537,0
NDGRD_36538,0
NDGRD_36539,0
NDGRD_36540,0
NDGRD_36541,0
NDGRD_36542,0
NDGRD_36543,0
NDGRD_36544,0
NDGRD_36545,0
NDGRD_36546,0
NDGRD_36547,0
NDGRD_36548,0
NDGRD_36549,0
NDGRD_36550,0
NDGRD_36551,0
NDGRD_36552,0
NDGRD_36553,0
NDGRD_36554,0
NDGRD_36555,0
NDGRD_36556,0
NDGRD_36557,0
NDGRD_36558,0
NDGRD_36559,0
NDGRD_36560,0
NDGRD_36561,0
NDGRD_36562,0
NDGRD_36563,0
NDGRD_36564,0
NDGRD_36565,0
NDGRD_36566,0
NDGRD_36567,0
NDGRD_36568,0
NDGRD_36569,0
NDGRD_36570,0
NDGRD_36571,0
NDGRD_36572,0
NDGRD_36573,0
NDGRD_36574,0
NDGRD_36575,0
NDGRD_36576,0
NDGRD_36577,0
NDGRD_36578,0
NDGRD_36579,0
NDGRD_36580,0
NDGRD_36581,0
NDGRD_36582,0
NDGRD_36583,0
NDGRD_36584,0
NDGRD_36585,0
NDGRD_36586,0
NDGRD_36587,0
NDGRD_36588,0
NDGRD_36589,0
NDGRD_36590,0
NDGRD_36591,0
NDGRD_36592,0
NDGRD_36593,0
NDGRD_36594,0
NDGRD_36595,0
NDGRD_36596,0
NDGRD_36597,0
NDGRD_36598,0
NDGRD_36599,0
NDGRD_36600,0
NDGRD_36601,0
NDGRD_36602,0
NDGRD_36603,0
NDGRD_36604,0
NDGRD_36605,0
NDGRD_36606,0
NDGRD_36607,0
NDGRD_36608,0
NDGRD_36609,0
NDGRD_36610,0
NDGRD_36611,0
NDGRD_36612,0
NDGRD_36613,0
NDGRD_36614,0
NDGRD_36615,0
NDGRD_36616,0
NDGRD_36617,0
NDGRD_36618,0
NDGRD_36619,0
NDGRD_36620,0
NDGRD_36621,0
NDGRD_36622,0
NDGRD_36623,0
NDGRD_36624,0
NDGRD_36625,0
NDGRD_36626,0
NDGRD_36627,0
NDGRD_36628,0
NDGRD_36629,0
NDGRD_36630,0
NDGRD_36631,0
NDGRD_36632,0
NDGRD_36633,0
NDGRD_36634,0
NDGRD_36635,0
NDGRD_36636,0
NDGRD_36637,0
NDGRD_36638,0
NDGRD_36639,0
NDGRD_36640,0
NDGRD_36641,0
NDGRD_36642,0
NDGRD_36643,0
NDGRD_36644,0
NDGRD_36645,0
NDGRD_36646,0
NDGRD_36647,0
NDGRD_36648,0
NDGRD_36649,0
NDGRD_36650,0
NDGRD_36651,0
NDGRD_36652,0
NDGRD_36653,0
NDGRD_36654,0
NDGRD_36655,0
NDGRD_36656,0
NDGRD_36657,0
NDGRD_36658,0
NDGRD_36659,0
NDGRD_36660,0
NDGRD_36661,0
NDGRD_36662,0
NDGRD_36663,0
NDGRD_36664,0
NDGRD_36665,0
NDGRD_36666,0
NDGRD_36667,0
NDGRD_36668,0
NDGRD_36669,0
NDGRD_36670,0
NDGRD_36671,0
NDGRD_36672,0
NDGRD_36673,0
NDGRD_36674,0
NDGRD_36675,0
NDGRD_36676,0
NDGRD_36677,0
NDGRD_36678,0
NDGRD_36679,0
NDGRD_36680,0
NDGRD_36681,0
NDGRD_36682,0
NDGRD_36683,0
NDGRD_36684,0
NDGRD_36685,0
NDGRD_36686,0
NDGRD_36687,0
NDGRD_36688,0
NDGRD_36689,0
NDGRD_36690,0
NDGRD_36691,0
NDGRD_36692,0
NDGRD_36693,0
NDGRD_36694,0
NDGRD_36695,0
NDGRD_36696,0
NDGRD_36697,0
NDGRD_36698,0
NDGRD_36699,0
NDGRD_36700,0
NDGRD_36701,0
NDGRD_36702,0
NDGRD_36703,0
NDGRD_36704,0
NDGRD_36705,0
NDGRD_36706,0
NDGRD_36707,0
NDGRD_36708,0
NDGRD_36709,0
NDGRD_36710,0
NDGRD_36711,0
NDGRD_36712,0
NDGRD_36713,0
NDGRD_36714,0
NDGRD_36715,0
NDGRD_36716,0
NDGRD_36717,0
NDGRD_36718,0
NDGRD_36719,0
NDGRD_36720,0
NDGRD_36721,0
NDGRD_36722,0
NDGRD_36723,0
NDGRD_36724,0
NDGRD_36725,0
NDGRD_36726,0
NDGRD_36727,0
NDGRD_36728,0
NDGRD_36729,0
NDGRD_36730,0
NDGRD_36731,0
NDGRD_36732,0
NDGRD_36733,0
NDGRD_36734,0
NDGRD_36735,0
NDGRD_36736,0
NDGRD_36737,0
NDGRD_36738,0
NDGRD_36739,0
NDGRD_36740,0
NDGRD_36741,0
NDGRD_36742,0
NDGRD_36743,0
NDGRD_36744,0
NDGRD_36745,0
NDGRD_36746,0
NDGRD_36747,0
NDGRD_36748,0
NDGRD_36749,0
NDGRD_36750,0
NDGRD_36751,0
NDGRD_36752,0
NDGRD_36753,0
NDGRD_36754,0
NDGRD_36755,0
NDGRD_36756,0
NDGRD_36757,0
NDGRD_36758,0
NDGRD_36759,0
NDGRD_36760,0
NDGRD_36761,0
NDGRD_36762,0
NDGRD_36763,0
NDGRD_36764,0
NDGRD_36765,0
NDGRD_36766,0
NDGRD_36767,0
NDGRD_36768,0
NDGRD_36769,0
NDGRD_36770,0
NDGRD_36771,0
NDGRD_36772,0
NDGRD_36773,0
NDGRD_36774,0
NDGRD_36775,0
NDGRD_36776,0
NDGRD_36777,0
NDGRD_36778,0
NDGRD_36779,0
NDGRD_36780,0
NDGRD_36781,0
NDGRD_36782,0
NDGRD_36783,0
NDGRD_36784,0
NDGRD_36785,0
NDGRD_36786,0
NDGRD_36787,0
NDGRD_36788,0
NDGRD_36789,0
NDGRD_36790,0
NDGRD_36791,0
NDGRD_36792,0
NDGRD_36793,0
NDGRD_36794,0
NDGRD_36795,0
NDGRD_36796,0
NDGRD_36797,0
NDGRD_36798,0
NDGRD_36799,0
NDGRD_36800,0
NDGRD_36801,0
NDGRD_36802,0
NDGRD_36803,0
NDGRD_36804,0
NDGRD_36805,0
NDGRD_36806,0
NDGRD_36807,0
NDGRD_36808,0
NDGRD_36809,0
NDGRD_36810,0
NDGRD_36811,0
NDGRD_36812,0
NDGRD_36813,0
NDGRD_36814,0
NDGRD_36815,0
NDGRD_36816,0
NDGRD_36817,0
NDGRD_36818,0
NDGRD_36819,0
NDGRD_36820,0
NDGRD_36821,0
NDGRD_36822,0
NDGRD_36823,0
NDGRD_36824,0
NDGRD_36825,0
NDGRD_36826,0
NDGRD_36827,0
NDGRD_36828,0
NDGRD_36829,0
NDGRD_36830,0
NDGRD_36831,0
NDGRD_36832,0
NDGRD_36833,0
NDGRD_36834,0
NDGRD_36835,0
NDGRD_36836,0
NDGRD_36837,0
NDGRD_36838,0
NDGRD_36839,0
NDGRD_36840,0
NDGRD_36841,0
NDGRD_36842,0
NDGRD_36843,0
NDGRD_36844,0
NDGRD_36845,0
NDGRD_36846,0
NDGRD_36847,0
NDGRD_36848,0
NDGRD_36849,0
NDGRD_36850,0
NDGRD_36851,0
NDGRD_36852,0
NDGRD_36853,0
NDGRD_36854,0
NDGRD_36855,0
NDGRD_36856,0
NDGRD_36857,0
NDGRD_36858,0
NDGRD_36859,0
NDGRD_36860,0
NDGRD_36861,0
NDGRD_36862,0
NDGRD_36863,0
NDGRD_36864,0
NDGRD_36865,0
NDGRD_36866,0
NDGRD_36867,0
NDGRD_36868,0
NDGRD_36869,0
NDGRD_36870,0
NDGRD_36871,0
NDGRD_36872,0
NDGRD_36873,0
NDGRD_36874,0
NDGRD_36875,0
NDGRD_36876,0
NDGRD_36877,0
NDGRD_36878,0
NDGRD_36879,0
NDGRD_36880,0
NDGRD_36881,0
NDGRD_36882,0
NDGRD_36883,0
NDGRD_36884,0
NDGRD_36885,0
NDGRD_36886,0
NDGRD_36887,0
NDGRD_36888,0
NDGRD_36889,0
NDGRD_36890,0
NDGRD_36891,0
NDGRD_36892,0
NDGRD_36893,0
NDGRD_36894,0
NDGRD_36895,0
NDGRD_36896,0
NDGRD_36897,0
NDGRD_36898,0
NDGRD_36899,0
NDGRD_36900,0
NDGRD_36901,0
NDGRD_36902,0
NDGRD_36903,0
NDGRD_36904,0
NDGRD_36905,0
NDGRD_36906,0
NDGRD_36907,0
NDGRD_36908,0
NDGRD_36909,0
NDGRD_36910,0
NDGRD_36911,0
NDGRD_36912,0
NDGRD_36913,0
NDGRD_36914,0
NDGRD_36915,0
NDGRD_36916,0
NDGRD_36917,0
NDGRD_36918,0
NDGRD_36919,0
NDGRD_36920,0
NDGRD_36921,0
NDGRD_36922,0
NDGRD_36923,0
NDGRD_36924,0
NDGRD_36925,0
NDGRD_36926,0
NDGRD_36927,0
NDGRD_36928,0
NDGRD_36929,0
NDGRD_36930,0
NDGRD_36931,0
NDGRD_36932,0
NDGRD_36933,0
NDGRD_36934,0
NDGRD_36935,0
NDGRD_36936,0
NDGRD_36937,0
NDGRD_36938,0
NDGRD_36939,0
NDGRD_36940,0
NDGRD_36941,0
NDGRD_36942,0
NDGRD_36943,0
NDGRD_36944,0
NDGRD_36945,0
NDGRD_36946,0
NDGRD_36947,0
NDGRD_36948,0
NDGRD_36949,0
NDGRD_36950,0
NDGRD_36951,0
NDGRD_36952,0
NDGRD_36953,0
NDGRD_36954,0
NDGRD_36955,0
NDGRD_36956,0
NDGRD_36957,0
NDGRD_36958,0
NDGRD_36959,0
NDGRD_36960,0
NDGRD_36961,0
NDGRD_36962,0
NDGRD_36963,0
NDGRD_36964,0
NDGRD_36965,0
NDGRD_36966,0
NDGRD_36967,0
NDGRD_36968,0
NDGRD_36969,0
NDGRD_36970,0
NDGRD_36971,0
NDGRD_36972,0
NDGRD_36973,0
NDGRD_36974,0
NDGRD_36975,0
NDGRD_36976,0
NDGRD_36977,0
NDGRD_36978,0
NDGRD_36979,0
NDGRD_36980,0
NDGRD_36981,0
NDGRD_36982,0
NDGRD_36983,0
NDGRD_36984,0
NDGRD_36985,0
NDGRD_36986,0
NDGRD_36987,0
NDGRD_36988,0
NDGRD_36989,0
NDGRD_36990,0
NDGRD_36991,0
NDGRD_36992,0
NDGRD_36993,0
NDGRD_36994,0
NDGRD_36995,0
NDGRD_36996,0
NDGRD_36997,0
NDGRD_36998,0
NDGRD_36999,0
NDGRD_37000,0
NDGRD_37001,0
NDGRD_37002,0
NDGRD_37003,0
NDGRD_37004,0
NDGRD_37005,0
NDGRD_37006,0
NDGRD_37007,0
NDGRD_37008,0
NDGRD_37009,0
NDGRD_37010,0
NDGRD_37011,0
NDGRD_37012,0
NDGRD_37013,0
NDGRD_37014,0
NDGRD_37015,0
NDGRD_37016,0
NDGRD_37017,0
NDGRD_37018,0
NDGRD_37019,0
NDGRD_37020,0
NDGRD_37021,0
NDGRD_37022,0
NDGRD_37023,0
NDGRD_37024,0
NDGRD_37025,0
NDGRD_37026,0
NDGRD_37027,0
NDGRD_37028,0
NDGRD_37029,0
NDGRD_37030,0
NDGRD_37031,0
NDGRD_37032,0
NDGRD_37033,0
NDGRD_37034,0
NDGRD_37035,0
NDGRD_37036,0
NDGRD_37037,0
NDGRD_37038,0
NDGRD_37039,0
NDGRD_37040,0
NDGRD_37041,0
NDGRD_37042,0
NDGRD_37043,0
NDGRD_37044,0
NDGRD_37045,0
NDGRD_37046,0
NDGRD_37047,0
NDGRD_37048,0
NDGRD_37049,0
NDGRD_37050,0
NDGRD_37051,0
NDGRD_37052,0
NDGRD_37053,0
NDGRD_37054,0
NDGRD_37055,0
NDGRD_37056,0
NDGRD_37057,0
NDGRD_37058,0
NDGRD_37059,0
NDGRD_37060,0
NDGRD_37061,0
NDGRD_37062,0
NDGRD_37063,0
NDGRD_37064,0
NDGRD_37065,0
NDGRD_37066,0
NDGRD_37067,0
NDGRD_37068,0
NDGRD_37069,0
NDGRD_37070,0
NDGRD_37071,0
NDGRD_37072,0
NDGRD_37073,0
NDGRD_37074,0
NDGRD_37075,0
NDGRD_37076,0
NDGRD_37077,0
NDGRD_37078,0
NDGRD_37079,0
NDGRD_37080,0
NDGRD_37081,0
NDGRD_37082,0
NDGRD_37083,0
NDGRD_37084,0
NDGRD_37085,0
NDGRD_37086,0
NDGRD_37087,0
NDGRD_37088,0
NDGRD_37089,0
NDGRD_37090,0
NDGRD_37091,0
NDGRD_37092,0
NDGRD_37093,0
NDGRD_37094,0
NDGRD_37095,0
NDGRD_37096,0
NDGRD_37097,0
NDGRD_37098,0
NDGRD_37099,0
NDGRD_37100,0
NDGRD_37101,0
NDGRD_37102,0
NDGRD_37103,0
NDGRD_37104,0
NDGRD_37105,0
NDGRD_37106,0
NDGRD_37107,0
NDGRD_37108,0
NDGRD_37109,0
NDGRD_37110,0
NDGRD_37111,0
NDGRD_37112,0
NDGRD_37113,0
NDGRD_37114,0
NDGRD_37115,0
NDGRD_37116,0
NDGRD_37117,0
NDGRD_37118,0
NDGRD_37119,0
NDGRD_37120,0
NDGRD_37121,0
NDGRD_37122,0
NDGRD_37123,0
NDGRD_37124,0
NDGRD_37125,0
NDGRD_37126,0
NDGRD_37127,0
NDGRD_37128,0
NDGRD_37129,0
NDGRD_37130,0
NDGRD_37131,0
NDGRD_37132,0
NDGRD_37133,0
NDGRD_37134,0
NDGRD_37135,0
NDGRD_37136,0
NDGRD_37137,0
NDGRD_37138,0
NDGRD_37139,0
NDGRD_37140,0
NDGRD_37141,0
NDGRD_37142,0
NDGRD_37143,0
NDGRD_37144,0
NDGRD_37145,0
NDGRD_37146,0
NDGRD_37147,0
NDGRD_37148,0
NDGRD_37149,0
NDGRD_37150,0
NDGRD_37151,0
NDGRD_37152,0
NDGRD_37153,0
NDGRD_37154,0
NDGRD_37155,0
NDGRD_37156,0
NDGRD_37157,0
NDGRD_37158,0
NDGRD_37159,0
NDGRD_37160,0
NDGRD_37161,0
NDGRD_37162,0
NDGRD_37163,0
NDGRD_37164,0
NDGRD_37165,0
NDGRD_37166,0
NDGRD_37167,0
NDGRD_37168,0
NDGRD_37169,0
NDGRD_37170,0
NDGRD_37171,0
NDGRD_37172,0
NDGRD_37173,0
NDGRD_37174,0
NDGRD_37175,0
NDGRD_37176,0
NDGRD_37177,0
NDGRD_37178,0
NDGRD_37179,0
NDGRD_37180,0
NDGRD_37181,0
NDGRD_37182,0
NDGRD_37183,0
NDGRD_37184,0
NDGRD_37185,0
NDGRD_37186,0
NDGRD_37187,0
NDGRD_37188,0
NDGRD_37189,0
NDGRD_37190,0
NDGRD_37191,0
NDGRD_37192,0
NDGRD_37193,0
NDGRD_37194,0
NDGRD_37195,0
NDGRD_37196,0
NDGRD_37197,0
NDGRD_37198,0
NDGRD_37199,0
NDGRD_37200,0
NDGRD_37201,0
NDGRD_37202,0
NDGRD_37203,0
NDGRD_37204,0
NDGRD_37205,0
NDGRD_37206,0
NDGRD_37207,0
NDGRD_37208,0
NDGRD_37209,0
NDGRD_37210,0
NDGRD_37211,0
NDGRD_37212,0
NDGRD_37213,0
NDGRD_37214,0
NDGRD_37215,0
NDGRD_37216,0
NDGRD_37217,0
NDGRD_37218,0
NDGRD_37219,0
NDGRD_37220,0
NDGRD_37221,0
NDGRD_37222,0
NDGRD_37223,0
NDGRD_37224,0
NDGRD_37225,0
NDGRD_37226,0
NDGRD_37227,0
NDGRD_37228,0
NDGRD_37229,0
NDGRD_37230,0
NDGRD_37231,0
NDGRD_37232,0
NDGRD_37233,0
NDGRD_37234,0
NDGRD_37235,0
NDGRD_37236,0
NDGRD_37237,0
NDGRD_37238,0
NDGRD_37239,0
NDGRD_37240,0
NDGRD_37241,0
NDGRD_37242,0
NDGRD_37243,0
NDGRD_37244,0
NDGRD_37245,0
NDGRD_37246,0
NDGRD_37247,0
NDGRD_37248,0
NDGRD_37249,0
NDGRD_37250,0
NDGRD_37251,0
NDGRD_37252,0
NDGRD_37253,0
NDGRD_37254,0
NDGRD_37255,0
NDGRD_37256,0
NDGRD_37257,0
NDGRD_37258,0
NDGRD_37259,0
NDGRD_37260,0
NDGRD_37261,0
NDGRD_37262,0
NDGRD_37263,0
NDGRD_37264,0
NDGRD_37265,0
NDGRD_37266,0
NDGRD_37267,0
NDGRD_37268,0
NDGRD_37269,0
NDGRD_37270,0
NDGRD_37271,0
NDGRD_37272,0
NDGRD_37273,0
NDGRD_37274,0
NDGRD_37275,0
NDGRD_37276,0
NDGRD_37277,0
NDGRD_37278,0
NDGRD_37279,0
NDGRD_37280,0
NDGRD_37281,0
NDGRD_37282,0
NDGRD_37283,0
NDGRD_37284,0
NDGRD_37285,0
NDGRD_37286,0
NDGRD_37287,0
NDGRD_37288,0
NDGRD_37289,0
NDGRD_37290,0
NDGRD_37291,0
NDGRD_37292,0
NDGRD_37293,0
NDGRD_37294,0
NDGRD_37295,0
NDGRD_37296,0
NDGRD_37297,0
NDGRD_37298,0
NDGRD_37299,0
NDGRD_37300,0
NDGRD_37301,0
NDGRD_37302,0
NDGRD_37303,0
NDGRD_37304,0
NDGRD_37305,0
NDGRD_37306,0
NDGRD_37307,0
NDGRD_37308,0
NDGRD_37309,0
NDGRD_37310,0
NDGRD_37311,0
NDGRD_37312,0
NDGRD_37313,0
NDGRD_37314,0
NDGRD_37315,0
NDGRD_37316,0
NDGRD_37317,0
NDGRD_37318,0
NDGRD_37319,0
NDGRD_37320,0
NDGRD_37321,0
NDGRD_37322,0
NDGRD_37323,0
NDGRD_37324,0
NDGRD_37325,0
NDGRD_37326,0
NDGRD_37327,0
NDGRD_37328,0
NDGRD_37329,0
NDGRD_37330,0
NDGRD_37331,0
NDGRD_37332,0
NDGRD_37333,0
NDGRD_37334,0
NDGRD_37335,0
NDGRD_37336,0
NDGRD_37337,0
NDGRD_37338,0
NDGRD_37339,0
NDGRD_37340,0
NDGRD_37341,0
NDGRD_37342,0
NDGRD_37343,0
NDGRD_37344,0
NDGRD_37345,0
NDGRD_37346,0
NDGRD_37347,0
NDGRD_37348,0
NDGRD_37349,0
NDGRD_37350,0
NDGRD_37351,0
NDGRD_37352,0
NDGRD_37353,0
NDGRD_37354,0
NDGRD_37355,0
NDGRD_37356,0
NDGRD_37357,0
NDGRD_37358,0
NDGRD_37359,0
NDGRD_37360,0
NDGRD_37361,0
NDGRD_37362,0
NDGRD_37363,0
NDGRD_37364,0
NDGRD_37365,0
NDGRD_37366,0
NDGRD_37367,0
NDGRD_37368,0
NDGRD_37369,0
NDGRD_37370,0
NDGRD_37371,0
NDGRD_37372,0
NDGRD_37373,0
NDGRD_37374,0
NDGRD_37375,0
NDGRD_37376,0
NDGRD_37377,0
NDGRD_37378,0
NDGRD_37379,0
NDGRD_37380,0
NDGRD_37381,0
NDGRD_37382,0
NDGRD_37383,0
NDGRD_37384,0
NDGRD_37385,0
NDGRD_37386,0
NDGRD_37387,0
NDGRD_37388,0
NDGRD_37389,0
NDGRD_37390,0
NDGRD_37391,0
NDGRD_37392,0
NDGRD_37393,0
NDGRD_37394,0
NDGRD_37395,0
NDGRD_37396,0
NDGRD_37397,0
NDGRD_37398,0
NDGRD_37399,0
NDGRD_37400,0
NDGRD_37401,0
NDGRD_37402,0
NDGRD_37403,0
NDGRD_37404,0
NDGRD_37405,0
NDGRD_37406,0
NDGRD_37407,0
NDGRD_37408,0
NDGRD_37409,0
NDGRD_37410,0
NDGRD_37411,0
NDGRD_37412,0
NDGRD_37413,0
NDGRD_37414,0
NDGRD_37415,0
NDGRD_37416,0
NDGRD_37417,0
NDGRD_37418,0
NDGRD_37419,0
NDGRD_37420,0
NDGRD_37421,0
NDGRD_37422,0
NDGRD_37423,0
NDGRD_37424,0
NDGRD_37425,0
NDGRD_37426,0
NDGRD_37427,0
NDGRD_37428,0
NDGRD_37429,0
NDGRD_37430,0
NDGRD_37431,0
NDGRD_37432,0
NDGRD_37433,0
NDGRD_37434,0
NDGRD_37435,0
NDGRD_37436,0
NDGRD_37437,0
NDGRD_37438,0
NDGRD_37439,0
NDGRD_37440,0
NDGRD_37441,0
NDGRD_37442,0
NDGRD_37443,0
NDGRD_37444,0
NDGRD_37445,0
NDGRD_37446,0
NDGRD_37447,0
NDGRD_37448,0
NDGRD_37449,0
NDGRD_37450,0
NDGRD_37451,0
NDGRD_37452,0
NDGRD_37453,0
NDGRD_37454,0
NDGRD_37455,0
NDGRD_37456,0
NDGRD_37457,0
NDGRD_37458,0
NDGRD_37459,0
NDGRD_37460,0
NDGRD_37461,0
NDGRD_37462,0
NDGRD_37463,0
NDGRD_37464,0
NDGRD_37465,0
NDGRD_37466,0
NDGRD_37467,0
NDGRD_37468,0
NDGRD_37469,0
NDGRD_37470,0
NDGRD_37471,0
NDGRD_37472,0
NDGRD_37473,0
NDGRD_37474,0
NDGRD_37475,0
NDGRD_37476,0
NDGRD_37477,0
NDGRD_37478,0
NDGRD_37479,0
NDGRD_37480,0
NDGRD_37481,0
NDGRD_37482,0
NDGRD_37483,0
NDGRD_37484,0
NDGRD_37485,0
NDGRD_37486,0
NDGRD_37487,0
NDGRD_37488,0
NDGRD_37489,0
NDGRD_37490,0
NDGRD_37491,0
NDGRD_37492,0
NDGRD_37493,0
NDGRD_37494,0
NDGRD_37495,0
NDGRD_37496,0
NDGRD_37497,0
NDGRD_37498,0
NDGRD_37499,0
NDGRD_37500,0
NDGRD_37501,0
NDGRD_37502,0
NDGRD_37503,0
NDGRD_37504,0
NDGRD_37505,0
NDGRD_37506,0
NDGRD_37507,0
NDGRD_37508,0
NDGRD_37509,0
NDGRD_37510,0
NDGRD_37511,0
NDGRD_37512,0
NDGRD_37513,0
NDGRD_37514,0
NDGRD_37515,0
NDGRD_37516,0
NDGRD_37517,0
NDGRD_37518,0
NDGRD_37519,0
NDGRD_37520,0
NDGRD_37521,0
NDGRD_37522,0
NDGRD_37523,0
NDGRD_37524,0
NDGRD_37525,0
NDGRD_37526,0
NDGRD_37527,0
NDGRD_37528,0
NDGRD_37529,0
NDGRD_37530,0
NDGRD_37531,0
NDGRD_37532,0
NDGRD_37533,0
NDGRD_37534,0
NDGRD_37535,0
NDGRD_37536,0
NDGRD_37537,0
NDGRD_37538,0
NDGRD_37539,0
NDGRD_37540,0
NDGRD_37541,0
NDGRD_37542,0
NDGRD_37543,0
NDGRD_37544,0
NDGRD_37545,0
NDGRD_37546,0
NDGRD_37547,0
NDGRD_37548,0
NDGRD_37549,0
NDGRD_37550,0
NDGRD_37551,0
NDGRD_37552,0
NDGRD_37553,0
NDGRD_37554,0
NDGRD_37555,0
NDGRD_37556,0
NDGRD_37557,0
NDGRD_37558,0
NDGRD_37559,0
NDGRD_37560,0
NDGRD_37561,0
NDGRD_37562,0
NDGRD_37563,0
NDGRD_37564,0
NDGRD_37565,0
NDGRD_37566,0
NDGRD_37567,0
NDGRD_37568,0
NDGRD_37569,0
NDGRD_37570,0
NDGRD_37571,0
NDGRD_37572,0
NDGRD_37573,0
NDGRD_37574,0
NDGRD_37575,0
NDGRD_37576,0
NDGRD_37577,0
NDGRD_37578,0
NDGRD_37579,0
NDGRD_37580,0
NDGRD_37581,0
NDGRD_37582,0
NDGRD_37583,0
NDGRD_37584,0
NDGRD_37585,0
NDGRD_37586,0
NDGRD_37587,0
NDGRD_37588,0
NDGRD_37589,0
NDGRD_37590,0
NDGRD_37591,0
NDGRD_37592,0
NDGRD_37593,0
NDGRD_37594,0
NDGRD_37595,0
NDGRD_37596,0
NDGRD_37597,0
NDGRD_37598,0
NDGRD_37599,0
NDGRD_37600,0
NDGRD_37601,0
NDGRD_37602,0
NDGRD_37603,0
NDGRD_37604,0
NDGRD_37605,0
NDGRD_37606,0
NDGRD_37607,0
NDGRD_37608,0
NDGRD_37609,0
NDGRD_37610,0
NDGRD_37611,0
NDGRD_37612,0
NDGRD_37613,0
NDGRD_37614,0
NDGRD_37615,0
NDGRD_37616,0
NDGRD_37617,0
NDGRD_37618,0
NDGRD_37619,0
NDGRD_37620,0
NDGRD_37621,0
NDGRD_37622,0
NDGRD_37623,0
NDGRD_37624,0
NDGRD_37625,0
NDGRD_37626,0
NDGRD_37627,0
NDGRD_37628,0
NDGRD_37629,0
NDGRD_37630,0
NDGRD_37631,0
NDGRD_37632,0
NDGRD_37633,0
NDGRD_37634,0
NDGRD_37635,0
NDGRD_37636,0
NDGRD_37637,0
NDGRD_37638,0
NDGRD_37639,0
NDGRD_37640,0
NDGRD_37641,0
NDGRD_37642,0
NDGRD_37643,0
NDGRD_37644,0
NDGRD_37645,0
NDGRD_37646,0
NDGRD_37647,0
NDGRD_37648,0
NDGRD_37649,0
NDGRD_37650,0
NDGRD_37651,0
NDGRD_37652,0
NDGRD_37653,0
NDGRD_37654,0
NDGRD_37655,0
NDGRD_37656,0
NDGRD_37657,0
NDGRD_37658,0
NDGRD_37659,0
NDGRD_37660,0
NDGRD_37661,0
NDGRD_37662,0
NDGRD_37663,0
NDGRD_37664,0
NDGRD_37665,0
NDGRD_37666,0
NDGRD_37667,0
NDGRD_37668,0
NDGRD_37669,0
NDGRD_37670,0
NDGRD_37671,0
NDGRD_37672,0
NDGRD_37673,0
NDGRD_37674,0
NDGRD_37675,0
NDGRD_37676,0
NDGRD_37677,0
NDGRD_37678,0
NDGRD_37679,0
NDGRD_37680,0
NDGRD_37681,0
NDGRD_37682,0
NDGRD_37683,0
NDGRD_37684,0
NDGRD_37685,0
NDGRD_37686,0
NDGRD_37687,0
NDGRD_37688,0
NDGRD_37689,0
NDGRD_37690,0
NDGRD_37691,0
NDGRD_37692,0
NDGRD_37693,0
NDGRD_37694,0
NDGRD_37695,0
NDGRD_37696,0
NDGRD_37697,0
NDGRD_37698,0
NDGRD_37699,0
NDGRD_37700,0
NDGRD_37701,0
NDGRD_37702,0
NDGRD_37703,0
NDGRD_37704,0
NDGRD_37705,0
NDGRD_37706,0
NDGRD_37707,0
NDGRD_37708,0
NDGRD_37709,0
NDGRD_37710,0
NDGRD_37711,0
NDGRD_37712,0
NDGRD_37713,0
NDGRD_37714,0
NDGRD_37715,0
NDGRD_37716,0
NDGRD_37717,0
NDGRD_37718,0
NDGRD_37719,0
NDGRD_37720,0
NDGRD_37721,0
NDGRD_37722,0
NDGRD_37723,0
NDGRD_37724,0
NDGRD_37725,0
NDGRD_37726,0
NDGRD_37727,0
NDGRD_37728,0
NDGRD_37729,0
NDGRD_37730,0
NDGRD_37731,0
NDGRD_37732,0
NDGRD_37733,0
NDGRD_37734,0
NDGRD_37735,0
NDGRD_37736,0
NDGRD_37737,0
NDGRD_37738,0
NDGRD_37739,0
NDGRD_37740,0
NDGRD_37741,0
NDGRD_37742,0
NDGRD_37743,0
NDGRD_37744,0
NDGRD_37745,0
NDGRD_37746,0
NDGRD_37747,0
NDGRD_37748,0
NDGRD_37749,0
NDGRD_37750,0
NDGRD_37751,0
NDGRD_37752,0
NDGRD_37753,0
NDGRD_37754,0
NDGRD_37755,0
NDGRD_37756,0
NDGRD_37757,0
NDGRD_37758,0
NDGRD_37759,0
NDGRD_37760,0
NDGRD_37761,0
NDGRD_37762,0
NDGRD_37763,0
NDGRD_37764,0
NDGRD_37765,0
NDGRD_37766,0
NDGRD_37767,0
NDGRD_37768,0
NDGRD_37769,0
NDGRD_37770,0
NDGRD_37771,0
NDGRD_37772,0
NDGRD_37773,0
NDGRD_37774,0
NDGRD_37775,0
NDGRD_37776,0
NDGRD_37777,0
NDGRD_37778,0
NDGRD_37779,0
NDGRD_37780,0
NDGRD_37781,0
NDGRD_37782,0
NDGRD_37783,0
NDGRD_37784,0
NDGRD_37785,0
NDGRD_37786,0
NDGRD_37787,0
NDGRD_37788,0
NDGRD_37789,0
NDGRD_37790,0
NDGRD_37791,0
NDGRD_37792,0
NDGRD_37793,0
NDGRD_37794,0
NDGRD_37795,0
NDGRD_37796,0
NDGRD_37797,0
NDGRD_37798,0
NDGRD_37799,0
NDGRD_37800,0
NDGRD_37801,0
NDGRD_37802,0
NDGRD_37803,0
NDGRD_37804,0
NDGRD_37805,0
NDGRD_37806,0
NDGRD_37807,0
NDGRD_37808,0
NDGRD_37809,0
NDGRD_37810,0
NDGRD_37811,0
NDGRD_37812,0
NDGRD_37813,0
NDGRD_37814,0
NDGRD_37815,0
NDGRD_37816,0
NDGRD_37817,0
NDGRD_37818,0
NDGRD_37819,0
NDGRD_37820,0
NDGRD_37821,0
NDGRD_37822,0
NDGRD_37823,0
NDGRD_37824,0
NDGRD_37825,0
NDGRD_37826,0
NDGRD_37827,0
NDGRD_37828,0
NDGRD_37829,0
NDGRD_37830,0
NDGRD_37831,0
NDGRD_37832,0
NDGRD_37833,0
NDGRD_37834,0
NDGRD_37835,0
NDGRD_37836,0
NDGRD_37837,0
NDGRD_37838,0
NDGRD_37839,0
NDGRD_37840,0
NDGRD_37841,0
NDGRD_37842,0
NDGRD_37843,0
NDGRD_37844,0
NDGRD_37845,0
NDGRD_37846,0
NDGRD_37847,0
NDGRD_37848,0
NDGRD_37849,0
NDGRD_37850,0
NDGRD_37851,0
NDGRD_37852,0
NDGRD_37853,0
NDGRD_37854,0
NDGRD_37855,0
NDGRD_37856,0
NDGRD_37857,0
NDGRD_37858,0
NDGRD_37859,0
NDGRD_37860,0
NDGRD_37861,0
NDGRD_37862,0
NDGRD_37863,0
NDGRD_37864,0
NDGRD_37865,0
NDGRD_37866,0
NDGRD_37867,0
NDGRD_37868,0
NDGRD_37869,0
NDGRD_37870,0
NDGRD_37871,0
NDGRD_37872,0
NDGRD_37873,0
NDGRD_37874,0
NDGRD_37875,0
NDGRD_37876,0
NDGRD_37877,0
NDGRD_37878,0
NDGRD_37879,0
NDGRD_37880,0
NDGRD_37881,0
NDGRD_37882,0
NDGRD_37883,0
NDGRD_37884,0
NDGRD_37885,0
NDGRD_37886,0
NDGRD_37887,0
NDGRD_37888,0
NDGRD_37889,0
NDGRD_37890,0
NDGRD_37891,0
NDGRD_37892,0
NDGRD_37893,0
NDGRD_37894,0
NDGRD_37895,0
NDGRD_37896,0
NDGRD_37897,0
NDGRD_37898,0
NDGRD_37899,0
NDGRD_37900,0
NDGRD_37901,0
NDGRD_37902,0
NDGRD_37903,0
NDGRD_37904,0
NDGRD_37905,0
NDGRD_37906,0
NDGRD_37907,0
NDGRD_37908,0
NDGRD_37909,0
NDGRD_37910,0
NDGRD_37911,0
NDGRD_37912,0
NDGRD_37913,0
NDGRD_37914,0
NDGRD_37915,0
NDGRD_37916,0
NDGRD_37917,0
NDGRD_37918,0
NDGRD_37919,0
NDGRD_37920,0
NDGRD_37921,0
NDGRD_37922,0
NDGRD_37923,0
NDGRD_37924,0
NDGRD_37925,0
NDGRD_37926,0
NDGRD_37927,0
NDGRD_37928,0
NDGRD_37929,0
NDGRD_37930,0
NDGRD_37931,0
NDGRD_37932,0
NDGRD_37933,0
NDGRD_37934,0
NDGRD_37935,0
NDGRD_37936,0
NDGRD_37937,0
NDGRD_37938,0
NDGRD_37939,0
NDGRD_37940,0
NDGRD_37941,0
NDGRD_37942,0
NDGRD_37943,0
NDGRD_37944,0
NDGRD_37945,0
NDGRD_37946,0
NDGRD_37947,0
NDGRD_37948,0
NDGRD_37949,0
NDGRD_37950,0
NDGRD_37951,0
NDGRD_37952,0
NDGRD_37953,0
NDGRD_37954,0
NDGRD_37955,0
NDGRD_37956,0
NDGRD_37957,0
NDGRD_37958,0
NDGRD_37959,0
NDGRD_37960,0
NDGRD_37961,0
NDGRD_37962,0
NDGRD_37963,0
NDGRD_37964,0
NDGRD_37965,0
NDGRD_37966,0
NDGRD_37967,0
NDGRD_37968,0
NDGRD_37969,0
NDGRD_37970,0
NDGRD_37971,0
NDGRD_37972,0
NDGRD_37973,0
NDGRD_37974,0
NDGRD_37975,0
NDGRD_37976,0
NDGRD_37977,0
NDGRD_37978,0
NDGRD_37979,0
NDGRD_37980,0
NDGRD_37981,0
NDGRD_37982,0
NDGRD_37983,0
NDGRD_37984,0
NDGRD_37985,0
NDGRD_37986,0
NDGRD_37987,0
NDGRD_37988,0
NDGRD_37989,0
NDGRD_37990,0
NDGRD_37991,0
NDGRD_37992,0
NDGRD_37993,0
NDGRD_37994,0
NDGRD_37995,0
NDGRD_37996,0
NDGRD_37997,0
NDGRD_37998,0
NDGRD_37999,0
NDGRD_38000,0
NDGRD_38001,0
NDGRD_38002,0
NDGRD_38003,0
NDGRD_38004,0
NDGRD_38005,0
NDGRD_38006,0
NDGRD_38007,0
NDGRD_38008,0
NDGRD_38009,0
NDGRD_38010,0
NDGRD_38011,0
NDGRD_38012,0
NDGRD_38013,0
NDGRD_38014,0
NDGRD_38015,0
NDGRD_38016,0
NDGRD_38017,0
NDGRD_38018,0
NDGRD_38019,0
NDGRD_38020,0
NDGRD_38021,0
NDGRD_38022,0
NDGRD_38023,0
NDGRD_38024,0
NDGRD_38025,0
NDGRD_38026,0
NDGRD_38027,0
NDGRD_38028,0
NDGRD_38029,0
NDGRD_38030,0
NDGRD_38031,0
NDGRD_38032,0
NDGRD_38033,0
NDGRD_38034,0
NDGRD_38035,0
NDGRD_38036,0
NDGRD_38037,0
NDGRD_38038,0
NDGRD_38039,0
NDGRD_38040,0
NDGRD_38041,0
NDGRD_38042,0
NDGRD_38043,0
NDGRD_38044,0
NDGRD_38045,0
NDGRD_38046,0
NDGRD_38047,0
NDGRD_38048,0
NDGRD_38049,0
NDGRD_38050,0
NDGRD_38051,0
NDGRD_38052,0
NDGRD_38053,0
NDGRD_38054,0
NDGRD_38055,0
NDGRD_38056,0
NDGRD_38057,0
NDGRD_38058,0
NDGRD_38059,0
NDGRD_38060,0
NDGRD_38061,0
NDGRD_38062,0
NDGRD_38063,0
NDGRD_38064,0
NDGRD_38065,0
NDGRD_38066,0
NDGRD_38067,0
NDGRD_38068,0
NDGRD_38069,0
NDGRD_38070,0
NDGRD_38071,0
NDGRD_38072,0
NDGRD_38073,0
NDGRD_38074,0
NDGRD_38075,0
NDGRD_38076,0
NDGRD_38077,0
NDGRD_38078,0
NDGRD_38079,0
NDGRD_38080,0
NDGRD_38081,0
NDGRD_38082,0
NDGRD_38083,0
NDGRD_38084,0
NDGRD_38085,0
NDGRD_38086,0
NDGRD_38087,0
NDGRD_38088,0
NDGRD_38089,0
NDGRD_38090,0
NDGRD_38091,0
NDGRD_38092,0
NDGRD_38093,0
NDGRD_38094,0
NDGRD_38095,0
NDGRD_38096,0
NDGRD_38097,0
NDGRD_38098,0
NDGRD_38099,0
NDGRD_38100,0
NDGRD_38101,0
NDGRD_38102,0
NDGRD_38103,0
NDGRD_38104,0
NDGRD_38105,0
NDGRD_38106,0
NDGRD_38107,0
NDGRD_38108,0
NDGRD_38109,0
NDGRD_38110,0
NDGRD_38111,0
NDGRD_38112,0
NDGRD_38113,0
NDGRD_38114,0
NDGRD_38115,0
NDGRD_38116,0
NDGRD_38117,0
NDGRD_38118,0
NDGRD_38119,0
NDGRD_38120,0
NDGRD_38121,0
NDGRD_38122,0
NDGRD_38123,0
NDGRD_38124,0
NDGRD_38125,0
NDGRD_38126,0
NDGRD_38127,0
NDGRD_38128,0
NDGRD_38129,0
NDGRD_38130,0
NDGRD_38131,0
NDGRD_38132,0
NDGRD_38133,0
NDGRD_38134,0
NDGRD_38135,0
NDGRD_38136,0
NDGRD_38137,0
NDGRD_38138,0
NDGRD_38139,0
NDGRD_38140,0
NDGRD_38141,0
NDGRD_38142,0
NDGRD_38143,0
NDGRD_38144,0
NDGRD_38145,0
NDGRD_38146,0
NDGRD_38147,0
NDGRD_38148,0
NDGRD_38149,0
NDGRD_38150,0
NDGRD_38151,0
NDGRD_38152,0
NDGRD_38153,0
NDGRD_38154,0
NDGRD_38155,0
NDGRD_38156,0
NDGRD_38157,0
NDGRD_38158,0
NDGRD_38159,0
NDGRD_38160,0
NDGRD_38161,0
NDGRD_38162,0
NDGRD_38163,0
NDGRD_38164,0
NDGRD_38165,0
NDGRD_38166,0
NDGRD_38167,0
NDGRD_38168,0
NDGRD_38169,0
NDGRD_38170,0
NDGRD_38171,0
NDGRD_38172,0
NDGRD_38173,0
NDGRD_38174,0
NDGRD_38175,0
NDGRD_38176,0
NDGRD_38177,0
NDGRD_38178,0
NDGRD_38179,0
NDGRD_38180,0
NDGRD_38181,0
NDGRD_38182,0
NDGRD_38183,0
NDGRD_38184,0
NDGRD_38185,0
NDGRD_38186,0
NDGRD_38187,0
NDGRD_38188,0
NDGRD_38189,0
NDGRD_38190,0
NDGRD_38191,0
NDGRD_38192,0
NDGRD_38193,0
NDGRD_38194,0
NDGRD_38195,0
NDGRD_38196,0
NDGRD_38197,0
NDGRD_38198,0
NDGRD_38199,0
NDGRD_38200,0
NDGRD_38201,0
NDGRD_38202,0
NDGRD_38203,0
NDGRD_38204,0
NDGRD_38205,0
NDGRD_38206,0
NDGRD_38207,0
NDGRD_38208,0
NDGRD_38209,0
NDGRD_38210,0
NDGRD_38211,0
NDGRD_38212,0
NDGRD_38213,0
NDGRD_38214,0
NDGRD_38215,0
NDGRD_38216,0
NDGRD_38217,0
NDGRD_38218,0
NDGRD_38219,0
NDGRD_38220,0
NDGRD_38221,0
NDGRD_38222,0
NDGRD_38223,0
NDGRD_38224,0
NDGRD_38225,0
NDGRD_38226,0
NDGRD_38227,0
NDGRD_38228,0
NDGRD_38229,0
NDGRD_38230,0
NDGRD_38231,0
NDGRD_38232,0
NDGRD_38233,0
NDGRD_38234,0
NDGRD_38235,0
NDGRD_38236,0
NDGRD_38237,0
NDGRD_38238,0
NDGRD_38239,0
NDGRD_38240,0
NDGRD_38241,0
NDGRD_38242,0
NDGRD_38243,0
NDGRD_38244,0
NDGRD_38245,0
NDGRD_38246,0
NDGRD_38247,0
NDGRD_38248,0
NDGRD_38249,0
NDGRD_38250,0
NDGRD_38251,0
NDGRD_38252,0
NDGRD_38253,0
NDGRD_38254,0
NDGRD_38255,0
NDGRD_38256,0
NDGRD_38257,0
NDGRD_38258,0
NDGRD_38259,0
NDGRD_38260,0
NDGRD_38261,0
NDGRD_38262,0
NDGRD_38263,0
NDGRD_38264,0
NDGRD_38265,0
NDGRD_38266,0
NDGRD_38267,0
NDGRD_38268,0
NDGRD_38269,0
NDGRD_38270,0
NDGRD_38271,0
NDGRD_38272,0
NDGRD_38273,0
NDGRD_38274,0
NDGRD_38275,0
NDGRD_38276,0
NDGRD_38277,0
NDGRD_38278,0
NDGRD_38279,0
NDGRD_38280,0
NDGRD_38281,0
NDGRD_38282,0
NDGRD_38283,0
NDGRD_38284,0
NDGRD_38285,0
NDGRD_38286,0
NDGRD_38287,0
NDGRD_38288,0
NDGRD_38289,0
NDGRD_38290,0
NDGRD_38291,0
NDGRD_38292,0
NDGRD_38293,0
NDGRD_38294,0
NDGRD_38295,0
NDGRD_38296,0
NDGRD_38297,0
NDGRD_38298,0
NDGRD_38299,0
NDGRD_38300,0
NDGRD_38301,0
NDGRD_38302,0
NDGRD_38303,0
NDGRD_38304,0
NDGRD_38305,0
NDGRD_38306,0
NDGRD_38307,0
NDGRD_38308,0
NDGRD_38309,0
NDGRD_38310,0
NDGRD_38311,0
NDGRD_38312,0
NDGRD_38313,0
NDGRD_38314,0
NDGRD_38315,0
NDGRD_38316,0
NDGRD_38317,0
NDGRD_38318,0
NDGRD_38319,0
NDGRD_38320,0
NDGRD_38321,0
NDGRD_38322,0
NDGRD_38323,0
NDGRD_38324,0
NDGRD_38325,0
NDGRD_38326,0
NDGRD_38327,0
NDGRD_38328,0
NDGRD_38329,0
NDGRD_38330,0
NDGRD_38331,0
NDGRD_38332,0
NDGRD_38333,0
NDGRD_38334,0
NDGRD_38335,0
NDGRD_38336,0
NDGRD_38337,0
NDGRD_38338,0
NDGRD_38339,0
NDGRD_38340,0
NDGRD_38341,0
NDGRD_38342,0
NDGRD_38343,0
NDGRD_38344,0
NDGRD_38345,0
NDGRD_38346,0
NDGRD_38347,0
NDGRD_38348,0
NDGRD_38349,0
NDGRD_38350,0
NDGRD_38351,0
NDGRD_38352,0
NDGRD_38353,0
NDGRD_38354,0
NDGRD_38355,0
NDGRD_38356,0
NDGRD_38357,0
NDGRD_38358,0
NDGRD_38359,0
NDGRD_38360,0
NDGRD_38361,0
NDGRD_38362,0
NDGRD_38363,0
NDGRD_38364,0
NDGRD_38365,0
NDGRD_38366,0
NDGRD_38367,0
NDGRD_38368,0
NDGRD_38369,0
NDGRD_38370,0
NDGRD_38371,0
NDGRD_38372,0
NDGRD_38373,0
NDGRD_38374,0
NDGRD_38375,0
NDGRD_38376,0
NDGRD_38377,0
NDGRD_38378,0
NDGRD_38379,0
NDGRD_38380,0
NDGRD_38381,0
NDGRD_38382,0
NDGRD_38383,0
NDGRD_38384,0
NDGRD_38385,0
NDGRD_38386,0
NDGRD_38387,0
NDGRD_38388,0
NDGRD_38389,0
NDGRD_38390,0
NDGRD_38391,0
NDGRD_38392,0
NDGRD_38393,0
NDGRD_38394,0
NDGRD_38395,0
NDGRD_38396,0
NDGRD_38397,0
NDGRD_38398,0
NDGRD_38399,0
NDGRD_38400,0
NDGRD_38401,0
NDGRD_38402,0
NDGRD_38403,0
NDGRD_38404,0
NDGRD_38405,0
NDGRD_38406,0
NDGRD_38407,0
NDGRD_38408,0
NDGRD_38409,0
NDGRD_38410,0
NDGRD_38411,0
NDGRD_38412,0
NDGRD_38413,0
NDGRD_38414,0
NDGRD_38415,0
NDGRD_38416,0
NDGRD_38417,0
NDGRD_38418,0
NDGRD_38419,0
NDGRD_38420,0
NDGRD_38421,0
NDGRD_38422,0
NDGRD_38423,0
NDGRD_38424,0
NDGRD_38425,0
NDGRD_38426,0
NDGRD_38427,0
NDGRD_38428,0
NDGRD_38429,0
NDGRD_38430,0
NDGRD_38431,0
NDGRD_38432,0
NDGRD_38433,0
NDGRD_38434,0
NDGRD_38435,0
NDGRD_38436,0
NDGRD_38437,0
NDGRD_38438,0
NDGRD_38439,0
NDGRD_38440,0
NDGRD_38441,0
NDGRD_38442,0
NDGRD_38443,0
NDGRD_38444,0
NDGRD_38445,0
NDGRD_38446,0
NDGRD_38447,0
NDGRD_38448,0
NDGRD_38449,0
NDGRD_38450,0
NDGRD_38451,0
NDGRD_38452,0
NDGRD_38453,0
NDGRD_38454,0
NDGRD_38455,0
NDGRD_38456,0
NDGRD_38457,0
NDGRD_38458,0
NDGRD_38459,0
NDGRD_38460,0
NDGRD_38461,0
NDGRD_38462,0
NDGRD_38463,0
NDGRD_38464,0
NDGRD_38465,0
NDGRD_38466,0
NDGRD_38467,0
NDGRD_38468,0
NDGRD_38469,0
NDGRD_38470,0
NDGRD_38471,0
NDGRD_38472,0
NDGRD_38473,0
NDGRD_38474,0
NDGRD_38475,0
NDGRD_38476,0
NDGRD_38477,0
NDGRD_38478,0
NDGRD_38479,0
NDGRD_38480,0
NDGRD_38481,0
NDGRD_38482,0
NDGRD_38483,0
NDGRD_38484,0
NDGRD_38485,0
NDGRD_38486,0
NDGRD_38487,0
NDGRD_38488,0
NDGRD_38489,0
NDGRD_38490,0
NDGRD_38491,0
NDGRD_38492,0
NDGRD_38493,0
NDGRD_38494,0
NDGRD_38495,0
NDGRD_38496,0
NDGRD_38497,0
NDGRD_38498,0
NDGRD_38499,0
NDGRD_38500,0
NDGRD_38501,0
NDGRD_38502,0
NDGRD_38503,0
NDGRD_38504,0
NDGRD_38505,0
NDGRD_38506,0
NDGRD_38507,0
NDGRD_38508,0
NDGRD_38509,0
NDGRD_38510,0
NDGRD_38511,0
NDGRD_38512,0
NDGRD_38513,0
NDGRD_38514,0
NDGRD_38515,0
NDGRD_38516,0
NDGRD_38517,0
NDGRD_38518,0
NDGRD_38519,0
NDGRD_38520,0
NDGRD_38521,0
NDGRD_38522,0
NDGRD_38523,0
NDGRD_38524,0
NDGRD_38525,0
NDGRD_38526,0
NDGRD_38527,0
NDGRD_38528,0
NDGRD_38529,0
NDGRD_38530,0
NDGRD_38531,0
NDGRD_38532,0
NDGRD_38533,0
NDGRD_38534,0
NDGRD_38535,0
NDGRD_38536,0
NDGRD_38537,0
NDGRD_38538,0
NDGRD_38539,0
NDGRD_38540,0
NDGRD_38541,0
NDGRD_38542,0
NDGRD_38543,0
NDGRD_38544,0
NDGRD_38545,0
NDGRD_38546,0
NDGRD_38547,0
NDGRD_38548,0
NDGRD_38549,0
NDGRD_38550,0
NDGRD_38551,0
NDGRD_38552,0
NDGRD_38553,0
NDGRD_38554,0
NDGRD_38555,0
NDGRD_38556,0
NDGRD_38557,0
NDGRD_38558,0
NDGRD_38559,0
NDGRD_38560,0
NDGRD_38561,0
NDGRD_38562,0
NDGRD_38563,0
NDGRD_38564,0
NDGRD_38565,0
NDGRD_38566,0
NDGRD_38567,0
NDGRD_38568,0
NDGRD_38569,0
NDGRD_38570,0
NDGRD_38571,0
NDGRD_38572,0
NDGRD_38573,0
NDGRD_38574,0
NDGRD_38575,0
NDGRD_38576,0
NDGRD_38577,0
NDGRD_38578,0
NDGRD_38579,0
NDGRD_38580,0
NDGRD_38581,0
NDGRD_38582,0
NDGRD_38583,0
NDGRD_38584,0
NDGRD_38585,0
NDGRD_38586,0
NDGRD_38587,0
NDGRD_38588,0
NDGRD_38589,0
NDGRD_38590,0
NDGRD_38591,0
NDGRD_38592,0
NDGRD_38593,0
NDGRD_38594,0
NDGRD_38595,0
NDGRD_38596,0
NDGRD_38597,0
NDGRD_38598,0
NDGRD_38599,0
NDGRD_38600,0
NDGRD_38601,0
NDGRD_38602,0
NDGRD_38603,0
NDGRD_38604,0
NDGRD_38605,0
NDGRD_38606,0
NDGRD_38607,0
NDGRD_38608,0
NDGRD_38609,0
NDGRD_38610,0
NDGRD_38611,0
NDGRD_38612,0
NDGRD_38613,0
NDGRD_38614,0
NDGRD_38615,0
NDGRD_38616,0
NDGRD_38617,0
NDGRD_38618,0
NDGRD_38619,0
NDGRD_38620,0
NDGRD_38621,0
NDGRD_38622,0
NDGRD_38623,0
NDGRD_38624,0
NDGRD_38625,0
NDGRD_38626,0
NDGRD_38627,0
NDGRD_38628,0
NDGRD_38629,0
NDGRD_38630,0
NDGRD_38631,0
NDGRD_38632,0
NDGRD_38633,0
NDGRD_38634,0
NDGRD_38635,0
NDGRD_38636,0
NDGRD_38637,0
NDGRD_38638,0
NDGRD_38639,0
NDGRD_38640,0
NDGRD_38641,0
NDGRD_38642,0
NDGRD_38643,0
NDGRD_38644,0
NDGRD_38645,0
NDGRD_38646,0
NDGRD_38647,0
NDGRD_38648,0
NDGRD_38649,0
NDGRD_38650,0
NDGRD_38651,0
NDGRD_38652,0
NDGRD_38653,0
NDGRD_38654,0
NDGRD_38655,0
NDGRD_38656,0
NDGRD_38657,0
NDGRD_38658,0
NDGRD_38659,0
NDGRD_38660,0
NDGRD_38661,0
NDGRD_38662,0
NDGRD_38663,0
NDGRD_38664,0
NDGRD_38665,0
NDGRD_38666,0
NDGRD_38667,0
NDGRD_38668,0
NDGRD_38669,0
NDGRD_38670,0
NDGRD_38671,0
NDGRD_38672,0
NDGRD_38673,0
NDGRD_38674,0
NDGRD_38675,0
NDGRD_38676,0
NDGRD_38677,0
NDGRD_38678,0
NDGRD_38679,0
NDGRD_38680,0
NDGRD_38681,0
NDGRD_38682,0
NDGRD_38683,0
NDGRD_38684,0
NDGRD_38685,0
NDGRD_38686,0
NDGRD_38687,0
NDGRD_38688,0
NDGRD_38689,0
NDGRD_38690,0
NDGRD_38691,0
NDGRD_38692,0
NDGRD_38693,0
NDGRD_38694,0
NDGRD_38695,0
NDGRD_38696,0
NDGRD_38697,0
NDGRD_38698,0
NDGRD_38699,0
NDGRD_38700,0
NDGRD_38701,0
NDGRD_38702,0
NDGRD_38703,0
NDGRD_38704,0
NDGRD_38705,0
NDGRD_38706,0
NDGRD_38707,0
NDGRD_38708,0
NDGRD_38709,0
NDGRD_38710,0
NDGRD_38711,0
NDGRD_38712,0
NDGRD_38713,0
NDGRD_38714,0
NDGRD_38715,0
NDGRD_38716,0
NDGRD_38717,0
NDGRD_38718,0
NDGRD_38719,0
NDGRD_38720,0
NDGRD_38721,0
NDGRD_38722,0
NDGRD_38723,0
NDGRD_38724,0
NDGRD_38725,0
NDGRD_38726,0
NDGRD_38727,0
NDGRD_38728,0
NDGRD_38729,0
NDGRD_38730,0
NDGRD_38731,0
NDGRD_38732,0
NDGRD_38733,0
NDGRD_38734,0
NDGRD_38735,0
NDGRD_38736,0
NDGRD_38737,0
NDGRD_38738,0
NDGRD_38739,0
NDGRD_38740,0
NDGRD_38741,0
NDGRD_38742,0
NDGRD_38743,0
NDGRD_38744,0
NDGRD_38745,0
NDGRD_38746,0
NDGRD_38747,0
NDGRD_38748,0
NDGRD_38749,0
NDGRD_38750,0
NDGRD_38751,0
NDGRD_38752,0
NDGRD_38753,0
NDGRD_38754,0
NDGRD_38755,0
NDGRD_38756,0
NDGRD_38757,0
NDGRD_38758,0
NDGRD_38759,0
NDGRD_38760,0
NDGRD_38761,0
NDGRD_38762,0
NDGRD_38763,0
NDGRD_38764,0
NDGRD_38765,0
NDGRD_38766,0
NDGRD_38767,0
NDGRD_38768,0
NDGRD_38769,0
NDGRD_38770,0
NDGRD_38771,0
NDGRD_38772,0
NDGRD_38773,0
NDGRD_38774,0
NDGRD_38775,0
NDGRD_38776,0
NDGRD_38777,0
NDGRD_38778,0
NDGRD_38779,0
NDGRD_38780,0
NDGRD_38781,0
NDGRD_38782,0
NDGRD_38783,0
NDGRD_38784,0
NDGRD_38785,0
NDGRD_38786,0
NDGRD_38787,0
NDGRD_38788,0
NDGRD_38789,0
NDGRD_38790,0
NDGRD_38791,0
NDGRD_38792,0
NDGRD_38793,0
NDGRD_38794,0
NDGRD_38795,0
NDGRD_38796,0
NDGRD_38797,0
NDGRD_38798,0
NDGRD_38799,0
NDGRD_38800,0
NDGRD_38801,0
NDGRD_38802,0
NDGRD_38803,0
NDGRD_38804,0
NDGRD_38805,0
NDGRD_38806,0
NDGRD_38807,0
NDGRD_38808,0
NDGRD_38809,0
NDGRD_38810,0
NDGRD_38811,0
NDGRD_38812,0
NDGRD_38813,0
NDGRD_38814,0
NDGRD_38815,0
NDGRD_38816,0
NDGRD_38817,0
NDGRD_38818,0
NDGRD_38819,0
NDGRD_38820,0
NDGRD_38821,0
NDGRD_38822,0
NDGRD_38823,0
NDGRD_38824,0
NDGRD_38825,0
NDGRD_38826,0
NDGRD_38827,0
NDGRD_38828,0
NDGRD_38829,0
NDGRD_38830,0
NDGRD_38831,0
NDGRD_38832,0
NDGRD_38833,0
NDGRD_38834,0
NDGRD_38835,0
NDGRD_38836,0
NDGRD_38837,0
NDGRD_38838,0
NDGRD_38839,0
NDGRD_38840,0
NDGRD_38841,0
NDGRD_38842,0
NDGRD_38843,0
NDGRD_38844,0
NDGRD_38845,0
NDGRD_38846,0
NDGRD_38847,0
NDGRD_38848,0
NDGRD_38849,0
NDGRD_38850,0
NDGRD_38851,0
NDGRD_38852,0
NDGRD_38853,0
NDGRD_38854,0
NDGRD_38855,0
NDGRD_38856,0
NDGRD_38857,0
NDGRD_38858,0
NDGRD_38859,0
NDGRD_38860,0
NDGRD_38861,0
NDGRD_38862,0
NDGRD_38863,0
NDGRD_38864,0
NDGRD_38865,0
NDGRD_38866,0
NDGRD_38867,0
NDGRD_38868,0
NDGRD_38869,0
NDGRD_38870,0
NDGRD_38871,0
NDGRD_38872,0
NDGRD_38873,0
NDGRD_38874,0
NDGRD_38875,0
NDGRD_38876,0
NDGRD_38877,0
NDGRD_38878,0
NDGRD_38879,0
NDGRD_38880,0
NDGRD_38881,0
NDGRD_38882,0
NDGRD_38883,0
NDGRD_38884,0
NDGRD_38885,0
NDGRD_38886,0
NDGRD_38887,0
NDGRD_38888,0
NDGRD_38889,0
NDGRD_38890,0
NDGRD_38891,0
NDGRD_38892,0
NDGRD_38893,0
NDGRD_38894,0
NDGRD_38895,0
NDGRD_38896,0
NDGRD_38897,0
NDGRD_38898,0
NDGRD_38899,0
NDGRD_38900,0
NDGRD_38901,0
NDGRD_38902,0
NDGRD_38903,0
NDGRD_38904,0
NDGRD_38905,0
NDGRD_38906,0
NDGRD_38907,0
NDGRD_38908,0
NDGRD_38909,0
NDGRD_38910,0
NDGRD_38911,0
NDGRD_38912,0
NDGRD_38913,0
NDGRD_38914,0
NDGRD_38915,0
NDGRD_38916,0
NDGRD_38917,0
NDGRD_38918,0
NDGRD_38919,0
NDGRD_38920,0
NDGRD_38921,0
NDGRD_38922,0
NDGRD_38923,0
NDGRD_38924,0
NDGRD_38925,0
NDGRD_38926,0
NDGRD_38927,0
NDGRD_38928,0
NDGRD_38929,0
NDGRD_38930,0
NDGRD_38931,0
NDGRD_38932,0
NDGRD_38933,0
NDGRD_38934,0
NDGRD_38935,0
NDGRD_38936,0
NDGRD_38937,0
NDGRD_38938,0
NDGRD_38939,0
NDGRD_38940,0
NDGRD_38941,0
NDGRD_38942,0
NDGRD_38943,0
NDGRD_38944,0
NDGRD_38945,0
NDGRD_38946,0
NDGRD_38947,0
NDGRD_38948,0
NDGRD_38949,0
NDGRD_38950,0
NDGRD_38951,0
NDGRD_38952,0
NDGRD_38953,0
NDGRD_38954,0
NDGRD_38955,0
NDGRD_38956,0
NDGRD_38957,0
NDGRD_38958,0
NDGRD_38959,0
NDGRD_38960,0
NDGRD_38961,0
NDGRD_38962,0
NDGRD_38963,0
NDGRD_38964,0
NDGRD_38965,0
NDGRD_38966,0
NDGRD_38967,0
NDGRD_38968,0
NDGRD_38969,0
NDGRD_38970,0
NDGRD_38971,0
NDGRD_38972,0
NDGRD_38973,0
NDGRD_38974,0
NDGRD_38975,0
NDGRD_38976,0
NDGRD_38977,0
NDGRD_38978,0
NDGRD_38979,0
NDGRD_38980,0
NDGRD_38981,0
NDGRD_38982,0
NDGRD_38983,0
NDGRD_38984,0
NDGRD_38985,0
NDGRD_38986,0
NDGRD_38987,0
NDGRD_38988,0
NDGRD_38989,0
NDGRD_38990,0
NDGRD_38991,0
NDGRD_38992,0
NDGRD_38993,0
NDGRD_38994,0
NDGRD_38995,0
NDGRD_38996,0
NDGRD_38997,0
NDGRD_38998,0
NDGRD_38999,0
NDGRD_39000,0
NDGRD_39001,0
NDGRD_39002,0
NDGRD_39003,0
NDGRD_39004,0
NDGRD_39005,0
NDGRD_39006,0
NDGRD_39007,0
NDGRD_39008,0
NDGRD_39009,0
NDGRD_39010,0
NDGRD_39011,0
NDGRD_39012,0
NDGRD_39013,0
NDGRD_39014,0
NDGRD_39015,0
NDGRD_39016,0
NDGRD_39017,0
NDGRD_39018,0
NDGRD_39019,0
NDGRD_39020,0
NDGRD_39021,0
NDGRD_39022,0
NDGRD_39023,0
NDGRD_39024,0
NDGRD_39025,0
NDGRD_39026,0
NDGRD_39027,0
NDGRD_39028,0
NDGRD_39029,0
NDGRD_39030,0
NDGRD_39031,0
NDGRD_39032,0
NDGRD_39033,0
NDGRD_39034,0
NDGRD_39035,0
NDGRD_39036,0
NDGRD_39037,0
NDGRD_39038,0
NDGRD_39039,0
NDGRD_39040,0
NDGRD_39041,0
NDGRD_39042,0
NDGRD_39043,0
NDGRD_39044,0
NDGRD_39045,0
NDGRD_39046,0
NDGRD_39047,0
NDGRD_39048,0
NDGRD_39049,0
NDGRD_39050,0
NDGRD_39051,0
NDGRD_39052,0
NDGRD_39053,0
NDGRD_39054,0
NDGRD_39055,0
NDGRD_39056,0
NDGRD_39057,0
NDGRD_39058,0
NDGRD_39059,0
NDGRD_39060,0
NDGRD_39061,0
NDGRD_39062,0
NDGRD_39063,0
NDGRD_39064,0
NDGRD_39065,0
NDGRD_39066,0
NDGRD_39067,0
NDGRD_39068,0
NDGRD_39069,0
NDGRD_39070,0
NDGRD_39071,0
NDGRD_39072,0
NDGRD_39073,0
NDGRD_39074,0
NDGRD_39075,0
NDGRD_39076,0
NDGRD_39077,0
NDGRD_39078,0
NDGRD_39079,0
NDGRD_39080,0
NDGRD_39081,0
NDGRD_39082,0
NDGRD_39083,0
NDGRD_39084,0
NDGRD_39085,0
NDGRD_39086,0
NDGRD_39087,0
NDGRD_39088,0
NDGRD_39089,0
NDGRD_39090,0
NDGRD_39091,0
NDGRD_39092,0
NDGRD_39093,0
NDGRD_39094,0
NDGRD_39095,0
NDGRD_39096,0
NDGRD_39097,0
NDGRD_39098,0
NDGRD_39099,0
NDGRD_39100,0
NDGRD_39101,0
NDGRD_39102,0
NDGRD_39103,0
NDGRD_39104,0
NDGRD_39105,0
NDGRD_39106,0
NDGRD_39107,0
NDGRD_39108,0
NDGRD_39109,0
NDGRD_39110,0
NDGRD_39111,0
NDGRD_39112,0
NDGRD_39113,0
NDGRD_39114,0
NDGRD_39115,0
NDGRD_39116,0
NDGRD_39117,0
NDGRD_39118,0
NDGRD_39119,0
NDGRD_39120,0
NDGRD_39121,0
NDGRD_39122,0
NDGRD_39123,0
NDGRD_39124,0
NDGRD_39125,0
NDGRD_39126,0
NDGRD_39127,0
NDGRD_39128,0
NDGRD_39129,0
NDGRD_39130,0
NDGRD_39131,0
NDGRD_39132,0
NDGRD_39133,0
NDGRD_39134,0
NDGRD_39135,0
NDGRD_39136,0
NDGRD_39137,0
NDGRD_39138,0
NDGRD_39139,0
NDGRD_39140,0
NDGRD_39141,0
NDGRD_39142,0
NDGRD_39143,0
NDGRD_39144,0
NDGRD_39145,0
NDGRD_39146,0
NDGRD_39147,0
NDGRD_39148,0
NDGRD_39149,0
NDGRD_39150,0
NDGRD_39151,0
NDGRD_39152,0
NDGRD_39153,0
NDGRD_39154,0
NDGRD_39155,0
NDGRD_39156,0
NDGRD_39157,0
NDGRD_39158,0
NDGRD_39159,0
NDGRD_39160,0
NDGRD_39161,0
NDGRD_39162,0
NDGRD_39163,0
NDGRD_39164,0
NDGRD_39165,0
NDGRD_39166,0
NDGRD_39167,0
NDGRD_39168,0
NDGRD_39169,0
NDGRD_39170,0
NDGRD_39171,0
NDGRD_39172,0
NDGRD_39173,0
NDGRD_39174,0
NDGRD_39175,0
NDGRD_39176,0
NDGRD_39177,0
NDGRD_39178,0
NDGRD_39179,0
NDGRD_39180,0
NDGRD_39181,0
NDGRD_39182,0
NDGRD_39183,0
NDGRD_39184,0
NDGRD_39185,0
NDGRD_39186,0
NDGRD_39187,0
NDGRD_39188,0
NDGRD_39189,0
NDGRD_39190,0
NDGRD_39191,0
NDGRD_39192,0
NDGRD_39193,0
NDGRD_39194,0
NDGRD_39195,0
NDGRD_39196,0
NDGRD_39197,0
NDGRD_39198,0
NDGRD_39199,0
NDGRD_39200,0
NDGRD_39201,0
NDGRD_39202,0
NDGRD_39203,0
NDGRD_39204,0
NDGRD_39205,0
NDGRD_39206,0
NDGRD_39207,0
NDGRD_39208,0
NDGRD_39209,0
NDGRD_39210,0
NDGRD_39211,0
NDGRD_39212,0
NDGRD_39213,0
NDGRD_39214,0
NDGRD_39215,0
NDGRD_39216,0
NDGRD_39217,0
NDGRD_39218,0
NDGRD_39219,0
NDGRD_39220,0
NDGRD_39221,0
NDGRD_39222,0
NDGRD_39223,0
NDGRD_39224,0
NDGRD_39225,0
NDGRD_39226,0
NDGRD_39227,0
NDGRD_39228,0
NDGRD_39229,0
NDGRD_39230,0
NDGRD_39231,0
NDGRD_39232,0
NDGRD_39233,0
NDGRD_39234,0
NDGRD_39235,0
NDGRD_39236,0
NDGRD_39237,0
NDGRD_39238,0
NDGRD_39239,0
NDGRD_39240,0
NDGRD_39241,0
NDGRD_39242,0
NDGRD_39243,0
NDGRD_39244,0
NDGRD_39245,0
NDGRD_39246,0
NDGRD_39247,0
NDGRD_39248,0
NDGRD_39249,0
NDGRD_39250,0
NDGRD_39251,0
NDGRD_39252,0
NDGRD_39253,0
NDGRD_39254,0
NDGRD_39255,0
NDGRD_39256,0
NDGRD_39257,0
NDGRD_39258,0
NDGRD_39259,0
NDGRD_39260,0
NDGRD_39261,0
NDGRD_39262,0
NDGRD_39263,0
NDGRD_39264,0
NDGRD_39265,0
NDGRD_39266,0
NDGRD_39267,0
NDGRD_39268,0
NDGRD_39269,0
NDGRD_39270,0
NDGRD_39271,0
NDGRD_39272,0
NDGRD_39273,0
NDGRD_39274,0
NDGRD_39275,0
NDGRD_39276,0
NDGRD_39277,0
NDGRD_39278,0
NDGRD_39279,0
NDGRD_39280,0
NDGRD_39281,0
NDGRD_39282,0
NDGRD_39283,0
NDGRD_39284,0
NDGRD_39285,0
NDGRD_39286,0
NDGRD_39287,0
NDGRD_39288,0
NDGRD_39289,0
NDGRD_39290,0
NDGRD_39291,0
NDGRD_39292,0
NDGRD_39293,0
NDGRD_39294,0
NDGRD_39295,0
NDGRD_39296,0
NDGRD_39297,0
NDGRD_39298,0
NDGRD_39299,0
NDGRD_39300,0
NDGRD_39301,0
NDGRD_39302,0
NDGRD_39303,0
NDGRD_39304,0
NDGRD_39305,0
NDGRD_39306,0
NDGRD_39307,0
NDGRD_39308,0
NDGRD_39309,0
NDGRD_39310,0
NDGRD_39311,0
NDGRD_39312,0
NDGRD_39313,0
NDGRD_39314,0
NDGRD_39315,0
NDGRD_39316,0
NDGRD_39317,0
NDGRD_39318,0
NDGRD_39319,0
NDGRD_39320,0
NDGRD_39321,0
NDGRD_39322,0
NDGRD_39323,0
NDGRD_39324,0
NDGRD_39325,0
NDGRD_39326,0
NDGRD_39327,0
NDGRD_39328,0
NDGRD_39329,0
NDGRD_39330,0
NDGRD_39331,0
NDGRD_39332,0
NDGRD_39333,0
NDGRD_39334,0
NDGRD_39335,0
NDGRD_39336,0
NDGRD_39337,0
NDGRD_39338,0
NDGRD_39339,0
NDGRD_39340,0
NDGRD_39341,0
NDGRD_39342,0
NDGRD_39343,0
NDGRD_39344,0
NDGRD_39345,0
NDGRD_39346,0
NDGRD_39347,0
NDGRD_39348,0
NDGRD_39349,0
NDGRD_39350,0
NDGRD_39351,0
NDGRD_39352,0
NDGRD_39353,0
NDGRD_39354,0
NDGRD_39355,0
NDGRD_39356,0
NDGRD_39357,0
NDGRD_39358,0
NDGRD_39359,0
NDGRD_39360,0
NDGRD_39361,0
NDGRD_39362,0
NDGRD_39363,0
NDGRD_39364,0
NDGRD_39365,0
NDGRD_39366,0
NDGRD_39367,0
NDGRD_39368,0
NDGRD_39369,0
NDGRD_39370,0
NDGRD_39371,0
NDGRD_39372,0
NDGRD_39373,0
NDGRD_39374,0
NDGRD_39375,0
NDGRD_39376,0
NDGRD_39377,0
NDGRD_39378,0
NDGRD_39379,0
NDGRD_39380,0
NDGRD_39381,0
NDGRD_39382,0
NDGRD_39383,0
NDGRD_39384,0
NDGRD_39385,0
NDGRD_39386,0
NDGRD_39387,0
NDGRD_39388,0
NDGRD_39389,0
NDGRD_39390,0
NDGRD_39391,0
NDGRD_39392,0
NDGRD_39393,0
NDGRD_39394,0
NDGRD_39395,0
NDGRD_39396,0
NDGRD_39397,0
NDGRD_39398,0
NDGRD_39399,0
NDGRD_39400,0
NDGRD_39401,0
NDGRD_39402,0
NDGRD_39403,0
NDGRD_39404,0
NDGRD_39405,0
NDGRD_39406,0
NDGRD_39407,0
NDGRD_39408,0
NDGRD_39409,0
NDGRD_39410,0
NDGRD_39411,0
NDGRD_39412,0
NDGRD_39413,0
NDGRD_39414,0
NDGRD_39415,0
NDGRD_39416,0
NDGRD_39417,0
NDGRD_39418,0
NDGRD_39419,0
NDGRD_39420,0
NDGRD_39421,0
NDGRD_39422,0
NDGRD_39423,0
NDGRD_39424,0
NDGRD_39425,0
NDGRD_39426,0
NDGRD_39427,0
NDGRD_39428,0
NDGRD_39429,0
NDGRD_39430,0
NDGRD_39431,0
NDGRD_39432,0
NDGRD_39433,0
NDGRD_39434,0
NDGRD_39435,0
NDGRD_39436,0
NDGRD_39437,0
NDGRD_39438,0
NDGRD_39439,0
NDGRD_39440,0
NDGRD_39441,0
NDGRD_39442,0
NDGRD_39443,0
NDGRD_39444,0
NDGRD_39445,0
NDGRD_39446,0
NDGRD_39447,0
NDGRD_39448,0
NDGRD_39449,0
NDGRD_39450,0
NDGRD_39451,0
NDGRD_39452,0
NDGRD_39453,0
NDGRD_39454,0
NDGRD_39455,0
NDGRD_39456,0
NDGRD_39457,0
NDGRD_39458,0
NDGRD_39459,0
NDGRD_39460,0
NDGRD_39461,0
NDGRD_39462,0
NDGRD_39463,0
NDGRD_39464,0
NDGRD_39465,0
NDGRD_39466,0
NDGRD_39467,0
NDGRD_39468,0
NDGRD_39469,0
NDGRD_39470,0
NDGRD_39471,0
NDGRD_39472,0
NDGRD_39473,0
NDGRD_39474,0
NDGRD_39475,0
NDGRD_39476,0
NDGRD_39477,0
NDGRD_39478,0
NDGRD_39479,0
NDGRD_39480,0
NDGRD_39481,0
NDGRD_39482,0
NDGRD_39483,0
NDGRD_39484,0
NDGRD_39485,0
NDGRD_39486,0
NDGRD_39487,0
NDGRD_39488,0
NDGRD_39489,0
NDGRD_39490,0
NDGRD_39491,0
NDGRD_39492,0
NDGRD_39493,0
NDGRD_39494,0
NDGRD_39495,0
NDGRD_39496,0
NDGRD_39497,0
NDGRD_39498,0
NDGRD_39499,0
NDGRD_39500,0
NDGRD_39501,0
NDGRD_39502,0
NDGRD_39503,0
NDGRD_39504,0
NDGRD_39505,0
NDGRD_39506,0
NDGRD_39507,0
NDGRD_39508,0
NDGRD_39509,0
NDGRD_39510,0
NDGRD_39511,0
NDGRD_39512,0
NDGRD_39513,0
NDGRD_39514,0
NDGRD_39515,0
NDGRD_39516,0
NDGRD_39517,0
NDGRD_39518,0
NDGRD_39519,0
NDGRD_39520,0
NDGRD_39521,0
NDGRD_39522,0
NDGRD_39523,0
NDGRD_39524,0
NDGRD_39525,0
NDGRD_39526,0
NDGRD_39527,0
NDGRD_39528,0
NDGRD_39529,0
NDGRD_39530,0
NDGRD_39531,0
NDGRD_39532,0
NDGRD_39533,0
NDGRD_39534,0
NDGRD_39535,0
NDGRD_39536,0
NDGRD_39537,0
NDGRD_39538,0
NDGRD_39539,0
NDGRD_39540,0
NDGRD_39541,0
NDGRD_39542,0
NDGRD_39543,0
NDGRD_39544,0
NDGRD_39545,0
NDGRD_39546,0
NDGRD_39547,0
NDGRD_39548,0
NDGRD_39549,0
NDGRD_39550,0
NDGRD_39551,0
NDGRD_39552,0
NDGRD_39553,0
NDGRD_39554,0
NDGRD_39555,0
NDGRD_39556,0
NDGRD_39557,0
NDGRD_39558,0
NDGRD_39559,0
NDGRD_39560,0
NDGRD_39561,0
NDGRD_39562,0
NDGRD_39563,0
NDGRD_39564,0
NDGRD_39565,0
NDGRD_39566,0
NDGRD_39567,0
NDGRD_39568,0
NDGRD_39569,0
NDGRD_39570,0
NDGRD_39571,0
NDGRD_39572,0
NDGRD_39573,0
NDGRD_39574,0
NDGRD_39575,0
NDGRD_39576,0
NDGRD_39577,0
NDGRD_39578,0
NDGRD_39579,0
NDGRD_39580,0
NDGRD_39581,0
NDGRD_39582,0
NDGRD_39583,0
NDGRD_39584,0
NDGRD_39585,0
NDGRD_39586,0
NDGRD_39587,0
NDGRD_39588,0
NDGRD_39589,0
NDGRD_39590,0
NDGRD_39591,0
NDGRD_39592,0
NDGRD_39593,0
NDGRD_39594,0
NDGRD_39595,0
NDGRD_39596,0
NDGRD_39597,0
NDGRD_39598,0
NDGRD_39599,0
NDGRD_39600,0
NDGRD_39601,0
NDGRD_39602,0
NDGRD_39603,0
NDGRD_39604,0
NDGRD_39605,0
NDGRD_39606,0
NDGRD_39607,0
NDGRD_39608,0
NDGRD_39609,0
NDGRD_39610,0
NDGRD_39611,0
NDGRD_39612,0
NDGRD_39613,0
NDGRD_39614,0
NDGRD_39615,0
NDGRD_39616,0
NDGRD_39617,0
NDGRD_39618,0
NDGRD_39619,0
NDGRD_39620,0
NDGRD_39621,0
NDGRD_39622,0
NDGRD_39623,0
NDGRD_39624,0
NDGRD_39625,0
NDGRD_39626,0
NDGRD_39627,0
NDGRD_39628,0
NDGRD_39629,0
NDGRD_39630,0
NDGRD_39631,0
NDGRD_39632,0
NDGRD_39633,0
NDGRD_39634,0
NDGRD_39635,0
NDGRD_39636,0
NDGRD_39637,0
NDGRD_39638,0
NDGRD_39639,0
NDGRD_39640,0
NDGRD_39641,0
NDGRD_39642,0
NDGRD_39643,0
NDGRD_39644,0
NDGRD_39645,0
NDGRD_39646,0
NDGRD_39647,0
NDGRD_39648,0
NDGRD_39649,0
NDGRD_39650,0
NDGRD_39651,0
NDGRD_39652,0
NDGRD_39653,0
NDGRD_39654,0
NDGRD_39655,0
NDGRD_39656,0
NDGRD_39657,0
NDGRD_39658,0
NDGRD_39659,0
NDGRD_39660,0
NDGRD_39661,0
NDGRD_39662,0
NDGRD_39663,0
NDGRD_39664,0
NDGRD_39665,0
NDGRD_39666,0
NDGRD_39667,0
NDGRD_39668,0
NDGRD_39669,0
NDGRD_39670,0
NDGRD_39671,0
NDGRD_39672,0
NDGRD_39673,0
NDGRD_39674,0
NDGRD_39675,0
NDGRD_39676,0
NDGRD_39677,0
NDGRD_39678,0
NDGRD_39679,0
NDGRD_39680,0
NDGRD_39681,0
NDGRD_39682,0
NDGRD_39683,0
NDGRD_39684,0
NDGRD_39685,0
NDGRD_39686,0
NDGRD_39687,0
NDGRD_39688,0
NDGRD_39689,0
NDGRD_39690,0
NDGRD_39691,0
NDGRD_39692,0
NDGRD_39693,0
NDGRD_39694,0
NDGRD_39695,0
NDGRD_39696,0
NDGRD_39697,0
NDGRD_39698,0
NDGRD_39699,0
NDGRD_39700,0
NDGRD_39701,0
NDGRD_39702,0
NDGRD_39703,0
NDGRD_39704,0
NDGRD_39705,0
NDGRD_39706,0
NDGRD_39707,0
NDGRD_39708,0
NDGRD_39709,0
NDGRD_39710,0
NDGRD_39711,0
NDGRD_39712,0
NDGRD_39713,0
NDGRD_39714,0
NDGRD_39715,0
NDGRD_39716,0
NDGRD_39717,0
NDGRD_39718,0
NDGRD_39719,0
NDGRD_39720,0
NDGRD_39721,0
NDGRD_39722,0
NDGRD_39723,0
NDGRD_39724,0
NDGRD_39725,0
NDGRD_39726,0
NDGRD_39727,0
NDGRD_39728,0
NDGRD_39729,0
NDGRD_39730,0
NDGRD_39731,0
NDGRD_39732,0
NDGRD_39733,0
NDGRD_39734,0
NDGRD_39735,0
NDGRD_39736,0
NDGRD_39737,0
NDGRD_39738,0
NDGRD_39739,0
NDGRD_39740,0
NDGRD_39741,0
NDGRD_39742,0
NDGRD_39743,0
NDGRD_39744,0
NDGRD_39745,0
NDGRD_39746,0
NDGRD_39747,0
NDGRD_39748,0
NDGRD_39749,0
NDGRD_39750,0
NDGRD_39751,0
NDGRD_39752,0
NDGRD_39753,0
NDGRD_39754,0
NDGRD_39755,0
NDGRD_39756,0
NDGRD_39757,0
NDGRD_39758,0
NDGRD_39759,0
NDGRD_39760,0
NDGRD_39761,0
NDGRD_39762,0
NDGRD_39763,0
NDGRD_39764,0
NDGRD_39765,0
NDGRD_39766,0
NDGRD_39767,0
NDGRD_39768,0
NDGRD_39769,0
NDGRD_39770,0
NDGRD_39771,0
NDGRD_39772,0
NDGRD_39773,0
NDGRD_39774,0
NDGRD_39775,0
NDGRD_39776,0
NDGRD_39777,0
NDGRD_39778,0
NDGRD_39779,0
NDGRD_39780,0
NDGRD_39781,0
NDGRD_39782,0
NDGRD_39783,0
NDGRD_39784,0
NDGRD_39785,0
NDGRD_39786,0
NDGRD_39787,0
NDGRD_39788,0
NDGRD_39789,0
NDGRD_39790,0
NDGRD_39791,0
NDGRD_39792,0
NDGRD_39793,0
NDGRD_39794,0
NDGRD_39795,0
NDGRD_39796,0
NDGRD_39797,0
NDGRD_39798,0
NDGRD_39799,0
NDGRD_39800,0
NDGRD_39801,0
NDGRD_39802,0
NDGRD_39803,0
NDGRD_39804,0
NDGRD_39805,0
NDGRD_39806,0
NDGRD_39807,0
NDGRD_39808,0
NDGRD_39809,0
NDGRD_39810,0
NDGRD_39811,0
NDGRD_39812,0
NDGRD_39813,0
NDGRD_39814,0
NDGRD_39815,0
NDGRD_39816,0
NDGRD_39817,0
NDGRD_39818,0
NDGRD_39819,0
NDGRD_39820,0
NDGRD_39821,0
NDGRD_39822,0
NDGRD_39823,0
NDGRD_39824,0
NDGRD_39825,0
NDGRD_39826,0
NDGRD_39827,0
NDGRD_39828,0
NDGRD_39829,0
NDGRD_39830,0
NDGRD_39831,0
NDGRD_39832,0
NDGRD_39833,0
NDGRD_39834,0
NDGRD_39835,0
NDGRD_39836,0
NDGRD_39837,0
NDGRD_39838,0
NDGRD_39839,0
NDGRD_39840,0
NDGRD_39841,0
NDGRD_39842,0
NDGRD_39843,0
NDGRD_39844,0
NDGRD_39845,0
NDGRD_39846,0
NDGRD_39847,0
NDGRD_39848,0
NDGRD_39849,0
NDGRD_39850,0
NDGRD_39851,0
NDGRD_39852,0
NDGRD_39853,0
NDGRD_39854,0
NDGRD_39855,0
NDGRD_39856,0
NDGRD_39857,0
NDGRD_39858,0
NDGRD_39859,0
NDGRD_39860,0
NDGRD_39861,0
NDGRD_39862,0
NDGRD_39863,0
NDGRD_39864,0
NDGRD_39865,0
NDGRD_39866,0
NDGRD_39867,0
NDGRD_39868,0
NDGRD_39869,0
NDGRD_39870,0
NDGRD_39871,0
NDGRD_39872,0
NDGRD_39873,0
NDGRD_39874,0
NDGRD_39875,0
NDGRD_39876,0
NDGRD_39877,0
NDGRD_39878,0
NDGRD_39879,0
NDGRD_39880,0
NDGRD_39881,0
NDGRD_39882,0
NDGRD_39883,0
NDGRD_39884,0
NDGRD_39885,0
NDGRD_39886,0
NDGRD_39887,0
NDGRD_39888,0
NDGRD_39889,0
NDGRD_39890,0
NDGRD_39891,0
NDGRD_39892,0
NDGRD_39893,0
NDGRD_39894,0
NDGRD_39895,0
NDGRD_39896,0
NDGRD_39897,0
NDGRD_39898,0
NDGRD_39899,0
NDGRD_39900,0
NDGRD_39901,0
NDGRD_39902,0
NDGRD_39903,0
NDGRD_39904,0
NDGRD_39905,0
NDGRD_39906,0
NDGRD_39907,0
NDGRD_39908,0
NDGRD_39909,0
NDGRD_39910,0
NDGRD_39911,0
NDGRD_39912,0
NDGRD_39913,0
NDGRD_39914,0
NDGRD_39915,0
NDGRD_39916,0
NDGRD_39917,0
NDGRD_39918,0
NDGRD_39919,0
NDGRD_39920,0
NDGRD_39921,0
NDGRD_39922,0
NDGRD_39923,0
NDGRD_39924,0
NDGRD_39925,0
NDGRD_39926,0
NDGRD_39927,0
NDGRD_39928,0
NDGRD_39929,0
NDGRD_39930,0
NDGRD_39931,0
NDGRD_39932,0
NDGRD_39933,0
NDGRD_39934,0
NDGRD_39935,0
NDGRD_39936,0
NDGRD_39937,0
NDGRD_39938,0
NDGRD_39939,0
NDGRD_39940,0
NDGRD_39941,0
NDGRD_39942,0
NDGRD_39943,0
NDGRD_39944,0
NDGRD_39945,0
NDGRD_39946,0
NDGRD_39947,0
NDGRD_39948,0
NDGRD_39949,0
NDGRD_39950,0
NDGRD_39951,0
NDGRD_39952,0
NDGRD_39953,0
NDGRD_39954,0
NDGRD_39955,0
NDGRD_39956,0
NDGRD_39957,0
NDGRD_39958,0
NDGRD_39959,0
NDGRD_39960,0
NDGRD_39961,0
NDGRD_39962,0
NDGRD_39963,0
NDGRD_39964,0
NDGRD_39965,0
NDGRD_39966,0
NDGRD_39967,0
NDGRD_39968,0
NDGRD_39969,0
NDGRD_39970,0
NDGRD_39971,0
NDGRD_39972,0
NDGRD_39973,0
NDGRD_39974,0
NDGRD_39975,0
NDGRD_39976,0
NDGRD_39977,0
NDGRD_39978,0
NDGRD_39979,0
NDGRD_39980,0
NDGRD_39981,0
NDGRD_39982,0
NDGRD_39983,0
NDGRD_39984,0
NDGRD_39985,0
NDGRD_39986,0
NDGRD_39987,0
NDGRD_39988,0
NDGRD_39989,0
NDGRD_39990,0
NDGRD_39991,0
NDGRD_39992,0
NDGRD_39993,0
NDGRD_39994,0
NDGRD_39995,0
NDGRD_39996,0
NDGRD_39997,0
NDGRD_39998,0
NDGRD_39999,0
NDGRD_40000,0
NDGRD_40001,0
NDGRD_40002,0
NDGRD_40003,0
NDGRD_40004,0
NDGRD_40005,0
NDGRD_40006,0
NDGRD_40007,0
NDGRD_40008,0
NDGRD_40009,0
NDGRD_40010,0
NDGRD_40011,0
NDGRD_40012,0
NDGRD_40013,0
NDGRD_40014,0
NDGRD_40015,0
NDGRD_40016,0
NDGRD_40017,0
NDGRD_40018,0
NDGRD_40019,0
NDGRD_40020,0
NDGRD_40021,0
NDGRD_40022,0
NDGRD_40023,0
NDGRD_40024,0
NDGRD_40025,0
NDGRD_40026,0
NDGRD_40027,0
NDGRD_40028,0
NDGRD_40029,0
NDGRD_40030,0
NDGRD_40031,0
NDGRD_40032,0
NDGRD_40033,0
NDGRD_40034,0
NDGRD_40035,0
NDGRD_40036,0
NDGRD_40037,0
NDGRD_40038,0
NDGRD_40039,0
NDGRD_40040,0
NDGRD_40041,0
NDGRD_40042,0
NDGRD_40043,0
NDGRD_40044,0
NDGRD_40045,0
NDGRD_40046,0
NDGRD_40047,0
NDGRD_40048,0
NDGRD_40049,0
NDGRD_40050,0
NDGRD_40051,0
NDGRD_40052,0
NDGRD_40053,0
NDGRD_40054,0
NDGRD_40055,0
NDGRD_40056,0
NDGRD_40057,0
NDGRD_40058,0
NDGRD_40059,0
NDGRD_40060,0
NDGRD_40061,0
NDGRD_40062,0
NDGRD_40063,0
NDGRD_40064,0
NDGRD_40065,0
NDGRD_40066,0
NDGRD_40067,0
NDGRD_40068,0
NDGRD_40069,0
NDGRD_40070,0
NDGRD_40071,0
NDGRD_40072,0
NDGRD_40073,0
NDGRD_40074,0
NDGRD_40075,0
NDGRD_40076,0
NDGRD_40077,0
NDGRD_40078,0
NDGRD_40079,0
NDGRD_40080,0
NDGRD_40081,0
NDGRD_40082,0
NDGRD_40083,0
NDGRD_40084,0
NDGRD_40085,0
NDGRD_40086,0
NDGRD_40087,0
NDGRD_40088,0
NDGRD_40089,0
NDGRD_40090,0
NDGRD_40091,0
NDGRD_40092,0
NDGRD_40093,0
NDGRD_40094,0
NDGRD_40095,0
NDGRD_40096,0
NDGRD_40097,0
NDGRD_40098,0
NDGRD_40099,0
NDGRD_40100,0
NDGRD_40101,0
NDGRD_40102,0
NDGRD_40103,0
NDGRD_40104,0
NDGRD_40105,0
NDGRD_40106,0
NDGRD_40107,0
NDGRD_40108,0
NDGRD_40109,0
NDGRD_40110,0
NDGRD_40111,0
NDGRD_40112,0
NDGRD_40113,0
NDGRD_40114,0
NDGRD_40115,0
NDGRD_40116,0
NDGRD_40117,0
NDGRD_40118,0
NDGRD_40119,0
NDGRD_40120,0
NDGRD_40121,0
NDGRD_40122,0
NDGRD_40123,0
NDGRD_40124,0
NDGRD_40125,0
NDGRD_40126,0
NDGRD_40127,0
NDGRD_40128,0
NDGRD_40129,0
NDGRD_40130,0
NDGRD_40131,0
NDGRD_40132,0
NDGRD_40133,0
NDGRD_40134,0
NDGRD_40135,0
NDGRD_40136,0
NDGRD_40137,0
NDGRD_40138,0
NDGRD_40139,0
NDGRD_40140,0
NDGRD_40141,0
NDGRD_40142,0
NDGRD_40143,0
NDGRD_40144,0
NDGRD_40145,0
NDGRD_40146,0
NDGRD_40147,0
NDGRD_40148,0
NDGRD_40149,0
NDGRD_40150,0
NDGRD_40151,0
NDGRD_40152,0
NDGRD_40153,0
NDGRD_40154,0
NDGRD_40155,0
NDGRD_40156,0
NDGRD_40157,0
NDGRD_40158,0
NDGRD_40159,0
NDGRD_40160,0
NDGRD_40161,0
NDGRD_40162,0
NDGRD_40163,0
NDGRD_40164,0
NDGRD_40165,0
NDGRD_40166,0
NDGRD_40167,0
NDGRD_40168,0
NDGRD_40169,0
NDGRD_40170,0
NDGRD_40171,0
NDGRD_40172,0
NDGRD_40173,0
NDGRD_40174,0
NDGRD_40175,0
NDGRD_40176,0
NDGRD_40177,0
NDGRD_40178,0
NDGRD_40179,0
NDGRD_40180,0
NDGRD_40181,0
NDGRD_40182,0
NDGRD_40183,0
NDGRD_40184,0
NDGRD_40185,0
NDGRD_40186,0
NDGRD_40187,0
NDGRD_40188,0
NDGRD_40189,0
NDGRD_40190,0
NDGRD_40191,0
NDGRD_40192,0
NDGRD_40193,0
NDGRD_40194,0
NDGRD_40195,0
NDGRD_40196,0
NDGRD_40197,0
NDGRD_40198,0
NDGRD_40199,0
NDGRD_40200,0
NDGRD_40201,0
NDGRD_40202,0
NDGRD_40203,0
NDGRD_40204,0
NDGRD_40205,0
NDGRD_40206,0
NDGRD_40207,0
NDGRD_40208,0
NDGRD_40209,0
NDGRD_40210,0
NDGRD_40211,0
NDGRD_40212,0
NDGRD_40213,0
NDGRD_40214,0
NDGRD_40215,0
NDGRD_40216,0
NDGRD_40217,0
NDGRD_40218,0
NDGRD_40219,0
NDGRD_40220,0
NDGRD_40221,0
NDGRD_40222,0
NDGRD_40223,0
NDGRD_40224,0
NDGRD_40225,0
NDGRD_40226,0
NDGRD_40227,0
NDGRD_40228,0
NDGRD_40229,0
NDGRD_40230,0
NDGRD_40231,0
NDGRD_40232,0
NDGRD_40233,0
NDGRD_40234,0
NDGRD_40235,0
NDGRD_40236,0
NDGRD_40237,0
NDGRD_40238,0
NDGRD_40239,0
NDGRD_40240,0
NDGRD_40241,0
NDGRD_40242,0
NDGRD_40243,0
NDGRD_40244,0
NDGRD_40245,0
NDGRD_40246,0
NDGRD_40247,0
NDGRD_40248,0
NDGRD_40249,0
NDGRD_40250,0
NDGRD_40251,0
NDGRD_40252,0
NDGRD_40253,0
NDGRD_40254,0
NDGRD_40255,0
NDGRD_40256,0
NDGRD_40257,0
NDGRD_40258,0
NDGRD_40259,0
NDGRD_40260,0
NDGRD_40261,0
NDGRD_40262,0
NDGRD_40263,0
NDGRD_40264,0
NDGRD_40265,0
NDGRD_40266,0
NDGRD_40267,0
NDGRD_40268,0
NDGRD_40269,0
NDGRD_40270,0
NDGRD_40271,0
NDGRD_40272,0
NDGRD_40273,0
NDGRD_40274,0
NDGRD_40275,0
NDGRD_40276,0
NDGRD_40277,0
NDGRD_40278,0
NDGRD_40279,0
NDGRD_40280,0
NDGRD_40281,0
NDGRD_40282,0
NDGRD_40283,0
NDGRD_40284,0
NDGRD_40285,0
NDGRD_40286,0
NDGRD_40287,0
NDGRD_40288,0
NDGRD_40289,0
NDGRD_40290,0
NDGRD_40291,0
NDGRD_40292,0
NDGRD_40293,0
NDGRD_40294,0
NDGRD_40295,0
NDGRD_40296,0
NDGRD_40297,0
NDGRD_40298,0
NDGRD_40299,0
NDGRD_40300,0
NDGRD_40301,0
NDGRD_40302,0
NDGRD_40303,0
NDGRD_40304,0
NDGRD_40305,0
NDGRD_40306,0
NDGRD_40307,0
NDGRD_40308,0
NDGRD_40309,0
NDGRD_40310,0
NDGRD_40311,0
NDGRD_40312,0
NDGRD_40313,0
NDGRD_40314,0
NDGRD_40315,0
NDGRD_40316,0
NDGRD_40317,0
NDGRD_40318,0
NDGRD_40319,0
NDGRD_40320,0
NDGRD_40321,0
NDGRD_40322,0
NDGRD_40323,0
NDGRD_40324,0
NDGRD_40325,0
NDGRD_40326,0
NDGRD_40327,0
NDGRD_40328,0
NDGRD_40329,0
NDGRD_40330,0
NDGRD_40331,0
NDGRD_40332,0
NDGRD_40333,0
NDGRD_40334,0
NDGRD_40335,0
NDGRD_40336,0
NDGRD_40337,0
NDGRD_40338,0
NDGRD_40339,0
NDGRD_40340,0
NDGRD_40341,0
NDGRD_40342,0
NDGRD_40343,0
NDGRD_40344,0
NDGRD_40345,0
NDGRD_40346,0
NDGRD_40347,0
NDGRD_40348,0
NDGRD_40349,0
NDGRD_40350,0
NDGRD_40351,0
NDGRD_40352,0
NDGRD_40353,0
NDGRD_40354,0
NDGRD_40355,0
NDGRD_40356,0
NDGRD_40357,0
NDGRD_40358,0
NDGRD_40359,0
NDGRD_40360,0
NDGRD_40361,0
NDGRD_40362,0
NDGRD_40363,0
NDGRD_40364,0
NDGRD_40365,0
NDGRD_40366,0
NDGRD_40367,0
NDGRD_40368,0
NDGRD_40369,0
NDGRD_40370,0
NDGRD_40371,0
NDGRD_40372,0
NDGRD_40373,0
NDGRD_40374,0
NDGRD_40375,0
NDGRD_40376,0
NDGRD_40377,0
NDGRD_40378,0
NDGRD_40379,0
NDGRD_40380,0
NDGRD_40381,0
NDGRD_40382,0
NDGRD_40383,0
NDGRD_40384,0
NDGRD_40385,0
NDGRD_40386,0
NDGRD_40387,0
NDGRD_40388,0
NDGRD_40389,0
NDGRD_40390,0
NDGRD_40391,0
NDGRD_40392,0
NDGRD_40393,0
NDGRD_40394,0
NDGRD_40395,0
NDGRD_40396,0
NDGRD_40397,0
NDGRD_40398,0
NDGRD_40399,0
NDGRD_40400,0
NDGRD_40401,0
NDGRD_40402,0
NDGRD_40403,0
NDGRD_40404,0
NDGRD_40405,0
NDGRD_40406,0
NDGRD_40407,0
NDGRD_40408,0
NDGRD_40409,0
NDGRD_40410,0
NDGRD_40411,0
NDGRD_40412,0
NDGRD_40413,0
NDGRD_40414,0
NDGRD_40415,0
NDGRD_40416,0
NDGRD_40417,0
NDGRD_40418,0
NDGRD_40419,0
NDGRD_40420,0
NDGRD_40421,0
NDGRD_40422,0
NDGRD_40423,0
NDGRD_40424,0
NDGRD_40425,0
NDGRD_40426,0
NDGRD_40427,0
NDGRD_40428,0
NDGRD_40429,0
NDGRD_40430,0
NDGRD_40431,0
NDGRD_40432,0
NDGRD_40433,0
NDGRD_40434,0
NDGRD_40435,0
NDGRD_40436,0
NDGRD_40437,0
NDGRD_40438,0
NDGRD_40439,0
NDGRD_40440,0
NDGRD_40441,0
NDGRD_40442,0
NDGRD_40443,0
NDGRD_40444,0
NDGRD_40445,0
NDGRD_40446,0
NDGRD_40447,0
NDGRD_40448,0
NDGRD_40449,0
NDGRD_40450,0
NDGRD_40451,0
NDGRD_40452,0
NDGRD_40453,0
NDGRD_40454,0
NDGRD_40455,0
NDGRD_40456,0
NDGRD_40457,0
NDGRD_40458,0
NDGRD_40459,0
NDGRD_40460,0
NDGRD_40461,0
NDGRD_40462,0
NDGRD_40463,0
NDGRD_40464,0
NDGRD_40465,0
NDGRD_40466,0
NDGRD_40467,0
NDGRD_40468,0
NDGRD_40469,0
NDGRD_40470,0
NDGRD_40471,0
NDGRD_40472,0
NDGRD_40473,0
NDGRD_40474,0
NDGRD_40475,0
NDGRD_40476,0
NDGRD_40477,0
NDGRD_40478,0
NDGRD_40479,0
NDGRD_40480,0
NDGRD_40481,0
NDGRD_40482,0
NDGRD_40483,0
NDGRD_40484,0
NDGRD_40485,0
NDGRD_40486,0
NDGRD_40487,0
NDGRD_40488,0
NDGRD_40489,0
NDGRD_40490,0
NDGRD_40491,0
NDGRD_40492,0
NDGRD_40493,0
NDGRD_40494,0
NDGRD_40495,0
NDGRD_40496,0
NDGRD_40497,0
NDGRD_40498,0
NDGRD_40499,0
NDGRD_40500,0
NDGRD_40501,0
NDGRD_40502,0
NDGRD_40503,0
NDGRD_40504,0
NDGRD_40505,0
NDGRD_40506,0
NDGRD_40507,0
NDGRD_40508,0
NDGRD_40509,0
NDGRD_40510,0
NDGRD_40511,0
NDGRD_40512,0
NDGRD_40513,0
NDGRD_40514,0
NDGRD_40515,0
NDGRD_40516,0
NDGRD_40517,0
NDGRD_40518,0
NDGRD_40519,0
NDGRD_40520,0
NDGRD_40521,0
NDGRD_40522,0
NDGRD_40523,0
NDGRD_40524,0
NDGRD_40525,0
NDGRD_40526,0
NDGRD_40527,0
NDGRD_40528,0
NDGRD_40529,0
NDGRD_40530,0
NDGRD_40531,0
NDGRD_40532,0
NDGRD_40533,0
NDGRD_40534,0
NDGRD_40535,0
NDGRD_40536,0
NDGRD_40537,0
NDGRD_40538,0
NDGRD_40539,0
NDGRD_40540,0
NDGRD_40541,0
NDGRD_40542,0
NDGRD_40543,0
NDGRD_40544,0
NDGRD_40545,0
NDGRD_40546,0
NDGRD_40547,0
NDGRD_40548,0
NDGRD_40549,0
NDGRD_40550,0
NDGRD_40551,0
NDGRD_40552,0
NDGRD_40553,0
NDGRD_40554,0
NDGRD_40555,0
NDGRD_40556,0
NDGRD_40557,0
NDGRD_40558,0
NDGRD_40559,0
NDGRD_40560,0
NDGRD_40561,0
NDGRD_40562,0
NDGRD_40563,0
NDGRD_40564,0
NDGRD_40565,0
NDGRD_40566,0
NDGRD_40567,0
NDGRD_40568,0
NDGRD_40569,0
NDGRD_40570,0
NDGRD_40571,0
NDGRD_40572,0
NDGRD_40573,0
NDGRD_40574,0
NDGRD_40575,0
NDGRD_40576,0
NDGRD_40577,0
NDGRD_40578,0
NDGRD_40579,0
NDGRD_40580,0
NDGRD_40581,0
NDGRD_40582,0
NDGRD_40583,0
NDGRD_40584,0
NDGRD_40585,0
NDGRD_40586,0
NDGRD_40587,0
NDGRD_40588,0
NDGRD_40589,0
NDGRD_40590,0
NDGRD_40591,0
NDGRD_40592,0
NDGRD_40593,0
NDGRD_40594,0
NDGRD_40595,0
NDGRD_40596,0
NDGRD_40597,0
NDGRD_40598,0
NDGRD_40599,0
NDGRD_40600,0
NDGRD_40601,0
NDGRD_40602,0
NDGRD_40603,0
NDGRD_40604,0
NDGRD_40605,0
NDGRD_40606,0
NDGRD_40607,0
NDGRD_40608,0
NDGRD_40609,0
NDGRD_40610,0
NDGRD_40611,0
NDGRD_40612,0
NDGRD_40613,0
NDGRD_40614,0
NDGRD_40615,0
NDGRD_40616,0
NDGRD_40617,0
NDGRD_40618,0
NDGRD_40619,0
NDGRD_40620,0
NDGRD_40621,0
NDGRD_40622,0
NDGRD_40623,0
NDGRD_40624,0
NDGRD_40625,0
NDGRD_40626,0
NDGRD_40627,0
NDGRD_40628,0
NDGRD_40629,0
NDGRD_40630,0
NDGRD_40631,0
NDGRD_40632,0
NDGRD_40633,0
NDGRD_40634,0
NDGRD_40635,0
NDGRD_40636,0
NDGRD_40637,0
NDGRD_40638,0
NDGRD_40639,0
NDGRD_40640,0
NDGRD_40641,0
NDGRD_40642,0
NDGRD_40643,0
NDGRD_40644,0
NDGRD_40645,0
NDGRD_40646,0
NDGRD_40647,0
NDGRD_40648,0
NDGRD_40649,0
NDGRD_40650,0
NDGRD_40651,0
NDGRD_40652,0
NDGRD_40653,0
NDGRD_40654,0
NDGRD_40655,0
NDGRD_40656,0
NDGRD_40657,0
NDGRD_40658,0
NDGRD_40659,0
NDGRD_40660,0
NDGRD_40661,0
NDGRD_40662,0
NDGRD_40663,0
NDGRD_40664,0
NDGRD_40665,0
NDGRD_40666,0
NDGRD_40667,0
NDGRD_40668,0
NDGRD_40669,0
NDGRD_40670,0
NDGRD_40671,0
NDGRD_40672,0
NDGRD_40673,0
NDGRD_40674,0
NDGRD_40675,0
NDGRD_40676,0
NDGRD_40677,0
NDGRD_40678,0
NDGRD_40679,0
NDGRD_40680,0
NDGRD_40681,0
NDGRD_40682,0
NDGRD_40683,0
NDGRD_40684,0
NDGRD_40685,0
NDGRD_40686,0
NDGRD_40687,0
NDGRD_40688,0
NDGRD_40689,0
NDGRD_40690,0
NDGRD_40691,0
NDGRD_40692,0
NDGRD_40693,0
NDGRD_40694,0
NDGRD_40695,0
NDGRD_40696,0
NDGRD_40697,0
NDGRD_40698,0
NDGRD_40699,0
NDGRD_40700,0
NDGRD_40701,0
NDGRD_40702,0
NDGRD_40703,0
NDGRD_40704,0
NDGRD_40705,0
NDGRD_40706,0
NDGRD_40707,0
NDGRD_40708,0
NDGRD_40709,0
NDGRD_40710,0
NDGRD_40711,0
NDGRD_40712,0
NDGRD_40713,0
NDGRD_40714,0
NDGRD_40715,0
NDGRD_40716,0
NDGRD_40717,0
NDGRD_40718,0
NDGRD_40719,0
NDGRD_40720,0
NDGRD_40721,0
NDGRD_40722,0
NDGRD_40723,0
NDGRD_40724,0
NDGRD_40725,0
NDGRD_40726,0
NDGRD_40727,0
NDGRD_40728,0
NDGRD_40729,0
NDGRD_40730,0
NDGRD_40731,0
NDGRD_40732,0
NDGRD_40733,0
NDGRD_40734,0
NDGRD_40735,0
NDGRD_40736,0
NDGRD_40737,0
NDGRD_40738,0
NDGRD_40739,0
NDGRD_40740,0
NDGRD_40741,0
NDGRD_40742,0
NDGRD_40743,0
NDGRD_40744,0
NDGRD_40745,0
NDGRD_40746,0
NDGRD_40747,0
NDGRD_40748,0
NDGRD_40749,0
NDGRD_40750,0
NDGRD_40751,0
NDGRD_40752,0
NDGRD_40753,0
NDGRD_40754,0
NDGRD_40755,0
NDGRD_40756,0
NDGRD_40757,0
NDGRD_40758,0
NDGRD_40759,0
NDGRD_40760,0
NDGRD_40761,0
NDGRD_40762,0
NDGRD_40763,0
NDGRD_40764,0
NDGRD_40765,0
NDGRD_40766,0
NDGRD_40767,0
NDGRD_40768,0
NDGRD_40769,0
NDGRD_40770,0
NDGRD_40771,0
NDGRD_40772,0
NDGRD_40773,0
NDGRD_40774,0
NDGRD_40775,0
NDGRD_40776,0
NDGRD_40777,0
NDGRD_40778,0
NDGRD_40779,0
NDGRD_40780,0
NDGRD_40781,0
NDGRD_40782,0
NDGRD_40783,0
NDGRD_40784,0
NDGRD_40785,0
NDGRD_40786,0
NDGRD_40787,0
NDGRD_40788,0
NDGRD_40789,0
NDGRD_40790,0
NDGRD_40791,0
NDGRD_40792,0
NDGRD_40793,0
NDGRD_40794,0
NDGRD_40795,0
NDGRD_40796,0
NDGRD_40797,0
NDGRD_40798,0
NDGRD_40799,0
NDGRD_40800,0
NDGRD_40801,0
NDGRD_40802,0
NDGRD_40803,0
NDGRD_40804,0
NDGRD_40805,0
NDGRD_40806,0
NDGRD_40807,0
NDGRD_40808,0
NDGRD_40809,0
NDGRD_40810,0
NDGRD_40811,0
NDGRD_40812,0
NDGRD_40813,0
NDGRD_40814,0
NDGRD_40815,0
NDGRD_40816,0
NDGRD_40817,0
NDGRD_40818,0
NDGRD_40819,0
NDGRD_40820,0
NDGRD_40821,0
NDGRD_40822,0
NDGRD_40823,0
NDGRD_40824,0
NDGRD_40825,0
NDGRD_40826,0
NDGRD_40827,0
NDGRD_40828,0
NDGRD_40829,0
NDGRD_40830,0
NDGRD_40831,0
NDGRD_40832,0
NDGRD_40833,0
NDGRD_40834,0
NDGRD_40835,0
NDGRD_40836,0
NDGRD_40837,0
NDGRD_40838,0
NDGRD_40839,0
NDGRD_40840,0
NDGRD_40841,0
NDGRD_40842,0
NDGRD_40843,0
NDGRD_40844,0
NDGRD_40845,0
NDGRD_40846,0
NDGRD_40847,0
NDGRD_40848,0
NDGRD_40849,0
NDGRD_40850,0
NDGRD_40851,0
NDGRD_40852,0
NDGRD_40853,0
NDGRD_40854,0
NDGRD_40855,0
NDGRD_40856,0
NDGRD_40857,0
NDGRD_40858,0
NDGRD_40859,0
NDGRD_40860,0
NDGRD_40861,0
NDGRD_40862,0
NDGRD_40863,0
NDGRD_40864,0
NDGRD_40865,0
NDGRD_40866,0
NDGRD_40867,0
NDGRD_40868,0
NDGRD_40869,0
NDGRD_40870,0
NDGRD_40871,0
NDGRD_40872,0
NDGRD_40873,0
NDGRD_40874,0
NDGRD_40875,0
NDGRD_40876,0
NDGRD_40877,0
NDGRD_40878,0
NDGRD_40879,0
NDGRD_40880,0
NDGRD_40881,0
NDGRD_40882,0
NDGRD_40883,0
NDGRD_40884,0
NDGRD_40885,0
NDGRD_40886,0
NDGRD_40887,0
NDGRD_40888,0
NDGRD_40889,0
NDGRD_40890,0
NDGRD_40891,0
NDGRD_40892,0
NDGRD_40893,0
NDGRD_40894,0
NDGRD_40895,0
NDGRD_40896,0
NDGRD_40897,0
NDGRD_40898,0
NDGRD_40899,0
NDGRD_40900,0
NDGRD_40901,0
NDGRD_40902,0
NDGRD_40903,0
NDGRD_40904,0
NDGRD_40905,0
NDGRD_40906,0
NDGRD_40907,0
NDGRD_40908,0
NDGRD_40909,0
NDGRD_40910,0
NDGRD_40911,0
NDGRD_40912,0
NDGRD_40913,0
NDGRD_40914,0
NDGRD_40915,0
NDGRD_40916,0
NDGRD_40917,0
NDGRD_40918,0
NDGRD_40919,0
NDGRD_40920,0
NDGRD_40921,0
NDGRD_40922,0
NDGRD_40923,0
NDGRD_40924,0
NDGRD_40925,0
NDGRD_40926,0
NDGRD_40927,0
NDGRD_40928,0
NDGRD_40929,0
NDGRD_40930,0
NDGRD_40931,0
NDGRD_40932,0
NDGRD_40933,0
NDGRD_40934,0
NDGRD_40935,0
NDGRD_40936,0
NDGRD_40937,0
NDGRD_40938,0
NDGRD_40939,0
NDGRD_40940,0
NDGRD_40941,0
NDGRD_40942,0
NDGRD_40943,0
NDGRD_40944,0
NDGRD_40945,0
NDGRD_40946,0
NDGRD_40947,0
NDGRD_40948,0
NDGRD_40949,0
NDGRD_40950,0
NDGRD_40951,0
NDGRD_40952,0
NDGRD_40953,0
NDGRD_40954,0
NDGRD_40955,0
NDGRD_40956,0
NDGRD_40957,0
NDGRD_40958,0
NDGRD_40959,0
NDGRD_40960,0
NDGRD_40961,0
NDGRD_40962,0
NDGRD_40963,0
NDGRD_40964,0
NDGRD_40965,0
NDGRD_40966,0
NDGRD_40967,0
NDGRD_40968,0
NDGRD_40969,0
NDGRD_40970,0
NDGRD_40971,0
NDGRD_40972,0
NDGRD_40973,0
NDGRD_40974,0
NDGRD_40975,0
NDGRD_40976,0
NDGRD_40977,0
NDGRD_40978,0
NDGRD_40979,0
NDGRD_40980,0
NDGRD_40981,0
NDGRD_40982,0
NDGRD_40983,0
NDGRD_40984,0
NDGRD_40985,0
NDGRD_40986,0
NDGRD_40987,0
NDGRD_40988,0
NDGRD_40989,0
NDGRD_40990,0
NDGRD_40991,0
NDGRD_40992,0
NDGRD_40993,0
NDGRD_40994,0
NDGRD_40995,0
NDGRD_40996,0
NDGRD_40997,0
NDGRD_40998,0
NDGRD_40999,0
NDGRD_41000,0
NDGRD_41001,0
NDGRD_41002,0
NDGRD_41003,0
NDGRD_41004,0
NDGRD_41005,0
NDGRD_41006,0
NDGRD_41007,0
NDGRD_41008,0
NDGRD_41009,0
NDGRD_41010,0
NDGRD_41011,0
NDGRD_41012,0
NDGRD_41013,0
NDGRD_41014,0
NDGRD_41015,0
NDGRD_41016,0
NDGRD_41017,0
NDGRD_41018,0
NDGRD_41019,0
NDGRD_41020,0
NDGRD_41021,0
NDGRD_41022,0
NDGRD_41023,0
NDGRD_41024,0
NDGRD_41025,0
NDGRD_41026,0
NDGRD_41027,0
NDGRD_41028,0
NDGRD_41029,0
NDGRD_41030,0
NDGRD_41031,0
NDGRD_41032,0
NDGRD_41033,0
NDGRD_41034,0
NDGRD_41035,0
NDGRD_41036,0
NDGRD_41037,0
NDGRD_41038,0
NDGRD_41039,0
NDGRD_41040,0
NDGRD_41041,0
NDGRD_41042,0
NDGRD_41043,0
NDGRD_41044,0
NDGRD_41045,0
NDGRD_41046,0
NDGRD_41047,0
NDGRD_41048,0
NDGRD_41049,0
NDGRD_41050,0
NDGRD_41051,0
NDGRD_41052,0
NDGRD_41053,0
NDGRD_41054,0
NDGRD_41055,0
NDGRD_41056,0
NDGRD_41057,0
NDGRD_41058,0
NDGRD_41059,0
NDGRD_41060,0
NDGRD_41061,0
NDGRD_41062,0
NDGRD_41063,0
NDGRD_41064,0
NDGRD_41065,0
NDGRD_41066,0
NDGRD_41067,0
NDGRD_41068,0
NDGRD_41069,0
NDGRD_41070,0
NDGRD_41071,0
NDGRD_41072,0
NDGRD_41073,0
NDGRD_41074,0
NDGRD_41075,0
NDGRD_41076,0
NDGRD_41077,0
NDGRD_41078,0
NDGRD_41079,0
NDGRD_41080,0
NDGRD_41081,0
NDGRD_41082,0
NDGRD_41083,0
NDGRD_41084,0
NDGRD_41085,0
NDGRD_41086,0
NDGRD_41087,0
NDGRD_41088,0
NDGRD_41089,0
NDGRD_41090,0
NDGRD_41091,0
NDGRD_41092,0
NDGRD_41093,0
NDGRD_41094,0
NDGRD_41095,0
NDGRD_41096,0
NDGRD_41097,0
NDGRD_41098,0
NDGRD_41099,0
NDGRD_41100,0
NDGRD_41101,0
NDGRD_41102,0
NDGRD_41103,0
NDGRD_41104,0
NDGRD_41105,0
NDGRD_41106,0
NDGRD_41107,0
NDGRD_41108,0
NDGRD_41109,0
NDGRD_41110,0
NDGRD_41111,0
NDGRD_41112,0
NDGRD_41113,0
NDGRD_41114,0
NDGRD_41115,0
NDGRD_41116,0
NDGRD_41117,0
NDGRD_41118,0
NDGRD_41119,0
NDGRD_41120,0
NDGRD_41121,0
NDGRD_41122,0
NDGRD_41123,0
NDGRD_41124,0
NDGRD_41125,0
NDGRD_41126,0
NDGRD_41127,0
NDGRD_41128,0
NDGRD_41129,0
NDGRD_41130,0
NDGRD_41131,0
NDGRD_41132,0
NDGRD_41133,0
NDGRD_41134,0
NDGRD_41135,0
NDGRD_41136,0
NDGRD_41137,0
NDGRD_41138,0
NDGRD_41139,0
NDGRD_41140,0
NDGRD_41141,0
NDGRD_41142,0
NDGRD_41143,0
NDGRD_41144,0
NDGRD_41145,0
NDGRD_41146,0
NDGRD_41147,0
NDGRD_41148,0
NDGRD_41149,0
NDGRD_41150,0
NDGRD_41151,0
NDGRD_41152,0
NDGRD_41153,0
NDGRD_41154,0
NDGRD_41155,0
NDGRD_41156,0
NDGRD_41157,0
NDGRD_41158,0
NDGRD_41159,0
NDGRD_41160,0
NDGRD_41161,0
NDGRD_41162,0
NDGRD_41163,0
NDGRD_41164,0
NDGRD_41165,0
NDGRD_41166,0
NDGRD_41167,0
NDGRD_41168,0
NDGRD_41169,0
NDGRD_41170,0
NDGRD_41171,0
NDGRD_41172,0
NDGRD_41173,0
NDGRD_41174,0
NDGRD_41175,0
NDGRD_41176,0
NDGRD_41177,0
NDGRD_41178,0
NDGRD_41179,0
NDGRD_41180,0
NDGRD_41181,0
NDGRD_41182,0
NDGRD_41183,0
NDGRD_41184,0
NDGRD_41185,0
NDGRD_41186,0
NDGRD_41187,0
NDGRD_41188,0
NDGRD_41189,0
NDGRD_41190,0
NDGRD_41191,0
NDGRD_41192,0
NDGRD_41193,0
NDGRD_41194,0
NDGRD_41195,0
NDGRD_41196,0
NDGRD_41197,0
NDGRD_41198,0
NDGRD_41199,0
NDGRD_41200,0
NDGRD_41201,0
NDGRD_41202,0
NDGRD_41203,0
NDGRD_41204,0
NDGRD_41205,0
NDGRD_41206,0
NDGRD_41207,0
NDGRD_41208,0
NDGRD_41209,0
NDGRD_41210,0
NDGRD_41211,0
NDGRD_41212,0
NDGRD_41213,0
NDGRD_41214,0
NDGRD_41215,0
NDGRD_41216,0
NDGRD_41217,0
NDGRD_41218,0
NDGRD_41219,0
NDGRD_41220,0
NDGRD_41221,0
NDGRD_41222,0
NDGRD_41223,0
NDGRD_41224,0
NDGRD_41225,0
NDGRD_41226,0
NDGRD_41227,0
NDGRD_41228,0
NDGRD_41229,0
NDGRD_41230,0
NDGRD_41231,0
NDGRD_41232,0
NDGRD_41233,0
NDGRD_41234,0
NDGRD_41235,0
NDGRD_41236,0
NDGRD_41237,0
NDGRD_41238,0
NDGRD_41239,0
NDGRD_41240,0
NDGRD_41241,0
NDGRD_41242,0
NDGRD_41243,0
NDGRD_41244,0
NDGRD_41245,0
NDGRD_41246,0
NDGRD_41247,0
NDGRD_41248,0
NDGRD_41249,0
NDGRD_41250,0
NDGRD_41251,0
NDGRD_41252,0
NDGRD_41253,0
NDGRD_41254,0
NDGRD_41255,0
NDGRD_41256,0
NDGRD_41257,0
NDGRD_41258,0
NDGRD_41259,0
NDGRD_41260,0
NDGRD_41261,0
NDGRD_41262,0
NDGRD_41263,0
NDGRD_41264,0
NDGRD_41265,0
NDGRD_41266,0
NDGRD_41267,0
NDGRD_41268,0
NDGRD_41269,0
NDGRD_41270,0
NDGRD_41271,0
NDGRD_41272,0
NDGRD_41273,0
NDGRD_41274,0
NDGRD_41275,0
NDGRD_41276,0
NDGRD_41277,0
NDGRD_41278,0
NDGRD_41279,0
NDGRD_41280,0
NDGRD_41281,0
NDGRD_41282,0
NDGRD_41283,0
NDGRD_41284,0
NDGRD_41285,0
NDGRD_41286,0
NDGRD_41287,0
NDGRD_41288,0
NDGRD_41289,0
NDGRD_41290,0
NDGRD_41291,0
NDGRD_41292,0
NDGRD_41293,0
NDGRD_41294,0
NDGRD_41295,0
NDGRD_41296,0
NDGRD_41297,0
NDGRD_41298,0
NDGRD_41299,0
NDGRD_41300,0
NDGRD_41301,0
NDGRD_41302,0
NDGRD_41303,0
NDGRD_41304,0
NDGRD_41305,0
NDGRD_41306,0
NDGRD_41307,0
NDGRD_41308,0
NDGRD_41309,0
NDGRD_41310,0
NDGRD_41311,0
NDGRD_41312,0
NDGRD_41313,0
NDGRD_41314,0
NDGRD_41315,0
NDGRD_41316,0
NDGRD_41317,0
NDGRD_41318,0
NDGRD_41319,0
NDGRD_41320,0
NDGRD_41321,0
NDGRD_41322,0
NDGRD_41323,0
NDGRD_41324,0
NDGRD_41325,0
NDGRD_41326,0
NDGRD_41327,0
NDGRD_41328,0
NDGRD_41329,0
NDGRD_41330,0
NDGRD_41331,0
NDGRD_41332,0
NDGRD_41333,0
NDGRD_41334,0
NDGRD_41335,0
NDGRD_41336,0
NDGRD_41337,0
NDGRD_41338,0
NDGRD_41339,0
NDGRD_41340,0
NDGRD_41341,0
NDGRD_41342,0
NDGRD_41343,0
NDGRD_41344,0
NDGRD_41345,0
NDGRD_41346,0
NDGRD_41347,0
NDGRD_41348,0
NDGRD_41349,0
NDGRD_41350,0
NDGRD_41351,0
NDGRD_41352,0
NDGRD_41353,0
NDGRD_41354,0
NDGRD_41355,0
NDGRD_41356,0
NDGRD_41357,0
NDGRD_41358,0
NDGRD_41359,0
NDGRD_41360,0
NDGRD_41361,0
NDGRD_41362,0
NDGRD_41363,0
NDGRD_41364,0
NDGRD_41365,0
NDGRD_41366,0
NDGRD_41367,0
NDGRD_41368,0
NDGRD_41369,0
NDGRD_41370,0
NDGRD_41371,0
NDGRD_41372,0
NDGRD_41373,0
NDGRD_41374,0
NDGRD_41375,0
NDGRD_41376,0
NDGRD_41377,0
NDGRD_41378,0
NDGRD_41379,0
NDGRD_41380,0
NDGRD_41381,0
NDGRD_41382,0
NDGRD_41383,0
NDGRD_41384,0
NDGRD_41385,0
NDGRD_41386,0
NDGRD_41387,0
NDGRD_41388,0
NDGRD_41389,0
NDGRD_41390,0
NDGRD_41391,0
NDGRD_41392,0
NDGRD_41393,0
NDGRD_41394,0
NDGRD_41395,0
NDGRD_41396,0
NDGRD_41397,0
NDGRD_41398,0
NDGRD_41399,0
NDGRD_41400,0
NDGRD_41401,0
NDGRD_41402,0
NDGRD_41403,0
NDGRD_41404,0
NDGRD_41405,0
NDGRD_41406,0
NDGRD_41407,0
NDGRD_41408,0
NDGRD_41409,0
NDGRD_41410,0
NDGRD_41411,0
NDGRD_41412,0
NDGRD_41413,0
NDGRD_41414,0
NDGRD_41415,0
NDGRD_41416,0
NDGRD_41417,0
NDGRD_41418,0
NDGRD_41419,0
NDGRD_41420,0
NDGRD_41421,0
NDGRD_41422,0
NDGRD_41423,0
NDGRD_41424,0
NDGRD_41425,0
NDGRD_41426,0
NDGRD_41427,0
NDGRD_41428,0
NDGRD_41429,0
NDGRD_41430,0
NDGRD_41431,0
NDGRD_41432,0
NDGRD_41433,0
NDGRD_41434,0
NDGRD_41435,0
NDGRD_41436,0
NDGRD_41437,0
NDGRD_41438,0
NDGRD_41439,0
NDGRD_41440,0
NDGRD_41441,0
NDGRD_41442,0
NDGRD_41443,0
NDGRD_41444,0
NDGRD_41445,0
NDGRD_41446,0
NDGRD_41447,0
NDGRD_41448,0
NDGRD_41449,0
NDGRD_41450,0
NDGRD_41451,0
NDGRD_41452,0
NDGRD_41453,0
NDGRD_41454,0
NDGRD_41455,0
NDGRD_41456,0
NDGRD_41457,0
NDGRD_41458,0
NDGRD_41459,0
NDGRD_41460,0
NDGRD_41461,0
NDGRD_41462,0
NDGRD_41463,0
NDGRD_41464,0
NDGRD_41465,0
NDGRD_41466,0
NDGRD_41467,0
NDGRD_41468,0
NDGRD_41469,0
NDGRD_41470,0
NDGRD_41471,0
NDGRD_41472,0
NDGRD_41473,0
NDGRD_41474,0
NDGRD_41475,0
NDGRD_41476,0
NDGRD_41477,0
NDGRD_41478,0
NDGRD_41479,0
NDGRD_41480,0
NDGRD_41481,0
NDGRD_41482,0
NDGRD_41483,0
NDGRD_41484,0
NDGRD_41485,0
NDGRD_41486,0
NDGRD_41487,0
NDGRD_41488,0
NDGRD_41489,0
NDGRD_41490,0
NDGRD_41491,0
NDGRD_41492,0
NDGRD_41493,0
NDGRD_41494,0
NDGRD_41495,0
NDGRD_41496,0
NDGRD_41497,0
NDGRD_41498,0
NDGRD_41499,0
NDGRD_41500,0
NDGRD_41501,0
NDGRD_41502,0
NDGRD_41503,0
NDGRD_41504,0
NDGRD_41505,0
NDGRD_41506,0
NDGRD_41507,0
NDGRD_41508,0
NDGRD_41509,0
NDGRD_41510,0
NDGRD_41511,0
NDGRD_41512,0
NDGRD_41513,0
NDGRD_41514,0
NDGRD_41515,0
NDGRD_41516,0
NDGRD_41517,0
NDGRD_41518,0
NDGRD_41519,0
NDGRD_41520,0
NDGRD_41521,0
NDGRD_41522,0
NDGRD_41523,0
NDGRD_41524,0
NDGRD_41525,0
NDGRD_41526,0
NDGRD_41527,0
NDGRD_41528,0
NDGRD_41529,0
NDGRD_41530,0
NDGRD_41531,0
NDGRD_41532,0
NDGRD_41533,0
NDGRD_41534,0
NDGRD_41535,0
NDGRD_41536,0
NDGRD_41537,0
NDGRD_41538,0
NDGRD_41539,0
NDGRD_41540,0
NDGRD_41541,0
NDGRD_41542,0
NDGRD_41543,0
NDGRD_41544,0
NDGRD_41545,0
NDGRD_41546,0
NDGRD_41547,0
NDGRD_41548,0
NDGRD_41549,0
NDGRD_41550,0
NDGRD_41551,0
NDGRD_41552,0
NDGRD_41553,0
NDGRD_41554,0
NDGRD_41555,0
NDGRD_41556,0
NDGRD_41557,0
NDGRD_41558,0
NDGRD_41559,0
NDGRD_41560,0
NDGRD_41561,0
NDGRD_41562,0
NDGRD_41563,0
NDGRD_41564,0
NDGRD_41565,0
NDGRD_41566,0
NDGRD_41567,0
NDGRD_41568,0
NDGRD_41569,0
NDGRD_41570,0
NDGRD_41571,0
NDGRD_41572,0
NDGRD_41573,0
NDGRD_41574,0
NDGRD_41575,0
NDGRD_41576,0
NDGRD_41577,0
NDGRD_41578,0
NDGRD_41579,0
NDGRD_41580,0
NDGRD_41581,0
NDGRD_41582,0
NDGRD_41583,0
NDGRD_41584,0
NDGRD_41585,0
NDGRD_41586,0
NDGRD_41587,0
NDGRD_41588,0
NDGRD_41589,0
NDGRD_41590,0
NDGRD_41591,0
NDGRD_41592,0
NDGRD_41593,0
NDGRD_41594,0
NDGRD_41595,0
NDGRD_41596,0
NDGRD_41597,0
NDGRD_41598,0
NDGRD_41599,0
NDGRD_41600,0
NDGRD_41601,0
NDGRD_41602,0
NDGRD_41603,0
NDGRD_41604,0
NDGRD_41605,0
NDGRD_41606,0
NDGRD_41607,0
NDGRD_41608,0
NDGRD_41609,0
NDGRD_41610,0
NDGRD_41611,0
NDGRD_41612,0
NDGRD_41613,0
NDGRD_41614,0
NDGRD_41615,0
NDGRD_41616,0
NDGRD_41617,0
NDGRD_41618,0
NDGRD_41619,0
NDGRD_41620,0
NDGRD_41621,0
NDGRD_41622,0
NDGRD_41623,0
NDGRD_41624,0
NDGRD_41625,0
NDGRD_41626,0
NDGRD_41627,0
NDGRD_41628,0
NDGRD_41629,0
NDGRD_41630,0
NDGRD_41631,0
NDGRD_41632,0
NDGRD_41633,0
NDGRD_41634,0
NDGRD_41635,0
NDGRD_41636,0
NDGRD_41637,0
NDGRD_41638,0
NDGRD_41639,0
NDGRD_41640,0
NDGRD_41641,0
NDGRD_41642,0
NDGRD_41643,0
NDGRD_41644,0
NDGRD_41645,0
NDGRD_41646,0
NDGRD_41647,0
NDGRD_41648,0
NDGRD_41649,0
NDGRD_41650,0
NDGRD_41651,0
NDGRD_41652,0
NDGRD_41653,0
NDGRD_41654,0
NDGRD_41655,0
NDGRD_41656,0
NDGRD_41657,0
NDGRD_41658,0
NDGRD_41659,0
NDGRD_41660,0
NDGRD_41661,0
NDGRD_41662,0
NDGRD_41663,0
NDGRD_41664,0
NDGRD_41665,0
NDGRD_41666,0
NDGRD_41667,0
NDGRD_41668,0
NDGRD_41669,0
NDGRD_41670,0
NDGRD_41671,0
NDGRD_41672,0
NDGRD_41673,0
NDGRD_41674,0
NDGRD_41675,0
NDGRD_41676,0
NDGRD_41677,0
NDGRD_41678,0
NDGRD_41679,0
NDGRD_41680,0
NDGRD_41681,0
NDGRD_41682,0
NDGRD_41683,0
NDGRD_41684,0
NDGRD_41685,0
NDGRD_41686,0
NDGRD_41687,0
NDGRD_41688,0
NDGRD_41689,0
NDGRD_41690,0
NDGRD_41691,0
NDGRD_41692,0
NDGRD_41693,0
NDGRD_41694,0
NDGRD_41695,0
NDGRD_41696,0
NDGRD_41697,0
NDGRD_41698,0
NDGRD_41699,0
NDGRD_41700,0
NDGRD_41701,0
NDGRD_41702,0
NDGRD_41703,0
NDGRD_41704,0
NDGRD_41705,0
NDGRD_41706,0
NDGRD_41707,0
NDGRD_41708,0
NDGRD_41709,0
NDGRD_41710,0
NDGRD_41711,0
NDGRD_41712,0
NDGRD_41713,0
NDGRD_41714,0
NDGRD_41715,0
NDGRD_41716,0
NDGRD_41717,0
NDGRD_41718,0
NDGRD_41719,0
NDGRD_41720,0
NDGRD_41721,0
NDGRD_41722,0
NDGRD_41723,0
NDGRD_41724,0
NDGRD_41725,0
NDGRD_41726,0
NDGRD_41727,0
NDGRD_41728,0
NDGRD_41729,0
NDGRD_41730,0
NDGRD_41731,0
NDGRD_41732,0
NDGRD_41733,0
NDGRD_41734,0
NDGRD_41735,0
NDGRD_41736,0
NDGRD_41737,0
NDGRD_41738,0
NDGRD_41739,0
NDGRD_41740,0
NDGRD_41741,0
NDGRD_41742,0
NDGRD_41743,0
NDGRD_41744,0
NDGRD_41745,0
NDGRD_41746,0
NDGRD_41747,0
NDGRD_41748,0
NDGRD_41749,0
NDGRD_41750,0
NDGRD_41751,0
NDGRD_41752,0
NDGRD_41753,0
NDGRD_41754,0
NDGRD_41755,0
NDGRD_41756,0
NDGRD_41757,0
NDGRD_41758,0
NDGRD_41759,0
NDGRD_41760,0
NDGRD_41761,0
NDGRD_41762,0
NDGRD_41763,0
NDGRD_41764,0
NDGRD_41765,0
NDGRD_41766,0
NDGRD_41767,0
NDGRD_41768,0
NDGRD_41769,0
NDGRD_41770,0
NDGRD_41771,0
NDGRD_41772,0
NDGRD_41773,0
NDGRD_41774,0
NDGRD_41775,0
NDGRD_41776,0
NDGRD_41777,0
NDGRD_41778,0
NDGRD_41779,0
NDGRD_41780,0
NDGRD_41781,0
NDGRD_41782,0
NDGRD_41783,0
NDGRD_41784,0
NDGRD_41785,0
NDGRD_41786,0
NDGRD_41787,0
NDGRD_41788,0
NDGRD_41789,0
NDGRD_41790,0
NDGRD_41791,0
NDGRD_41792,0
NDGRD_41793,0
NDGRD_41794,0
NDGRD_41795,0
NDGRD_41796,0
NDGRD_41797,0
NDGRD_41798,0
NDGRD_41799,0
NDGRD_41800,0
NDGRD_41801,0
NDGRD_41802,0
NDGRD_41803,0
NDGRD_41804,0
NDGRD_41805,0
NDGRD_41806,0
NDGRD_41807,0
NDGRD_41808,0
NDGRD_41809,0
NDGRD_41810,0
NDGRD_41811,0
NDGRD_41812,0
NDGRD_41813,0
NDGRD_41814,0
NDGRD_41815,0
NDGRD_41816,0
NDGRD_41817,0
NDGRD_41818,0
NDGRD_41819,0
NDGRD_41820,0
NDGRD_41821,0
NDGRD_41822,0
NDGRD_41823,0
NDGRD_41824,0
NDGRD_41825,0
NDGRD_41826,0
NDGRD_41827,0
NDGRD_41828,0
NDGRD_41829,0
NDGRD_41830,0
NDGRD_41831,0
NDGRD_41832,0
NDGRD_41833,0
NDGRD_41834,0
NDGRD_41835,0
NDGRD_41836,0
NDGRD_41837,0
NDGRD_41838,0
NDGRD_41839,0
NDGRD_41840,0
NDGRD_41841,0
NDGRD_41842,0
NDGRD_41843,0
NDGRD_41844,0
NDGRD_41845,0
NDGRD_41846,0
NDGRD_41847,0
NDGRD_41848,0
NDGRD_41849,0
NDGRD_41850,0
NDGRD_41851,0
NDGRD_41852,0
NDGRD_41853,0
NDGRD_41854,0
NDGRD_41855,0
NDGRD_41856,0
NDGRD_41857,0
NDGRD_41858,0
NDGRD_41859,0
NDGRD_41860,0
NDGRD_41861,0
NDGRD_41862,0
NDGRD_41863,0
NDGRD_41864,0
NDGRD_41865,0
NDGRD_41866,0
NDGRD_41867,0
NDGRD_41868,0
NDGRD_41869,0
NDGRD_41870,0
NDGRD_41871,0
NDGRD_41872,0
NDGRD_41873,0
NDGRD_41874,0
NDGRD_41875,0
NDGRD_41876,0
NDGRD_41877,0
NDGRD_41878,0
NDGRD_41879,0
NDGRD_41880,0
NDGRD_41881,0
NDGRD_41882,0
NDGRD_41883,0
NDGRD_41884,0
NDGRD_41885,0
NDGRD_41886,0
NDGRD_41887,0
NDGRD_41888,0
NDGRD_41889,0
NDGRD_41890,0
NDGRD_41891,0
NDGRD_41892,0
NDGRD_41893,0
NDGRD_41894,0
NDGRD_41895,0
NDGRD_41896,0
NDGRD_41897,0
NDGRD_41898,0
NDGRD_41899,0
NDGRD_41900,0
NDGRD_41901,0
NDGRD_41902,0
NDGRD_41903,0
NDGRD_41904,0
NDGRD_41905,0
NDGRD_41906,0
NDGRD_41907,0
NDGRD_41908,0
NDGRD_41909,0
NDGRD_41910,0
NDGRD_41911,0
NDGRD_41912,0
NDGRD_41913,0
NDGRD_41914,0
NDGRD_41915,0
NDGRD_41916,0
NDGRD_41917,0
NDGRD_41918,0
NDGRD_41919,0
NDGRD_41920,0
NDGRD_41921,0
NDGRD_41922,0
NDGRD_41923,0
NDGRD_41924,0
NDGRD_41925,0
NDGRD_41926,0
NDGRD_41927,0
NDGRD_41928,0
NDGRD_41929,0
NDGRD_41930,0
NDGRD_41931,0
NDGRD_41932,0
NDGRD_41933,0
NDGRD_41934,0
NDGRD_41935,0
NDGRD_41936,0
NDGRD_41937,0
NDGRD_41938,0
NDGRD_41939,0
NDGRD_41940,0
NDGRD_41941,0
NDGRD_41942,0
NDGRD_41943,0
NDGRD_41944,0
NDGRD_41945,0
NDGRD_41946,0
NDGRD_41947,0
NDGRD_41948,0
NDGRD_41949,0
NDGRD_41950,0
NDGRD_41951,0
NDGRD_41952,0
NDGRD_41953,0
NDGRD_41954,0
NDGRD_41955,0
NDGRD_41956,0
NDGRD_41957,0
NDGRD_41958,0
NDGRD_41959,0
NDGRD_41960,0
NDGRD_41961,0
NDGRD_41962,0
NDGRD_41963,0
NDGRD_41964,0
NDGRD_41965,0
NDGRD_41966,0
NDGRD_41967,0
NDGRD_41968,0
NDGRD_41969,0
NDGRD_41970,0
NDGRD_41971,0
NDGRD_41972,0
NDGRD_41973,0
NDGRD_41974,0
NDGRD_41975,0
NDGRD_41976,0
NDGRD_41977,0
NDGRD_41978,0
NDGRD_41979,0
NDGRD_41980,0
NDGRD_41981,0
NDGRD_41982,0
NDGRD_41983,0
NDGRD_41984,0
NDGRD_41985,0
NDGRD_41986,0
NDGRD_41987,0
NDGRD_41988,0
NDGRD_41989,0
NDGRD_41990,0
NDGRD_41991,0
NDGRD_41992,0
NDGRD_41993,0
NDGRD_41994,0
NDGRD_41995,0
NDGRD_41996,0
NDGRD_41997,0
NDGRD_41998,0
NDGRD_41999,0
NDGRD_42000,0
NDGRD_42001,0
NDGRD_42002,0
NDGRD_42003,0
NDGRD_42004,0
NDGRD_42005,0
NDGRD_42006,0
NDGRD_42007,0
NDGRD_42008,0
NDGRD_42009,0
NDGRD_42010,0
NDGRD_42011,0
NDGRD_42012,0
NDGRD_42013,0
NDGRD_42014,0
NDGRD_42015,0
NDGRD_42016,0
NDGRD_42017,0
NDGRD_42018,0
NDGRD_42019,0
NDGRD_42020,0
NDGRD_42021,0
NDGRD_42022,0
NDGRD_42023,0
NDGRD_42024,0
NDGRD_42025,0
NDGRD_42026,0
NDGRD_42027,0
NDGRD_42028,0
NDGRD_42029,0
NDGRD_42030,0
NDGRD_42031,0
NDGRD_42032,0
NDGRD_42033,0
NDGRD_42034,0
NDGRD_42035,0
NDGRD_42036,0
NDGRD_42037,0
NDGRD_42038,0
NDGRD_42039,0
NDGRD_42040,0
NDGRD_42041,0
NDGRD_42042,0
NDGRD_42043,0
NDGRD_42044,0
NDGRD_42045,0
NDGRD_42046,0
NDGRD_42047,0
NDGRD_42048,0
NDGRD_42049,0
NDGRD_42050,0
NDGRD_42051,0
NDGRD_42052,0
NDGRD_42053,0
NDGRD_42054,0
NDGRD_42055,0
NDGRD_42056,0
NDGRD_42057,0
NDGRD_42058,0
NDGRD_42059,0
NDGRD_42060,0
NDGRD_42061,0
NDGRD_42062,0
NDGRD_42063,0
NDGRD_42064,0
NDGRD_42065,0
NDGRD_42066,0
NDGRD_42067,0
NDGRD_42068,0
NDGRD_42069,0
NDGRD_42070,0
NDGRD_42071,0
NDGRD_42072,0
NDGRD_42073,0
NDGRD_42074,0
NDGRD_42075,0
NDGRD_42076,0
NDGRD_42077,0
NDGRD_42078,0
NDGRD_42079,0
NDGRD_42080,0
NDGRD_42081,0
NDGRD_42082,0
NDGRD_42083,0
NDGRD_42084,0
NDGRD_42085,0
NDGRD_42086,0
NDGRD_42087,0
NDGRD_42088,0
NDGRD_42089,0
NDGRD_42090,0
NDGRD_42091,0
NDGRD_42092,0
NDGRD_42093,0
NDGRD_42094,0
NDGRD_42095,0
NDGRD_42096,0
NDGRD_42097,0
NDGRD_42098,0
NDGRD_42099,0
NDGRD_42100,0
NDGRD_42101,0
NDGRD_42102,0
NDGRD_42103,0
NDGRD_42104,0
NDGRD_42105,0
NDGRD_42106,0
NDGRD_42107,0
NDGRD_42108,0
NDGRD_42109,0
NDGRD_42110,0
NDGRD_42111,0
NDGRD_42112,0
NDGRD_42113,0
NDGRD_42114,0
NDGRD_42115,0
NDGRD_42116,0
NDGRD_42117,0
NDGRD_42118,0
NDGRD_42119,0
NDGRD_42120,0
NDGRD_42121,0
NDGRD_42122,0
NDGRD_42123,0
NDGRD_42124,0
NDGRD_42125,0
NDGRD_42126,0
NDGRD_42127,0
NDGRD_42128,0
NDGRD_42129,0
NDGRD_42130,0
NDGRD_42131,0
NDGRD_42132,0
NDGRD_42133,0
NDGRD_42134,0
NDGRD_42135,0
NDGRD_42136,0
NDGRD_42137,0
NDGRD_42138,0
NDGRD_42139,0
NDGRD_42140,0
NDGRD_42141,0
NDGRD_42142,0
NDGRD_42143,0
NDGRD_42144,0
NDGRD_42145,0
NDGRD_42146,0
NDGRD_42147,0
NDGRD_42148,0
NDGRD_42149,0
NDGRD_42150,0
NDGRD_42151,0
NDGRD_42152,0
NDGRD_42153,0
NDGRD_42154,0
NDGRD_42155,0
NDGRD_42156,0
NDGRD_42157,0
NDGRD_42158,0
NDGRD_42159,0
NDGRD_42160,0
NDGRD_42161,0
NDGRD_42162,0
NDGRD_42163,0
NDGRD_42164,0
NDGRD_42165,0
NDGRD_42166,0
NDGRD_42167,0
NDGRD_42168,0
NDGRD_42169,0
NDGRD_42170,0
NDGRD_42171,0
NDGRD_42172,0
NDGRD_42173,0
NDGRD_42174,0
NDGRD_42175,0
NDGRD_42176,0
NDGRD_42177,0
NDGRD_42178,0
NDGRD_42179,0
NDGRD_42180,0
NDGRD_42181,0
NDGRD_42182,0
NDGRD_42183,0
NDGRD_42184,0
NDGRD_42185,0
NDGRD_42186,0
NDGRD_42187,0
NDGRD_42188,0
NDGRD_42189,0
NDGRD_42190,0
NDGRD_42191,0
NDGRD_42192,0
NDGRD_42193,0
NDGRD_42194,0
NDGRD_42195,0
NDGRD_42196,0
NDGRD_42197,0
NDGRD_42198,0
NDGRD_42199,0
NDGRD_42200,0
NDGRD_42201,0
NDGRD_42202,0
NDGRD_42203,0
NDGRD_42204,0
NDGRD_42205,0
NDGRD_42206,0
NDGRD_42207,0
NDGRD_42208,0
NDGRD_42209,0
NDGRD_42210,0
NDGRD_42211,0
NDGRD_42212,0
NDGRD_42213,0
NDGRD_42214,0
NDGRD_42215,0
NDGRD_42216,0
NDGRD_42217,0
NDGRD_42218,0
NDGRD_42219,0
NDGRD_42220,0
NDGRD_42221,0
NDGRD_42222,0
NDGRD_42223,0
NDGRD_42224,0
NDGRD_42225,0
NDGRD_42226,0
NDGRD_42227,0
NDGRD_42228,0
NDGRD_42229,0
NDGRD_42230,0
NDGRD_42231,0
NDGRD_42232,0
NDGRD_42233,0
NDGRD_42234,0
NDGRD_42235,0
NDGRD_42236,0
NDGRD_42237,0
NDGRD_42238,0
NDGRD_42239,0
NDGRD_42240,0
NDGRD_42241,0
NDGRD_42242,0
NDGRD_42243,0
NDGRD_42244,0
NDGRD_42245,0
NDGRD_42246,0
NDGRD_42247,0
NDGRD_42248,0
NDGRD_42249,0
NDGRD_42250,0
NDGRD_42251,0
NDGRD_42252,0
NDGRD_42253,0
NDGRD_42254,0
NDGRD_42255,0
NDGRD_42256,0
NDGRD_42257,0
NDGRD_42258,0
NDGRD_42259,0
NDGRD_42260,0
NDGRD_42261,0
NDGRD_42262,0
NDGRD_42263,0
NDGRD_42264,0
NDGRD_42265,0
NDGRD_42266,0
NDGRD_42267,0
NDGRD_42268,0
NDGRD_42269,0
NDGRD_42270,0
NDGRD_42271,0
NDGRD_42272,0
NDGRD_42273,0
NDGRD_42274,0
NDGRD_42275,0
NDGRD_42276,0
NDGRD_42277,0
NDGRD_42278,0
NDGRD_42279,0
NDGRD_42280,0
NDGRD_42281,0
NDGRD_42282,0
NDGRD_42283,0
NDGRD_42284,0
NDGRD_42285,0
NDGRD_42286,0
NDGRD_42287,0
NDGRD_42288,0
NDGRD_42289,0
NDGRD_42290,0
NDGRD_42291,0
NDGRD_42292,0
NDGRD_42293,0
NDGRD_42294,0
NDGRD_42295,0
NDGRD_42296,0
NDGRD_42297,0
NDGRD_42298,0
NDGRD_42299,0
NDGRD_42300,0
NDGRD_42301,0
NDGRD_42302,0
NDGRD_42303,0
NDGRD_42304,0
NDGRD_42305,0
NDGRD_42306,0
NDGRD_42307,0
NDGRD_42308,0
NDGRD_42309,0
NDGRD_42310,0
NDGRD_42311,0
NDGRD_42312,0
NDGRD_42313,0
NDGRD_42314,0
NDGRD_42315,0
NDGRD_42316,0
NDGRD_42317,0
NDGRD_42318,0
NDGRD_42319,0
NDGRD_42320,0
NDGRD_42321,0
NDGRD_42322,0
NDGRD_42323,0
NDGRD_42324,0
NDGRD_42325,0
NDGRD_42326,0
NDGRD_42327,0
NDGRD_42328,0
NDGRD_42329,0
NDGRD_42330,0
NDGRD_42331,0
NDGRD_42332,0
NDGRD_42333,0
NDGRD_42334,0
NDGRD_42335,0
NDGRD_42336,0
NDGRD_42337,0
NDGRD_42338,0
NDGRD_42339,0
NDGRD_42340,0
NDGRD_42341,0
NDGRD_42342,0
NDGRD_42343,0
NDGRD_42344,0
NDGRD_42345,0
NDGRD_42346,0
NDGRD_42347,0
NDGRD_42348,0
NDGRD_42349,0
NDGRD_42350,0
NDGRD_42351,0
NDGRD_42352,0
NDGRD_42353,0
NDGRD_42354,0
NDGRD_42355,0
NDGRD_42356,0
NDGRD_42357,0
NDGRD_42358,0
NDGRD_42359,0
NDGRD_42360,0
NDGRD_42361,0
NDGRD_42362,0
NDGRD_42363,0
NDGRD_42364,0
NDGRD_42365,0
NDGRD_42366,0
NDGRD_42367,0
NDGRD_42368,0
NDGRD_42369,0
NDGRD_42370,0
NDGRD_42371,0
NDGRD_42372,0
NDGRD_42373,0
NDGRD_42374,0
NDGRD_42375,0
NDGRD_42376,0
NDGRD_42377,0
NDGRD_42378,0
NDGRD_42379,0
NDGRD_42380,0
NDGRD_42381,0
NDGRD_42382,0
NDGRD_42383,0
NDGRD_42384,0
NDGRD_42385,0
NDGRD_42386,0
NDGRD_42387,0
NDGRD_42388,0
NDGRD_42389,0
NDGRD_42390,0
NDGRD_42391,0
NDGRD_42392,0
NDGRD_42393,0
NDGRD_42394,0
NDGRD_42395,0
NDGRD_42396,0
NDGRD_42397,0
NDGRD_42398,0
NDGRD_42399,0
NDGRD_42400,0
NDGRD_42401,0
NDGRD_42402,0
NDGRD_42403,0
NDGRD_42404,0
NDGRD_42405,0
NDGRD_42406,0
NDGRD_42407,0
NDGRD_42408,0
NDGRD_42409,0
NDGRD_42410,0
NDGRD_42411,0
NDGRD_42412,0
NDGRD_42413,0
NDGRD_42414,0
NDGRD_42415,0
NDGRD_42416,0
NDGRD_42417,0
NDGRD_42418,0
NDGRD_42419,0
NDGRD_42420,0
NDGRD_42421,0
NDGRD_42422,0
NDGRD_42423,0
NDGRD_42424,0
NDGRD_42425,0
NDGRD_42426,0
NDGRD_42427,0
NDGRD_42428,0
NDGRD_42429,0
NDGRD_42430,0
NDGRD_42431,0
NDGRD_42432,0
NDGRD_42433,0
NDGRD_42434,0
NDGRD_42435,0
NDGRD_42436,0
NDGRD_42437,0
NDGRD_42438,0
NDGRD_42439,0
NDGRD_42440,0
NDGRD_42441,0
NDGRD_42442,0
NDGRD_42443,0
NDGRD_42444,0
NDGRD_42445,0
NDGRD_42446,0
NDGRD_42447,0
NDGRD_42448,0
NDGRD_42449,0
NDGRD_42450,0
NDGRD_42451,0
NDGRD_42452,0
NDGRD_42453,0
NDGRD_42454,0
NDGRD_42455,0
NDGRD_42456,0
NDGRD_42457,0
NDGRD_42458,0
NDGRD_42459,0
NDGRD_42460,0
NDGRD_42461,0
NDGRD_42462,0
NDGRD_42463,0
NDGRD_42464,0
NDGRD_42465,0
NDGRD_42466,0
NDGRD_42467,0
NDGRD_42468,0
NDGRD_42469,0
NDGRD_42470,0
NDGRD_42471,0
NDGRD_42472,0
NDGRD_42473,0
NDGRD_42474,0
NDGRD_42475,0
NDGRD_42476,0
NDGRD_42477,0
NDGRD_42478,0
NDGRD_42479,0
NDGRD_42480,0
NDGRD_42481,0
NDGRD_42482,0
NDGRD_42483,0
NDGRD_42484,0
NDGRD_42485,0
NDGRD_42486,0
NDGRD_42487,0
NDGRD_42488,0
NDGRD_42489,0
NDGRD_42490,0
NDGRD_42491,0
NDGRD_42492,0
NDGRD_42493,0
NDGRD_42494,0
NDGRD_42495,0
NDGRD_42496,0
NDGRD_42497,0
NDGRD_42498,0
NDGRD_42499,0
NDGRD_42500,0
NDGRD_42501,0
NDGRD_42502,0
NDGRD_42503,0
NDGRD_42504,0
NDGRD_42505,0
NDGRD_42506,0
NDGRD_42507,0
NDGRD_42508,0
NDGRD_42509,0
NDGRD_42510,0
NDGRD_42511,0
NDGRD_42512,0
NDGRD_42513,0
NDGRD_42514,0
NDGRD_42515,0
NDGRD_42516,0
NDGRD_42517,0
NDGRD_42518,0
NDGRD_42519,0
NDGRD_42520,0
NDGRD_42521,0
NDGRD_42522,0
NDGRD_42523,0
NDGRD_42524,0
NDGRD_42525,0
NDGRD_42526,0
NDGRD_42527,0
NDGRD_42528,0
NDGRD_42529,0
NDGRD_42530,0
NDGRD_42531,0
NDGRD_42532,0
NDGRD_42533,0
NDGRD_42534,0
NDGRD_42535,0
NDGRD_42536,0
NDGRD_42537,0
NDGRD_42538,0
NDGRD_42539,0
NDGRD_42540,0
NDGRD_42541,0
NDGRD_42542,0
NDGRD_42543,0
NDGRD_42544,0
NDGRD_42545,0
NDGRD_42546,0
NDGRD_42547,0
NDGRD_42548,0
NDGRD_42549,0
NDGRD_42550,0
NDGRD_42551,0
NDGRD_42552,0
NDGRD_42553,0
NDGRD_42554,0
NDGRD_42555,0
NDGRD_42556,0
NDGRD_42557,0
NDGRD_42558,0
NDGRD_42559,0
NDGRD_42560,0
NDGRD_42561,0
NDGRD_42562,0
NDGRD_42563,0
NDGRD_42564,0
NDGRD_42565,0
NDGRD_42566,0
NDGRD_42567,0
NDGRD_42568,0
NDGRD_42569,0
NDGRD_42570,0
NDGRD_42571,0
NDGRD_42572,0
NDGRD_42573,0
NDGRD_42574,0
NDGRD_42575,0
NDGRD_42576,0
NDGRD_42577,0
NDGRD_42578,0
NDGRD_42579,0
NDGRD_42580,0
NDGRD_42581,0
NDGRD_42582,0
NDGRD_42583,0
NDGRD_42584,0
NDGRD_42585,0
NDGRD_42586,0
NDGRD_42587,0
NDGRD_42588,0
NDGRD_42589,0
NDGRD_42590,0
NDGRD_42591,0
NDGRD_42592,0
NDGRD_42593,0
NDGRD_42594,0
NDGRD_42595,0
NDGRD_42596,0
NDGRD_42597,0
NDGRD_42598,0
NDGRD_42599,0
NDGRD_42600,0
NDGRD_42601,0
NDGRD_42602,0
NDGRD_42603,0
NDGRD_42604,0
NDGRD_42605,0
NDGRD_42606,0
NDGRD_42607,0
NDGRD_42608,0
NDGRD_42609,0
NDGRD_42610,0
NDGRD_42611,0
NDGRD_42612,0
NDGRD_42613,0
NDGRD_42614,0
NDGRD_42615,0
NDGRD_42616,0
NDGRD_42617,0
NDGRD_42618,0
NDGRD_42619,0
NDGRD_42620,0
NDGRD_42621,0
NDGRD_42622,0
NDGRD_42623,0
NDGRD_42624,0
NDGRD_42625,0
NDGRD_42626,0
NDGRD_42627,0
NDGRD_42628,0
NDGRD_42629,0
NDGRD_42630,0
NDGRD_42631,0
NDGRD_42632,0
NDGRD_42633,0
NDGRD_42634,0
NDGRD_42635,0
NDGRD_42636,0
NDGRD_42637,0
NDGRD_42638,0
NDGRD_42639,0
NDGRD_42640,0
NDGRD_42641,0
NDGRD_42642,0
NDGRD_42643,0
NDGRD_42644,0
NDGRD_42645,0
NDGRD_42646,0
NDGRD_42647,0
NDGRD_42648,0
NDGRD_42649,0
NDGRD_42650,0
NDGRD_42651,0
NDGRD_42652,0
NDGRD_42653,0
NDGRD_42654,0
NDGRD_42655,0
NDGRD_42656,0
NDGRD_42657,0
NDGRD_42658,0
NDGRD_42659,0
NDGRD_42660,0
NDGRD_42661,0
NDGRD_42662,0
NDGRD_42663,0
NDGRD_42664,0
NDGRD_42665,0
NDGRD_42666,0
NDGRD_42667,0
NDGRD_42668,0
NDGRD_42669,0
NDGRD_42670,0
NDGRD_42671,0
NDGRD_42672,0
NDGRD_42673,0
NDGRD_42674,0
NDGRD_42675,0
NDGRD_42676,0
NDGRD_42677,0
NDGRD_42678,0
NDGRD_42679,0
NDGRD_42680,0
NDGRD_42681,0
NDGRD_42682,0
NDGRD_42683,0
NDGRD_42684,0
NDGRD_42685,0
NDGRD_42686,0
NDGRD_42687,0
NDGRD_42688,0
NDGRD_42689,0
NDGRD_42690,0
NDGRD_42691,0
NDGRD_42692,0
NDGRD_42693,0
NDGRD_42694,0
NDGRD_42695,0
NDGRD_42696,0
NDGRD_42697,0
NDGRD_42698,0
NDGRD_42699,0
NDGRD_42700,0
NDGRD_42701,0
NDGRD_42702,0
NDGRD_42703,0
NDGRD_42704,0
NDGRD_42705,0
NDGRD_42706,0
NDGRD_42707,0
NDGRD_42708,0
NDGRD_42709,0
NDGRD_42710,0
NDGRD_42711,0
NDGRD_42712,0
NDGRD_42713,0
NDGRD_42714,0
NDGRD_42715,0
NDGRD_42716,0
NDGRD_42717,0
NDGRD_42718,0
NDGRD_42719,0
NDGRD_42720,0
NDGRD_42721,0
NDGRD_42722,0
NDGRD_42723,0
NDGRD_42724,0
NDGRD_42725,0
NDGRD_42726,0
NDGRD_42727,0
NDGRD_42728,0
NDGRD_42729,0
NDGRD_42730,0
NDGRD_42731,0
NDGRD_42732,0
NDGRD_42733,0
NDGRD_42734,0
NDGRD_42735,0
NDGRD_42736,0
NDGRD_42737,0
NDGRD_42738,0
NDGRD_42739,0
NDGRD_42740,0
NDGRD_42741,0
NDGRD_42742,0
NDGRD_42743,0
NDGRD_42744,0
NDGRD_42745,0
NDGRD_42746,0
NDGRD_42747,0
NDGRD_42748,0
NDGRD_42749,0
NDGRD_42750,0
NDGRD_42751,0
NDGRD_42752,0
NDGRD_42753,0
NDGRD_42754,0
NDGRD_42755,0
NDGRD_42756,0
NDGRD_42757,0
NDGRD_42758,0
NDGRD_42759,0
NDGRD_42760,0
NDGRD_42761,0
NDGRD_42762,0
NDGRD_42763,0
NDGRD_42764,0
NDGRD_42765,0
NDGRD_42766,0
NDGRD_42767,0
NDGRD_42768,0
NDGRD_42769,0
NDGRD_42770,0
NDGRD_42771,0
NDGRD_42772,0
NDGRD_42773,0
NDGRD_42774,0
NDGRD_42775,0
NDGRD_42776,0
NDGRD_42777,0
NDGRD_42778,0
NDGRD_42779,0
NDGRD_42780,0
NDGRD_42781,0
NDGRD_42782,0
NDGRD_42783,0
NDGRD_42784,0
NDGRD_42785,0
NDGRD_42786,0
NDGRD_42787,0
NDGRD_42788,0
NDGRD_42789,0
NDGRD_42790,0
NDGRD_42791,0
NDGRD_42792,0
NDGRD_42793,0
NDGRD_42794,0
NDGRD_42795,0
NDGRD_42796,0
NDGRD_42797,0
NDGRD_42798,0
NDGRD_42799,0
NDGRD_42800,0
NDGRD_42801,0
NDGRD_42802,0
NDGRD_42803,0
NDGRD_42804,0
NDGRD_42805,0
NDGRD_42806,0
NDGRD_42807,0
NDGRD_42808,0
NDGRD_42809,0
NDGRD_42810,0
NDGRD_42811,0
NDGRD_42812,0
NDGRD_42813,0
NDGRD_42814,0
NDGRD_42815,0
NDGRD_42816,0
NDGRD_42817,0
NDGRD_42818,0
NDGRD_42819,0
NDGRD_42820,0
NDGRD_42821,0
NDGRD_42822,0
NDGRD_42823,0
NDGRD_42824,0
NDGRD_42825,0
NDGRD_42826,0
NDGRD_42827,0
NDGRD_42828,0
NDGRD_42829,0
NDGRD_42830,0
NDGRD_42831,0
NDGRD_42832,0
NDGRD_42833,0
NDGRD_42834,0
NDGRD_42835,0
NDGRD_42836,0
NDGRD_42837,0
NDGRD_42838,0
NDGRD_42839,0
NDGRD_42840,0
NDGRD_42841,0
NDGRD_42842,0
NDGRD_42843,0
NDGRD_42844,0
NDGRD_42845,0
NDGRD_42846,0
NDGRD_42847,0
NDGRD_42848,0
NDGRD_42849,0
NDGRD_42850,0
NDGRD_42851,0
NDGRD_42852,0
NDGRD_42853,0
NDGRD_42854,0
NDGRD_42855,0
NDGRD_42856,0
NDGRD_42857,0
NDGRD_42858,0
NDGRD_42859,0
NDGRD_42860,0
NDGRD_42861,0
NDGRD_42862,0
NDGRD_42863,0
NDGRD_42864,0
NDGRD_42865,0
NDGRD_42866,0
NDGRD_42867,0
NDGRD_42868,0
NDGRD_42869,0
NDGRD_42870,0
NDGRD_42871,0
NDGRD_42872,0
NDGRD_42873,0
NDGRD_42874,0
NDGRD_42875,0
NDGRD_42876,0
NDGRD_42877,0
NDGRD_42878,0
NDGRD_42879,0
NDGRD_42880,0
NDGRD_42881,0
NDGRD_42882,0
NDGRD_42883,0
NDGRD_42884,0
NDGRD_42885,0
NDGRD_42886,0
NDGRD_42887,0
NDGRD_42888,0
NDGRD_42889,0
NDGRD_42890,0
NDGRD_42891,0
NDGRD_42892,0
NDGRD_42893,0
NDGRD_42894,0
NDGRD_42895,0
NDGRD_42896,0
NDGRD_42897,0
NDGRD_42898,0
NDGRD_42899,0
NDGRD_42900,0
NDGRD_42901,0
NDGRD_42902,0
NDGRD_42903,0
NDGRD_42904,0
NDGRD_42905,0
NDGRD_42906,0
NDGRD_42907,0
NDGRD_42908,0
NDGRD_42909,0
NDGRD_42910,0
NDGRD_42911,0
NDGRD_42912,0
NDGRD_42913,0
NDGRD_42914,0
NDGRD_42915,0
NDGRD_42916,0
NDGRD_42917,0
NDGRD_42918,0
NDGRD_42919,0
NDGRD_42920,0
NDGRD_42921,0
NDGRD_42922,0
NDGRD_42923,0
NDGRD_42924,0
NDGRD_42925,0
NDGRD_42926,0
NDGRD_42927,0
NDGRD_42928,0
NDGRD_42929,0
NDGRD_42930,0
NDGRD_42931,0
NDGRD_42932,0
NDGRD_42933,0
NDGRD_42934,0
NDGRD_42935,0
NDGRD_42936,0
NDGRD_42937,0
NDGRD_42938,0
NDGRD_42939,0
NDGRD_42940,0
NDGRD_42941,0
NDGRD_42942,0
NDGRD_42943,0
NDGRD_42944,0
NDGRD_42945,0
NDGRD_42946,0
NDGRD_42947,0
NDGRD_42948,0
NDGRD_42949,0
NDGRD_42950,0
NDGRD_42951,0
NDGRD_42952,0
NDGRD_42953,0
NDGRD_42954,0
NDGRD_42955,0
NDGRD_42956,0
NDGRD_42957,0
NDGRD_42958,0
NDGRD_42959,0
NDGRD_42960,0
NDGRD_42961,0
NDGRD_42962,0
NDGRD_42963,0
NDGRD_42964,0
NDGRD_42965,0
NDGRD_42966,0
NDGRD_42967,0
NDGRD_42968,0
NDGRD_42969,0
NDGRD_42970,0
NDGRD_42971,0
NDGRD_42972,0
NDGRD_42973,0
NDGRD_42974,0
NDGRD_42975,0
NDGRD_42976,0
NDGRD_42977,0
NDGRD_42978,0
NDGRD_42979,0
NDGRD_42980,0
NDGRD_42981,0
NDGRD_42982,0
NDGRD_42983,0
NDGRD_42984,0
NDGRD_42985,0
NDGRD_42986,0
NDGRD_42987,0
NDGRD_42988,0
NDGRD_42989,0
NDGRD_42990,0
NDGRD_42991,0
NDGRD_42992,0
NDGRD_42993,0
NDGRD_42994,0
NDGRD_42995,0
NDGRD_42996,0
NDGRD_42997,0
NDGRD_42998,0
NDGRD_42999,0
NDGRD_43000,0
NDGRD_43001,0
NDGRD_43002,0
NDGRD_43003,0
NDGRD_43004,0
NDGRD_43005,0
NDGRD_43006,0
NDGRD_43007,0
NDGRD_43008,0
NDGRD_43009,0
NDGRD_43010,0
NDGRD_43011,0
NDGRD_43012,0
NDGRD_43013,0
NDGRD_43014,0
NDGRD_43015,0
NDGRD_43016,0
NDGRD_43017,0
NDGRD_43018,0
NDGRD_43019,0
NDGRD_43020,0
NDGRD_43021,0
NDGRD_43022,0
NDGRD_43023,0
NDGRD_43024,0
NDGRD_43025,0
NDGRD_43026,0
NDGRD_43027,0
NDGRD_43028,0
NDGRD_43029,0
NDGRD_43030,0
NDGRD_43031,0
NDGRD_43032,0
NDGRD_43033,0
NDGRD_43034,0
NDGRD_43035,0
NDGRD_43036,0
NDGRD_43037,0
NDGRD_43038,0
NDGRD_43039,0
NDGRD_43040,0
NDGRD_43041,0
NDGRD_43042,0
NDGRD_43043,0
NDGRD_43044,0
NDGRD_43045,0
NDGRD_43046,0
NDGRD_43047,0
NDGRD_43048,0
NDGRD_43049,0
NDGRD_43050,0
NDGRD_43051,0
NDGRD_43052,0
NDGRD_43053,0
NDGRD_43054,0
NDGRD_43055,0
NDGRD_43056,0
NDGRD_43057,0
NDGRD_43058,0
NDGRD_43059,0
NDGRD_43060,0
NDGRD_43061,0
NDGRD_43062,0
NDGRD_43063,0
NDGRD_43064,0
NDGRD_43065,0
NDGRD_43066,0
NDGRD_43067,0
NDGRD_43068,0
NDGRD_43069,0
NDGRD_43070,0
NDGRD_43071,0
NDGRD_43072,0
NDGRD_43073,0
NDGRD_43074,0
NDGRD_43075,0
NDGRD_43076,0
NDGRD_43077,0
NDGRD_43078,0
NDGRD_43079,0
NDGRD_43080,0
NDGRD_43081,0
NDGRD_43082,0
NDGRD_43083,0
NDGRD_43084,0
NDGRD_43085,0
NDGRD_43086,0
NDGRD_43087,0
NDGRD_43088,0
NDGRD_43089,0
NDGRD_43090,0
NDGRD_43091,0
NDGRD_43092,0
NDGRD_43093,0
NDGRD_43094,0
NDGRD_43095,0
NDGRD_43096,0
NDGRD_43097,0
NDGRD_43098,0
NDGRD_43099,0
NDGRD_43100,0
NDGRD_43101,0
NDGRD_43102,0
NDGRD_43103,0
NDGRD_43104,0
NDGRD_43105,0
NDGRD_43106,0
NDGRD_43107,0
NDGRD_43108,0
NDGRD_43109,0
NDGRD_43110,0
NDGRD_43111,0
NDGRD_43112,0
NDGRD_43113,0
NDGRD_43114,0
NDGRD_43115,0
NDGRD_43116,0
NDGRD_43117,0
NDGRD_43118,0
NDGRD_43119,0
NDGRD_43120,0
NDGRD_43121,0
NDGRD_43122,0
NDGRD_43123,0
NDGRD_43124,0
NDGRD_43125,0
NDGRD_43126,0
NDGRD_43127,0
NDGRD_43128,0
NDGRD_43129,0
NDGRD_43130,0
NDGRD_43131,0
NDGRD_43132,0
NDGRD_43133,0
NDGRD_43134,0
NDGRD_43135,0
NDGRD_43136,0
NDGRD_43137,0
NDGRD_43138,0
NDGRD_43139,0
NDGRD_43140,0
NDGRD_43141,0
NDGRD_43142,0
NDGRD_43143,0
NDGRD_43144,0
NDGRD_43145,0
NDGRD_43146,0
NDGRD_43147,0
NDGRD_43148,0
NDGRD_43149,0
NDGRD_43150,0
NDGRD_43151,0
NDGRD_43152,0
NDGRD_43153,0
NDGRD_43154,0
NDGRD_43155,0
NDGRD_43156,0
NDGRD_43157,0
NDGRD_43158,0
NDGRD_43159,0
NDGRD_43160,0
NDGRD_43161,0
NDGRD_43162,0
NDGRD_43163,0
NDGRD_43164,0
NDGRD_43165,0
NDGRD_43166,0
NDGRD_43167,0
NDGRD_43168,0
NDGRD_43169,0
NDGRD_43170,0
NDGRD_43171,0
NDGRD_43172,0
NDGRD_43173,0
NDGRD_43174,0
NDGRD_43175,0
NDGRD_43176,0
NDGRD_43177,0
NDGRD_43178,0
NDGRD_43179,0
NDGRD_43180,0
NDGRD_43181,0
NDGRD_43182,0
NDGRD_43183,0
NDGRD_43184,0
NDGRD_43185,0
NDGRD_43186,0
NDGRD_43187,0
NDGRD_43188,0
NDGRD_43189,0
NDGRD_43190,0
NDGRD_43191,0
NDGRD_43192,0
NDGRD_43193,0
NDGRD_43194,0
NDGRD_43195,0
NDGRD_43196,0
NDGRD_43197,0
NDGRD_43198,0
NDGRD_43199,0
NDGRD_43200,0
NDGRD_43201,0
NDGRD_43202,0
NDGRD_43203,0
NDGRD_43204,0
NDGRD_43205,0
NDGRD_43206,0
NDGRD_43207,0
NDGRD_43208,0
NDGRD_43209,0
NDGRD_43210,0
NDGRD_43211,0
NDGRD_43212,0
NDGRD_43213,0
NDGRD_43214,0
NDGRD_43215,0
NDGRD_43216,0
NDGRD_43217,0
NDGRD_43218,0
NDGRD_43219,0
NDGRD_43220,0
NDGRD_43221,0
NDGRD_43222,0
NDGRD_43223,0
NDGRD_43224,0
NDGRD_43225,0
NDGRD_43226,0
NDGRD_43227,0
NDGRD_43228,0
NDGRD_43229,0
NDGRD_43230,0
NDGRD_43231,0
NDGRD_43232,0
NDGRD_43233,0
NDGRD_43234,0
NDGRD_43235,0
NDGRD_43236,0
NDGRD_43237,0
NDGRD_43238,0
NDGRD_43239,0
NDGRD_43240,0
NDGRD_43241,0
NDGRD_43242,0
NDGRD_43243,0
NDGRD_43244,0
NDGRD_43245,0
NDGRD_43246,0
NDGRD_43247,0
NDGRD_43248,0
NDGRD_43249,0
NDGRD_43250,0
NDGRD_43251,0
NDGRD_43252,0
NDGRD_43253,0
NDGRD_43254,0
NDGRD_43255,0
NDGRD_43256,0
NDGRD_43257,0
NDGRD_43258,0
NDGRD_43259,0
NDGRD_43260,0
NDGRD_43261,0
NDGRD_43262,0
NDGRD_43263,0
NDGRD_43264,0
NDGRD_43265,0
NDGRD_43266,0
NDGRD_43267,0
NDGRD_43268,0
NDGRD_43269,0
NDGRD_43270,0
NDGRD_43271,0
NDGRD_43272,0
NDGRD_43273,0
NDGRD_43274,0
NDGRD_43275,0
NDGRD_43276,0
NDGRD_43277,0
NDGRD_43278,0
NDGRD_43279,0
NDGRD_43280,0
NDGRD_43281,0
NDGRD_43282,0
NDGRD_43283,0
NDGRD_43284,0
NDGRD_43285,0
NDGRD_43286,0
NDGRD_43287,0
NDGRD_43288,0
NDGRD_43289,0
NDGRD_43290,0
NDGRD_43291,0
NDGRD_43292,0
NDGRD_43293,0
NDGRD_43294,0
NDGRD_43295,0
NDGRD_43296,0
NDGRD_43297,0
NDGRD_43298,0
NDGRD_43299,0
NDGRD_43300,0
NDGRD_43301,0
NDGRD_43302,0
NDGRD_43303,0
NDGRD_43304,0
NDGRD_43305,0
NDGRD_43306,0
NDGRD_43307,0
NDGRD_43308,0
NDGRD_43309,0
NDGRD_43310,0
NDGRD_43311,0
NDGRD_43312,0
NDGRD_43313,0
NDGRD_43314,0
NDGRD_43315,0
NDGRD_43316,0
NDGRD_43317,0
NDGRD_43318,0
NDGRD_43319,0
NDGRD_43320,0
NDGRD_43321,0
NDGRD_43322,0
NDGRD_43323,0
NDGRD_43324,0
NDGRD_43325,0
NDGRD_43326,0
NDGRD_43327,0
NDGRD_43328,0
NDGRD_43329,0
NDGRD_43330,0
NDGRD_43331,0
NDGRD_43332,0
NDGRD_43333,0
NDGRD_43334,0
NDGRD_43335,0
NDGRD_43336,0
NDGRD_43337,0
NDGRD_43338,0
NDGRD_43339,0
NDGRD_43340,0
NDGRD_43341,0
NDGRD_43342,0
NDGRD_43343,0
NDGRD_43344,0
NDGRD_43345,0
NDGRD_43346,0
NDGRD_43347,0
NDGRD_43348,0
NDGRD_43349,0
NDGRD_43350,0
NDGRD_43351,0
NDGRD_43352,0
NDGRD_43353,0
NDGRD_43354,0
NDGRD_43355,0
NDGRD_43356,0
NDGRD_43357,0
NDGRD_43358,0
NDGRD_43359,0
NDGRD_43360,0
NDGRD_43361,0
NDGRD_43362,0
NDGRD_43363,0
NDGRD_43364,0
NDGRD_43365,0
NDGRD_43366,0
NDGRD_43367,0
NDGRD_43368,0
NDGRD_43369,0
NDGRD_43370,0
NDGRD_43371,0
NDGRD_43372,0
NDGRD_43373,0
NDGRD_43374,0
NDGRD_43375,0
NDGRD_43376,0
NDGRD_43377,0
NDGRD_43378,0
NDGRD_43379,0
NDGRD_43380,0
NDGRD_43381,0
NDGRD_43382,0
NDGRD_43383,0
NDGRD_43384,0
NDGRD_43385,0
NDGRD_43386,0
NDGRD_43387,0
NDGRD_43388,0
NDGRD_43389,0
NDGRD_43390,0
NDGRD_43391,0
NDGRD_43392,0
NDGRD_43393,0
NDGRD_43394,0
NDGRD_43395,0
NDGRD_43396,0
NDGRD_43397,0
NDGRD_43398,0
NDGRD_43399,0
NDGRD_43400,0
NDGRD_43401,0
NDGRD_43402,0
NDGRD_43403,0
NDGRD_43404,0
NDGRD_43405,0
NDGRD_43406,0
NDGRD_43407,0
NDGRD_43408,0
NDGRD_43409,0
NDGRD_43410,0
NDGRD_43411,0
NDGRD_43412,0
NDGRD_43413,0
NDGRD_43414,0
NDGRD_43415,0
NDGRD_43416,0
NDGRD_43417,0
NDGRD_43418,0
NDGRD_43419,0
NDGRD_43420,0
NDGRD_43421,0
NDGRD_43422,0
NDGRD_43423,0
NDGRD_43424,0
NDGRD_43425,0
NDGRD_43426,0
NDGRD_43427,0
NDGRD_43428,0
NDGRD_43429,0
NDGRD_43430,0
NDGRD_43431,0
NDGRD_43432,0
NDGRD_43433,0
NDGRD_43434,0
NDGRD_43435,0
NDGRD_43436,0
NDGRD_43437,0
NDGRD_43438,0
NDGRD_43439,0
NDGRD_43440,0
NDGRD_43441,0
NDGRD_43442,0
NDGRD_43443,0
NDGRD_43444,0
NDGRD_43445,0
NDGRD_43446,0
NDGRD_43447,0
NDGRD_43448,0
NDGRD_43449,0
NDGRD_43450,0
NDGRD_43451,0
NDGRD_43452,0
NDGRD_43453,0
NDGRD_43454,0
NDGRD_43455,0
NDGRD_43456,0
NDGRD_43457,0
NDGRD_43458,0
NDGRD_43459,0
NDGRD_43460,0
NDGRD_43461,0
NDGRD_43462,0
NDGRD_43463,0
NDGRD_43464,0
NDGRD_43465,0
NDGRD_43466,0
NDGRD_43467,0
NDGRD_43468,0
NDGRD_43469,0
NDGRD_43470,0
NDGRD_43471,0
NDGRD_43472,0
NDGRD_43473,0
NDGRD_43474,0
NDGRD_43475,0
NDGRD_43476,0
NDGRD_43477,0
NDGRD_43478,0
NDGRD_43479,0
NDGRD_43480,0
NDGRD_43481,0
NDGRD_43482,0
NDGRD_43483,0
NDGRD_43484,0
NDGRD_43485,0
NDGRD_43486,0
NDGRD_43487,0
NDGRD_43488,0
NDGRD_43489,0
NDGRD_43490,0
NDGRD_43491,0
NDGRD_43492,0
NDGRD_43493,0
NDGRD_43494,0
NDGRD_43495,0
NDGRD_43496,0
NDGRD_43497,0
NDGRD_43498,0
NDGRD_43499,0
NDGRD_43500,0
NDGRD_43501,0
NDGRD_43502,0
NDGRD_43503,0
NDGRD_43504,0
NDGRD_43505,0
NDGRD_43506,0
NDGRD_43507,0
NDGRD_43508,0
NDGRD_43509,0
NDGRD_43510,0
NDGRD_43511,0
NDGRD_43512,0
NDGRD_43513,0
NDGRD_43514,0
NDGRD_43515,0
NDGRD_43516,0
NDGRD_43517,0
NDGRD_43518,0
NDGRD_43519,0
NDGRD_43520,0
NDGRD_43521,0
NDGRD_43522,0
NDGRD_43523,0
NDGRD_43524,0
NDGRD_43525,0
NDGRD_43526,0
NDGRD_43527,0
NDGRD_43528,0
NDGRD_43529,0
NDGRD_43530,0
NDGRD_43531,0
NDGRD_43532,0
NDGRD_43533,0
NDGRD_43534,0
NDGRD_43535,0
NDGRD_43536,0
NDGRD_43537,0
NDGRD_43538,0
NDGRD_43539,0
NDGRD_43540,0
NDGRD_43541,0
NDGRD_43542,0
NDGRD_43543,0
NDGRD_43544,0
NDGRD_43545,0
NDGRD_43546,0
NDGRD_43547,0
NDGRD_43548,0
NDGRD_43549,0
NDGRD_43550,0
NDGRD_43551,0
NDGRD_43552,0
NDGRD_43553,0
NDGRD_43554,0
NDGRD_43555,0
NDGRD_43556,0
NDGRD_43557,0
NDGRD_43558,0
NDGRD_43559,0
NDGRD_43560,0
NDGRD_43561,0
NDGRD_43562,0
NDGRD_43563,0
NDGRD_43564,0
NDGRD_43565,0
NDGRD_43566,0
NDGRD_43567,0
NDGRD_43568,0
NDGRD_43569,0
NDGRD_43570,0
NDGRD_43571,0
NDGRD_43572,0
NDGRD_43573,0
NDGRD_43574,0
NDGRD_43575,0
NDGRD_43576,0
NDGRD_43577,0
NDGRD_43578,0
NDGRD_43579,0
NDGRD_43580,0
NDGRD_43581,0
NDGRD_43582,0
NDGRD_43583,0
NDGRD_43584,0
NDGRD_43585,0
NDGRD_43586,0
NDGRD_43587,0
NDGRD_43588,0
NDGRD_43589,0
NDGRD_43590,0
NDGRD_43591,0
NDGRD_43592,0
NDGRD_43593,0
NDGRD_43594,0
NDGRD_43595,0
NDGRD_43596,0
NDGRD_43597,0
NDGRD_43598,0
NDGRD_43599,0
NDGRD_43600,0
NDGRD_43601,0
NDGRD_43602,0
NDGRD_43603,0
NDGRD_43604,0
NDGRD_43605,0
NDGRD_43606,0
NDGRD_43607,0
NDGRD_43608,0
NDGRD_43609,0
NDGRD_43610,0
NDGRD_43611,0
NDGRD_43612,0
NDGRD_43613,0
NDGRD_43614,0
NDGRD_43615,0
NDGRD_43616,0
NDGRD_43617,0
NDGRD_43618,0
NDGRD_43619,0
NDGRD_43620,0
NDGRD_43621,0
NDGRD_43622,0
NDGRD_43623,0
NDGRD_43624,0
NDGRD_43625,0
NDGRD_43626,0
NDGRD_43627,0
NDGRD_43628,0
NDGRD_43629,0
NDGRD_43630,0
NDGRD_43631,0
NDGRD_43632,0
NDGRD_43633,0
NDGRD_43634,0
NDGRD_43635,0
NDGRD_43636,0
NDGRD_43637,0
NDGRD_43638,0
NDGRD_43639,0
NDGRD_43640,0
NDGRD_43641,0
NDGRD_43642,0
NDGRD_43643,0
NDGRD_43644,0
NDGRD_43645,0
NDGRD_43646,0
NDGRD_43647,0
NDGRD_43648,0
NDGRD_43649,0
NDGRD_43650,0
NDGRD_43651,0
NDGRD_43652,0
NDGRD_43653,0
NDGRD_43654,0
NDGRD_43655,0
NDGRD_43656,0
NDGRD_43657,0
NDGRD_43658,0
NDGRD_43659,0
NDGRD_43660,0
NDGRD_43661,0
NDGRD_43662,0
NDGRD_43663,0
NDGRD_43664,0
NDGRD_43665,0
NDGRD_43666,0
NDGRD_43667,0
NDGRD_43668,0
NDGRD_43669,0
NDGRD_43670,0
NDGRD_43671,0
NDGRD_43672,0
NDGRD_43673,0
NDGRD_43674,0
NDGRD_43675,0
NDGRD_43676,0
NDGRD_43677,0
NDGRD_43678,0
NDGRD_43679,0
NDGRD_43680,0
NDGRD_43681,0
NDGRD_43682,0
NDGRD_43683,0
NDGRD_43684,0
NDGRD_43685,0
NDGRD_43686,0
NDGRD_43687,0
NDGRD_43688,0
NDGRD_43689,0
NDGRD_43690,0
NDGRD_43691,0
NDGRD_43692,0
NDGRD_43693,0
NDGRD_43694,0
NDGRD_43695,0
NDGRD_43696,0
NDGRD_43697,0
NDGRD_43698,0
NDGRD_43699,0
NDGRD_43700,0
NDGRD_43701,0
NDGRD_43702,0
NDGRD_43703,0
NDGRD_43704,0
NDGRD_43705,0
NDGRD_43706,0
NDGRD_43707,0
NDGRD_43708,0
NDGRD_43709,0
NDGRD_43710,0
NDGRD_43711,0
NDGRD_43712,0
NDGRD_43713,0
NDGRD_43714,0
NDGRD_43715,0
NDGRD_43716,0
NDGRD_43717,0
NDGRD_43718,0
NDGRD_43719,0
NDGRD_43720,0
NDGRD_43721,0
NDGRD_43722,0
NDGRD_43723,0
NDGRD_43724,0
NDGRD_43725,0
NDGRD_43726,0
NDGRD_43727,0
NDGRD_43728,0
NDGRD_43729,0
NDGRD_43730,0
NDGRD_43731,0
NDGRD_43732,0
NDGRD_43733,0
NDGRD_43734,0
NDGRD_43735,0
NDGRD_43736,0
NDGRD_43737,0
NDGRD_43738,0
NDGRD_43739,0
NDGRD_43740,0
NDGRD_43741,0
NDGRD_43742,0
NDGRD_43743,0
NDGRD_43744,0
NDGRD_43745,0
NDGRD_43746,0
NDGRD_43747,0
NDGRD_43748,0
NDGRD_43749,0
NDGRD_43750,0
NDGRD_43751,0
NDGRD_43752,0
NDGRD_43753,0
NDGRD_43754,0
NDGRD_43755,0
NDGRD_43756,0
NDGRD_43757,0
NDGRD_43758,0
NDGRD_43759,0
NDGRD_43760,0
NDGRD_43761,0
NDGRD_43762,0
NDGRD_43763,0
NDGRD_43764,0
NDGRD_43765,0
NDGRD_43766,0
NDGRD_43767,0
NDGRD_43768,0
NDGRD_43769,0
NDGRD_43770,0
NDGRD_43771,0
NDGRD_43772,0
NDGRD_43773,0
NDGRD_43774,0
NDGRD_43775,0
NDGRD_43776,0
NDGRD_43777,0
NDGRD_43778,0
NDGRD_43779,0
NDGRD_43780,0
NDGRD_43781,0
NDGRD_43782,0
NDGRD_43783,0
NDGRD_43784,0
NDGRD_43785,0
NDGRD_43786,0
NDGRD_43787,0
NDGRD_43788,0
NDGRD_43789,0
NDGRD_43790,0
NDGRD_43791,0
NDGRD_43792,0
NDGRD_43793,0
NDGRD_43794,0
NDGRD_43795,0
NDGRD_43796,0
NDGRD_43797,0
NDGRD_43798,0
NDGRD_43799,0
NDGRD_43800,0
NDGRD_43801,0
NDGRD_43802,0
NDGRD_43803,0
NDGRD_43804,0
NDGRD_43805,0
NDGRD_43806,0
NDGRD_43807,0
NDGRD_43808,0
NDGRD_43809,0
NDGRD_43810,0
NDGRD_43811,0
NDGRD_43812,0
NDGRD_43813,0
NDGRD_43814,0
NDGRD_43815,0
NDGRD_43816,0
NDGRD_43817,0
NDGRD_43818,0
NDGRD_43819,0
NDGRD_43820,0
NDGRD_43821,0
NDGRD_43822,0
NDGRD_43823,0
NDGRD_43824,0
NDGRD_43825,0
NDGRD_43826,0
NDGRD_43827,0
NDGRD_43828,0
NDGRD_43829,0
NDGRD_43830,0
NDGRD_43831,0
NDGRD_43832,0
NDGRD_43833,0
NDGRD_43834,0
NDGRD_43835,0
NDGRD_43836,0
NDGRD_43837,0
NDGRD_43838,0
NDGRD_43839,0
NDGRD_43840,0
NDGRD_43841,0
NDGRD_43842,0
NDGRD_43843,0
NDGRD_43844,0
NDGRD_43845,0
NDGRD_43846,0
NDGRD_43847,0
NDGRD_43848,0
NDGRD_43849,0
NDGRD_43850,0
NDGRD_43851,0
NDGRD_43852,0
NDGRD_43853,0
NDGRD_43854,0
NDGRD_43855,0
NDGRD_43856,0
NDGRD_43857,0
NDGRD_43858,0
NDGRD_43859,0
NDGRD_43860,0
NDGRD_43861,0
NDGRD_43862,0
NDGRD_43863,0
NDGRD_43864,0
NDGRD_43865,0
NDGRD_43866,0
NDGRD_43867,0
NDGRD_43868,0
NDGRD_43869,0
NDGRD_43870,0
NDGRD_43871,0
NDGRD_43872,0
NDGRD_43873,0
NDGRD_43874,0
NDGRD_43875,0
NDGRD_43876,0
NDGRD_43877,0
NDGRD_43878,0
NDGRD_43879,0
NDGRD_43880,0
NDGRD_43881,0
NDGRD_43882,0
NDGRD_43883,0
NDGRD_43884,0
NDGRD_43885,0
NDGRD_43886,0
NDGRD_43887,0
NDGRD_43888,0
NDGRD_43889,0
NDGRD_43890,0
NDGRD_43891,0
NDGRD_43892,0
NDGRD_43893,0
NDGRD_43894,0
NDGRD_43895,0
NDGRD_43896,0
NDGRD_43897,0
NDGRD_43898,0
NDGRD_43899,0
NDGRD_43900,0
NDGRD_43901,0
NDGRD_43902,0
NDGRD_43903,0
NDGRD_43904,0
NDGRD_43905,0
NDGRD_43906,0
NDGRD_43907,0
NDGRD_43908,0
NDGRD_43909,0
NDGRD_43910,0
NDGRD_43911,0
NDGRD_43912,0
NDGRD_43913,0
NDGRD_43914,0
NDGRD_43915,0
NDGRD_43916,0
NDGRD_43917,0
NDGRD_43918,0
NDGRD_43919,0
NDGRD_43920,0
NDGRD_43921,0
NDGRD_43922,0
NDGRD_43923,0
NDGRD_43924,0
NDGRD_43925,0
NDGRD_43926,0
NDGRD_43927,0
NDGRD_43928,0
NDGRD_43929,0
NDGRD_43930,0
NDGRD_43931,0
NDGRD_43932,0
NDGRD_43933,0
NDGRD_43934,0
NDGRD_43935,0
NDGRD_43936,0
NDGRD_43937,0
NDGRD_43938,0
NDGRD_43939,0
NDGRD_43940,0
NDGRD_43941,0
NDGRD_43942,0
NDGRD_43943,0
NDGRD_43944,0
NDGRD_43945,0
NDGRD_43946,0
NDGRD_43947,0
NDGRD_43948,0
NDGRD_43949,0
NDGRD_43950,0
NDGRD_43951,0
NDGRD_43952,0
NDGRD_43953,0
NDGRD_43954,0
NDGRD_43955,0
NDGRD_43956,0
NDGRD_43957,0
NDGRD_43958,0
NDGRD_43959,0
NDGRD_43960,0
NDGRD_43961,0
NDGRD_43962,0
NDGRD_43963,0
NDGRD_43964,0
NDGRD_43965,0
NDGRD_43966,0
NDGRD_43967,0
NDGRD_43968,0
NDGRD_43969,0
NDGRD_43970,0
NDGRD_43971,0
NDGRD_43972,0
NDGRD_43973,0
NDGRD_43974,0
NDGRD_43975,0
NDGRD_43976,0
NDGRD_43977,0
NDGRD_43978,0
NDGRD_43979,0
NDGRD_43980,0
NDGRD_43981,0
NDGRD_43982,0
NDGRD_43983,0
NDGRD_43984,0
NDGRD_43985,0
NDGRD_43986,0
NDGRD_43987,0
NDGRD_43988,0
NDGRD_43989,0
NDGRD_43990,0
NDGRD_43991,0
NDGRD_43992,0
NDGRD_43993,0
NDGRD_43994,0
NDGRD_43995,0
NDGRD_43996,0
NDGRD_43997,0
NDGRD_43998,0
NDGRD_43999,0
NDGRD_44000,0
NDGRD_44001,0
NDGRD_44002,0
NDGRD_44003,0
NDGRD_44004,0
NDGRD_44005,0
NDGRD_44006,0
NDGRD_44007,0
NDGRD_44008,0
NDGRD_44009,0
NDGRD_44010,0
NDGRD_44011,0
NDGRD_44012,0
NDGRD_44013,0
NDGRD_44014,0
NDGRD_44015,0
NDGRD_44016,0
NDGRD_44017,0
NDGRD_44018,0
NDGRD_44019,0
NDGRD_44020,0
NDGRD_44021,0
NDGRD_44022,0
NDGRD_44023,0
NDGRD_44024,0
NDGRD_44025,0
NDGRD_44026,0
NDGRD_44027,0
NDGRD_44028,0
NDGRD_44029,0
NDGRD_44030,0
NDGRD_44031,0
NDGRD_44032,0
NDGRD_44033,0
NDGRD_44034,0
NDGRD_44035,0
NDGRD_44036,0
NDGRD_44037,0
NDGRD_44038,0
NDGRD_44039,0
NDGRD_44040,0
NDGRD_44041,0
NDGRD_44042,0
NDGRD_44043,0
NDGRD_44044,0
NDGRD_44045,0
NDGRD_44046,0
NDGRD_44047,0
NDGRD_44048,0
NDGRD_44049,0
NDGRD_44050,0
NDGRD_44051,0
NDGRD_44052,0
NDGRD_44053,0
NDGRD_44054,0
NDGRD_44055,0
NDGRD_44056,0
NDGRD_44057,0
NDGRD_44058,0
NDGRD_44059,0
NDGRD_44060,0
NDGRD_44061,0
NDGRD_44062,0
NDGRD_44063,0
NDGRD_44064,0
NDGRD_44065,0
NDGRD_44066,0
NDGRD_44067,0
NDGRD_44068,0
NDGRD_44069,0
NDGRD_44070,0
NDGRD_44071,0
NDGRD_44072,0
NDGRD_44073,0
NDGRD_44074,0
NDGRD_44075,0
NDGRD_44076,0
NDGRD_44077,0
NDGRD_44078,0
NDGRD_44079,0
NDGRD_44080,0
NDGRD_44081,0
NDGRD_44082,0
NDGRD_44083,0
NDGRD_44084,0
NDGRD_44085,0
NDGRD_44086,0
NDGRD_44087,0
NDGRD_44088,0
NDGRD_44089,0
NDGRD_44090,0
NDGRD_44091,0
NDGRD_44092,0
NDGRD_44093,0
NDGRD_44094,0
NDGRD_44095,0
NDGRD_44096,0
NDGRD_44097,0
NDGRD_44098,0
NDGRD_44099,0
NDGRD_44100,0
NDGRD_44101,0
NDGRD_44102,0
NDGRD_44103,0
NDGRD_44104,0
NDGRD_44105,0
NDGRD_44106,0
NDGRD_44107,0
NDGRD_44108,0
NDGRD_44109,0
NDGRD_44110,0
NDGRD_44111,0
NDGRD_44112,0
NDGRD_44113,0
NDGRD_44114,0
NDGRD_44115,0
NDGRD_44116,0
NDGRD_44117,0
NDGRD_44118,0
NDGRD_44119,0
NDGRD_44120,0
NDGRD_44121,0
NDGRD_44122,0
NDGRD_44123,0
NDGRD_44124,0
NDGRD_44125,0
NDGRD_44126,0
NDGRD_44127,0
NDGRD_44128,0
NDGRD_44129,0
NDGRD_44130,0
NDGRD_44131,0
NDGRD_44132,0
NDGRD_44133,0
NDGRD_44134,0
NDGRD_44135,0
NDGRD_44136,0
NDGRD_44137,0
NDGRD_44138,0
NDGRD_44139,0
NDGRD_44140,0
NDGRD_44141,0
NDGRD_44142,0
NDGRD_44143,0
NDGRD_44144,0
NDGRD_44145,0
NDGRD_44146,0
NDGRD_44147,0
NDGRD_44148,0
NDGRD_44149,0
NDGRD_44150,0
NDGRD_44151,0
NDGRD_44152,0
NDGRD_44153,0
NDGRD_44154,0
NDGRD_44155,0
NDGRD_44156,0
NDGRD_44157,0
NDGRD_44158,0
NDGRD_44159,0
NDGRD_44160,0
NDGRD_44161,0
NDGRD_44162,0
NDGRD_44163,0
NDGRD_44164,0
NDGRD_44165,0
NDGRD_44166,0
NDGRD_44167,0
NDGRD_44168,0
NDGRD_44169,0
NDGRD_44170,0
NDGRD_44171,0
NDGRD_44172,0
NDGRD_44173,0
NDGRD_44174,0
NDGRD_44175,0
NDGRD_44176,0
NDGRD_44177,0
NDGRD_44178,0
NDGRD_44179,0
NDGRD_44180,0
NDGRD_44181,0
NDGRD_44182,0
NDGRD_44183,0
NDGRD_44184,0
NDGRD_44185,0
NDGRD_44186,0
NDGRD_44187,0
NDGRD_44188,0
NDGRD_44189,0
NDGRD_44190,0
NDGRD_44191,0
NDGRD_44192,0
NDGRD_44193,0
NDGRD_44194,0
NDGRD_44195,0
NDGRD_44196,0
NDGRD_44197,0
NDGRD_44198,0
NDGRD_44199,0
NDGRD_44200,0
NDGRD_44201,0
NDGRD_44202,0
NDGRD_44203,0
NDGRD_44204,0
NDGRD_44205,0
NDGRD_44206,0
NDGRD_44207,0
NDGRD_44208,0
NDGRD_44209,0
NDGRD_44210,0
NDGRD_44211,0
NDGRD_44212,0
NDGRD_44213,0
NDGRD_44214,0
NDGRD_44215,0
NDGRD_44216,0
NDGRD_44217,0
NDGRD_44218,0
NDGRD_44219,0
NDGRD_44220,0
NDGRD_44221,0
NDGRD_44222,0
NDGRD_44223,0
NDGRD_44224,0
NDGRD_44225,0
NDGRD_44226,0
NDGRD_44227,0
NDGRD_44228,0
NDGRD_44229,0
NDGRD_44230,0
NDGRD_44231,0
NDGRD_44232,0
NDGRD_44233,0
NDGRD_44234,0
NDGRD_44235,0
NDGRD_44236,0
NDGRD_44237,0
NDGRD_44238,0
NDGRD_44239,0
NDGRD_44240,0
NDGRD_44241,0
NDGRD_44242,0
NDGRD_44243,0
NDGRD_44244,0
NDGRD_44245,0
NDGRD_44246,0
NDGRD_44247,0
NDGRD_44248,0
NDGRD_44249,0
NDGRD_44250,0
NDGRD_44251,0
NDGRD_44252,0
NDGRD_44253,0
NDGRD_44254,0
NDGRD_44255,0
NDGRD_44256,0
NDGRD_44257,0
NDGRD_44258,0
NDGRD_44259,0
NDGRD_44260,0
NDGRD_44261,0
NDGRD_44262,0
NDGRD_44263,0
NDGRD_44264,0
NDGRD_44265,0
NDGRD_44266,0
NDGRD_44267,0
NDGRD_44268,0
NDGRD_44269,0
NDGRD_44270,0
NDGRD_44271,0
NDGRD_44272,0
NDGRD_44273,0
NDGRD_44274,0
NDGRD_44275,0
NDGRD_44276,0
NDGRD_44277,0
NDGRD_44278,0
NDGRD_44279,0
NDGRD_44280,0
NDGRD_44281,0
NDGRD_44282,0
NDGRD_44283,0
NDGRD_44284,0
NDGRD_44285,0
NDGRD_44286,0
NDGRD_44287,0
NDGRD_44288,0
NDGRD_44289,0
NDGRD_44290,0
NDGRD_44291,0
NDGRD_44292,0
NDGRD_44293,0
NDGRD_44294,0
NDGRD_44295,0
NDGRD_44296,0
NDGRD_44297,0
NDGRD_44298,0
NDGRD_44299,0
NDGRD_44300,0
NDGRD_44301,0
NDGRD_44302,0
NDGRD_44303,0
NDGRD_44304,0
NDGRD_44305,0
NDGRD_44306,0
NDGRD_44307,0
NDGRD_44308,0
NDGRD_44309,0
NDGRD_44310,0
NDGRD_44311,0
NDGRD_44312,0
NDGRD_44313,0
NDGRD_44314,0
NDGRD_44315,0
NDGRD_44316,0
NDGRD_44317,0
NDGRD_44318,0
NDGRD_44319,0
NDGRD_44320,0
NDGRD_44321,0
NDGRD_44322,0
NDGRD_44323,0
NDGRD_44324,0
NDGRD_44325,0
NDGRD_44326,0
NDGRD_44327,0
NDGRD_44328,0
NDGRD_44329,0
NDGRD_44330,0
NDGRD_44331,0
NDGRD_44332,0
NDGRD_44333,0
NDGRD_44334,0
NDGRD_44335,0
NDGRD_44336,0
NDGRD_44337,0
NDGRD_44338,0
NDGRD_44339,0
NDGRD_44340,0
NDGRD_44341,0
NDGRD_44342,0
NDGRD_44343,0
NDGRD_44344,0
NDGRD_44345,0
NDGRD_44346,0
NDGRD_44347,0
NDGRD_44348,0
NDGRD_44349,0
NDGRD_44350,0
NDGRD_44351,0
NDGRD_44352,0
NDGRD_44353,0
NDGRD_44354,0
NDGRD_44355,0
NDGRD_44356,0
NDGRD_44357,0
NDGRD_44358,0
NDGRD_44359,0
NDGRD_44360,0
NDGRD_44361,0
NDGRD_44362,0
NDGRD_44363,0
NDGRD_44364,0
NDGRD_44365,0
NDGRD_44366,0
NDGRD_44367,0
NDGRD_44368,0
NDGRD_44369,0
NDGRD_44370,0
NDGRD_44371,0
NDGRD_44372,0
NDGRD_44373,0
NDGRD_44374,0
NDGRD_44375,0
NDGRD_44376,0
NDGRD_44377,0
NDGRD_44378,0
NDGRD_44379,0
NDGRD_44380,0
NDGRD_44381,0
NDGRD_44382,0
NDGRD_44383,0
NDGRD_44384,0
NDGRD_44385,0
NDGRD_44386,0
NDGRD_44387,0
NDGRD_44388,0
NDGRD_44389,0
NDGRD_44390,0
NDGRD_44391,0
NDGRD_44392,0
NDGRD_44393,0
NDGRD_44394,0
NDGRD_44395,0
NDGRD_44396,0
NDGRD_44397,0
NDGRD_44398,0
NDGRD_44399,0
NDGRD_44400,0
NDGRD_44401,0
NDGRD_44402,0
NDGRD_44403,0
NDGRD_44404,0
NDGRD_44405,0
NDGRD_44406,0
NDGRD_44407,0
NDGRD_44408,0
NDGRD_44409,0
NDGRD_44410,0
NDGRD_44411,0
NDGRD_44412,0
NDGRD_44413,0
NDGRD_44414,0
NDGRD_44415,0
NDGRD_44416,0
NDGRD_44417,0
NDGRD_44418,0
NDGRD_44419,0
NDGRD_44420,0
NDGRD_44421,0
NDGRD_44422,0
NDGRD_44423,0
NDGRD_44424,0
NDGRD_44425,0
NDGRD_44426,0
NDGRD_44427,0
NDGRD_44428,0
NDGRD_44429,0
NDGRD_44430,0
NDGRD_44431,0
NDGRD_44432,0
NDGRD_44433,0
NDGRD_44434,0
NDGRD_44435,0
NDGRD_44436,0
NDGRD_44437,0
NDGRD_44438,0
NDGRD_44439,0
NDGRD_44440,0
NDGRD_44441,0
NDGRD_44442,0
NDGRD_44443,0
NDGRD_44444,0
NDGRD_44445,0
NDGRD_44446,0
NDGRD_44447,0
NDGRD_44448,0
NDGRD_44449,0
NDGRD_44450,0
NDGRD_44451,0
NDGRD_44452,0
NDGRD_44453,0
NDGRD_44454,0
NDGRD_44455,0
NDGRD_44456,0
NDGRD_44457,0
NDGRD_44458,0
NDGRD_44459,0
NDGRD_44460,0
NDGRD_44461,0
NDGRD_44462,0
NDGRD_44463,0
NDGRD_44464,0
NDGRD_44465,0
NDGRD_44466,0
NDGRD_44467,0
NDGRD_44468,0
NDGRD_44469,0
NDGRD_44470,0
NDGRD_44471,0
NDGRD_44472,0
NDGRD_44473,0
NDGRD_44474,0
NDGRD_44475,0
NDGRD_44476,0
NDGRD_44477,0
NDGRD_44478,0
NDGRD_44479,0
NDGRD_44480,0
NDGRD_44481,0
NDGRD_44482,0
NDGRD_44483,0
NDGRD_44484,0
NDGRD_44485,0
NDGRD_44486,0
NDGRD_44487,0
NDGRD_44488,0
NDGRD_44489,0
NDGRD_44490,0
NDGRD_44491,0
NDGRD_44492,0
NDGRD_44493,0
NDGRD_44494,0
NDGRD_44495,0
NDGRD_44496,0
NDGRD_44497,0
NDGRD_44498,0
NDGRD_44499,0
NDGRD_44500,0
NDGRD_44501,0
NDGRD_44502,0
NDGRD_44503,0
NDGRD_44504,0
NDGRD_44505,0
NDGRD_44506,0
NDGRD_44507,0
NDGRD_44508,0
NDGRD_44509,0
NDGRD_44510,0
NDGRD_44511,0
NDGRD_44512,0
NDGRD_44513,0
NDGRD_44514,0
NDGRD_44515,0
NDGRD_44516,0
NDGRD_44517,0
NDGRD_44518,0
NDGRD_44519,0
NDGRD_44520,0
NDGRD_44521,0
NDGRD_44522,0
NDGRD_44523,0
NDGRD_44524,0
NDGRD_44525,0
NDGRD_44526,0
NDGRD_44527,0
NDGRD_44528,0
NDGRD_44529,0
NDGRD_44530,0
NDGRD_44531,0
NDGRD_44532,0
NDGRD_44533,0
NDGRD_44534,0
NDGRD_44535,0
NDGRD_44536,0
NDGRD_44537,0
NDGRD_44538,0
NDGRD_44539,0
NDGRD_44540,0
NDGRD_44541,0
NDGRD_44542,0
NDGRD_44543,0
NDGRD_44544,0
NDGRD_44545,0
NDGRD_44546,0
NDGRD_44547,0
NDGRD_44548,0
NDGRD_44549,0
NDGRD_44550,0
NDGRD_44551,0
NDGRD_44552,0
NDGRD_44553,0
NDGRD_44554,0
NDGRD_44555,0
NDGRD_44556,0
NDGRD_44557,0
NDGRD_44558,0
NDGRD_44559,0
NDGRD_44560,0
NDGRD_44561,0
NDGRD_44562,0
NDGRD_44563,0
NDGRD_44564,0
NDGRD_44565,0
NDGRD_44566,0
NDGRD_44567,0
NDGRD_44568,0
NDGRD_44569,0
NDGRD_44570,0
NDGRD_44571,0
NDGRD_44572,0
NDGRD_44573,0
NDGRD_44574,0
NDGRD_44575,0
NDGRD_44576,0
NDGRD_44577,0
NDGRD_44578,0
NDGRD_44579,0
NDGRD_44580,0
NDGRD_44581,0
NDGRD_44582,0
NDGRD_44583,0
NDGRD_44584,0
NDGRD_44585,0
NDGRD_44586,0
NDGRD_44587,0
NDGRD_44588,0
NDGRD_44589,0
NDGRD_44590,0
NDGRD_44591,0
NDGRD_44592,0
NDGRD_44593,0
NDGRD_44594,0
NDGRD_44595,0
NDGRD_44596,0
NDGRD_44597,0
NDGRD_44598,0
NDGRD_44599,0
NDGRD_44600,0
NDGRD_44601,0
NDGRD_44602,0
NDGRD_44603,0
NDGRD_44604,0
NDGRD_44605,0
NDGRD_44606,0
NDGRD_44607,0
NDGRD_44608,0
NDGRD_44609,0
NDGRD_44610,0
NDGRD_44611,0
NDGRD_44612,0
NDGRD_44613,0
NDGRD_44614,0
NDGRD_44615,0
NDGRD_44616,0
NDGRD_44617,0
NDGRD_44618,0
NDGRD_44619,0
NDGRD_44620,0
NDGRD_44621,0
NDGRD_44622,0
NDGRD_44623,0
NDGRD_44624,0
NDGRD_44625,0
NDGRD_44626,0
NDGRD_44627,0
NDGRD_44628,0
NDGRD_44629,0
NDGRD_44630,0
NDGRD_44631,0
NDGRD_44632,0
NDGRD_44633,0
NDGRD_44634,0
NDGRD_44635,0
NDGRD_44636,0
NDGRD_44637,0
NDGRD_44638,0
NDGRD_44639,0
NDGRD_44640,0
NDGRD_44641,0
NDGRD_44642,0
NDGRD_44643,0
NDGRD_44644,0
NDGRD_44645,0
NDGRD_44646,0
NDGRD_44647,0
NDGRD_44648,0
NDGRD_44649,0
NDGRD_44650,0
NDGRD_44651,0
NDGRD_44652,0
NDGRD_44653,0
NDGRD_44654,0
NDGRD_44655,0
NDGRD_44656,0
NDGRD_44657,0
NDGRD_44658,0
NDGRD_44659,0
NDGRD_44660,0
NDGRD_44661,0
NDGRD_44662,0
NDGRD_44663,0
NDGRD_44664,0
NDGRD_44665,0
NDGRD_44666,0
NDGRD_44667,0
NDGRD_44668,0
NDGRD_44669,0
NDGRD_44670,0
NDGRD_44671,0
NDGRD_44672,0
NDGRD_44673,0
NDGRD_44674,0
NDGRD_44675,0
NDGRD_44676,0
NDGRD_44677,0
NDGRD_44678,0
NDGRD_44679,0
NDGRD_44680,0
NDGRD_44681,0
NDGRD_44682,0
NDGRD_44683,0
NDGRD_44684,0
NDGRD_44685,0
NDGRD_44686,0
NDGRD_44687,0
NDGRD_44688,0
NDGRD_44689,0
NDGRD_44690,0
NDGRD_44691,0
NDGRD_44692,0
NDGRD_44693,0
NDGRD_44694,0
NDGRD_44695,0
NDGRD_44696,0
NDGRD_44697,0
NDGRD_44698,0
NDGRD_44699,0
NDGRD_44700,0
NDGRD_44701,0
NDGRD_44702,0
NDGRD_44703,0
NDGRD_44704,0
NDGRD_44705,0
NDGRD_44706,0
NDGRD_44707,0
NDGRD_44708,0
NDGRD_44709,0
NDGRD_44710,0
NDGRD_44711,0
NDGRD_44712,0
NDGRD_44713,0
NDGRD_44714,0
NDGRD_44715,0
NDGRD_44716,0
NDGRD_44717,0
NDGRD_44718,0
NDGRD_44719,0
NDGRD_44720,0
NDGRD_44721,0
NDGRD_44722,0
NDGRD_44723,0
NDGRD_44724,0
NDGRD_44725,0
NDGRD_44726,0
NDGRD_44727,0
NDGRD_44728,0
NDGRD_44729,0
NDGRD_44730,0
NDGRD_44731,0
NDGRD_44732,0
NDGRD_44733,0
NDGRD_44734,0
NDGRD_44735,0
NDGRD_44736,0
NDGRD_44737,0
NDGRD_44738,0
NDGRD_44739,0
NDGRD_44740,0
NDGRD_44741,0
NDGRD_44742,0
NDGRD_44743,0
NDGRD_44744,0
NDGRD_44745,0
NDGRD_44746,0
NDGRD_44747,0
NDGRD_44748,0
NDGRD_44749,0
NDGRD_44750,0
NDGRD_44751,0
NDGRD_44752,0
NDGRD_44753,0
NDGRD_44754,0
NDGRD_44755,0
NDGRD_44756,0
NDGRD_44757,0
NDGRD_44758,0
NDGRD_44759,0
NDGRD_44760,0
NDGRD_44761,0
NDGRD_44762,0
NDGRD_44763,0
NDGRD_44764,0
NDGRD_44765,0
NDGRD_44766,0
NDGRD_44767,0
NDGRD_44768,0
NDGRD_44769,0
NDGRD_44770,0
NDGRD_44771,0
NDGRD_44772,0
NDGRD_44773,0
NDGRD_44774,0
NDGRD_44775,0
NDGRD_44776,0
NDGRD_44777,0
NDGRD_44778,0
NDGRD_44779,0
NDGRD_44780,0
NDGRD_44781,0
NDGRD_44782,0
NDGRD_44783,0
NDGRD_44784,0
NDGRD_44785,0
NDGRD_44786,0
NDGRD_44787,0
NDGRD_44788,0
NDGRD_44789,0
NDGRD_44790,0
NDGRD_44791,0
NDGRD_44792,0
NDGRD_44793,0
NDGRD_44794,0
NDGRD_44795,0
NDGRD_44796,0
NDGRD_44797,0
NDGRD_44798,0
NDGRD_44799,0
NDGRD_44800,0
NDGRD_44801,0
NDGRD_44802,0
NDGRD_44803,0
NDGRD_44804,0
NDGRD_44805,0
NDGRD_44806,0
NDGRD_44807,0
NDGRD_44808,0
NDGRD_44809,0
NDGRD_44810,0
NDGRD_44811,0
NDGRD_44812,0
NDGRD_44813,0
NDGRD_44814,0
NDGRD_44815,0
NDGRD_44816,0
NDGRD_44817,0
NDGRD_44818,0
NDGRD_44819,0
NDGRD_44820,0
NDGRD_44821,0
NDGRD_44822,0
NDGRD_44823,0
NDGRD_44824,0
NDGRD_44825,0
NDGRD_44826,0
NDGRD_44827,0
NDGRD_44828,0
NDGRD_44829,0
NDGRD_44830,0
NDGRD_44831,0
NDGRD_44832,0
NDGRD_44833,0
NDGRD_44834,0
NDGRD_44835,0
NDGRD_44836,0
NDGRD_44837,0
NDGRD_44838,0
NDGRD_44839,0
NDGRD_44840,0
NDGRD_44841,0
NDGRD_44842,0
NDGRD_44843,0
NDGRD_44844,0
NDGRD_44845,0
NDGRD_44846,0
NDGRD_44847,0
NDGRD_44848,0
NDGRD_44849,0
NDGRD_44850,0
NDGRD_44851,0
NDGRD_44852,0
NDGRD_44853,0
NDGRD_44854,0
NDGRD_44855,0
NDGRD_44856,0
NDGRD_44857,0
NDGRD_44858,0
NDGRD_44859,0
NDGRD_44860,0
NDGRD_44861,0
NDGRD_44862,0
NDGRD_44863,0
NDGRD_44864,0
NDGRD_44865,0
NDGRD_44866,0
NDGRD_44867,0
NDGRD_44868,0
NDGRD_44869,0
NDGRD_44870,0
NDGRD_44871,0
NDGRD_44872,0
NDGRD_44873,0
NDGRD_44874,0
NDGRD_44875,0
NDGRD_44876,0
NDGRD_44877,0
NDGRD_44878,0
NDGRD_44879,0
NDGRD_44880,0
NDGRD_44881,0
NDGRD_44882,0
NDGRD_44883,0
NDGRD_44884,0
NDGRD_44885,0
NDGRD_44886,0
NDGRD_44887,0
NDGRD_44888,0
NDGRD_44889,0
NDGRD_44890,0
NDGRD_44891,0
NDGRD_44892,0
NDGRD_44893,0
NDGRD_44894,0
NDGRD_44895,0
NDGRD_44896,0
NDGRD_44897,0
NDGRD_44898,0
NDGRD_44899,0
NDGRD_44900,0
NDGRD_44901,0
NDGRD_44902,0
NDGRD_44903,0
NDGRD_44904,0
NDGRD_44905,0
NDGRD_44906,0
NDGRD_44907,0
NDGRD_44908,0
NDGRD_44909,0
NDGRD_44910,0
NDGRD_44911,0
NDGRD_44912,0
NDGRD_44913,0
NDGRD_44914,0
NDGRD_44915,0
NDGRD_44916,0
NDGRD_44917,0
NDGRD_44918,0
NDGRD_44919,0
NDGRD_44920,0
NDGRD_44921,0
NDGRD_44922,0
NDGRD_44923,0
NDGRD_44924,0
NDGRD_44925,0
NDGRD_44926,0
NDGRD_44927,0
NDGRD_44928,0
NDGRD_44929,0
NDGRD_44930,0
NDGRD_44931,0
NDGRD_44932,0
NDGRD_44933,0
NDGRD_44934,0
NDGRD_44935,0
NDGRD_44936,0
NDGRD_44937,0
NDGRD_44938,0
NDGRD_44939,0
NDGRD_44940,0
NDGRD_44941,0
NDGRD_44942,0
NDGRD_44943,0
NDGRD_44944,0
NDGRD_44945,0
NDGRD_44946,0
NDGRD_44947,0
NDGRD_44948,0
NDGRD_44949,0
NDGRD_44950,0
NDGRD_44951,0
NDGRD_44952,0
NDGRD_44953,0
NDGRD_44954,0
NDGRD_44955,0
NDGRD_44956,0
NDGRD_44957,0
NDGRD_44958,0
NDGRD_44959,0
NDGRD_44960,0
NDGRD_44961,0
NDGRD_44962,0
NDGRD_44963,0
NDGRD_44964,0
NDGRD_44965,0
NDGRD_44966,0
NDGRD_44967,0
NDGRD_44968,0
NDGRD_44969,0
NDGRD_44970,0
NDGRD_44971,0
NDGRD_44972,0
NDGRD_44973,0
NDGRD_44974,0
NDGRD_44975,0
NDGRD_44976,0
NDGRD_44977,0
NDGRD_44978,0
NDGRD_44979,0
NDGRD_44980,0
NDGRD_44981,0
NDGRD_44982,0
NDGRD_44983,0
NDGRD_44984,0
NDGRD_44985,0
NDGRD_44986,0
NDGRD_44987,0
NDGRD_44988,0
NDGRD_44989,0
NDGRD_44990,0
NDGRD_44991,0
NDGRD_44992,0
NDGRD_44993,0
NDGRD_44994,0
NDGRD_44995,0
NDGRD_44996,0
NDGRD_44997,0
NDGRD_44998,0
NDGRD_44999,0
NDGRD_45000,0
NDGRD_45001,0
NDGRD_45002,0
NDGRD_45003,0
NDGRD_45004,0
NDGRD_45005,0
NDGRD_45006,0
NDGRD_45007,0
NDGRD_45008,0
NDGRD_45009,0
NDGRD_45010,0
NDGRD_45011,0
NDGRD_45012,0
NDGRD_45013,0
NDGRD_45014,0
NDGRD_45015,0
NDGRD_45016,0
NDGRD_45017,0
NDGRD_45018,0
NDGRD_45019,0
NDGRD_45020,0
NDGRD_45021,0
NDGRD_45022,0
NDGRD_45023,0
NDGRD_45024,0
NDGRD_45025,0
NDGRD_45026,0
NDGRD_45027,0
NDGRD_45028,0
NDGRD_45029,0
NDGRD_45030,0
NDGRD_45031,0
NDGRD_45032,0
NDGRD_45033,0
NDGRD_45034,0
NDGRD_45035,0
NDGRD_45036,0
NDGRD_45037,0
NDGRD_45038,0
NDGRD_45039,0
NDGRD_45040,0
NDGRD_45041,0
NDGRD_45042,0
NDGRD_45043,0
NDGRD_45044,0
NDGRD_45045,0
NDGRD_45046,0
NDGRD_45047,0
NDGRD_45048,0
NDGRD_45049,0
NDGRD_45050,0
NDGRD_45051,0
NDGRD_45052,0
NDGRD_45053,0
NDGRD_45054,0
NDGRD_45055,0
NDGRD_45056,0
NDGRD_45057,0
NDGRD_45058,0
NDGRD_45059,0
NDGRD_45060,0
NDGRD_45061,0
NDGRD_45062,0
NDGRD_45063,0
NDGRD_45064,0
NDGRD_45065,0
NDGRD_45066,0
NDGRD_45067,0
NDGRD_45068,0
NDGRD_45069,0
NDGRD_45070,0
NDGRD_45071,0
NDGRD_45072,0
NDGRD_45073,0
NDGRD_45074,0
NDGRD_45075,0
NDGRD_45076,0
NDGRD_45077,0
NDGRD_45078,0
NDGRD_45079,0
NDGRD_45080,0
NDGRD_45081,0
NDGRD_45082,0
NDGRD_45083,0
NDGRD_45084,0
NDGRD_45085,0
NDGRD_45086,0
NDGRD_45087,0
NDGRD_45088,0
NDGRD_45089,0
NDGRD_45090,0
NDGRD_45091,0
NDGRD_45092,0
NDGRD_45093,0
NDGRD_45094,0
NDGRD_45095,0
NDGRD_45096,0
NDGRD_45097,0
NDGRD_45098,0
NDGRD_45099,0
NDGRD_45100,0
NDGRD_45101,0
NDGRD_45102,0
NDGRD_45103,0
NDGRD_45104,0
NDGRD_45105,0
NDGRD_45106,0
NDGRD_45107,0
NDGRD_45108,0
NDGRD_45109,0
NDGRD_45110,0
NDGRD_45111,0
NDGRD_45112,0
NDGRD_45113,0
NDGRD_45114,0
NDGRD_45115,0
NDGRD_45116,0
NDGRD_45117,0
NDGRD_45118,0
NDGRD_45119,0
NDGRD_45120,0
NDGRD_45121,0
NDGRD_45122,0
NDGRD_45123,0
NDGRD_45124,0
NDGRD_45125,0
NDGRD_45126,0
NDGRD_45127,0
NDGRD_45128,0
NDGRD_45129,0
NDGRD_45130,0
NDGRD_45131,0
NDGRD_45132,0
NDGRD_45133,0
NDGRD_45134,0
NDGRD_45135,0
NDGRD_45136,0
NDGRD_45137,0
NDGRD_45138,0
NDGRD_45139,0
NDGRD_45140,0
NDGRD_45141,0
NDGRD_45142,0
NDGRD_45143,0
NDGRD_45144,0
NDGRD_45145,0
NDGRD_45146,0
NDGRD_45147,0
NDGRD_45148,0
NDGRD_45149,0
NDGRD_45150,0
NDGRD_45151,0
NDGRD_45152,0
NDGRD_45153,0
NDGRD_45154,0
NDGRD_45155,0
NDGRD_45156,0
NDGRD_45157,0
NDGRD_45158,0
NDGRD_45159,0
NDGRD_45160,0
NDGRD_45161,0
NDGRD_45162,0
NDGRD_45163,0
NDGRD_45164,0
NDGRD_45165,0
NDGRD_45166,0
NDGRD_45167,0
NDGRD_45168,0
NDGRD_45169,0
NDGRD_45170,0
NDGRD_45171,0
NDGRD_45172,0
NDGRD_45173,0
NDGRD_45174,0
NDGRD_45175,0
NDGRD_45176,0
NDGRD_45177,0
NDGRD_45178,0
NDGRD_45179,0
NDGRD_45180,0
NDGRD_45181,0
NDGRD_45182,0
NDGRD_45183,0
NDGRD_45184,0
NDGRD_45185,0
NDGRD_45186,0
NDGRD_45187,0
NDGRD_45188,0
NDGRD_45189,0
NDGRD_45190,0
NDGRD_45191,0
NDGRD_45192,0
NDGRD_45193,0
NDGRD_45194,0
NDGRD_45195,0
NDGRD_45196,0
NDGRD_45197,0
NDGRD_45198,0
NDGRD_45199,0
NDGRD_45200,0
NDGRD_45201,0
NDGRD_45202,0
NDGRD_45203,0
NDGRD_45204,0
NDGRD_45205,0
NDGRD_45206,0
NDGRD_45207,0
NDGRD_45208,0
NDGRD_45209,0
NDGRD_45210,0
NDGRD_45211,0
NDGRD_45212,0
NDGRD_45213,0
NDGRD_45214,0
NDGRD_45215,0
NDGRD_45216,0
NDGRD_45217,0
NDGRD_45218,0
NDGRD_45219,0
NDGRD_45220,0
NDGRD_45221,0
NDGRD_45222,0
NDGRD_45223,0
NDGRD_45224,0
NDGRD_45225,0
NDGRD_45226,0
NDGRD_45227,0
NDGRD_45228,0
NDGRD_45229,0
NDGRD_45230,0
NDGRD_45231,0
NDGRD_45232,0
NDGRD_45233,0
NDGRD_45234,0
NDGRD_45235,0
NDGRD_45236,0
NDGRD_45237,0
NDGRD_45238,0
NDGRD_45239,0
NDGRD_45240,0
NDGRD_45241,0
NDGRD_45242,0
NDGRD_45243,0
NDGRD_45244,0
NDGRD_45245,0
NDGRD_45246,0
NDGRD_45247,0
NDGRD_45248,0
NDGRD_45249,0
NDGRD_45250,0
NDGRD_45251,0
NDGRD_45252,0
NDGRD_45253,0
NDGRD_45254,0
NDGRD_45255,0
NDGRD_45256,0
NDGRD_45257,0
NDGRD_45258,0
NDGRD_45259,0
NDGRD_45260,0
NDGRD_45261,0
NDGRD_45262,0
NDGRD_45263,0
NDGRD_45264,0
NDGRD_45265,0
NDGRD_45266,0
NDGRD_45267,0
NDGRD_45268,0
NDGRD_45269,0
NDGRD_45270,0
NDGRD_45271,0
NDGRD_45272,0
NDGRD_45273,0
NDGRD_45274,0
NDGRD_45275,0
NDGRD_45276,0
NDGRD_45277,0
NDGRD_45278,0
NDGRD_45279,0
NDGRD_45280,0
NDGRD_45281,0
NDGRD_45282,0
NDGRD_45283,0
NDGRD_45284,0
NDGRD_45285,0
NDGRD_45286,0
NDGRD_45287,0
NDGRD_45288,0
NDGRD_45289,0
NDGRD_45290,0
NDGRD_45291,0
NDGRD_45292,0
NDGRD_45293,0
NDGRD_45294,0
NDGRD_45295,0
NDGRD_45296,0
NDGRD_45297,0
NDGRD_45298,0
NDGRD_45299,0
NDGRD_45300,0
NDGRD_45301,0
NDGRD_45302,0
NDGRD_45303,0
NDGRD_45304,0
NDGRD_45305,0
NDGRD_45306,0
NDGRD_45307,0
NDGRD_45308,0
NDGRD_45309,0
NDGRD_45310,0
NDGRD_45311,0
NDGRD_45312,0
NDGRD_45313,0
NDGRD_45314,0
NDGRD_45315,0
NDGRD_45316,0
NDGRD_45317,0
NDGRD_45318,0
NDGRD_45319,0
NDGRD_45320,0
NDGRD_45321,0
NDGRD_45322,0
NDGRD_45323,0
NDGRD_45324,0
NDGRD_45325,0
NDGRD_45326,0
NDGRD_45327,0
NDGRD_45328,0
NDGRD_45329,0
NDGRD_45330,0
NDGRD_45331,0
NDGRD_45332,0
NDGRD_45333,0
NDGRD_45334,0
NDGRD_45335,0
NDGRD_45336,0
NDGRD_45337,0
NDGRD_45338,0
NDGRD_45339,0
NDGRD_45340,0
NDGRD_45341,0
NDGRD_45342,0
NDGRD_45343,0
NDGRD_45344,0
NDGRD_45345,0
NDGRD_45346,0
NDGRD_45347,0
NDGRD_45348,0
NDGRD_45349,0
NDGRD_45350,0
NDGRD_45351,0
NDGRD_45352,0
NDGRD_45353,0
NDGRD_45354,0
NDGRD_45355,0
NDGRD_45356,0
NDGRD_45357,0
NDGRD_45358,0
NDGRD_45359,0
NDGRD_45360,0
NDGRD_45361,0
NDGRD_45362,0
NDGRD_45363,0
NDGRD_45364,0
NDGRD_45365,0
NDGRD_45366,0
NDGRD_45367,0
NDGRD_45368,0
NDGRD_45369,0
NDGRD_45370,0
NDGRD_45371,0
NDGRD_45372,0
NDGRD_45373,0
NDGRD_45374,0
NDGRD_45375,0
NDGRD_45376,0
NDGRD_45377,0
NDGRD_45378,0
NDGRD_45379,0
NDGRD_45380,0
NDGRD_45381,0
NDGRD_45382,0
NDGRD_45383,0
NDGRD_45384,0
NDGRD_45385,0
NDGRD_45386,0
NDGRD_45387,0
NDGRD_45388,0
NDGRD_45389,0
NDGRD_45390,0
NDGRD_45391,0
NDGRD_45392,0
NDGRD_45393,0
NDGRD_45394,0
NDGRD_45395,0
NDGRD_45396,0
NDGRD_45397,0
NDGRD_45398,0
NDGRD_45399,0
NDGRD_45400,0
NDGRD_45401,0
NDGRD_45402,0
NDGRD_45403,0
NDGRD_45404,0
NDGRD_45405,0
NDGRD_45406,0
NDGRD_45407,0
NDGRD_45408,0
NDGRD_45409,0
NDGRD_45410,0
NDGRD_45411,0
NDGRD_45412,0
NDGRD_45413,0
NDGRD_45414,0
NDGRD_45415,0
NDGRD_45416,0
NDGRD_45417,0
NDGRD_45418,0
NDGRD_45419,0
NDGRD_45420,0
NDGRD_45421,0
NDGRD_45422,0
NDGRD_45423,0
NDGRD_45424,0
NDGRD_45425,0
NDGRD_45426,0
NDGRD_45427,0
NDGRD_45428,0
NDGRD_45429,0
NDGRD_45430,0
NDGRD_45431,0
NDGRD_45432,0
NDGRD_45433,0
NDGRD_45434,0
NDGRD_45435,0
NDGRD_45436,0
NDGRD_45437,0
NDGRD_45438,0
NDGRD_45439,0
NDGRD_45440,0
NDGRD_45441,0
NDGRD_45442,0
NDGRD_45443,0
NDGRD_45444,0
NDGRD_45445,0
NDGRD_45446,0
NDGRD_45447,0
NDGRD_45448,0
NDGRD_45449,0
NDGRD_45450,0
NDGRD_45451,0
NDGRD_45452,0
NDGRD_45453,0
NDGRD_45454,0
NDGRD_45455,0
NDGRD_45456,0
NDGRD_45457,0
NDGRD_45458,0
NDGRD_45459,0
NDGRD_45460,0
NDGRD_45461,0
NDGRD_45462,0
NDGRD_45463,0
NDGRD_45464,0
NDGRD_45465,0
NDGRD_45466,0
NDGRD_45467,0
NDGRD_45468,0
NDGRD_45469,0
NDGRD_45470,0
NDGRD_45471,0
NDGRD_45472,0
NDGRD_45473,0
NDGRD_45474,0
NDGRD_45475,0
NDGRD_45476,0
NDGRD_45477,0
NDGRD_45478,0
NDGRD_45479,0
NDGRD_45480,0
NDGRD_45481,0
NDGRD_45482,0
NDGRD_45483,0
NDGRD_45484,0
NDGRD_45485,0
NDGRD_45486,0
NDGRD_45487,0
NDGRD_45488,0
NDGRD_45489,0
NDGRD_45490,0
NDGRD_45491,0
NDGRD_45492,0
NDGRD_45493,0
NDGRD_45494,0
NDGRD_45495,0
NDGRD_45496,0
NDGRD_45497,0
NDGRD_45498,0
NDGRD_45499,0
NDGRD_45500,0
NDGRD_45501,0
NDGRD_45502,0
NDGRD_45503,0
NDGRD_45504,0
NDGRD_45505,0
NDGRD_45506,0
NDGRD_45507,0
NDGRD_45508,0
NDGRD_45509,0
NDGRD_45510,0
NDGRD_45511,0
NDGRD_45512,0
NDGRD_45513,0
NDGRD_45514,0
NDGRD_45515,0
NDGRD_45516,0
NDGRD_45517,0
NDGRD_45518,0
NDGRD_45519,0
NDGRD_45520,0
NDGRD_45521,0
NDGRD_45522,0
NDGRD_45523,0
NDGRD_45524,0
NDGRD_45525,0
NDGRD_45526,0
NDGRD_45527,0
NDGRD_45528,0
NDGRD_45529,0
NDGRD_45530,0
NDGRD_45531,0
NDGRD_45532,0
NDGRD_45533,0
NDGRD_45534,0
NDGRD_45535,0
NDGRD_45536,0
NDGRD_45537,0
NDGRD_45538,0
NDGRD_45539,0
NDGRD_45540,0
NDGRD_45541,0
NDGRD_45542,0
NDGRD_45543,0
NDGRD_45544,0
NDGRD_45545,0
NDGRD_45546,0
NDGRD_45547,0
NDGRD_45548,0
NDGRD_45549,0
NDGRD_45550,0
NDGRD_45551,0
NDGRD_45552,0
NDGRD_45553,0
NDGRD_45554,0
NDGRD_45555,0
NDGRD_45556,0
NDGRD_45557,0
NDGRD_45558,0
NDGRD_45559,0
NDGRD_45560,0
NDGRD_45561,0
NDGRD_45562,0
NDGRD_45563,0
NDGRD_45564,0
NDGRD_45565,0
NDGRD_45566,0
NDGRD_45567,0
NDGRD_45568,0
NDGRD_45569,0
NDGRD_45570,0
NDGRD_45571,0
NDGRD_45572,0
NDGRD_45573,0
NDGRD_45574,0
NDGRD_45575,0
NDGRD_45576,0
NDGRD_45577,0
NDGRD_45578,0
NDGRD_45579,0
NDGRD_45580,0
NDGRD_45581,0
NDGRD_45582,0
NDGRD_45583,0
NDGRD_45584,0
NDGRD_45585,0
NDGRD_45586,0
NDGRD_45587,0
NDGRD_45588,0
NDGRD_45589,0
NDGRD_45590,0
NDGRD_45591,0
NDGRD_45592,0
NDGRD_45593,0
NDGRD_45594,0
NDGRD_45595,0
NDGRD_45596,0
NDGRD_45597,0
NDGRD_45598,0
NDGRD_45599,0
NDGRD_45600,0
NDGRD_45601,0
NDGRD_45602,0
NDGRD_45603,0
NDGRD_45604,0
NDGRD_45605,0
NDGRD_45606,0
NDGRD_45607,0
NDGRD_45608,0
NDGRD_45609,0
NDGRD_45610,0
NDGRD_45611,0
NDGRD_45612,0
NDGRD_45613,0
NDGRD_45614,0
NDGRD_45615,0
NDGRD_45616,0
NDGRD_45617,0
NDGRD_45618,0
NDGRD_45619,0
NDGRD_45620,0
NDGRD_45621,0
NDGRD_45622,0
NDGRD_45623,0
NDGRD_45624,0
NDGRD_45625,0
NDGRD_45626,0
NDGRD_45627,0
NDGRD_45628,0
NDGRD_45629,0
NDGRD_45630,0
NDGRD_45631,0
NDGRD_45632,0
NDGRD_45633,0
NDGRD_45634,0
NDGRD_45635,0
NDGRD_45636,0
NDGRD_45637,0
NDGRD_45638,0
NDGRD_45639,0
NDGRD_45640,0
NDGRD_45641,0
NDGRD_45642,0
NDGRD_45643,0
NDGRD_45644,0
NDGRD_45645,0
NDGRD_45646,0
NDGRD_45647,0
NDGRD_45648,0
NDGRD_45649,0
NDGRD_45650,0
NDGRD_45651,0
NDGRD_45652,0
NDGRD_45653,0
NDGRD_45654,0
NDGRD_45655,0
NDGRD_45656,0
NDGRD_45657,0
NDGRD_45658,0
NDGRD_45659,0
NDGRD_45660,0
NDGRD_45661,0
NDGRD_45662,0
NDGRD_45663,0
NDGRD_45664,0
NDGRD_45665,0
NDGRD_45666,0
NDGRD_45667,0
NDGRD_45668,0
NDGRD_45669,0
NDGRD_45670,0
NDGRD_45671,0
NDGRD_45672,0
NDGRD_45673,0
NDGRD_45674,0
NDGRD_45675,0
NDGRD_45676,0
NDGRD_45677,0
NDGRD_45678,0
NDGRD_45679,0
NDGRD_45680,0
NDGRD_45681,0
NDGRD_45682,0
NDGRD_45683,0
NDGRD_45684,0
NDGRD_45685,0
NDGRD_45686,0
NDGRD_45687,0
NDGRD_45688,0
NDGRD_45689,0
NDGRD_45690,0
NDGRD_45691,0
NDGRD_45692,0
NDGRD_45693,0
NDGRD_45694,0
NDGRD_45695,0
NDGRD_45696,0
NDGRD_45697,0
NDGRD_45698,0
NDGRD_45699,0
NDGRD_45700,0
NDGRD_45701,0
NDGRD_45702,0
NDGRD_45703,0
NDGRD_45704,0
NDGRD_45705,0
NDGRD_45706,0
NDGRD_45707,0
NDGRD_45708,0
NDGRD_45709,0
NDGRD_45710,0
NDGRD_45711,0
NDGRD_45712,0
NDGRD_45713,0
NDGRD_45714,0
NDGRD_45715,0
NDGRD_45716,0
NDGRD_45717,0
NDGRD_45718,0
NDGRD_45719,0
NDGRD_45720,0
NDGRD_45721,0
NDGRD_45722,0
NDGRD_45723,0
NDGRD_45724,0
NDGRD_45725,0
NDGRD_45726,0
NDGRD_45727,0
NDGRD_45728,0
NDGRD_45729,0
NDGRD_45730,0
NDGRD_45731,0
NDGRD_45732,0
NDGRD_45733,0
NDGRD_45734,0
NDGRD_45735,0
NDGRD_45736,0
NDGRD_45737,0
NDGRD_45738,0
NDGRD_45739,0
NDGRD_45740,0
NDGRD_45741,0
NDGRD_45742,0
NDGRD_45743,0
NDGRD_45744,0
NDGRD_45745,0
NDGRD_45746,0
NDGRD_45747,0
NDGRD_45748,0
NDGRD_45749,0
NDGRD_45750,0
NDGRD_45751,0
NDGRD_45752,0
NDGRD_45753,0
NDGRD_45754,0
NDGRD_45755,0
NDGRD_45756,0
NDGRD_45757,0
NDGRD_45758,0
NDGRD_45759,0
NDGRD_45760,0
NDGRD_45761,0
NDGRD_45762,0
NDGRD_45763,0
NDGRD_45764,0
NDGRD_45765,0
NDGRD_45766,0
NDGRD_45767,0
NDGRD_45768,0
NDGRD_45769,0
NDGRD_45770,0
NDGRD_45771,0
NDGRD_45772,0
NDGRD_45773,0
NDGRD_45774,0
NDGRD_45775,0
NDGRD_45776,0
NDGRD_45777,0
NDGRD_45778,0
NDGRD_45779,0
NDGRD_45780,0
NDGRD_45781,0
NDGRD_45782,0
NDGRD_45783,0
NDGRD_45784,0
NDGRD_45785,0
NDGRD_45786,0
NDGRD_45787,0
NDGRD_45788,0
NDGRD_45789,0
NDGRD_45790,0
NDGRD_45791,0
NDGRD_45792,0
NDGRD_45793,0
NDGRD_45794,0
NDGRD_45795,0
NDGRD_45796,0
NDGRD_45797,0
NDGRD_45798,0
NDGRD_45799,0
NDGRD_45800,0
NDGRD_45801,0
NDGRD_45802,0
NDGRD_45803,0
NDGRD_45804,0
NDGRD_45805,0
NDGRD_45806,0
NDGRD_45807,0
NDGRD_45808,0
NDGRD_45809,0
NDGRD_45810,0
NDGRD_45811,0
NDGRD_45812,0
NDGRD_45813,0
NDGRD_45814,0
NDGRD_45815,0
NDGRD_45816,0
NDGRD_45817,0
NDGRD_45818,0
NDGRD_45819,0
NDGRD_45820,0
NDGRD_45821,0
NDGRD_45822,0
NDGRD_45823,0
NDGRD_45824,0
NDGRD_45825,0
NDGRD_45826,0
NDGRD_45827,0
NDGRD_45828,0
NDGRD_45829,0
NDGRD_45830,0
NDGRD_45831,0
NDGRD_45832,0
NDGRD_45833,0
NDGRD_45834,0
NDGRD_45835,0
NDGRD_45836,0
NDGRD_45837,0
NDGRD_45838,0
NDGRD_45839,0
NDGRD_45840,0
NDGRD_45841,0
NDGRD_45842,0
NDGRD_45843,0
NDGRD_45844,0
NDGRD_45845,0
NDGRD_45846,0
NDGRD_45847,0
NDGRD_45848,0
NDGRD_45849,0
NDGRD_45850,0
NDGRD_45851,0
NDGRD_45852,0
NDGRD_45853,0
NDGRD_45854,0
NDGRD_45855,0
NDGRD_45856,0
NDGRD_45857,0
NDGRD_45858,0
NDGRD_45859,0
NDGRD_45860,0
NDGRD_45861,0
NDGRD_45862,0
NDGRD_45863,0
NDGRD_45864,0
NDGRD_45865,0
NDGRD_45866,0
NDGRD_45867,0
NDGRD_45868,0
NDGRD_45869,0
NDGRD_45870,0
NDGRD_45871,0
NDGRD_45872,0
NDGRD_45873,0
NDGRD_45874,0
NDGRD_45875,0
NDGRD_45876,0
NDGRD_45877,0
NDGRD_45878,0
NDGRD_45879,0
NDGRD_45880,0
NDGRD_45881,0
NDGRD_45882,0
NDGRD_45883,0
NDGRD_45884,0
NDGRD_45885,0
NDGRD_45886,0
NDGRD_45887,0
NDGRD_45888,0
NDGRD_45889,0
NDGRD_45890,0
NDGRD_45891,0
NDGRD_45892,0
NDGRD_45893,0
NDGRD_45894,0
NDGRD_45895,0
NDGRD_45896,0
NDGRD_45897,0
NDGRD_45898,0
NDGRD_45899,0
NDGRD_45900,0
NDGRD_45901,0
NDGRD_45902,0
NDGRD_45903,0
NDGRD_45904,0
NDGRD_45905,0
NDGRD_45906,0
NDGRD_45907,0
NDGRD_45908,0
NDGRD_45909,0
NDGRD_45910,0
NDGRD_45911,0
NDGRD_45912,0
NDGRD_45913,0
NDGRD_45914,0
NDGRD_45915,0
NDGRD_45916,0
NDGRD_45917,0
NDGRD_45918,0
NDGRD_45919,0
NDGRD_45920,0
NDGRD_45921,0
NDGRD_45922,0
NDGRD_45923,0
NDGRD_45924,0
NDGRD_45925,0
NDGRD_45926,0
NDGRD_45927,0
NDGRD_45928,0
NDGRD_45929,0
NDGRD_45930,0
NDGRD_45931,0
NDGRD_45932,0
NDGRD_45933,0
NDGRD_45934,0
NDGRD_45935,0
NDGRD_45936,0
NDGRD_45937,0
NDGRD_45938,0
NDGRD_45939,0
NDGRD_45940,0
NDGRD_45941,0
NDGRD_45942,0
NDGRD_45943,0
NDGRD_45944,0
NDGRD_45945,0
NDGRD_45946,0
NDGRD_45947,0
NDGRD_45948,0
NDGRD_45949,0
NDGRD_45950,0
NDGRD_45951,0
NDGRD_45952,0
NDGRD_45953,0
NDGRD_45954,0
NDGRD_45955,0
NDGRD_45956,0
NDGRD_45957,0
NDGRD_45958,0
NDGRD_45959,0
NDGRD_45960,0
NDGRD_45961,0
NDGRD_45962,0
NDGRD_45963,0
NDGRD_45964,0
NDGRD_45965,0
NDGRD_45966,0
NDGRD_45967,0
NDGRD_45968,0
NDGRD_45969,0
NDGRD_45970,0
NDGRD_45971,0
NDGRD_45972,0
NDGRD_45973,0
NDGRD_45974,0
NDGRD_45975,0
NDGRD_45976,0
NDGRD_45977,0
NDGRD_45978,0
NDGRD_45979,0
NDGRD_45980,0
NDGRD_45981,0
NDGRD_45982,0
NDGRD_45983,0
NDGRD_45984,0
NDGRD_45985,0
NDGRD_45986,0
NDGRD_45987,0
NDGRD_45988,0
NDGRD_45989,0
NDGRD_45990,0
NDGRD_45991,0
NDGRD_45992,0
NDGRD_45993,0
NDGRD_45994,0
NDGRD_45995,0
NDGRD_45996,0
NDGRD_45997,0
NDGRD_45998,0
NDGRD_45999,0
NDGRD_46000,0
NDGRD_46001,0
NDGRD_46002,0
NDGRD_46003,0
NDGRD_46004,0
NDGRD_46005,0
NDGRD_46006,0
NDGRD_46007,0
NDGRD_46008,0
NDGRD_46009,0
NDGRD_46010,0
NDGRD_46011,0
NDGRD_46012,0
NDGRD_46013,0
NDGRD_46014,0
NDGRD_46015,0
NDGRD_46016,0
NDGRD_46017,0
NDGRD_46018,0
NDGRD_46019,0
NDGRD_46020,0
NDGRD_46021,0
NDGRD_46022,0
NDGRD_46023,0
NDGRD_46024,0
NDGRD_46025,0
NDGRD_46026,0
NDGRD_46027,0
NDGRD_46028,0
NDGRD_46029,0
NDGRD_46030,0
NDGRD_46031,0
NDGRD_46032,0
NDGRD_46033,0
NDGRD_46034,0
NDGRD_46035,0
NDGRD_46036,0
NDGRD_46037,0
NDGRD_46038,0
NDGRD_46039,0
NDGRD_46040,0
NDGRD_46041,0
NDGRD_46042,0
NDGRD_46043,0
NDGRD_46044,0
NDGRD_46045,0
NDGRD_46046,0
NDGRD_46047,0
NDGRD_46048,0
NDGRD_46049,0
NDGRD_46050,0
NDGRD_46051,0
NDGRD_46052,0
NDGRD_46053,0
NDGRD_46054,0
NDGRD_46055,0
NDGRD_46056,0
NDGRD_46057,0
NDGRD_46058,0
NDGRD_46059,0
NDGRD_46060,0
NDGRD_46061,0
NDGRD_46062,0
NDGRD_46063,0
NDGRD_46064,0
NDGRD_46065,0
NDGRD_46066,0
NDGRD_46067,0
NDGRD_46068,0
NDGRD_46069,0
NDGRD_46070,0
NDGRD_46071,0
NDGRD_46072,0
NDGRD_46073,0
NDGRD_46074,0
NDGRD_46075,0
NDGRD_46076,0
NDGRD_46077,0
NDGRD_46078,0
NDGRD_46079,0
NDGRD_46080,0
NDGRD_46081,0
NDGRD_46082,0
NDGRD_46083,0
NDGRD_46084,0
NDGRD_46085,0
NDGRD_46086,0
NDGRD_46087,0
NDGRD_46088,0
NDGRD_46089,0
NDGRD_46090,0
NDGRD_46091,0
NDGRD_46092,0
NDGRD_46093,0
NDGRD_46094,0
NDGRD_46095,0
NDGRD_46096,0
NDGRD_46097,0
NDGRD_46098,0
NDGRD_46099,0
NDGRD_46100,0
NDGRD_46101,0
NDGRD_46102,0
NDGRD_46103,0
NDGRD_46104,0
NDGRD_46105,0
NDGRD_46106,0
NDGRD_46107,0
NDGRD_46108,0
NDGRD_46109,0
NDGRD_46110,0
NDGRD_46111,0
NDGRD_46112,0
NDGRD_46113,0
NDGRD_46114,0
NDGRD_46115,0
NDGRD_46116,0
NDGRD_46117,0
NDGRD_46118,0
NDGRD_46119,0
NDGRD_46120,0
NDGRD_46121,0
NDGRD_46122,0
NDGRD_46123,0
NDGRD_46124,0
NDGRD_46125,0
NDGRD_46126,0
NDGRD_46127,0
NDGRD_46128,0
NDGRD_46129,0
NDGRD_46130,0
NDGRD_46131,0
NDGRD_46132,0
NDGRD_46133,0
NDGRD_46134,0
NDGRD_46135,0
NDGRD_46136,0
NDGRD_46137,0
NDGRD_46138,0
NDGRD_46139,0
NDGRD_46140,0
NDGRD_46141,0
NDGRD_46142,0
NDGRD_46143,0
NDGRD_46144,0
NDGRD_46145,0
NDGRD_46146,0
NDGRD_46147,0
NDGRD_46148,0
NDGRD_46149,0
NDGRD_46150,0
NDGRD_46151,0
NDGRD_46152,0
NDGRD_46153,0
NDGRD_46154,0
NDGRD_46155,0
NDGRD_46156,0
NDGRD_46157,0
NDGRD_46158,0
NDGRD_46159,0
NDGRD_46160,0
NDGRD_46161,0
NDGRD_46162,0
NDGRD_46163,0
NDGRD_46164,0
NDGRD_46165,0
NDGRD_46166,0
NDGRD_46167,0
NDGRD_46168,0
NDGRD_46169,0
NDGRD_46170,0
NDGRD_46171,0
NDGRD_46172,0
NDGRD_46173,0
NDGRD_46174,0
NDGRD_46175,0
NDGRD_46176,0
NDGRD_46177,0
NDGRD_46178,0
NDGRD_46179,0
NDGRD_46180,0
NDGRD_46181,0
NDGRD_46182,0
NDGRD_46183,0
NDGRD_46184,0
NDGRD_46185,0
NDGRD_46186,0
NDGRD_46187,0
NDGRD_46188,0
NDGRD_46189,0
NDGRD_46190,0
NDGRD_46191,0
NDGRD_46192,0
NDGRD_46193,0
NDGRD_46194,0
NDGRD_46195,0
NDGRD_46196,0
NDGRD_46197,0
NDGRD_46198,0
NDGRD_46199,0
NDGRD_46200,0
NDGRD_46201,0
NDGRD_46202,0
NDGRD_46203,0
NDGRD_46204,0
NDGRD_46205,0
NDGRD_46206,0
NDGRD_46207,0
NDGRD_46208,0
NDGRD_46209,0
NDGRD_46210,0
NDGRD_46211,0
NDGRD_46212,0
NDGRD_46213,0
NDGRD_46214,0
NDGRD_46215,0
NDGRD_46216,0
NDGRD_46217,0
NDGRD_46218,0
NDGRD_46219,0
NDGRD_46220,0
NDGRD_46221,0
NDGRD_46222,0
NDGRD_46223,0
NDGRD_46224,0
NDGRD_46225,0
NDGRD_46226,0
NDGRD_46227,0
NDGRD_46228,0
NDGRD_46229,0
NDGRD_46230,0
NDGRD_46231,0
NDGRD_46232,0
NDGRD_46233,0
NDGRD_46234,0
NDGRD_46235,0
NDGRD_46236,0
NDGRD_46237,0
NDGRD_46238,0
NDGRD_46239,0
NDGRD_46240,0
NDGRD_46241,0
NDGRD_46242,0
NDGRD_46243,0
NDGRD_46244,0
NDGRD_46245,0
NDGRD_46246,0
NDGRD_46247,0
NDGRD_46248,0
NDGRD_46249,0
NDGRD_46250,0
NDGRD_46251,0
NDGRD_46252,0
NDGRD_46253,0
NDGRD_46254,0
NDGRD_46255,0
NDGRD_46256,0
NDGRD_46257,0
NDGRD_46258,0
NDGRD_46259,0
NDGRD_46260,0
NDGRD_46261,0
NDGRD_46262,0
NDGRD_46263,0
NDGRD_46264,0
NDGRD_46265,0
NDGRD_46266,0
NDGRD_46267,0
NDGRD_46268,0
NDGRD_46269,0
NDGRD_46270,0
NDGRD_46271,0
NDGRD_46272,0
NDGRD_46273,0
NDGRD_46274,0
NDGRD_46275,0
NDGRD_46276,0
NDGRD_46277,0
NDGRD_46278,0
NDGRD_46279,0
NDGRD_46280,0
NDGRD_46281,0
NDGRD_46282,0
NDGRD_46283,0
NDGRD_46284,0
NDGRD_46285,0
NDGRD_46286,0
NDGRD_46287,0
NDGRD_46288,0
NDGRD_46289,0
NDGRD_46290,0
NDGRD_46291,0
NDGRD_46292,0
NDGRD_46293,0
NDGRD_46294,0
NDGRD_46295,0
NDGRD_46296,0
NDGRD_46297,0
NDGRD_46298,0
NDGRD_46299,0
NDGRD_46300,0
NDGRD_46301,0
NDGRD_46302,0
NDGRD_46303,0
NDGRD_46304,0
NDGRD_46305,0
NDGRD_46306,0
NDGRD_46307,0
NDGRD_46308,0
NDGRD_46309,0
NDGRD_46310,0
NDGRD_46311,0
NDGRD_46312,0
NDGRD_46313,0
NDGRD_46314,0
NDGRD_46315,0
NDGRD_46316,0
NDGRD_46317,0
NDGRD_46318,0
NDGRD_46319,0
NDGRD_46320,0
NDGRD_46321,0
NDGRD_46322,0
NDGRD_46323,0
NDGRD_46324,0
NDGRD_46325,0
NDGRD_46326,0
NDGRD_46327,0
NDGRD_46328,0
NDGRD_46329,0
NDGRD_46330,0
NDGRD_46331,0
NDGRD_46332,0
NDGRD_46333,0
NDGRD_46334,0
NDGRD_46335,0
NDGRD_46336,0
NDGRD_46337,0
NDGRD_46338,0
NDGRD_46339,0
NDGRD_46340,0
NDGRD_46341,0
NDGRD_46342,0
NDGRD_46343,0
NDGRD_46344,0
NDGRD_46345,0
NDGRD_46346,0
NDGRD_46347,0
NDGRD_46348,0
NDGRD_46349,0
NDGRD_46350,0
NDGRD_46351,0
NDGRD_46352,0
NDGRD_46353,0
NDGRD_46354,0
NDGRD_46355,0
NDGRD_46356,0
NDGRD_46357,0
NDGRD_46358,0
NDGRD_46359,0
NDGRD_46360,0
NDGRD_46361,0
NDGRD_46362,0
NDGRD_46363,0
NDGRD_46364,0
NDGRD_46365,0
NDGRD_46366,0
NDGRD_46367,0
NDGRD_46368,0
NDGRD_46369,0
NDGRD_46370,0
NDGRD_46371,0
NDGRD_46372,0
NDGRD_46373,0
NDGRD_46374,0
NDGRD_46375,0
NDGRD_46376,0
NDGRD_46377,0
NDGRD_46378,0
NDGRD_46379,0
NDGRD_46380,0
NDGRD_46381,0
NDGRD_46382,0
NDGRD_46383,0
NDGRD_46384,0
NDGRD_46385,0
NDGRD_46386,0
NDGRD_46387,0
NDGRD_46388,0
NDGRD_46389,0
NDGRD_46390,0
NDGRD_46391,0
NDGRD_46392,0
NDGRD_46393,0
NDGRD_46394,0
NDGRD_46395,0
NDGRD_46396,0
NDGRD_46397,0
NDGRD_46398,0
NDGRD_46399,0
NDGRD_46400,0
NDGRD_46401,0
NDGRD_46402,0
NDGRD_46403,0
NDGRD_46404,0
NDGRD_46405,0
NDGRD_46406,0
NDGRD_46407,0
NDGRD_46408,0
NDGRD_46409,0
NDGRD_46410,0
NDGRD_46411,0
NDGRD_46412,0
NDGRD_46413,0
NDGRD_46414,0
NDGRD_46415,0
NDGRD_46416,0
NDGRD_46417,0
NDGRD_46418,0
NDGRD_46419,0
NDGRD_46420,0
NDGRD_46421,0
NDGRD_46422,0
NDGRD_46423,0
NDGRD_46424,0
NDGRD_46425,0
NDGRD_46426,0
NDGRD_46427,0
NDGRD_46428,0
NDGRD_46429,0
NDGRD_46430,0
NDGRD_46431,0
NDGRD_46432,0
NDGRD_46433,0
NDGRD_46434,0
NDGRD_46435,0
NDGRD_46436,0
NDGRD_46437,0
NDGRD_46438,0
NDGRD_46439,0
NDGRD_46440,0
NDGRD_46441,0
NDGRD_46442,0
NDGRD_46443,0
NDGRD_46444,0
NDGRD_46445,0
NDGRD_46446,0
NDGRD_46447,0
NDGRD_46448,0
NDGRD_46449,0
NDGRD_46450,0
NDGRD_46451,0
NDGRD_46452,0
NDGRD_46453,0
NDGRD_46454,0
NDGRD_46455,0
NDGRD_46456,0
NDGRD_46457,0
NDGRD_46458,0
NDGRD_46459,0
NDGRD_46460,0
NDGRD_46461,0
NDGRD_46462,0
NDGRD_46463,0
NDGRD_46464,0
NDGRD_46465,0
NDGRD_46466,0
NDGRD_46467,0
NDGRD_46468,0
NDGRD_46469,0
NDGRD_46470,0
NDGRD_46471,0
NDGRD_46472,0
NDGRD_46473,0
NDGRD_46474,0
NDGRD_46475,0
NDGRD_46476,0
NDGRD_46477,0
NDGRD_46478,0
NDGRD_46479,0
NDGRD_46480,0
NDGRD_46481,0
NDGRD_46482,0
NDGRD_46483,0
NDGRD_46484,0
NDGRD_46485,0
NDGRD_46486,0
NDGRD_46487,0
NDGRD_46488,0
NDGRD_46489,0
NDGRD_46490,0
NDGRD_46491,0
NDGRD_46492,0
NDGRD_46493,0
NDGRD_46494,0
NDGRD_46495,0
NDGRD_46496,0
NDGRD_46497,0
NDGRD_46498,0
NDGRD_46499,0
NDGRD_46500,0
NDGRD_46501,0
NDGRD_46502,0
NDGRD_46503,0
NDGRD_46504,0
NDGRD_46505,0
NDGRD_46506,0
NDGRD_46507,0
NDGRD_46508,0
NDGRD_46509,0
NDGRD_46510,0
NDGRD_46511,0
NDGRD_46512,0
NDGRD_46513,0
NDGRD_46514,0
NDGRD_46515,0
NDGRD_46516,0
NDGRD_46517,0
NDGRD_46518,0
NDGRD_46519,0
NDGRD_46520,0
NDGRD_46521,0
NDGRD_46522,0
NDGRD_46523,0
NDGRD_46524,0
NDGRD_46525,0
NDGRD_46526,0
NDGRD_46527,0
NDGRD_46528,0
NDGRD_46529,0
NDGRD_46530,0
NDGRD_46531,0
NDGRD_46532,0
NDGRD_46533,0
NDGRD_46534,0
NDGRD_46535,0
NDGRD_46536,0
NDGRD_46537,0
NDGRD_46538,0
NDGRD_46539,0
NDGRD_46540,0
NDGRD_46541,0
NDGRD_46542,0
NDGRD_46543,0
NDGRD_46544,0
NDGRD_46545,0
NDGRD_46546,0
NDGRD_46547,0
NDGRD_46548,0
NDGRD_46549,0
NDGRD_46550,0
NDGRD_46551,0
NDGRD_46552,0
NDGRD_46553,0
NDGRD_46554,0
NDGRD_46555,0
NDGRD_46556,0
NDGRD_46557,0
NDGRD_46558,0
NDGRD_46559,0
NDGRD_46560,0
NDGRD_46561,0
NDGRD_46562,0
NDGRD_46563,0
NDGRD_46564,0
NDGRD_46565,0
NDGRD_46566,0
NDGRD_46567,0
NDGRD_46568,0
NDGRD_46569,0
NDGRD_46570,0
NDGRD_46571,0
NDGRD_46572,0
NDGRD_46573,0
NDGRD_46574,0
NDGRD_46575,0
NDGRD_46576,0
NDGRD_46577,0
NDGRD_46578,0
NDGRD_46579,0
NDGRD_46580,0
NDGRD_46581,0
NDGRD_46582,0
NDGRD_46583,0
NDGRD_46584,0
NDGRD_46585,0
NDGRD_46586,0
NDGRD_46587,0
NDGRD_46588,0
NDGRD_46589,0
NDGRD_46590,0
NDGRD_46591,0
NDGRD_46592,0
NDGRD_46593,0
NDGRD_46594,0
NDGRD_46595,0
NDGRD_46596,0
NDGRD_46597,0
NDGRD_46598,0
NDGRD_46599,0
NDGRD_46600,0
NDGRD_46601,0
NDGRD_46602,0
NDGRD_46603,0
NDGRD_46604,0
NDGRD_46605,0
NDGRD_46606,0
NDGRD_46607,0
NDGRD_46608,0
NDGRD_46609,0
NDGRD_46610,0
NDGRD_46611,0
NDGRD_46612,0
NDGRD_46613,0
NDGRD_46614,0
NDGRD_46615,0
NDGRD_46616,0
NDGRD_46617,0
NDGRD_46618,0
NDGRD_46619,0
NDGRD_46620,0
NDGRD_46621,0
NDGRD_46622,0
NDGRD_46623,0
NDGRD_46624,0
NDGRD_46625,0
NDGRD_46626,0
NDGRD_46627,0
NDGRD_46628,0
NDGRD_46629,0
NDGRD_46630,0
NDGRD_46631,0
NDGRD_46632,0
NDGRD_46633,0
NDGRD_46634,0
NDGRD_46635,0
NDGRD_46636,0
NDGRD_46637,0
NDGRD_46638,0
NDGRD_46639,0
NDGRD_46640,0
NDGRD_46641,0
NDGRD_46642,0
NDGRD_46643,0
NDGRD_46644,0
NDGRD_46645,0
NDGRD_46646,0
NDGRD_46647,0
NDGRD_46648,0
NDGRD_46649,0
NDGRD_46650,0
NDGRD_46651,0
NDGRD_46652,0
NDGRD_46653,0
NDGRD_46654,0
NDGRD_46655,0
NDGRD_46656,0
NDGRD_46657,0
NDGRD_46658,0
NDGRD_46659,0
NDGRD_46660,0
NDGRD_46661,0
NDGRD_46662,0
NDGRD_46663,0
NDGRD_46664,0
NDGRD_46665,0
NDGRD_46666,0
NDGRD_46667,0
NDGRD_46668,0
NDGRD_46669,0
NDGRD_46670,0
NDGRD_46671,0
NDGRD_46672,0
NDGRD_46673,0
NDGRD_46674,0
NDGRD_46675,0
NDGRD_46676,0
NDGRD_46677,0
NDGRD_46678,0
NDGRD_46679,0
NDGRD_46680,0
NDGRD_46681,0
NDGRD_46682,0
NDGRD_46683,0
NDGRD_46684,0
NDGRD_46685,0
NDGRD_46686,0
NDGRD_46687,0
NDGRD_46688,0
NDGRD_46689,0
NDGRD_46690,0
NDGRD_46691,0
NDGRD_46692,0
NDGRD_46693,0
NDGRD_46694,0
NDGRD_46695,0
NDGRD_46696,0
NDGRD_46697,0
NDGRD_46698,0
NDGRD_46699,0
NDGRD_46700,0
NDGRD_46701,0
NDGRD_46702,0
NDGRD_46703,0
NDGRD_46704,0
NDGRD_46705,0
NDGRD_46706,0
NDGRD_46707,0
NDGRD_46708,0
NDGRD_46709,0
NDGRD_46710,0
NDGRD_46711,0
NDGRD_46712,0
NDGRD_46713,0
NDGRD_46714,0
NDGRD_46715,0
NDGRD_46716,0
NDGRD_46717,0
NDGRD_46718,0
NDGRD_46719,0
NDGRD_46720,0
NDGRD_46721,0
NDGRD_46722,0
NDGRD_46723,0
NDGRD_46724,0
NDGRD_46725,0
NDGRD_46726,0
NDGRD_46727,0
NDGRD_46728,0
NDGRD_46729,0
NDGRD_46730,0
NDGRD_46731,0
NDGRD_46732,0
NDGRD_46733,0
NDGRD_46734,0
NDGRD_46735,0
NDGRD_46736,0
NDGRD_46737,0
NDGRD_46738,0
NDGRD_46739,0
NDGRD_46740,0
NDGRD_46741,0
NDGRD_46742,0
NDGRD_46743,0
NDGRD_46744,0
NDGRD_46745,0
NDGRD_46746,0
NDGRD_46747,0
NDGRD_46748,0
NDGRD_46749,0
NDGRD_46750,0
NDGRD_46751,0
NDGRD_46752,0
NDGRD_46753,0
NDGRD_46754,0
NDGRD_46755,0
NDGRD_46756,0
NDGRD_46757,0
NDGRD_46758,0
NDGRD_46759,0
NDGRD_46760,0
NDGRD_46761,0
NDGRD_46762,0
NDGRD_46763,0
NDGRD_46764,0
NDGRD_46765,0
NDGRD_46766,0
NDGRD_46767,0
NDGRD_46768,0
NDGRD_46769,0
NDGRD_46770,0
NDGRD_46771,0
NDGRD_46772,0
NDGRD_46773,0
NDGRD_46774,0
NDGRD_46775,0
NDGRD_46776,0
NDGRD_46777,0
NDGRD_46778,0
NDGRD_46779,0
NDGRD_46780,0
NDGRD_46781,0
NDGRD_46782,0
NDGRD_46783,0
NDGRD_46784,0
NDGRD_46785,0
NDGRD_46786,0
NDGRD_46787,0
NDGRD_46788,0
NDGRD_46789,0
NDGRD_46790,0
NDGRD_46791,0
NDGRD_46792,0
NDGRD_46793,0
NDGRD_46794,0
NDGRD_46795,0
NDGRD_46796,0
NDGRD_46797,0
NDGRD_46798,0
NDGRD_46799,0
NDGRD_46800,0
NDGRD_46801,0
NDGRD_46802,0
NDGRD_46803,0
NDGRD_46804,0
NDGRD_46805,0
NDGRD_46806,0
NDGRD_46807,0
NDGRD_46808,0
NDGRD_46809,0
NDGRD_46810,0
NDGRD_46811,0
NDGRD_46812,0
NDGRD_46813,0
NDGRD_46814,0
NDGRD_46815,0
NDGRD_46816,0
NDGRD_46817,0
NDGRD_46818,0
NDGRD_46819,0
NDGRD_46820,0
NDGRD_46821,0
NDGRD_46822,0
NDGRD_46823,0
NDGRD_46824,0
NDGRD_46825,0
NDGRD_46826,0
NDGRD_46827,0
NDGRD_46828,0
NDGRD_46829,0
NDGRD_46830,0
NDGRD_46831,0
NDGRD_46832,0
NDGRD_46833,0
NDGRD_46834,0
NDGRD_46835,0
NDGRD_46836,0
NDGRD_46837,0
NDGRD_46838,0
NDGRD_46839,0
NDGRD_46840,0
NDGRD_46841,0
NDGRD_46842,0
NDGRD_46843,0
NDGRD_46844,0
NDGRD_46845,0
NDGRD_46846,0
NDGRD_46847,0
NDGRD_46848,0
NDGRD_46849,0
NDGRD_46850,0
NDGRD_46851,0
NDGRD_46852,0
NDGRD_46853,0
NDGRD_46854,0
NDGRD_46855,0
NDGRD_46856,0
NDGRD_46857,0
NDGRD_46858,0
NDGRD_46859,0
NDGRD_46860,0
NDGRD_46861,0
NDGRD_46862,0
NDGRD_46863,0
NDGRD_46864,0
NDGRD_46865,0
NDGRD_46866,0
NDGRD_46867,0
NDGRD_46868,0
NDGRD_46869,0
NDGRD_46870,0
NDGRD_46871,0
NDGRD_46872,0
NDGRD_46873,0
NDGRD_46874,0
NDGRD_46875,0
NDGRD_46876,0
NDGRD_46877,0
NDGRD_46878,0
NDGRD_46879,0
NDGRD_46880,0
NDGRD_46881,0
NDGRD_46882,0
NDGRD_46883,0
NDGRD_46884,0
NDGRD_46885,0
NDGRD_46886,0
NDGRD_46887,0
NDGRD_46888,0
NDGRD_46889,0
NDGRD_46890,0
NDGRD_46891,0
NDGRD_46892,0
NDGRD_46893,0
NDGRD_46894,0
NDGRD_46895,0
NDGRD_46896,0
NDGRD_46897,0
NDGRD_46898,0
NDGRD_46899,0
NDGRD_46900,0
NDGRD_46901,0
NDGRD_46902,0
NDGRD_46903,0
NDGRD_46904,0
NDGRD_46905,0
NDGRD_46906,0
NDGRD_46907,0
NDGRD_46908,0
NDGRD_46909,0
NDGRD_46910,0
NDGRD_46911,0
NDGRD_46912,0
NDGRD_46913,0
NDGRD_46914,0
NDGRD_46915,0
NDGRD_46916,0
NDGRD_46917,0
NDGRD_46918,0
NDGRD_46919,0
NDGRD_46920,0
NDGRD_46921,0
NDGRD_46922,0
NDGRD_46923,0
NDGRD_46924,0
NDGRD_46925,0
NDGRD_46926,0
NDGRD_46927,0
NDGRD_46928,0
NDGRD_46929,0
NDGRD_46930,0
NDGRD_46931,0
NDGRD_46932,0
NDGRD_46933,0
NDGRD_46934,0
NDGRD_46935,0
NDGRD_46936,0
NDGRD_46937,0
NDGRD_46938,0
NDGRD_46939,0
NDGRD_46940,0
NDGRD_46941,0
NDGRD_46942,0
NDGRD_46943,0
NDGRD_46944,0
NDGRD_46945,0
NDGRD_46946,0
NDGRD_46947,0
NDGRD_46948,0
NDGRD_46949,0
NDGRD_46950,0
NDGRD_46951,0
NDGRD_46952,0
NDGRD_46953,0
NDGRD_46954,0
NDGRD_46955,0
NDGRD_46956,0
NDGRD_46957,0
NDGRD_46958,0
NDGRD_46959,0
NDGRD_46960,0
NDGRD_46961,0
NDGRD_46962,0
NDGRD_46963,0
NDGRD_46964,0
NDGRD_46965,0
NDGRD_46966,0
NDGRD_46967,0
NDGRD_46968,0
NDGRD_46969,0
NDGRD_46970,0
NDGRD_46971,0
NDGRD_46972,0
NDGRD_46973,0
NDGRD_46974,0
NDGRD_46975,0
NDGRD_46976,0
NDGRD_46977,0
NDGRD_46978,0
NDGRD_46979,0
NDGRD_46980,0
NDGRD_46981,0
NDGRD_46982,0
NDGRD_46983,0
NDGRD_46984,0
NDGRD_46985,0
NDGRD_46986,0
NDGRD_46987,0
NDGRD_46988,0
NDGRD_46989,0
NDGRD_46990,0
NDGRD_46991,0
NDGRD_46992,0
NDGRD_46993,0
NDGRD_46994,0
NDGRD_46995,0
NDGRD_46996,0
NDGRD_46997,0
NDGRD_46998,0
NDGRD_46999,0
NDGRD_47000,0
NDGRD_47001,0
NDGRD_47002,0
NDGRD_47003,0
NDGRD_47004,0
NDGRD_47005,0
NDGRD_47006,0
NDGRD_47007,0
NDGRD_47008,0
NDGRD_47009,0
NDGRD_47010,0
NDGRD_47011,0
NDGRD_47012,0
NDGRD_47013,0
NDGRD_47014,0
NDGRD_47015,0
NDGRD_47016,0
NDGRD_47017,0
NDGRD_47018,0
NDGRD_47019,0
NDGRD_47020,0
NDGRD_47021,0
NDGRD_47022,0
NDGRD_47023,0
NDGRD_47024,0
NDGRD_47025,0
NDGRD_47026,0
NDGRD_47027,0
NDGRD_47028,0
NDGRD_47029,0
NDGRD_47030,0
NDGRD_47031,0
NDGRD_47032,0
NDGRD_47033,0
NDGRD_47034,0
NDGRD_47035,0
NDGRD_47036,0
NDGRD_47037,0
NDGRD_47038,0
NDGRD_47039,0
NDGRD_47040,0
NDGRD_47041,0
NDGRD_47042,0
NDGRD_47043,0
NDGRD_47044,0
NDGRD_47045,0
NDGRD_47046,0
NDGRD_47047,0
NDGRD_47048,0
NDGRD_47049,0
NDGRD_47050,0
NDGRD_47051,0
NDGRD_47052,0
NDGRD_47053,0
NDGRD_47054,0
NDGRD_47055,0
NDGRD_47056,0
NDGRD_47057,0
NDGRD_47058,0
NDGRD_47059,0
NDGRD_47060,0
NDGRD_47061,0
NDGRD_47062,0
NDGRD_47063,0
NDGRD_47064,0
NDGRD_47065,0
NDGRD_47066,0
NDGRD_47067,0
NDGRD_47068,0
NDGRD_47069,0
NDGRD_47070,0
NDGRD_47071,0
NDGRD_47072,0
NDGRD_47073,0
NDGRD_47074,0
NDGRD_47075,0
NDGRD_47076,0
NDGRD_47077,0
NDGRD_47078,0
NDGRD_47079,0
NDGRD_47080,0
NDGRD_47081,0
NDGRD_47082,0
NDGRD_47083,0
NDGRD_47084,0
NDGRD_47085,0
NDGRD_47086,0
NDGRD_47087,0
NDGRD_47088,0
NDGRD_47089,0
NDGRD_47090,0
NDGRD_47091,0
NDGRD_47092,0
NDGRD_47093,0
NDGRD_47094,0
NDGRD_47095,0
NDGRD_47096,0
NDGRD_47097,0
NDGRD_47098,0
NDGRD_47099,0
NDGRD_47100,0
NDGRD_47101,0
NDGRD_47102,0
NDGRD_47103,0
NDGRD_47104,0
NDGRD_47105,0
NDGRD_47106,0
NDGRD_47107,0
NDGRD_47108,0
NDGRD_47109,0
NDGRD_47110,0
NDGRD_47111,0
NDGRD_47112,0
NDGRD_47113,0
NDGRD_47114,0
NDGRD_47115,0
NDGRD_47116,0
NDGRD_47117,0
NDGRD_47118,0
NDGRD_47119,0
NDGRD_47120,0
NDGRD_47121,0
NDGRD_47122,0
NDGRD_47123,0
NDGRD_47124,0
NDGRD_47125,0
NDGRD_47126,0
NDGRD_47127,0
NDGRD_47128,0
NDGRD_47129,0
NDGRD_47130,0
NDGRD_47131,0
NDGRD_47132,0
NDGRD_47133,0
NDGRD_47134,0
NDGRD_47135,0
NDGRD_47136,0
NDGRD_47137,0
NDGRD_47138,0
NDGRD_47139,0
NDGRD_47140,0
NDGRD_47141,0
NDGRD_47142,0
NDGRD_47143,0
NDGRD_47144,0
NDGRD_47145,0
NDGRD_47146,0
NDGRD_47147,0
NDGRD_47148,0
NDGRD_47149,0
NDGRD_47150,0
NDGRD_47151,0
NDGRD_47152,0
NDGRD_47153,0
NDGRD_47154,0
NDGRD_47155,0
NDGRD_47156,0
NDGRD_47157,0
NDGRD_47158,0
NDGRD_47159,0
NDGRD_47160,0
NDGRD_47161,0
NDGRD_47162,0
NDGRD_47163,0
NDGRD_47164,0
NDGRD_47165,0
NDGRD_47166,0
NDGRD_47167,0
NDGRD_47168,0
NDGRD_47169,0
NDGRD_47170,0
NDGRD_47171,0
NDGRD_47172,0
NDGRD_47173,0
NDGRD_47174,0
NDGRD_47175,0
NDGRD_47176,0
NDGRD_47177,0
NDGRD_47178,0
NDGRD_47179,0
NDGRD_47180,0
NDGRD_47181,0
NDGRD_47182,0
NDGRD_47183,0
NDGRD_47184,0
NDGRD_47185,0
NDGRD_47186,0
NDGRD_47187,0
NDGRD_47188,0
NDGRD_47189,0
NDGRD_47190,0
NDGRD_47191,0
NDGRD_47192,0
NDGRD_47193,0
NDGRD_47194,0
NDGRD_47195,0
NDGRD_47196,0
NDGRD_47197,0
NDGRD_47198,0
NDGRD_47199,0
NDGRD_47200,0
NDGRD_47201,0
NDGRD_47202,0
NDGRD_47203,0
NDGRD_47204,0
NDGRD_47205,0
NDGRD_47206,0
NDGRD_47207,0
NDGRD_47208,0
NDGRD_47209,0
NDGRD_47210,0
NDGRD_47211,0
NDGRD_47212,0
NDGRD_47213,0
NDGRD_47214,0
NDGRD_47215,0
NDGRD_47216,0
NDGRD_47217,0
NDGRD_47218,0
NDGRD_47219,0
NDGRD_47220,0
NDGRD_47221,0
NDGRD_47222,0
NDGRD_47223,0
NDGRD_47224,0
NDGRD_47225,0
NDGRD_47226,0
NDGRD_47227,0
NDGRD_47228,0
NDGRD_47229,0
NDGRD_47230,0
NDGRD_47231,0
NDGRD_47232,0
NDGRD_47233,0
NDGRD_47234,0
NDGRD_47235,0
NDGRD_47236,0
NDGRD_47237,0
NDGRD_47238,0
NDGRD_47239,0
NDGRD_47240,0
NDGRD_47241,0
NDGRD_47242,0
NDGRD_47243,0
NDGRD_47244,0
NDGRD_47245,0
NDGRD_47246,0
NDGRD_47247,0
NDGRD_47248,0
NDGRD_47249,0
NDGRD_47250,0
NDGRD_47251,0
NDGRD_47252,0
NDGRD_47253,0
NDGRD_47254,0
NDGRD_47255,0
NDGRD_47256,0
NDGRD_47257,0
NDGRD_47258,0
NDGRD_47259,0
NDGRD_47260,0
NDGRD_47261,0
NDGRD_47262,0
NDGRD_47263,0
NDGRD_47264,0
NDGRD_47265,0
NDGRD_47266,0
NDGRD_47267,0
NDGRD_47268,0
NDGRD_47269,0
NDGRD_47270,0
NDGRD_47271,0
NDGRD_47272,0
NDGRD_47273,0
NDGRD_47274,0
NDGRD_47275,0
NDGRD_47276,0
NDGRD_47277,0
NDGRD_47278,0
NDGRD_47279,0
NDGRD_47280,0
NDGRD_47281,0
NDGRD_47282,0
NDGRD_47283,0
NDGRD_47284,0
NDGRD_47285,0
NDGRD_47286,0
NDGRD_47287,0
NDGRD_47288,0
NDGRD_47289,0
NDGRD_47290,0
NDGRD_47291,0
NDGRD_47292,0
NDGRD_47293,0
NDGRD_47294,0
NDGRD_47295,0
NDGRD_47296,0
NDGRD_47297,0
NDGRD_47298,0
NDGRD_47299,0
NDGRD_47300,0
NDGRD_47301,0
NDGRD_47302,0
NDGRD_47303,0
NDGRD_47304,0
NDGRD_47305,0
NDGRD_47306,0
NDGRD_47307,0
NDGRD_47308,0
NDGRD_47309,0
NDGRD_47310,0
NDGRD_47311,0
NDGRD_47312,0
NDGRD_47313,0
NDGRD_47314,0
NDGRD_47315,0
NDGRD_47316,0
NDGRD_47317,0
NDGRD_47318,0
NDGRD_47319,0
NDGRD_47320,0
NDGRD_47321,0
NDGRD_47322,0
NDGRD_47323,0
NDGRD_47324,0
NDGRD_47325,0
NDGRD_47326,0
NDGRD_47327,0
NDGRD_47328,0
NDGRD_47329,0
NDGRD_47330,0
NDGRD_47331,0
NDGRD_47332,0
NDGRD_47333,0
NDGRD_47334,0
NDGRD_47335,0
NDGRD_47336,0
NDGRD_47337,0
NDGRD_47338,0
NDGRD_47339,0
NDGRD_47340,0
NDGRD_47341,0
NDGRD_47342,0
NDGRD_47343,0
NDGRD_47344,0
NDGRD_47345,0
NDGRD_47346,0
NDGRD_47347,0
NDGRD_47348,0
NDGRD_47349,0
NDGRD_47350,0
NDGRD_47351,0
NDGRD_47352,0
NDGRD_47353,0
NDGRD_47354,0
NDGRD_47355,0
NDGRD_47356,0
NDGRD_47357,0
NDGRD_47358,0
NDGRD_47359,0
NDGRD_47360,0
NDGRD_47361,0
NDGRD_47362,0
NDGRD_47363,0
NDGRD_47364,0
NDGRD_47365,0
NDGRD_47366,0
NDGRD_47367,0
NDGRD_47368,0
NDGRD_47369,0
NDGRD_47370,0
NDGRD_47371,0
NDGRD_47372,0
NDGRD_47373,0
NDGRD_47374,0
NDGRD_47375,0
NDGRD_47376,0
NDGRD_47377,0
NDGRD_47378,0
NDGRD_47379,0
NDGRD_47380,0
NDGRD_47381,0
NDGRD_47382,0
NDGRD_47383,0
NDGRD_47384,0
NDGRD_47385,0
NDGRD_47386,0
NDGRD_47387,0
NDGRD_47388,0
NDGRD_47389,0
NDGRD_47390,0
NDGRD_47391,0
NDGRD_47392,0
NDGRD_47393,0
NDGRD_47394,0
NDGRD_47395,0
NDGRD_47396,0
NDGRD_47397,0
NDGRD_47398,0
NDGRD_47399,0
NDGRD_47400,0
NDGRD_47401,0
NDGRD_47402,0
NDGRD_47403,0
NDGRD_47404,0
NDGRD_47405,0
NDGRD_47406,0
NDGRD_47407,0
NDGRD_47408,0
NDGRD_47409,0
NDGRD_47410,0
NDGRD_47411,0
NDGRD_47412,0
NDGRD_47413,0
NDGRD_47414,0
NDGRD_47415,0
NDGRD_47416,0
NDGRD_47417,0
NDGRD_47418,0
NDGRD_47419,0
NDGRD_47420,0
NDGRD_47421,0
NDGRD_47422,0
NDGRD_47423,0
NDGRD_47424,0
NDGRD_47425,0
NDGRD_47426,0
NDGRD_47427,0
NDGRD_47428,0
NDGRD_47429,0
NDGRD_47430,0
NDGRD_47431,0
NDGRD_47432,0
NDGRD_47433,0
NDGRD_47434,0
NDGRD_47435,0
NDGRD_47436,0
NDGRD_47437,0
NDGRD_47438,0
NDGRD_47439,0
NDGRD_47440,0
NDGRD_47441,0
NDGRD_47442,0
NDGRD_47443,0
NDGRD_47444,0
NDGRD_47445,0
NDGRD_47446,0
NDGRD_47447,0
NDGRD_47448,0
NDGRD_47449,0
NDGRD_47450,0
NDGRD_47451,0
NDGRD_47452,0
NDGRD_47453,0
NDGRD_47454,0
NDGRD_47455,0
NDGRD_47456,0
NDGRD_47457,0
NDGRD_47458,0
NDGRD_47459,0
NDGRD_47460,0
NDGRD_47461,0
NDGRD_47462,0
NDGRD_47463,0
NDGRD_47464,0
NDGRD_47465,0
NDGRD_47466,0
NDGRD_47467,0
NDGRD_47468,0
NDGRD_47469,0
NDGRD_47470,0
NDGRD_47471,0
NDGRD_47472,0
NDGRD_47473,0
NDGRD_47474,0
NDGRD_47475,0
NDGRD_47476,0
NDGRD_47477,0
NDGRD_47478,0
NDGRD_47479,0
NDGRD_47480,0
NDGRD_47481,0
NDGRD_47482,0
NDGRD_47483,0
NDGRD_47484,0
NDGRD_47485,0
NDGRD_47486,0
NDGRD_47487,0
NDGRD_47488,0
NDGRD_47489,0
NDGRD_47490,0
NDGRD_47491,0
NDGRD_47492,0
NDGRD_47493,0
NDGRD_47494,0
NDGRD_47495,0
NDGRD_47496,0
NDGRD_47497,0
NDGRD_47498,0
NDGRD_47499,0
NDGRD_47500,0
NDGRD_47501,0
NDGRD_47502,0
NDGRD_47503,0
NDGRD_47504,0
NDGRD_47505,0
NDGRD_47506,0
NDGRD_47507,0
NDGRD_47508,0
NDGRD_47509,0
NDGRD_47510,0
NDGRD_47511,0
NDGRD_47512,0
NDGRD_47513,0
NDGRD_47514,0
NDGRD_47515,0
NDGRD_47516,0
NDGRD_47517,0
NDGRD_47518,0
NDGRD_47519,0
NDGRD_47520,0
NDGRD_47521,0
NDGRD_47522,0
NDGRD_47523,0
NDGRD_47524,0
NDGRD_47525,0
NDGRD_47526,0
NDGRD_47527,0
NDGRD_47528,0
NDGRD_47529,0
NDGRD_47530,0
NDGRD_47531,0
NDGRD_47532,0
NDGRD_47533,0
NDGRD_47534,0
NDGRD_47535,0
NDGRD_47536,0
NDGRD_47537,0
NDGRD_47538,0
NDGRD_47539,0
NDGRD_47540,0
NDGRD_47541,0
NDGRD_47542,0
NDGRD_47543,0
NDGRD_47544,0
NDGRD_47545,0
NDGRD_47546,0
NDGRD_47547,0
NDGRD_47548,0
NDGRD_47549,0
NDGRD_47550,0
NDGRD_47551,0
NDGRD_47552,0
NDGRD_47553,0
NDGRD_47554,0
NDGRD_47555,0
NDGRD_47556,0
NDGRD_47557,0
NDGRD_47558,0
NDGRD_47559,0
NDGRD_47560,0
NDGRD_47561,0
NDGRD_47562,0
NDGRD_47563,0
NDGRD_47564,0
NDGRD_47565,0
NDGRD_47566,0
NDGRD_47567,0
NDGRD_47568,0
NDGRD_47569,0
NDGRD_47570,0
NDGRD_47571,0
NDGRD_47572,0
NDGRD_47573,0
NDGRD_47574,0
NDGRD_47575,0
NDGRD_47576,0
NDGRD_47577,0
NDGRD_47578,0
NDGRD_47579,0
NDGRD_47580,0
NDGRD_47581,0
NDGRD_47582,0
NDGRD_47583,0
NDGRD_47584,0
NDGRD_47585,0
NDGRD_47586,0
NDGRD_47587,0
NDGRD_47588,0
NDGRD_47589,0
NDGRD_47590,0
NDGRD_47591,0
NDGRD_47592,0
NDGRD_47593,0
NDGRD_47594,0
NDGRD_47595,0
NDGRD_47596,0
NDGRD_47597,0
NDGRD_47598,0
NDGRD_47599,0
NDGRD_47600,0
NDGRD_47601,0
NDGRD_47602,0
NDGRD_47603,0
NDGRD_47604,0
NDGRD_47605,0
NDGRD_47606,0
NDGRD_47607,0
NDGRD_47608,0
NDGRD_47609,0
NDGRD_47610,0
NDGRD_47611,0
NDGRD_47612,0
NDGRD_47613,0
NDGRD_47614,0
NDGRD_47615,0
NDGRD_47616,0
NDGRD_47617,0
NDGRD_47618,0
NDGRD_47619,0
NDGRD_47620,0
NDGRD_47621,0
NDGRD_47622,0
NDGRD_47623,0
NDGRD_47624,0
NDGRD_47625,0
NDGRD_47626,0
NDGRD_47627,0
NDGRD_47628,0
NDGRD_47629,0
NDGRD_47630,0
NDGRD_47631,0
NDGRD_47632,0
NDGRD_47633,0
NDGRD_47634,0
NDGRD_47635,0
NDGRD_47636,0
NDGRD_47637,0
NDGRD_47638,0
NDGRD_47639,0
NDGRD_47640,0
NDGRD_47641,0
NDGRD_47642,0
NDGRD_47643,0
NDGRD_47644,0
NDGRD_47645,0
NDGRD_47646,0
NDGRD_47647,0
NDGRD_47648,0
NDGRD_47649,0
NDGRD_47650,0
NDGRD_47651,0
NDGRD_47652,0
NDGRD_47653,0
NDGRD_47654,0
NDGRD_47655,0
NDGRD_47656,0
NDGRD_47657,0
NDGRD_47658,0
NDGRD_47659,0
NDGRD_47660,0
NDGRD_47661,0
NDGRD_47662,0
NDGRD_47663,0
NDGRD_47664,0
NDGRD_47665,0
NDGRD_47666,0
NDGRD_47667,0
NDGRD_47668,0
NDGRD_47669,0
NDGRD_47670,0
NDGRD_47671,0
NDGRD_47672,0
NDGRD_47673,0
NDGRD_47674,0
NDGRD_47675,0
NDGRD_47676,0
NDGRD_47677,0
NDGRD_47678,0
NDGRD_47679,0
NDGRD_47680,0
NDGRD_47681,0
NDGRD_47682,0
NDGRD_47683,0
NDGRD_47684,0
NDGRD_47685,0
NDGRD_47686,0
NDGRD_47687,0
NDGRD_47688,0
NDGRD_47689,0
NDGRD_47690,0
NDGRD_47691,0
NDGRD_47692,0
NDGRD_47693,0
NDGRD_47694,0
NDGRD_47695,0
NDGRD_47696,0
NDGRD_47697,0
NDGRD_47698,0
NDGRD_47699,0
NDGRD_47700,0
NDGRD_47701,0
NDGRD_47702,0
NDGRD_47703,0
NDGRD_47704,0
NDGRD_47705,0
NDGRD_47706,0
NDGRD_47707,0
NDGRD_47708,0
NDGRD_47709,0
NDGRD_47710,0
NDGRD_47711,0
NDGRD_47712,0
NDGRD_47713,0
NDGRD_47714,0
NDGRD_47715,0
NDGRD_47716,0
NDGRD_47717,0
NDGRD_47718,0
NDGRD_47719,0
NDGRD_47720,0
NDGRD_47721,0
NDGRD_47722,0
NDGRD_47723,0
NDGRD_47724,0
NDGRD_47725,0
NDGRD_47726,0
NDGRD_47727,0
NDGRD_47728,0
NDGRD_47729,0
NDGRD_47730,0
NDGRD_47731,0
NDGRD_47732,0
NDGRD_47733,0
NDGRD_47734,0
NDGRD_47735,0
NDGRD_47736,0
NDGRD_47737,0
NDGRD_47738,0
NDGRD_47739,0
NDGRD_47740,0
NDGRD_47741,0
NDGRD_47742,0
NDGRD_47743,0
NDGRD_47744,0
NDGRD_47745,0
NDGRD_47746,0
NDGRD_47747,0
NDGRD_47748,0
NDGRD_47749,0
NDGRD_47750,0
NDGRD_47751,0
NDGRD_47752,0
NDGRD_47753,0
NDGRD_47754,0
NDGRD_47755,0
NDGRD_47756,0
NDGRD_47757,0
NDGRD_47758,0
NDGRD_47759,0
NDGRD_47760,0
NDGRD_47761,0
NDGRD_47762,0
NDGRD_47763,0
NDGRD_47764,0
NDGRD_47765,0
NDGRD_47766,0
NDGRD_47767,0
NDGRD_47768,0
NDGRD_47769,0
NDGRD_47770,0
NDGRD_47771,0
NDGRD_47772,0
NDGRD_47773,0
NDGRD_47774,0
NDGRD_47775,0
NDGRD_47776,0
NDGRD_47777,0
NDGRD_47778,0
NDGRD_47779,0
NDGRD_47780,0
NDGRD_47781,0
NDGRD_47782,0
NDGRD_47783,0
NDGRD_47784,0
NDGRD_47785,0
NDGRD_47786,0
NDGRD_47787,0
NDGRD_47788,0
NDGRD_47789,0
NDGRD_47790,0
NDGRD_47791,0
NDGRD_47792,0
NDGRD_47793,0
NDGRD_47794,0
NDGRD_47795,0
NDGRD_47796,0
NDGRD_47797,0
NDGRD_47798,0
NDGRD_47799,0
NDGRD_47800,0
NDGRD_47801,0
NDGRD_47802,0
NDGRD_47803,0
NDGRD_47804,0
NDGRD_47805,0
NDGRD_47806,0
NDGRD_47807,0
NDGRD_47808,0
NDGRD_47809,0
NDGRD_47810,0
NDGRD_47811,0
NDGRD_47812,0
NDGRD_47813,0
NDGRD_47814,0
NDGRD_47815,0
NDGRD_47816,0
NDGRD_47817,0
NDGRD_47818,0
NDGRD_47819,0
NDGRD_47820,0
NDGRD_47821,0
NDGRD_47822,0
NDGRD_47823,0
NDGRD_47824,0
NDGRD_47825,0
NDGRD_47826,0
NDGRD_47827,0
NDGRD_47828,0
NDGRD_47829,0
NDGRD_47830,0
NDGRD_47831,0
NDGRD_47832,0
NDGRD_47833,0
NDGRD_47834,0
NDGRD_47835,0
NDGRD_47836,0
NDGRD_47837,0
NDGRD_47838,0
NDGRD_47839,0
NDGRD_47840,0
NDGRD_47841,0
NDGRD_47842,0
NDGRD_47843,0
NDGRD_47844,0
NDGRD_47845,0
NDGRD_47846,0
NDGRD_47847,0
NDGRD_47848,0
NDGRD_47849,0
NDGRD_47850,0
NDGRD_47851,0
NDGRD_47852,0
NDGRD_47853,0
NDGRD_47854,0
NDGRD_47855,0
NDGRD_47856,0
NDGRD_47857,0
NDGRD_47858,0
NDGRD_47859,0
NDGRD_47860,0
NDGRD_47861,0
NDGRD_47862,0
NDGRD_47863,0
NDGRD_47864,0
NDGRD_47865,0
NDGRD_47866,0
NDGRD_47867,0
NDGRD_47868,0
NDGRD_47869,0
NDGRD_47870,0
NDGRD_47871,0
NDGRD_47872,0
NDGRD_47873,0
NDGRD_47874,0
NDGRD_47875,0
NDGRD_47876,0
NDGRD_47877,0
NDGRD_47878,0
NDGRD_47879,0
NDGRD_47880,0
NDGRD_47881,0
NDGRD_47882,0
NDGRD_47883,0
NDGRD_47884,0
NDGRD_47885,0
NDGRD_47886,0
NDGRD_47887,0
NDGRD_47888,0
NDGRD_47889,0
NDGRD_47890,0
NDGRD_47891,0
NDGRD_47892,0
NDGRD_47893,0
NDGRD_47894,0
NDGRD_47895,0
NDGRD_47896,0
NDGRD_47897,0
NDGRD_47898,0
NDGRD_47899,0
NDGRD_47900,0
NDGRD_47901,0
NDGRD_47902,0
NDGRD_47903,0
NDGRD_47904,0
NDGRD_47905,0
NDGRD_47906,0
NDGRD_47907,0
NDGRD_47908,0
NDGRD_47909,0
NDGRD_47910,0
NDGRD_47911,0
NDGRD_47912,0
NDGRD_47913,0
NDGRD_47914,0
NDGRD_47915,0
NDGRD_47916,0
NDGRD_47917,0
NDGRD_47918,0
NDGRD_47919,0
NDGRD_47920,0
NDGRD_47921,0
NDGRD_47922,0
NDGRD_47923,0
NDGRD_47924,0
NDGRD_47925,0
NDGRD_47926,0
NDGRD_47927,0
NDGRD_47928,0
NDGRD_47929,0
NDGRD_47930,0
NDGRD_47931,0
NDGRD_47932,0
NDGRD_47933,0
NDGRD_47934,0
NDGRD_47935,0
NDGRD_47936,0
NDGRD_47937,0
NDGRD_47938,0
NDGRD_47939,0
NDGRD_47940,0
NDGRD_47941,0
NDGRD_47942,0
NDGRD_47943,0
NDGRD_47944,0
NDGRD_47945,0
NDGRD_47946,0
NDGRD_47947,0
NDGRD_47948,0
NDGRD_47949,0
NDGRD_47950,0
NDGRD_47951,0
NDGRD_47952,0
NDGRD_47953,0
NDGRD_47954,0
NDGRD_47955,0
NDGRD_47956,0
NDGRD_47957,0
NDGRD_47958,0
NDGRD_47959,0
NDGRD_47960,0
NDGRD_47961,0
NDGRD_47962,0
NDGRD_47963,0
NDGRD_47964,0
NDGRD_47965,0
NDGRD_47966,0
NDGRD_47967,0
NDGRD_47968,0
NDGRD_47969,0
NDGRD_47970,0
NDGRD_47971,0
NDGRD_47972,0
NDGRD_47973,0
NDGRD_47974,0
NDGRD_47975,0
NDGRD_47976,0
NDGRD_47977,0
NDGRD_47978,0
NDGRD_47979,0
NDGRD_47980,0
NDGRD_47981,0
NDGRD_47982,0
NDGRD_47983,0
NDGRD_47984,0
NDGRD_47985,0
NDGRD_47986,0
NDGRD_47987,0
NDGRD_47988,0
NDGRD_47989,0
NDGRD_47990,0
NDGRD_47991,0
NDGRD_47992,0
NDGRD_47993,0
NDGRD_47994,0
NDGRD_47995,0
NDGRD_47996,0
NDGRD_47997,0
NDGRD_47998,0
NDGRD_47999,0
NDGRD_48000,0
NDGRD_48001,0
NDGRD_48002,0
NDGRD_48003,0
NDGRD_48004,0
NDGRD_48005,0
NDGRD_48006,0
NDGRD_48007,0
NDGRD_48008,0
NDGRD_48009,0
NDGRD_48010,0
NDGRD_48011,0
NDGRD_48012,0
NDGRD_48013,0
NDGRD_48014,0
NDGRD_48015,0
NDGRD_48016,0
NDGRD_48017,0
NDGRD_48018,0
NDGRD_48019,0
NDGRD_48020,0
NDGRD_48021,0
NDGRD_48022,0
NDGRD_48023,0
NDGRD_48024,0
NDGRD_48025,0
NDGRD_48026,0
NDGRD_48027,0
NDGRD_48028,0
NDGRD_48029,0
NDGRD_48030,0
NDGRD_48031,0
NDGRD_48032,0
NDGRD_48033,0
NDGRD_48034,0
NDGRD_48035,0
NDGRD_48036,0
NDGRD_48037,0
NDGRD_48038,0
NDGRD_48039,0
NDGRD_48040,0
NDGRD_48041,0
NDGRD_48042,0
NDGRD_48043,0
NDGRD_48044,0
NDGRD_48045,0
NDGRD_48046,0
NDGRD_48047,0
NDGRD_48048,0
NDGRD_48049,0
NDGRD_48050,0
NDGRD_48051,0
NDGRD_48052,0
NDGRD_48053,0
NDGRD_48054,0
NDGRD_48055,0
NDGRD_48056,0
NDGRD_48057,0
NDGRD_48058,0
NDGRD_48059,0
NDGRD_48060,0
NDGRD_48061,0
NDGRD_48062,0
NDGRD_48063,0
NDGRD_48064,0
NDGRD_48065,0
NDGRD_48066,0
NDGRD_48067,0
NDGRD_48068,0
NDGRD_48069,0
NDGRD_48070,0
NDGRD_48071,0
NDGRD_48072,0
NDGRD_48073,0
NDGRD_48074,0
NDGRD_48075,0
NDGRD_48076,0
NDGRD_48077,0
NDGRD_48078,0
NDGRD_48079,0
NDGRD_48080,0
NDGRD_48081,0
NDGRD_48082,0
NDGRD_48083,0
NDGRD_48084,0
NDGRD_48085,0
NDGRD_48086,0
NDGRD_48087,0
NDGRD_48088,0
NDGRD_48089,0
NDGRD_48090,0
NDGRD_48091,0
NDGRD_48092,0
NDGRD_48093,0
NDGRD_48094,0
NDGRD_48095,0
NDGRD_48096,0
NDGRD_48097,0
NDGRD_48098,0
NDGRD_48099,0
NDGRD_48100,0
NDGRD_48101,0
NDGRD_48102,0
NDGRD_48103,0
NDGRD_48104,0
NDGRD_48105,0
NDGRD_48106,0
NDGRD_48107,0
NDGRD_48108,0
NDGRD_48109,0
NDGRD_48110,0
NDGRD_48111,0
NDGRD_48112,0
NDGRD_48113,0
NDGRD_48114,0
NDGRD_48115,0
NDGRD_48116,0
NDGRD_48117,0
NDGRD_48118,0
NDGRD_48119,0
NDGRD_48120,0
NDGRD_48121,0
NDGRD_48122,0
NDGRD_48123,0
NDGRD_48124,0
NDGRD_48125,0
NDGRD_48126,0
NDGRD_48127,0
NDGRD_48128,0
NDGRD_48129,0
NDGRD_48130,0
NDGRD_48131,0
NDGRD_48132,0
NDGRD_48133,0
NDGRD_48134,0
NDGRD_48135,0
NDGRD_48136,0
NDGRD_48137,0
NDGRD_48138,0
NDGRD_48139,0
NDGRD_48140,0
NDGRD_48141,0
NDGRD_48142,0
NDGRD_48143,0
NDGRD_48144,0
NDGRD_48145,0
NDGRD_48146,0
NDGRD_48147,0
NDGRD_48148,0
NDGRD_48149,0
NDGRD_48150,0
NDGRD_48151,0
NDGRD_48152,0
NDGRD_48153,0
NDGRD_48154,0
NDGRD_48155,0
NDGRD_48156,0
NDGRD_48157,0
NDGRD_48158,0
NDGRD_48159,0
NDGRD_48160,0
NDGRD_48161,0
NDGRD_48162,0
NDGRD_48163,0
NDGRD_48164,0
NDGRD_48165,0
NDGRD_48166,0
NDGRD_48167,0
NDGRD_48168,0
NDGRD_48169,0
NDGRD_48170,0
NDGRD_48171,0
NDGRD_48172,0
NDGRD_48173,0
NDGRD_48174,0
NDGRD_48175,0
NDGRD_48176,0
NDGRD_48177,0
NDGRD_48178,0
NDGRD_48179,0
NDGRD_48180,0
NDGRD_48181,0
NDGRD_48182,0
NDGRD_48183,0
NDGRD_48184,0
NDGRD_48185,0
NDGRD_48186,0
NDGRD_48187,0
NDGRD_48188,0
NDGRD_48189,0
NDGRD_48190,0
NDGRD_48191,0
NDGRD_48192,0
NDGRD_48193,0
NDGRD_48194,0
NDGRD_48195,0
NDGRD_48196,0
NDGRD_48197,0
NDGRD_48198,0
NDGRD_48199,0
NDGRD_48200,0
NDGRD_48201,0
NDGRD_48202,0
NDGRD_48203,0
NDGRD_48204,0
NDGRD_48205,0
NDGRD_48206,0
NDGRD_48207,0
NDGRD_48208,0
NDGRD_48209,0
NDGRD_48210,0
NDGRD_48211,0
NDGRD_48212,0
NDGRD_48213,0
NDGRD_48214,0
NDGRD_48215,0
NDGRD_48216,0
NDGRD_48217,0
NDGRD_48218,0
NDGRD_48219,0
NDGRD_48220,0
NDGRD_48221,0
NDGRD_48222,0
NDGRD_48223,0
NDGRD_48224,0
NDGRD_48225,0
NDGRD_48226,0
NDGRD_48227,0
NDGRD_48228,0
NDGRD_48229,0
NDGRD_48230,0
NDGRD_48231,0
NDGRD_48232,0
NDGRD_48233,0
NDGRD_48234,0
NDGRD_48235,0
NDGRD_48236,0
NDGRD_48237,0
NDGRD_48238,0
NDGRD_48239,0
NDGRD_48240,0
NDGRD_48241,0
NDGRD_48242,0
NDGRD_48243,0
NDGRD_48244,0
NDGRD_48245,0
NDGRD_48246,0
NDGRD_48247,0
NDGRD_48248,0
NDGRD_48249,0
NDGRD_48250,0
NDGRD_48251,0
NDGRD_48252,0
NDGRD_48253,0
NDGRD_48254,0
NDGRD_48255,0
NDGRD_48256,0
NDGRD_48257,0
NDGRD_48258,0
NDGRD_48259,0
NDGRD_48260,0
NDGRD_48261,0
NDGRD_48262,0
NDGRD_48263,0
NDGRD_48264,0
NDGRD_48265,0
NDGRD_48266,0
NDGRD_48267,0
NDGRD_48268,0
NDGRD_48269,0
NDGRD_48270,0
NDGRD_48271,0
NDGRD_48272,0
NDGRD_48273,0
NDGRD_48274,0
NDGRD_48275,0
NDGRD_48276,0
NDGRD_48277,0
NDGRD_48278,0
NDGRD_48279,0
NDGRD_48280,0
NDGRD_48281,0
NDGRD_48282,0
NDGRD_48283,0
NDGRD_48284,0
NDGRD_48285,0
NDGRD_48286,0
NDGRD_48287,0
NDGRD_48288,0
NDGRD_48289,0
NDGRD_48290,0
NDGRD_48291,0
NDGRD_48292,0
NDGRD_48293,0
NDGRD_48294,0
NDGRD_48295,0
NDGRD_48296,0
NDGRD_48297,0
NDGRD_48298,0
NDGRD_48299,0
NDGRD_48300,0
NDGRD_48301,0
NDGRD_48302,0
NDGRD_48303,0
NDGRD_48304,0
NDGRD_48305,0
NDGRD_48306,0
NDGRD_48307,0
NDGRD_48308,0
NDGRD_48309,0
NDGRD_48310,0
NDGRD_48311,0
NDGRD_48312,0
NDGRD_48313,0
NDGRD_48314,0
NDGRD_48315,0
NDGRD_48316,0
NDGRD_48317,0
NDGRD_48318,0
NDGRD_48319,0
NDGRD_48320,0
NDGRD_48321,0
NDGRD_48322,0
NDGRD_48323,0
NDGRD_48324,0
NDGRD_48325,0
NDGRD_48326,0
NDGRD_48327,0
NDGRD_48328,0
NDGRD_48329,0
NDGRD_48330,0
NDGRD_48331,0
NDGRD_48332,0
NDGRD_48333,0
NDGRD_48334,0
NDGRD_48335,0
NDGRD_48336,0
NDGRD_48337,0
NDGRD_48338,0
NDGRD_48339,0
NDGRD_48340,0
NDGRD_48341,0
NDGRD_48342,0
NDGRD_48343,0
NDGRD_48344,0
NDGRD_48345,0
NDGRD_48346,0
NDGRD_48347,0
NDGRD_48348,0
NDGRD_48349,0
NDGRD_48350,0
NDGRD_48351,0
NDGRD_48352,0
NDGRD_48353,0
NDGRD_48354,0
NDGRD_48355,0
NDGRD_48356,0
NDGRD_48357,0
NDGRD_48358,0
NDGRD_48359,0
NDGRD_48360,0
NDGRD_48361,0
NDGRD_48362,0
NDGRD_48363,0
NDGRD_48364,0
NDGRD_48365,0
NDGRD_48366,0
NDGRD_48367,0
NDGRD_48368,0
NDGRD_48369,0
NDGRD_48370,0
NDGRD_48371,0
NDGRD_48372,0
NDGRD_48373,0
NDGRD_48374,0
NDGRD_48375,0
NDGRD_48376,0
NDGRD_48377,0
NDGRD_48378,0
NDGRD_48379,0
NDGRD_48380,0
NDGRD_48381,0
NDGRD_48382,0
NDGRD_48383,0
NDGRD_48384,0
NDGRD_48385,0
NDGRD_48386,0
NDGRD_48387,0
NDGRD_48388,0
NDGRD_48389,0
NDGRD_48390,0
NDGRD_48391,0
NDGRD_48392,0
NDGRD_48393,0
NDGRD_48394,0
NDGRD_48395,0
NDGRD_48396,0
NDGRD_48397,0
NDGRD_48398,0
NDGRD_48399,0
NDGRD_48400,0
NDGRD_48401,0
NDGRD_48402,0
NDGRD_48403,0
NDGRD_48404,0
NDGRD_48405,0
NDGRD_48406,0
NDGRD_48407,0
NDGRD_48408,0
NDGRD_48409,0
NDGRD_48410,0
NDGRD_48411,0
NDGRD_48412,0
NDGRD_48413,0
NDGRD_48414,0
NDGRD_48415,0
NDGRD_48416,0
NDGRD_48417,0
NDGRD_48418,0
NDGRD_48419,0
NDGRD_48420,0
NDGRD_48421,0
NDGRD_48422,0
NDGRD_48423,0
NDGRD_48424,0
NDGRD_48425,0
NDGRD_48426,0
NDGRD_48427,0
NDGRD_48428,0
NDGRD_48429,0
NDGRD_48430,0
NDGRD_48431,0
NDGRD_48432,0
NDGRD_48433,0
NDGRD_48434,0
NDGRD_48435,0
NDGRD_48436,0
NDGRD_48437,0
NDGRD_48438,0
NDGRD_48439,0
NDGRD_48440,0
NDGRD_48441,0
NDGRD_48442,0
NDGRD_48443,0
NDGRD_48444,0
NDGRD_48445,0
NDGRD_48446,0
NDGRD_48447,0
NDGRD_48448,0
NDGRD_48449,0
NDGRD_48450,0
NDGRD_48451,0
NDGRD_48452,0
NDGRD_48453,0
NDGRD_48454,0
NDGRD_48455,0
NDGRD_48456,0
NDGRD_48457,0
NDGRD_48458,0
NDGRD_48459,0
NDGRD_48460,0
NDGRD_48461,0
NDGRD_48462,0
NDGRD_48463,0
NDGRD_48464,0
NDGRD_48465,0
NDGRD_48466,0
NDGRD_48467,0
NDGRD_48468,0
NDGRD_48469,0
NDGRD_48470,0
NDGRD_48471,0
NDGRD_48472,0
NDGRD_48473,0
NDGRD_48474,0
NDGRD_48475,0
NDGRD_48476,0
NDGRD_48477,0
NDGRD_48478,0
NDGRD_48479,0
NDGRD_48480,0
NDGRD_48481,0
NDGRD_48482,0
NDGRD_48483,0
NDGRD_48484,0
NDGRD_48485,0
NDGRD_48486,0
NDGRD_48487,0
NDGRD_48488,0
NDGRD_48489,0
NDGRD_48490,0
NDGRD_48491,0
NDGRD_48492,0
NDGRD_48493,0
NDGRD_48494,0
NDGRD_48495,0
NDGRD_48496,0
NDGRD_48497,0
NDGRD_48498,0
NDGRD_48499,0
NDGRD_48500,0
NDGRD_48501,0
NDGRD_48502,0
NDGRD_48503,0
NDGRD_48504,0
NDGRD_48505,0
NDGRD_48506,0
NDGRD_48507,0
NDGRD_48508,0
NDGRD_48509,0
NDGRD_48510,0
NDGRD_48511,0
NDGRD_48512,0
NDGRD_48513,0
NDGRD_48514,0
NDGRD_48515,0
NDGRD_48516,0
NDGRD_48517,0
NDGRD_48518,0
NDGRD_48519,0
NDGRD_48520,0
NDGRD_48521,0
NDGRD_48522,0
NDGRD_48523,0
NDGRD_48524,0
NDGRD_48525,0
NDGRD_48526,0
NDGRD_48527,0
NDGRD_48528,0
NDGRD_48529,0
NDGRD_48530,0
NDGRD_48531,0
NDGRD_48532,0
NDGRD_48533,0
NDGRD_48534,0
NDGRD_48535,0
NDGRD_48536,0
NDGRD_48537,0
NDGRD_48538,0
NDGRD_48539,0
NDGRD_48540,0
NDGRD_48541,0
NDGRD_48542,0
NDGRD_48543,0
NDGRD_48544,0
NDGRD_48545,0
NDGRD_48546,0
NDGRD_48547,0
NDGRD_48548,0
NDGRD_48549,0
NDGRD_48550,0
NDGRD_48551,0
NDGRD_48552,0
NDGRD_48553,0
NDGRD_48554,0
NDGRD_48555,0
NDGRD_48556,0
NDGRD_48557,0
NDGRD_48558,0
NDGRD_48559,0
NDGRD_48560,0
NDGRD_48561,0
NDGRD_48562,0
NDGRD_48563,0
NDGRD_48564,0
NDGRD_48565,0
NDGRD_48566,0
NDGRD_48567,0
NDGRD_48568,0
NDGRD_48569,0
NDGRD_48570,0
NDGRD_48571,0
NDGRD_48572,0
NDGRD_48573,0
NDGRD_48574,0
NDGRD_48575,0
NDGRD_48576,0
NDGRD_48577,0
NDGRD_48578,0
NDGRD_48579,0
NDGRD_48580,0
NDGRD_48581,0
NDGRD_48582,0
NDGRD_48583,0
NDGRD_48584,0
NDGRD_48585,0
NDGRD_48586,0
NDGRD_48587,0
NDGRD_48588,0
NDGRD_48589,0
NDGRD_48590,0
NDGRD_48591,0
NDGRD_48592,0
NDGRD_48593,0
NDGRD_48594,0
NDGRD_48595,0
NDGRD_48596,0
NDGRD_48597,0
NDGRD_48598,0
NDGRD_48599,0
NDGRD_48600,0
NDGRD_48601,0
NDGRD_48602,0
NDGRD_48603,0
NDGRD_48604,0
NDGRD_48605,0
NDGRD_48606,0
NDGRD_48607,0
NDGRD_48608,0
NDGRD_48609,0
NDGRD_48610,0
NDGRD_48611,0
NDGRD_48612,0
NDGRD_48613,0
NDGRD_48614,0
NDGRD_48615,0
NDGRD_48616,0
NDGRD_48617,0
NDGRD_48618,0
NDGRD_48619,0
NDGRD_48620,0
NDGRD_48621,0
NDGRD_48622,0
NDGRD_48623,0
NDGRD_48624,0
NDGRD_48625,0
NDGRD_48626,0
NDGRD_48627,0
NDGRD_48628,0
NDGRD_48629,0
NDGRD_48630,0
NDGRD_48631,0
NDGRD_48632,0
NDGRD_48633,0
NDGRD_48634,0
NDGRD_48635,0
NDGRD_48636,0
NDGRD_48637,0
NDGRD_48638,0
NDGRD_48639,0
NDGRD_48640,0
NDGRD_48641,0
NDGRD_48642,0
NDGRD_48643,0
NDGRD_48644,0
NDGRD_48645,0
NDGRD_48646,0
NDGRD_48647,0
NDGRD_48648,0
NDGRD_48649,0
NDGRD_48650,0
NDGRD_48651,0
NDGRD_48652,0
NDGRD_48653,0
NDGRD_48654,0
NDGRD_48655,0
NDGRD_48656,0
NDGRD_48657,0
NDGRD_48658,0
NDGRD_48659,0
NDGRD_48660,0
NDGRD_48661,0
NDGRD_48662,0
NDGRD_48663,0
NDGRD_48664,0
NDGRD_48665,0
NDGRD_48666,0
NDGRD_48667,0
NDGRD_48668,0
NDGRD_48669,0
NDGRD_48670,0
NDGRD_48671,0
NDGRD_48672,0
NDGRD_48673,0
NDGRD_48674,0
NDGRD_48675,0
NDGRD_48676,0
NDGRD_48677,0
NDGRD_48678,0
NDGRD_48679,0
NDGRD_48680,0
NDGRD_48681,0
NDGRD_48682,0
NDGRD_48683,0
NDGRD_48684,0
NDGRD_48685,0
NDGRD_48686,0
NDGRD_48687,0
NDGRD_48688,0
NDGRD_48689,0
NDGRD_48690,0
NDGRD_48691,0
NDGRD_48692,0
NDGRD_48693,0
NDGRD_48694,0
NDGRD_48695,0
NDGRD_48696,0
NDGRD_48697,0
NDGRD_48698,0
NDGRD_48699,0
NDGRD_48700,0
NDGRD_48701,0
NDGRD_48702,0
NDGRD_48703,0
NDGRD_48704,0
NDGRD_48705,0
NDGRD_48706,0
NDGRD_48707,0
NDGRD_48708,0
NDGRD_48709,0
NDGRD_48710,0
NDGRD_48711,0
NDGRD_48712,0
NDGRD_48713,0
NDGRD_48714,0
NDGRD_48715,0
NDGRD_48716,0
NDGRD_48717,0
NDGRD_48718,0
NDGRD_48719,0
NDGRD_48720,0
NDGRD_48721,0
NDGRD_48722,0
NDGRD_48723,0
NDGRD_48724,0
NDGRD_48725,0
NDGRD_48726,0
NDGRD_48727,0
NDGRD_48728,0
NDGRD_48729,0
NDGRD_48730,0
NDGRD_48731,0
NDGRD_48732,0
NDGRD_48733,0
NDGRD_48734,0
NDGRD_48735,0
NDGRD_48736,0
NDGRD_48737,0
NDGRD_48738,0
NDGRD_48739,0
NDGRD_48740,0
NDGRD_48741,0
NDGRD_48742,0
NDGRD_48743,0
NDGRD_48744,0
NDGRD_48745,0
NDGRD_48746,0
NDGRD_48747,0
NDGRD_48748,0
NDGRD_48749,0
NDGRD_48750,0
NDGRD_48751,0
NDGRD_48752,0
NDGRD_48753,0
NDGRD_48754,0
NDGRD_48755,0
NDGRD_48756,0
NDGRD_48757,0
NDGRD_48758,0
NDGRD_48759,0
NDGRD_48760,0
NDGRD_48761,0
NDGRD_48762,0
NDGRD_48763,0
NDGRD_48764,0
NDGRD_48765,0
NDGRD_48766,0
NDGRD_48767,0
NDGRD_48768,0
NDGRD_48769,0
NDGRD_48770,0
NDGRD_48771,0
NDGRD_48772,0
NDGRD_48773,0
NDGRD_48774,0
NDGRD_48775,0
NDGRD_48776,0
NDGRD_48777,0
NDGRD_48778,0
NDGRD_48779,0
NDGRD_48780,0
NDGRD_48781,0
NDGRD_48782,0
NDGRD_48783,0
NDGRD_48784,0
NDGRD_48785,0
NDGRD_48786,0
NDGRD_48787,0
NDGRD_48788,0
NDGRD_48789,0
NDGRD_48790,0
NDGRD_48791,0
NDGRD_48792,0
NDGRD_48793,0
NDGRD_48794,0
NDGRD_48795,0
NDGRD_48796,0
NDGRD_48797,0
NDGRD_48798,0
NDGRD_48799,0
NDGRD_48800,0
NDGRD_48801,0
NDGRD_48802,0
NDGRD_48803,0
NDGRD_48804,0
NDGRD_48805,0
NDGRD_48806,0
NDGRD_48807,0
NDGRD_48808,0
NDGRD_48809,0
NDGRD_48810,0
NDGRD_48811,0
NDGRD_48812,0
NDGRD_48813,0
NDGRD_48814,0
NDGRD_48815,0
NDGRD_48816,0
NDGRD_48817,0
NDGRD_48818,0
NDGRD_48819,0
NDGRD_48820,0
NDGRD_48821,0
NDGRD_48822,0
NDGRD_48823,0
NDGRD_48824,0
NDGRD_48825,0
NDGRD_48826,0
NDGRD_48827,0
NDGRD_48828,0
NDGRD_48829,0
NDGRD_48830,0
NDGRD_48831,0
NDGRD_48832,0
NDGRD_48833,0
NDGRD_48834,0
NDGRD_48835,0
NDGRD_48836,0
NDGRD_48837,0
NDGRD_48838,0
NDGRD_48839,0
NDGRD_48840,0
NDGRD_48841,0
NDGRD_48842,0
NDGRD_48843,0
NDGRD_48844,0
NDGRD_48845,0
NDGRD_48846,0
NDGRD_48847,0
NDGRD_48848,0
NDGRD_48849,0
NDGRD_48850,0
NDGRD_48851,0
NDGRD_48852,0
NDGRD_48853,0
NDGRD_48854,0
NDGRD_48855,0
NDGRD_48856,0
NDGRD_48857,0
NDGRD_48858,0
NDGRD_48859,0
NDGRD_48860,0
NDGRD_48861,0
NDGRD_48862,0
NDGRD_48863,0
NDGRD_48864,0
NDGRD_48865,0
NDGRD_48866,0
NDGRD_48867,0
NDGRD_48868,0
NDGRD_48869,0
NDGRD_48870,0
NDGRD_48871,0
NDGRD_48872,0
NDGRD_48873,0
NDGRD_48874,0
NDGRD_48875,0
NDGRD_48876,0
NDGRD_48877,0
NDGRD_48878,0
NDGRD_48879,0
NDGRD_48880,0
NDGRD_48881,0
NDGRD_48882,0
NDGRD_48883,0
NDGRD_48884,0
NDGRD_48885,0
NDGRD_48886,0
NDGRD_48887,0
NDGRD_48888,0
NDGRD_48889,0
NDGRD_48890,0
NDGRD_48891,0
NDGRD_48892,0
NDGRD_48893,0
NDGRD_48894,0
NDGRD_48895,0
NDGRD_48896,0
NDGRD_48897,0
NDGRD_48898,0
NDGRD_48899,0
NDGRD_48900,0
NDGRD_48901,0
NDGRD_48902,0
NDGRD_48903,0
NDGRD_48904,0
NDGRD_48905,0
NDGRD_48906,0
NDGRD_48907,0
NDGRD_48908,0
NDGRD_48909,0
NDGRD_48910,0
NDGRD_48911,0
NDGRD_48912,0
NDGRD_48913,0
NDGRD_48914,0
NDGRD_48915,0
NDGRD_48916,0
NDGRD_48917,0
NDGRD_48918,0
NDGRD_48919,0
NDGRD_48920,0
NDGRD_48921,0
NDGRD_48922,0
NDGRD_48923,0
NDGRD_48924,0
NDGRD_48925,0
NDGRD_48926,0
NDGRD_48927,0
NDGRD_48928,0
NDGRD_48929,0
NDGRD_48930,0
NDGRD_48931,0
NDGRD_48932,0
NDGRD_48933,0
NDGRD_48934,0
NDGRD_48935,0
NDGRD_48936,0
NDGRD_48937,0
NDGRD_48938,0
NDGRD_48939,0
NDGRD_48940,0
NDGRD_48941,0
NDGRD_48942,0
NDGRD_48943,0
NDGRD_48944,0
NDGRD_48945,0
NDGRD_48946,0
NDGRD_48947,0
NDGRD_48948,0
NDGRD_48949,0
NDGRD_48950,0
NDGRD_48951,0
NDGRD_48952,0
NDGRD_48953,0
NDGRD_48954,0
NDGRD_48955,0
NDGRD_48956,0
NDGRD_48957,0
NDGRD_48958,0
NDGRD_48959,0
NDGRD_48960,0
NDGRD_48961,0
NDGRD_48962,0
NDGRD_48963,0
NDGRD_48964,0
NDGRD_48965,0
NDGRD_48966,0
NDGRD_48967,0
NDGRD_48968,0
NDGRD_48969,0
NDGRD_48970,0
NDGRD_48971,0
NDGRD_48972,0
NDGRD_48973,0
NDGRD_48974,0
NDGRD_48975,0
NDGRD_48976,0
NDGRD_48977,0
NDGRD_48978,0
NDGRD_48979,0
NDGRD_48980,0
NDGRD_48981,0
NDGRD_48982,0
NDGRD_48983,0
NDGRD_48984,0
NDGRD_48985,0
NDGRD_48986,0
NDGRD_48987,0
NDGRD_48988,0
NDGRD_48989,0
NDGRD_48990,0
NDGRD_48991,0
NDGRD_48992,0
NDGRD_48993,0
NDGRD_48994,0
NDGRD_48995,0
NDGRD_48996,0
NDGRD_48997,0
NDGRD_48998,0
NDGRD_48999,0
NDGRD_49000,0
NDGRD_49001,0
NDGRD_49002,0
NDGRD_49003,0
NDGRD_49004,0
NDGRD_49005,0
NDGRD_49006,0
NDGRD_49007,0
NDGRD_49008,0
NDGRD_49009,0
NDGRD_49010,0
NDGRD_49011,0
NDGRD_49012,0
NDGRD_49013,0
NDGRD_49014,0
NDGRD_49015,0
NDGRD_49016,0
NDGRD_49017,0
NDGRD_49018,0
NDGRD_49019,0
NDGRD_49020,0
NDGRD_49021,0
NDGRD_49022,0
NDGRD_49023,0
NDGRD_49024,0
NDGRD_49025,0
NDGRD_49026,0
NDGRD_49027,0
NDGRD_49028,0
NDGRD_49029,0
NDGRD_49030,0
NDGRD_49031,0
NDGRD_49032,0
NDGRD_49033,0
NDGRD_49034,0
NDGRD_49035,0
NDGRD_49036,0
NDGRD_49037,0
NDGRD_49038,0
NDGRD_49039,0
NDGRD_49040,0
NDGRD_49041,0
NDGRD_49042,0
NDGRD_49043,0
NDGRD_49044,0
NDGRD_49045,0
NDGRD_49046,0
NDGRD_49047,0
NDGRD_49048,0
NDGRD_49049,0
NDGRD_49050,0
NDGRD_49051,0
NDGRD_49052,0
NDGRD_49053,0
NDGRD_49054,0
NDGRD_49055,0
NDGRD_49056,0
NDGRD_49057,0
NDGRD_49058,0
NDGRD_49059,0
NDGRD_49060,0
NDGRD_49061,0
NDGRD_49062,0
NDGRD_49063,0
NDGRD_49064,0
NDGRD_49065,0
NDGRD_49066,0
NDGRD_49067,0
NDGRD_49068,0
NDGRD_49069,0
NDGRD_49070,0
NDGRD_49071,0
NDGRD_49072,0
NDGRD_49073,0
NDGRD_49074,0
NDGRD_49075,0
NDGRD_49076,0
NDGRD_49077,0
NDGRD_49078,0
NDGRD_49079,0
NDGRD_49080,0
NDGRD_49081,0
NDGRD_49082,0
NDGRD_49083,0
NDGRD_49084,0
NDGRD_49085,0
NDGRD_49086,0
NDGRD_49087,0
NDGRD_49088,0
NDGRD_49089,0
NDGRD_49090,0
NDGRD_49091,0
NDGRD_49092,0
NDGRD_49093,0
NDGRD_49094,0
NDGRD_49095,0
NDGRD_49096,0
NDGRD_49097,0
NDGRD_49098,0
NDGRD_49099,0
NDGRD_49100,0
NDGRD_49101,0
NDGRD_49102,0
NDGRD_49103,0
NDGRD_49104,0
NDGRD_49105,0
NDGRD_49106,0
NDGRD_49107,0
NDGRD_49108,0
NDGRD_49109,0
NDGRD_49110,0
NDGRD_49111,0
NDGRD_49112,0
NDGRD_49113,0
NDGRD_49114,0
NDGRD_49115,0
NDGRD_49116,0
NDGRD_49117,0
NDGRD_49118,0
NDGRD_49119,0
NDGRD_49120,0
NDGRD_49121,0
NDGRD_49122,0
NDGRD_49123,0
NDGRD_49124,0
NDGRD_49125,0
NDGRD_49126,0
NDGRD_49127,0
NDGRD_49128,0
NDGRD_49129,0
NDGRD_49130,0
NDGRD_49131,0
NDGRD_49132,0
NDGRD_49133,0
NDGRD_49134,0
NDGRD_49135,0
NDGRD_49136,0
NDGRD_49137,0
NDGRD_49138,0
NDGRD_49139,0
NDGRD_49140,0
NDGRD_49141,0
NDGRD_49142,0
NDGRD_49143,0
NDGRD_49144,0
NDGRD_49145,0
NDGRD_49146,0
NDGRD_49147,0
NDGRD_49148,0
NDGRD_49149,0
NDGRD_49150,0
NDGRD_49151,0
NDGRD_49152,0
NDGRD_49153,0
NDGRD_49154,0
NDGRD_49155,0
NDGRD_49156,0
NDGRD_49157,0
NDGRD_49158,0
NDGRD_49159,0
NDGRD_49160,0
NDGRD_49161,0
NDGRD_49162,0
NDGRD_49163,0
NDGRD_49164,0
NDGRD_49165,0
NDGRD_49166,0
NDGRD_49167,0
NDGRD_49168,0
NDGRD_49169,0
NDGRD_49170,0
NDGRD_49171,0
NDGRD_49172,0
NDGRD_49173,0
NDGRD_49174,0
NDGRD_49175,0
NDGRD_49176,0
NDGRD_49177,0
NDGRD_49178,0
NDGRD_49179,0
NDGRD_49180,0
NDGRD_49181,0
NDGRD_49182,0
NDGRD_49183,0
NDGRD_49184,0
NDGRD_49185,0
NDGRD_49186,0
NDGRD_49187,0
NDGRD_49188,0
NDGRD_49189,0
NDGRD_49190,0
NDGRD_49191,0
NDGRD_49192,0
NDGRD_49193,0
NDGRD_49194,0
NDGRD_49195,0
NDGRD_49196,0
NDGRD_49197,0
NDGRD_49198,0
NDGRD_49199,0
NDGRD_49200,0
NDGRD_49201,0
NDGRD_49202,0
NDGRD_49203,0
NDGRD_49204,0
NDGRD_49205,0
NDGRD_49206,0
NDGRD_49207,0
NDGRD_49208,0
NDGRD_49209,0
NDGRD_49210,0
NDGRD_49211,0
NDGRD_49212,0
NDGRD_49213,0
NDGRD_49214,0
NDGRD_49215,0
NDGRD_49216,0
NDGRD_49217,0
NDGRD_49218,0
NDGRD_49219,0
NDGRD_49220,0
NDGRD_49221,0
NDGRD_49222,0
NDGRD_49223,0
NDGRD_49224,0
NDGRD_49225,0
NDGRD_49226,0
NDGRD_49227,0
NDGRD_49228,0
NDGRD_49229,0
NDGRD_49230,0
NDGRD_49231,0
NDGRD_49232,0
NDGRD_49233,0
NDGRD_49234,0
NDGRD_49235,0
NDGRD_49236,0
NDGRD_49237,0
NDGRD_49238,0
NDGRD_49239,0
NDGRD_49240,0
NDGRD_49241,0
NDGRD_49242,0
NDGRD_49243,0
NDGRD_49244,0
NDGRD_49245,0
NDGRD_49246,0
NDGRD_49247,0
NDGRD_49248,0
NDGRD_49249,0
NDGRD_49250,0
NDGRD_49251,0
NDGRD_49252,0
NDGRD_49253,0
NDGRD_49254,0
NDGRD_49255,0
NDGRD_49256,0
NDGRD_49257,0
NDGRD_49258,0
NDGRD_49259,0
NDGRD_49260,0
NDGRD_49261,0
NDGRD_49262,0
NDGRD_49263,0
NDGRD_49264,0
NDGRD_49265,0
NDGRD_49266,0
NDGRD_49267,0
NDGRD_49268,0
NDGRD_49269,0
NDGRD_49270,0
NDGRD_49271,0
NDGRD_49272,0
NDGRD_49273,0
NDGRD_49274,0
NDGRD_49275,0
NDGRD_49276,0
NDGRD_49277,0
NDGRD_49278,0
NDGRD_49279,0
NDGRD_49280,0
NDGRD_49281,0
NDGRD_49282,0
NDGRD_49283,0
NDGRD_49284,0
NDGRD_49285,0
NDGRD_49286,0
NDGRD_49287,0
NDGRD_49288,0
NDGRD_49289,0
NDGRD_49290,0
NDGRD_49291,0
NDGRD_49292,0
NDGRD_49293,0
NDGRD_49294,0
NDGRD_49295,0
NDGRD_49296,0
NDGRD_49297,0
NDGRD_49298,0
NDGRD_49299,0
NDGRD_49300,0
NDGRD_49301,0
NDGRD_49302,0
NDGRD_49303,0
NDGRD_49304,0
NDGRD_49305,0
NDGRD_49306,0
NDGRD_49307,0
NDGRD_49308,0
NDGRD_49309,0
NDGRD_49310,0
NDGRD_49311,0
NDGRD_49312,0
NDGRD_49313,0
NDGRD_49314,0
NDGRD_49315,0
NDGRD_49316,0
NDGRD_49317,0
NDGRD_49318,0
NDGRD_49319,0
NDGRD_49320,0
NDGRD_49321,0
NDGRD_49322,0
NDGRD_49323,0
NDGRD_49324,0
NDGRD_49325,0
NDGRD_49326,0
NDGRD_49327,0
NDGRD_49328,0
NDGRD_49329,0
NDGRD_49330,0
NDGRD_49331,0
NDGRD_49332,0
NDGRD_49333,0
NDGRD_49334,0
NDGRD_49335,0
NDGRD_49336,0
NDGRD_49337,0
NDGRD_49338,0
NDGRD_49339,0
NDGRD_49340,0
NDGRD_49341,0
NDGRD_49342,0
NDGRD_49343,0
NDGRD_49344,0
NDGRD_49345,0
NDGRD_49346,0
NDGRD_49347,0
NDGRD_49348,0
NDGRD_49349,0
NDGRD_49350,0
NDGRD_49351,0
NDGRD_49352,0
NDGRD_49353,0
NDGRD_49354,0
NDGRD_49355,0
NDGRD_49356,0
NDGRD_49357,0
NDGRD_49358,0
NDGRD_49359,0
NDGRD_49360,0
NDGRD_49361,0
NDGRD_49362,0
NDGRD_49363,0
NDGRD_49364,0
NDGRD_49365,0
NDGRD_49366,0
NDGRD_49367,0
NDGRD_49368,0
NDGRD_49369,0
NDGRD_49370,0
NDGRD_49371,0
NDGRD_49372,0
NDGRD_49373,0
NDGRD_49374,0
NDGRD_49375,0
NDGRD_49376,0
NDGRD_49377,0
NDGRD_49378,0
NDGRD_49379,0
NDGRD_49380,0
NDGRD_49381,0
NDGRD_49382,0
NDGRD_49383,0
NDGRD_49384,0
NDGRD_49385,0
NDGRD_49386,0
NDGRD_49387,0
NDGRD_49388,0
NDGRD_49389,0
NDGRD_49390,0
NDGRD_49391,0
NDGRD_49392,0
NDGRD_49393,0
NDGRD_49394,0
NDGRD_49395,0
NDGRD_49396,0
NDGRD_49397,0
NDGRD_49398,0
NDGRD_49399,0
NDGRD_49400,0
NDGRD_49401,0
NDGRD_49402,0
NDGRD_49403,0
NDGRD_49404,0
NDGRD_49405,0
NDGRD_49406,0
NDGRD_49407,0
NDGRD_49408,0
NDGRD_49409,0
NDGRD_49410,0
NDGRD_49411,0
NDGRD_49412,0
NDGRD_49413,0
NDGRD_49414,0
NDGRD_49415,0
NDGRD_49416,0
NDGRD_49417,0
NDGRD_49418,0
NDGRD_49419,0
NDGRD_49420,0
NDGRD_49421,0
NDGRD_49422,0
NDGRD_49423,0
NDGRD_49424,0
NDGRD_49425,0
NDGRD_49426,0
NDGRD_49427,0
NDGRD_49428,0
NDGRD_49429,0
NDGRD_49430,0
NDGRD_49431,0
NDGRD_49432,0
NDGRD_49433,0
NDGRD_49434,0
NDGRD_49435,0
NDGRD_49436,0
NDGRD_49437,0
NDGRD_49438,0
NDGRD_49439,0
NDGRD_49440,0
NDGRD_49441,0
NDGRD_49442,0
NDGRD_49443,0
NDGRD_49444,0
NDGRD_49445,0
NDGRD_49446,0
NDGRD_49447,0
NDGRD_49448,0
NDGRD_49449,0
NDGRD_49450,0
NDGRD_49451,0
NDGRD_49452,0
NDGRD_49453,0
NDGRD_49454,0
NDGRD_49455,0
NDGRD_49456,0
NDGRD_49457,0
NDGRD_49458,0
NDGRD_49459,0
NDGRD_49460,0
NDGRD_49461,0
NDGRD_49462,0
NDGRD_49463,0
NDGRD_49464,0
NDGRD_49465,0
NDGRD_49466,0
NDGRD_49467,0
NDGRD_49468,0
NDGRD_49469,0
NDGRD_49470,0
NDGRD_49471,0
NDGRD_49472,0
NDGRD_49473,0
NDGRD_49474,0
NDGRD_49475,0
NDGRD_49476,0
NDGRD_49477,0
NDGRD_49478,0
NDGRD_49479,0
NDGRD_49480,0
NDGRD_49481,0
NDGRD_49482,0
NDGRD_49483,0
NDGRD_49484,0
NDGRD_49485,0
NDGRD_49486,0
NDGRD_49487,0
NDGRD_49488,0
NDGRD_49489,0
NDGRD_49490,0
NDGRD_49491,0
NDGRD_49492,0
NDGRD_49493,0
NDGRD_49494,0
NDGRD_49495,0
NDGRD_49496,0
NDGRD_49497,0
NDGRD_49498,0
NDGRD_49499,0
NDGRD_49500,0
NDGRD_49501,0
NDGRD_49502,0
NDGRD_49503,0
NDGRD_49504,0
NDGRD_49505,0
NDGRD_49506,0
NDGRD_49507,0
NDGRD_49508,0
NDGRD_49509,0
NDGRD_49510,0
NDGRD_49511,0
NDGRD_49512,0
NDGRD_49513,0
NDGRD_49514,0
NDGRD_49515,0
NDGRD_49516,0
NDGRD_49517,0
NDGRD_49518,0
NDGRD_49519,0
NDGRD_49520,0
NDGRD_49521,0
NDGRD_49522,0
NDGRD_49523,0
NDGRD_49524,0
NDGRD_49525,0
NDGRD_49526,0
NDGRD_49527,0
NDGRD_49528,0
NDGRD_49529,0
NDGRD_49530,0
NDGRD_49531,0
NDGRD_49532,0
NDGRD_49533,0
NDGRD_49534,0
NDGRD_49535,0
NDGRD_49536,0
NDGRD_49537,0
NDGRD_49538,0
NDGRD_49539,0
NDGRD_49540,0
NDGRD_49541,0
NDGRD_49542,0
NDGRD_49543,0
NDGRD_49544,0
NDGRD_49545,0
NDGRD_49546,0
NDGRD_49547,0
NDGRD_49548,0
NDGRD_49549,0
NDGRD_49550,0
NDGRD_49551,0
NDGRD_49552,0
NDGRD_49553,0
NDGRD_49554,0
NDGRD_49555,0
NDGRD_49556,0
NDGRD_49557,0
NDGRD_49558,0
NDGRD_49559,0
NDGRD_49560,0
NDGRD_49561,0
NDGRD_49562,0
NDGRD_49563,0
NDGRD_49564,0
NDGRD_49565,0
NDGRD_49566,0
NDGRD_49567,0
NDGRD_49568,0
NDGRD_49569,0
NDGRD_49570,0
NDGRD_49571,0
NDGRD_49572,0
NDGRD_49573,0
NDGRD_49574,0
NDGRD_49575,0
NDGRD_49576,0
NDGRD_49577,0
NDGRD_49578,0
NDGRD_49579,0
NDGRD_49580,0
NDGRD_49581,0
NDGRD_49582,0
NDGRD_49583,0
NDGRD_49584,0
NDGRD_49585,0
NDGRD_49586,0
NDGRD_49587,0
NDGRD_49588,0
NDGRD_49589,0
NDGRD_49590,0
NDGRD_49591,0
NDGRD_49592,0
NDGRD_49593,0
NDGRD_49594,0
NDGRD_49595,0
NDGRD_49596,0
NDGRD_49597,0
NDGRD_49598,0
NDGRD_49599,0
NDGRD_49600,0
NDGRD_49601,0
NDGRD_49602,0
NDGRD_49603,0
NDGRD_49604,0
NDGRD_49605,0
NDGRD_49606,0
NDGRD_49607,0
NDGRD_49608,0
NDGRD_49609,0
NDGRD_49610,0
NDGRD_49611,0
NDGRD_49612,0
NDGRD_49613,0
NDGRD_49614,0
NDGRD_49615,0
NDGRD_49616,0
NDGRD_49617,0
NDGRD_49618,0
NDGRD_49619,0
NDGRD_49620,0
NDGRD_49621,0
NDGRD_49622,0
NDGRD_49623,0
NDGRD_49624,0
NDGRD_49625,0
NDGRD_49626,0
NDGRD_49627,0
NDGRD_49628,0
NDGRD_49629,0
NDGRD_49630,0
NDGRD_49631,0
NDGRD_49632,0
NDGRD_49633,0
NDGRD_49634,0
NDGRD_49635,0
NDGRD_49636,0
NDGRD_49637,0
NDGRD_49638,0
NDGRD_49639,0
NDGRD_49640,0
NDGRD_49641,0
NDGRD_49642,0
NDGRD_49643,0
NDGRD_49644,0
NDGRD_49645,0
NDGRD_49646,0
NDGRD_49647,0
NDGRD_49648,0
NDGRD_49649,0
NDGRD_49650,0
NDGRD_49651,0
NDGRD_49652,0
NDGRD_49653,0
NDGRD_49654,0
NDGRD_49655,0
NDGRD_49656,0
NDGRD_49657,0
NDGRD_49658,0
NDGRD_49659,0
NDGRD_49660,0
NDGRD_49661,0
NDGRD_49662,0
NDGRD_49663,0
NDGRD_49664,0
NDGRD_49665,0
NDGRD_49666,0
NDGRD_49667,0
NDGRD_49668,0
NDGRD_49669,0
NDGRD_49670,0
NDGRD_49671,0
NDGRD_49672,0
NDGRD_49673,0
NDGRD_49674,0
NDGRD_49675,0
NDGRD_49676,0
NDGRD_49677,0
NDGRD_49678,0
NDGRD_49679,0
NDGRD_49680,0
NDGRD_49681,0
NDGRD_49682,0
NDGRD_49683,0
NDGRD_49684,0
NDGRD_49685,0
NDGRD_49686,0
NDGRD_49687,0
NDGRD_49688,0
NDGRD_49689,0
NDGRD_49690,0
NDGRD_49691,0
NDGRD_49692,0
NDGRD_49693,0
NDGRD_49694,0
NDGRD_49695,0
NDGRD_49696,0
NDGRD_49697,0
NDGRD_49698,0
NDGRD_49699,0
NDGRD_49700,0
NDGRD_49701,0
NDGRD_49702,0
NDGRD_49703,0
NDGRD_49704,0
NDGRD_49705,0
NDGRD_49706,0
NDGRD_49707,0
NDGRD_49708,0
NDGRD_49709,0
NDGRD_49710,0
NDGRD_49711,0
NDGRD_49712,0
NDGRD_49713,0
NDGRD_49714,0
NDGRD_49715,0
NDGRD_49716,0
NDGRD_49717,0
NDGRD_49718,0
NDGRD_49719,0
NDGRD_49720,0
NDGRD_49721,0
NDGRD_49722,0
NDGRD_49723,0
NDGRD_49724,0
NDGRD_49725,0
NDGRD_49726,0
NDGRD_49727,0
NDGRD_49728,0
NDGRD_49729,0
NDGRD_49730,0
NDGRD_49731,0
NDGRD_49732,0
NDGRD_49733,0
NDGRD_49734,0
NDGRD_49735,0
NDGRD_49736,0
NDGRD_49737,0
NDGRD_49738,0
NDGRD_49739,0
NDGRD_49740,0
NDGRD_49741,0
NDGRD_49742,0
NDGRD_49743,0
NDGRD_49744,0
NDGRD_49745,0
NDGRD_49746,0
NDGRD_49747,0
NDGRD_49748,0
NDGRD_49749,0
NDGRD_49750,0
NDGRD_49751,0
NDGRD_49752,0
NDGRD_49753,0
NDGRD_49754,0
NDGRD_49755,0
NDGRD_49756,0
NDGRD_49757,0
NDGRD_49758,0
NDGRD_49759,0
NDGRD_49760,0
NDGRD_49761,0
NDGRD_49762,0
NDGRD_49763,0
NDGRD_49764,0
NDGRD_49765,0
NDGRD_49766,0
NDGRD_49767,0
NDGRD_49768,0
NDGRD_49769,0
NDGRD_49770,0
NDGRD_49771,0
NDGRD_49772,0
NDGRD_49773,0
NDGRD_49774,0
NDGRD_49775,0
NDGRD_49776,0
NDGRD_49777,0
NDGRD_49778,0
NDGRD_49779,0
NDGRD_49780,0
NDGRD_49781,0
NDGRD_49782,0
NDGRD_49783,0
NDGRD_49784,0
NDGRD_49785,0
NDGRD_49786,0
NDGRD_49787,0
NDGRD_49788,0
NDGRD_49789,0
NDGRD_49790,0
NDGRD_49791,0
NDGRD_49792,0
NDGRD_49793,0
NDGRD_49794,0
NDGRD_49795,0
NDGRD_49796,0
NDGRD_49797,0
NDGRD_49798,0
NDGRD_49799,0
NDGRD_49800,0
NDGRD_49801,0
NDGRD_49802,0
NDGRD_49803,0
NDGRD_49804,0
NDGRD_49805,0
NDGRD_49806,0
NDGRD_49807,0
NDGRD_49808,0
NDGRD_49809,0
NDGRD_49810,0
NDGRD_49811,0
NDGRD_49812,0
NDGRD_49813,0
NDGRD_49814,0
NDGRD_49815,0
NDGRD_49816,0
NDGRD_49817,0
NDGRD_49818,0
NDGRD_49819,0
NDGRD_49820,0
NDGRD_49821,0
NDGRD_49822,0
NDGRD_49823,0
NDGRD_49824,0
NDGRD_49825,0
NDGRD_49826,0
NDGRD_49827,0
NDGRD_49828,0
NDGRD_49829,0
NDGRD_49830,0
NDGRD_49831,0
NDGRD_49832,0
NDGRD_49833,0
NDGRD_49834,0
NDGRD_49835,0
NDGRD_49836,0
NDGRD_49837,0
NDGRD_49838,0
NDGRD_49839,0
NDGRD_49840,0
NDGRD_49841,0
NDGRD_49842,0
NDGRD_49843,0
NDGRD_49844,0
NDGRD_49845,0
NDGRD_49846,0
NDGRD_49847,0
NDGRD_49848,0
NDGRD_49849,0
NDGRD_49850,0
NDGRD_49851,0
NDGRD_49852,0
NDGRD_49853,0
NDGRD_49854,0
NDGRD_49855,0
NDGRD_49856,0
NDGRD_49857,0
NDGRD_49858,0
NDGRD_49859,0
NDGRD_49860,0
NDGRD_49861,0
NDGRD_49862,0
NDGRD_49863,0
NDGRD_49864,0
NDGRD_49865,0
NDGRD_49866,0
NDGRD_49867,0
NDGRD_49868,0
NDGRD_49869,0
NDGRD_49870,0
NDGRD_49871,0
NDGRD_49872,0
NDGRD_49873,0
NDGRD_49874,0
NDGRD_49875,0
NDGRD_49876,0
NDGRD_49877,0
NDGRD_49878,0
NDGRD_49879,0
NDGRD_49880,0
NDGRD_49881,0
NDGRD_49882,0
NDGRD_49883,0
NDGRD_49884,0
NDGRD_49885,0
NDGRD_49886,0
NDGRD_49887,0
NDGRD_49888,0
NDGRD_49889,0
NDGRD_49890,0
NDGRD_49891,0
NDGRD_49892,0
NDGRD_49893,0
NDGRD_49894,0
NDGRD_49895,0
NDGRD_49896,0
NDGRD_49897,0
NDGRD_49898,0
NDGRD_49899,0
NDGRD_49900,0
NDGRD_49901,0
NDGRD_49902,0
NDGRD_49903,0
NDGRD_49904,0
NDGRD_49905,0
NDGRD_49906,0
NDGRD_49907,0
NDGRD_49908,0
NDGRD_49909,0
NDGRD_49910,0
NDGRD_49911,0
NDGRD_49912,0
NDGRD_49913,0
NDGRD_49914,0
NDGRD_49915,0
NDGRD_49916,0
NDGRD_49917,0
NDGRD_49918,0
NDGRD_49919,0
NDGRD_49920,0
NDGRD_49921,0
NDGRD_49922,0
NDGRD_49923,0
NDGRD_49924,0
NDGRD_49925,0
NDGRD_49926,0
NDGRD_49927,0
NDGRD_49928,0
NDGRD_49929,0
NDGRD_49930,0
NDGRD_49931,0
NDGRD_49932,0
NDGRD_49933,0
NDGRD_49934,0
NDGRD_49935,0
NDGRD_49936,0
NDGRD_49937,0
NDGRD_49938,0
NDGRD_49939,0
NDGRD_49940,0
NDGRD_49941,0
NDGRD_49942,0
NDGRD_49943,0
NDGRD_49944,0
NDGRD_49945,0
NDGRD_49946,0
NDGRD_49947,0
NDGRD_49948,0
NDGRD_49949,0
NDGRD_49950,0
NDGRD_49951,0
NDGRD_49952,0
NDGRD_49953,0
NDGRD_49954,0
NDGRD_49955,0
NDGRD_49956,0
NDGRD_49957,0
NDGRD_49958,0
NDGRD_49959,0
NDGRD_49960,0
NDGRD_49961,0
NDGRD_49962,0
NDGRD_49963,0
NDGRD_49964,0
NDGRD_49965,0
NDGRD_49966,0
NDGRD_49967,0
NDGRD_49968,0
NDGRD_49969,0
NDGRD_49970,0
NDGRD_49971,0
NDGRD_49972,0
NDGRD_49973,0
NDGRD_49974,0
NDGRD_49975,0
NDGRD_49976,0
NDGRD_49977,0
NDGRD_49978,0
NDGRD_49979,0
NDGRD_49980,0
NDGRD_49981,0
NDGRD_49982,0
NDGRD_49983,0
NDGRD_49984,0
NDGRD_49985,0
NDGRD_49986,0
NDGRD_49987,0
NDGRD_49988,0
NDGRD_49989,0
NDGRD_49990,0
NDGRD_49991,0
NDGRD_49992,0
NDGRD_49993,0
NDGRD_49994,0
NDGRD_49995,0
NDGRD_49996,0
NDGRD_49997,0
NDGRD_49998,0
NDGRD_49999,0
NDGRD_50000,0
NDGRD_50001,0
NDGRD_50002,0
NDGRD_50003,0
NDGRD_50004,0
NDGRD_50005,0
NDGRD_50006,0
NDGRD_50007,0
NDGRD_50008,0
NDGRD_50009,0
NDGRD_50010,0
NDGRD_50011,0
NDGRD_50012,0
NDGRD_50013,0
NDGRD_50014,0
NDGRD_50015,0
NDGRD_50016,0
NDGRD_50017,0
NDGRD_50018,0
NDGRD_50019,0
NDGRD_50020,0
NDGRD_50021,0
NDGRD_50022,0
NDGRD_50023,0
NDGRD_50024,0
NDGRD_50025,0
NDGRD_50026,0
NDGRD_50027,0
NDGRD_50028,0
NDGRD_50029,0
NDGRD_50030,0
NDGRD_50031,0
NDGRD_50032,0
NDGRD_50033,0
NDGRD_50034,0
NDGRD_50035,0
NDGRD_50036,0
NDGRD_50037,0
NDGRD_50038,0
NDGRD_50039,0
NDGRD_50040,0
NDGRD_50041,0
NDGRD_50042,0
NDGRD_50043,0
NDGRD_50044,0
NDGRD_50045,0
NDGRD_50046,0
NDGRD_50047,0
NDGRD_50048,0
NDGRD_50049,0
NDGRD_50050,0
NDGRD_50051,0
NDGRD_50052,0
NDGRD_50053,0
NDGRD_50054,0
NDGRD_50055,0
NDGRD_50056,0
NDGRD_50057,0
NDGRD_50058,0
NDGRD_50059,0
NDGRD_50060,0
NDGRD_50061,0
NDGRD_50062,0
NDGRD_50063,0
NDGRD_50064,0
NDGRD_50065,0
NDGRD_50066,0
NDGRD_50067,0
NDGRD_50068,0
NDGRD_50069,0
NDGRD_50070,0
NDGRD_50071,0
NDGRD_50072,0
NDGRD_50073,0
NDGRD_50074,0
NDGRD_50075,0
NDGRD_50076,0
NDGRD_50077,0
NDGRD_50078,0
NDGRD_50079,0
NDGRD_50080,0
NDGRD_50081,0
NDGRD_50082,0
NDGRD_50083,0
NDGRD_50084,0
NDGRD_50085,0
NDGRD_50086,0
NDGRD_50087,0
NDGRD_50088,0
NDGRD_50089,0
NDGRD_50090,0
NDGRD_50091,0
NDGRD_50092,0
NDGRD_50093,0
NDGRD_50094,0
NDGRD_50095,0
NDGRD_50096,0
NDGRD_50097,0
NDGRD_50098,0
NDGRD_50099,0
NDGRD_50100,0
NDGRD_50101,0
NDGRD_50102,0
NDGRD_50103,0
NDGRD_50104,0
NDGRD_50105,0
NDGRD_50106,0
NDGRD_50107,0
NDGRD_50108,0
NDGRD_50109,0
NDGRD_50110,0
NDGRD_50111,0
NDGRD_50112,0
NDGRD_50113,0
NDGRD_50114,0
NDGRD_50115,0
NDGRD_50116,0
NDGRD_50117,0
NDGRD_50118,0
NDGRD_50119,0
NDGRD_50120,0
NDGRD_50121,0
NDGRD_50122,0
NDGRD_50123,0
NDGRD_50124,0
NDGRD_50125,0
NDGRD_50126,0
NDGRD_50127,0
NDGRD_50128,0
NDGRD_50129,0
NDGRD_50130,0
NDGRD_50131,0
NDGRD_50132,0
NDGRD_50133,0
NDGRD_50134,0
NDGRD_50135,0
NDGRD_50136,0
NDGRD_50137,0
NDGRD_50138,0
NDGRD_50139,0
NDGRD_50140,0
NDGRD_50141,0
NDGRD_50142,0
NDGRD_50143,0
NDGRD_50144,0
NDGRD_50145,0
NDGRD_50146,0
NDGRD_50147,0
NDGRD_50148,0
NDGRD_50149,0
NDGRD_50150,0
NDGRD_50151,0
NDGRD_50152,0
NDGRD_50153,0
NDGRD_50154,0
NDGRD_50155,0
NDGRD_50156,0
NDGRD_50157,0
NDGRD_50158,0
NDGRD_50159,0
NDGRD_50160,0
NDGRD_50161,0
NDGRD_50162,0
NDGRD_50163,0
NDGRD_50164,0
NDGRD_50165,0
NDGRD_50166,0
NDGRD_50167,0
NDGRD_50168,0
NDGRD_50169,0
NDGRD_50170,0
NDGRD_50171,0
NDGRD_50172,0
NDGRD_50173,0
NDGRD_50174,0
NDGRD_50175,0
NDGRD_50176,0
NDGRD_50177,0
NDGRD_50178,0
NDGRD_50179,0
NDGRD_50180,0
NDGRD_50181,0
NDGRD_50182,0
NDGRD_50183,0
NDGRD_50184,0
NDGRD_50185,0
NDGRD_50186,0
NDGRD_50187,0
NDGRD_50188,0
NDGRD_50189,0
NDGRD_50190,0
NDGRD_50191,0
NDGRD_50192,0
NDGRD_50193,0
NDGRD_50194,0
NDGRD_50195,0
NDGRD_50196,0
NDGRD_50197,0
NDGRD_50198,0
NDGRD_50199,0
NDGRD_50200,0
NDGRD_50201,0
NDGRD_50202,0
NDGRD_50203,0
NDGRD_50204,0
NDGRD_50205,0
NDGRD_50206,0
NDGRD_50207,0
NDGRD_50208,0
NDGRD_50209,0
NDGRD_50210,0
NDGRD_50211,0
NDGRD_50212,0
NDGRD_50213,0
NDGRD_50214,0
NDGRD_50215,0
NDGRD_50216,0
NDGRD_50217,0
NDGRD_50218,0
NDGRD_50219,0
NDGRD_50220,0
NDGRD_50221,0
NDGRD_50222,0
NDGRD_50223,0
NDGRD_50224,0
NDGRD_50225,0
NDGRD_50226,0
NDGRD_50227,0
NDGRD_50228,0
NDGRD_50229,0
NDGRD_50230,0
NDGRD_50231,0
NDGRD_50232,0
NDGRD_50233,0
NDGRD_50234,0
NDGRD_50235,0
NDGRD_50236,0
NDGRD_50237,0
NDGRD_50238,0
NDGRD_50239,0
NDGRD_50240,0
NDGRD_50241,0
NDGRD_50242,0
NDGRD_50243,0
NDGRD_50244,0
NDGRD_50245,0
NDGRD_50246,0
NDGRD_50247,0
NDGRD_50248,0
NDGRD_50249,0
NDGRD_50250,0
NDGRD_50251,0
NDGRD_50252,0
NDGRD_50253,0
NDGRD_50254,0
NDGRD_50255,0
NDGRD_50256,0
NDGRD_50257,0
NDGRD_50258,0
NDGRD_50259,0
NDGRD_50260,0
NDGRD_50261,0
NDGRD_50262,0
NDGRD_50263,0
NDGRD_50264,0
NDGRD_50265,0
NDGRD_50266,0
NDGRD_50267,0
NDGRD_50268,0
NDGRD_50269,0
NDGRD_50270,0
NDGRD_50271,0
NDGRD_50272,0
NDGRD_50273,0
NDGRD_50274,0
NDGRD_50275,0
NDGRD_50276,0
NDGRD_50277,0
NDGRD_50278,0
NDGRD_50279,0
NDGRD_50280,0
NDGRD_50281,0
NDGRD_50282,0
NDGRD_50283,0
NDGRD_50284,0
NDGRD_50285,0
NDGRD_50286,0
NDGRD_50287,0
NDGRD_50288,0
NDGRD_50289,0
NDGRD_50290,0
NDGRD_50291,0
NDGRD_50292,0
NDGRD_50293,0
NDGRD_50294,0
NDGRD_50295,0
NDGRD_50296,0
NDGRD_50297,0
NDGRD_50298,0
NDGRD_50299,0
NDGRD_50300,0
NDGRD_50301,0
NDGRD_50302,0
NDGRD_50303,0
NDGRD_50304,0
NDGRD_50305,0
NDGRD_50306,0
NDGRD_50307,0
NDGRD_50308,0
NDGRD_50309,0
NDGRD_50310,0
NDGRD_50311,0
NDGRD_50312,0
NDGRD_50313,0
NDGRD_50314,0
NDGRD_50315,0
NDGRD_50316,0
NDGRD_50317,0
NDGRD_50318,0
NDGRD_50319,0
NDGRD_50320,0
NDGRD_50321,0
NDGRD_50322,0
NDGRD_50323,0
NDGRD_50324,0
NDGRD_50325,0
NDGRD_50326,0
NDGRD_50327,0
NDGRD_50328,0
NDGRD_50329,0
NDGRD_50330,0
NDGRD_50331,0
NDGRD_50332,0
NDGRD_50333,0
NDGRD_50334,0
NDGRD_50335,0
NDGRD_50336,0
NDGRD_50337,0
NDGRD_50338,0
NDGRD_50339,0
NDGRD_50340,0
NDGRD_50341,0
NDGRD_50342,0
NDGRD_50343,0
NDGRD_50344,0
NDGRD_50345,0
NDGRD_50346,0
NDGRD_50347,0
NDGRD_50348,0
NDGRD_50349,0
NDGRD_50350,0
NDGRD_50351,0
NDGRD_50352,0
NDGRD_50353,0
NDGRD_50354,0
NDGRD_50355,0
NDGRD_50356,0
NDGRD_50357,0
NDGRD_50358,0
NDGRD_50359,0
NDGRD_50360,0
NDGRD_50361,0
NDGRD_50362,0
NDGRD_50363,0
NDGRD_50364,0
NDGRD_50365,0
NDGRD_50366,0
NDGRD_50367,0
NDGRD_50368,0
NDGRD_50369,0
NDGRD_50370,0
NDGRD_50371,0
NDGRD_50372,0
NDGRD_50373,0
NDGRD_50374,0
NDGRD_50375,0
NDGRD_50376,0
NDGRD_50377,0
NDGRD_50378,0
NDGRD_50379,0
NDGRD_50380,0
NDGRD_50381,0
NDGRD_50382,0
NDGRD_50383,0
NDGRD_50384,0
NDGRD_50385,0
NDGRD_50386,0
NDGRD_50387,0
NDGRD_50388,0
NDGRD_50389,0
NDGRD_50390,0
NDGRD_50391,0
NDGRD_50392,0
NDGRD_50393,0
NDGRD_50394,0
NDGRD_50395,0
NDGRD_50396,0
NDGRD_50397,0
NDGRD_50398,0
NDGRD_50399,0
NDGRD_50400,0
NDGRD_50401,0
NDGRD_50402,0
NDGRD_50403,0
NDGRD_50404,0
NDGRD_50405,0
NDGRD_50406,0
NDGRD_50407,0
NDGRD_50408,0
NDGRD_50409,0
NDGRD_50410,0
NDGRD_50411,0
NDGRD_50412,0
NDGRD_50413,0
NDGRD_50414,0
NDGRD_50415,0
NDGRD_50416,0
NDGRD_50417,0
NDGRD_50418,0
NDGRD_50419,0
NDGRD_50420,0
NDGRD_50421,0
NDGRD_50422,0
NDGRD_50423,0
NDGRD_50424,0
NDGRD_50425,0
NDGRD_50426,0
NDGRD_50427,0
NDGRD_50428,0
NDGRD_50429,0
NDGRD_50430,0
NDGRD_50431,0
NDGRD_50432,0
NDGRD_50433,0
NDGRD_50434,0
NDGRD_50435,0
NDGRD_50436,0
NDGRD_50437,0
NDGRD_50438,0
NDGRD_50439,0
NDGRD_50440,0
NDGRD_50441,0
NDGRD_50442,0
NDGRD_50443,0
NDGRD_50444,0
NDGRD_50445,0
NDGRD_50446,0
NDGRD_50447,0
NDGRD_50448,0
NDGRD_50449,0
NDGRD_50450,0
NDGRD_50451,0
NDGRD_50452,0
NDGRD_50453,0
NDGRD_50454,0
NDGRD_50455,0
NDGRD_50456,0
NDGRD_50457,0
NDGRD_50458,0
NDGRD_50459,0
NDGRD_50460,0
NDGRD_50461,0
NDGRD_50462,0
NDGRD_50463,0
NDGRD_50464,0
NDGRD_50465,0
NDGRD_50466,0
NDGRD_50467,0
NDGRD_50468,0
NDGRD_50469,0
NDGRD_50470,0
NDGRD_50471,0
NDGRD_50472,0
NDGRD_50473,0
NDGRD_50474,0
NDGRD_50475,0
NDGRD_50476,0
NDGRD_50477,0
NDGRD_50478,0
NDGRD_50479,0
NDGRD_50480,0
NDGRD_50481,0
NDGRD_50482,0
NDGRD_50483,0
NDGRD_50484,0
NDGRD_50485,0
NDGRD_50486,0
NDGRD_50487,0
NDGRD_50488,0
NDGRD_50489,0
NDGRD_50490,0
NDGRD_50491,0
NDGRD_50492,0
NDGRD_50493,0
NDGRD_50494,0
NDGRD_50495,0
NDGRD_50496,0
NDGRD_50497,0
NDGRD_50498,0
NDGRD_50499,0
NDGRD_50500,0
NDGRD_50501,0
NDGRD_50502,0
NDGRD_50503,0
NDGRD_50504,0
NDGRD_50505,0
NDGRD_50506,0
NDGRD_50507,0
NDGRD_50508,0
NDGRD_50509,0
NDGRD_50510,0
NDGRD_50511,0
NDGRD_50512,0
NDGRD_50513,0
NDGRD_50514,0
NDGRD_50515,0
NDGRD_50516,0
NDGRD_50517,0
NDGRD_50518,0
NDGRD_50519,0
NDGRD_50520,0
NDGRD_50521,0
NDGRD_50522,0
NDGRD_50523,0
NDGRD_50524,0
NDGRD_50525,0
NDGRD_50526,0
NDGRD_50527,0
NDGRD_50528,0
NDGRD_50529,0
NDGRD_50530,0
NDGRD_50531,0
NDGRD_50532,0
NDGRD_50533,0
NDGRD_50534,0
NDGRD_50535,0
NDGRD_50536,0
NDGRD_50537,0
NDGRD_50538,0
NDGRD_50539,0
NDGRD_50540,0
NDGRD_50541,0
NDGRD_50542,0
NDGRD_50543,0
NDGRD_50544,0
NDGRD_50545,0
NDGRD_50546,0
NDGRD_50547,0
NDGRD_50548,0
NDGRD_50549,0
NDGRD_50550,0
NDGRD_50551,0
NDGRD_50552,0
NDGRD_50553,0
NDGRD_50554,0
NDGRD_50555,0
NDGRD_50556,0
NDGRD_50557,0
NDGRD_50558,0
NDGRD_50559,0
NDGRD_50560,0
NDGRD_50561,0
NDGRD_50562,0
NDGRD_50563,0
NDGRD_50564,0
NDGRD_50565,0
NDGRD_50566,0
NDGRD_50567,0
NDGRD_50568,0
NDGRD_50569,0
NDGRD_50570,0
NDGRD_50571,0
NDGRD_50572,0
NDGRD_50573,0
NDGRD_50574,0
NDGRD_50575,0
NDGRD_50576,0
NDGRD_50577,0
NDGRD_50578,0
NDGRD_50579,0
NDGRD_50580,0
NDGRD_50581,0
NDGRD_50582,0
NDGRD_50583,0
NDGRD_50584,0
NDGRD_50585,0
NDGRD_50586,0
NDGRD_50587,0
NDGRD_50588,0
NDGRD_50589,0
NDGRD_50590,0
NDGRD_50591,0
NDGRD_50592,0
NDGRD_50593,0
NDGRD_50594,0
NDGRD_50595,0
NDGRD_50596,0
NDGRD_50597,0
NDGRD_50598,0
NDGRD_50599,0
NDGRD_50600,0
NDGRD_50601,0
NDGRD_50602,0
NDGRD_50603,0
NDGRD_50604,0
NDGRD_50605,0
NDGRD_50606,0
NDGRD_50607,0
NDGRD_50608,0
NDGRD_50609,0
NDGRD_50610,0
NDGRD_50611,0
NDGRD_50612,0
NDGRD_50613,0
NDGRD_50614,0
NDGRD_50615,0
NDGRD_50616,0
NDGRD_50617,0
NDGRD_50618,0
NDGRD_50619,0
NDGRD_50620,0
NDGRD_50621,0
NDGRD_50622,0
NDGRD_50623,0
NDGRD_50624,0
NDGRD_50625,0
NDGRD_50626,0
NDGRD_50627,0
NDGRD_50628,0
NDGRD_50629,0
NDGRD_50630,0
NDGRD_50631,0
NDGRD_50632,0
NDGRD_50633,0
NDGRD_50634,0
NDGRD_50635,0
NDGRD_50636,0
NDGRD_50637,0
NDGRD_50638,0
NDGRD_50639,0
NDGRD_50640,0
NDGRD_50641,0
NDGRD_50642,0
NDGRD_50643,0
NDGRD_50644,0
NDGRD_50645,0
NDGRD_50646,0
NDGRD_50647,0
NDGRD_50648,0
NDGRD_50649,0
NDGRD_50650,0
NDGRD_50651,0
NDGRD_50652,0
NDGRD_50653,0
NDGRD_50654,0
NDGRD_50655,0
NDGRD_50656,0
NDGRD_50657,0
NDGRD_50658,0
NDGRD_50659,0
NDGRD_50660,0
NDGRD_50661,0
NDGRD_50662,0
NDGRD_50663,0
NDGRD_50664,0
NDGRD_50665,0
NDGRD_50666,0
NDGRD_50667,0
NDGRD_50668,0
NDGRD_50669,0
NDGRD_50670,0
NDGRD_50671,0
NDGRD_50672,0
NDGRD_50673,0
NDGRD_50674,0
NDGRD_50675,0
NDGRD_50676,0
NDGRD_50677,0
NDGRD_50678,0
NDGRD_50679,0
NDGRD_50680,0
NDGRD_50681,0
NDGRD_50682,0
NDGRD_50683,0
NDGRD_50684,0
NDGRD_50685,0
NDGRD_50686,0
NDGRD_50687,0
NDGRD_50688,0
NDGRD_50689,0
NDGRD_50690,0
NDGRD_50691,0
NDGRD_50692,0
NDGRD_50693,0
NDGRD_50694,0
NDGRD_50695,0
NDGRD_50696,0
NDGRD_50697,0
NDGRD_50698,0
NDGRD_50699,0
NDGRD_50700,0
NDGRD_50701,0
NDGRD_50702,0
NDGRD_50703,0
NDGRD_50704,0
NDGRD_50705,0
NDGRD_50706,0
NDGRD_50707,0
NDGRD_50708,0
NDGRD_50709,0
NDGRD_50710,0
NDGRD_50711,0
NDGRD_50712,0
NDGRD_50713,0
NDGRD_50714,0
NDGRD_50715,0
NDGRD_50716,0
NDGRD_50717,0
NDGRD_50718,0
NDGRD_50719,0
NDGRD_50720,0
NDGRD_50721,0
NDGRD_50722,0
NDGRD_50723,0
NDGRD_50724,0
NDGRD_50725,0
NDGRD_50726,0
NDGRD_50727,0
NDGRD_50728,0
NDGRD_50729,0
NDGRD_50730,0
NDGRD_50731,0
NDGRD_50732,0
NDGRD_50733,0
NDGRD_50734,0
NDGRD_50735,0
NDGRD_50736,0
NDGRD_50737,0
NDGRD_50738,0
NDGRD_50739,0
NDGRD_50740,0
NDGRD_50741,0
NDGRD_50742,0
NDGRD_50743,0
NDGRD_50744,0
NDGRD_50745,0
NDGRD_50746,0
NDGRD_50747,0
NDGRD_50748,0
NDGRD_50749,0
NDGRD_50750,0
NDGRD_50751,0
NDGRD_50752,0
NDGRD_50753,0
NDGRD_50754,0
NDGRD_50755,0
NDGRD_50756,0
NDGRD_50757,0
NDGRD_50758,0
NDGRD_50759,0
NDGRD_50760,0
NDGRD_50761,0
NDGRD_50762,0
NDGRD_50763,0
NDGRD_50764,0
NDGRD_50765,0
NDGRD_50766,0
NDGRD_50767,0
NDGRD_50768,0
NDGRD_50769,0
NDGRD_50770,0
NDGRD_50771,0
NDGRD_50772,0
NDGRD_50773,0
NDGRD_50774,0
NDGRD_50775,0
NDGRD_50776,0
NDGRD_50777,0
NDGRD_50778,0
NDGRD_50779,0
NDGRD_50780,0
NDGRD_50781,0
NDGRD_50782,0
NDGRD_50783,0
NDGRD_50784,0
NDGRD_50785,0
NDGRD_50786,0
NDGRD_50787,0
NDGRD_50788,0
NDGRD_50789,0
NDGRD_50790,0
NDGRD_50791,0
NDGRD_50792,0
NDGRD_50793,0
NDGRD_50794,0
NDGRD_50795,0
NDGRD_50796,0
NDGRD_50797,0
NDGRD_50798,0
NDGRD_50799,0
NDGRD_50800,0
NDGRD_50801,0
NDGRD_50802,0
NDGRD_50803,0
NDGRD_50804,0
NDGRD_50805,0
NDGRD_50806,0
NDGRD_50807,0
NDGRD_50808,0
NDGRD_50809,0
NDGRD_50810,0
NDGRD_50811,0
NDGRD_50812,0
NDGRD_50813,0
NDGRD_50814,0
NDGRD_50815,0
NDGRD_50816,0
NDGRD_50817,0
NDGRD_50818,0
NDGRD_50819,0
NDGRD_50820,0
NDGRD_50821,0
NDGRD_50822,0
NDGRD_50823,0
NDGRD_50824,0
NDGRD_50825,0
NDGRD_50826,0
NDGRD_50827,0
NDGRD_50828,0
NDGRD_50829,0
NDGRD_50830,0
NDGRD_50831,0
NDGRD_50832,0
NDGRD_50833,0
NDGRD_50834,0
NDGRD_50835,0
NDGRD_50836,0
NDGRD_50837,0
NDGRD_50838,0
NDGRD_50839,0
NDGRD_50840,0
NDGRD_50841,0
NDGRD_50842,0
NDGRD_50843,0
NDGRD_50844,0
NDGRD_50845,0
NDGRD_50846,0
NDGRD_50847,0
NDGRD_50848,0
NDGRD_50849,0
NDGRD_50850,0
NDGRD_50851,0
NDGRD_50852,0
NDGRD_50853,0
NDGRD_50854,0
NDGRD_50855,0
NDGRD_50856,0
NDGRD_50857,0
NDGRD_50858,0
NDGRD_50859,0
NDGRD_50860,0
NDGRD_50861,0
NDGRD_50862,0
NDGRD_50863,0
NDGRD_50864,0
NDGRD_50865,0
NDGRD_50866,0
NDGRD_50867,0
NDGRD_50868,0
NDGRD_50869,0
NDGRD_50870,0
NDGRD_50871,0
NDGRD_50872,0
NDGRD_50873,0
NDGRD_50874,0
NDGRD_50875,0
NDGRD_50876,0
NDGRD_50877,0
NDGRD_50878,0
NDGRD_50879,0
NDGRD_50880,0
NDGRD_50881,0
NDGRD_50882,0
NDGRD_50883,0
NDGRD_50884,0
NDGRD_50885,0
NDGRD_50886,0
NDGRD_50887,0
NDGRD_50888,0
NDGRD_50889,0
NDGRD_50890,0
NDGRD_50891,0
NDGRD_50892,0
NDGRD_50893,0
NDGRD_50894,0
NDGRD_50895,0
NDGRD_50896,0
NDGRD_50897,0
NDGRD_50898,0
NDGRD_50899,0
NDGRD_50900,0
NDGRD_50901,0
NDGRD_50902,0
NDGRD_50903,0
NDGRD_50904,0
NDGRD_50905,0
NDGRD_50906,0
NDGRD_50907,0
NDGRD_50908,0
NDGRD_50909,0
NDGRD_50910,0
NDGRD_50911,0
NDGRD_50912,0
NDGRD_50913,0
NDGRD_50914,0
NDGRD_50915,0
NDGRD_50916,0
NDGRD_50917,0
NDGRD_50918,0
NDGRD_50919,0
NDGRD_50920,0
NDGRD_50921,0
NDGRD_50922,0
NDGRD_50923,0
NDGRD_50924,0
NDGRD_50925,0
NDGRD_50926,0
NDGRD_50927,0
NDGRD_50928,0
NDGRD_50929,0
NDGRD_50930,0
NDGRD_50931,0
NDGRD_50932,0
NDGRD_50933,0
NDGRD_50934,0
NDGRD_50935,0
NDGRD_50936,0
NDGRD_50937,0
NDGRD_50938,0
NDGRD_50939,0
NDGRD_50940,0
NDGRD_50941,0
NDGRD_50942,0
NDGRD_50943,0
NDGRD_50944,0
NDGRD_50945,0
NDGRD_50946,0
NDGRD_50947,0
NDGRD_50948,0
NDGRD_50949,0
NDGRD_50950,0
NDGRD_50951,0
NDGRD_50952,0
NDGRD_50953,0
NDGRD_50954,0
NDGRD_50955,0
NDGRD_50956,0
NDGRD_50957,0
NDGRD_50958,0
NDGRD_50959,0
NDGRD_50960,0
NDGRD_50961,0
NDGRD_50962,0
NDGRD_50963,0
NDGRD_50964,0
NDGRD_50965,0
NDGRD_50966,0
NDGRD_50967,0
NDGRD_50968,0
NDGRD_50969,0
NDGRD_50970,0
NDGRD_50971,0
NDGRD_50972,0
NDGRD_50973,0
NDGRD_50974,0
NDGRD_50975,0
NDGRD_50976,0
NDGRD_50977,0
NDGRD_50978,0
NDGRD_50979,0
NDGRD_50980,0
NDGRD_50981,0
NDGRD_50982,0
NDGRD_50983,0
NDGRD_50984,0
NDGRD_50985,0
NDGRD_50986,0
NDGRD_50987,0
NDGRD_50988,0
NDGRD_50989,0
NDGRD_50990,0
NDGRD_50991,0
NDGRD_50992,0
NDGRD_50993,0
NDGRD_50994,0
NDGRD_50995,0
NDGRD_50996,0
NDGRD_50997,0
NDGRD_50998,0
NDGRD_50999,0
NDGRD_51000,0
NDGRD_51001,0
NDGRD_51002,0
NDGRD_51003,0
NDGRD_51004,0
NDGRD_51005,0
NDGRD_51006,0
NDGRD_51007,0
NDGRD_51008,0
NDGRD_51009,0
NDGRD_51010,0
NDGRD_51011,0
NDGRD_51012,0
NDGRD_51013,0
NDGRD_51014,0
NDGRD_51015,0
NDGRD_51016,0
NDGRD_51017,0
NDGRD_51018,0
NDGRD_51019,0
NDGRD_51020,0
NDGRD_51021,0
NDGRD_51022,0
NDGRD_51023,0
NDGRD_51024,0
NDGRD_51025,0
NDGRD_51026,0
NDGRD_51027,0
NDGRD_51028,0
NDGRD_51029,0
NDGRD_51030,0
NDGRD_51031,0
NDGRD_51032,0
NDGRD_51033,0
NDGRD_51034,0
NDGRD_51035,0
NDGRD_51036,0
NDGRD_51037,0
NDGRD_51038,0
NDGRD_51039,0
NDGRD_51040,0
NDGRD_51041,0
NDGRD_51042,0
NDGRD_51043,0
NDGRD_51044,0
NDGRD_51045,0
NDGRD_51046,0
NDGRD_51047,0
NDGRD_51048,0
NDGRD_51049,0
NDGRD_51050,0
NDGRD_51051,0
NDGRD_51052,0
NDGRD_51053,0
NDGRD_51054,0
NDGRD_51055,0
NDGRD_51056,0
NDGRD_51057,0
NDGRD_51058,0
NDGRD_51059,0
NDGRD_51060,0
NDGRD_51061,0
NDGRD_51062,0
NDGRD_51063,0
NDGRD_51064,0
NDGRD_51065,0
NDGRD_51066,0
NDGRD_51067,0
NDGRD_51068,0
NDGRD_51069,0
NDGRD_51070,0
NDGRD_51071,0
NDGRD_51072,0
NDGRD_51073,0
NDGRD_51074,0
NDGRD_51075,0
NDGRD_51076,0
NDGRD_51077,0
NDGRD_51078,0
NDGRD_51079,0
NDGRD_51080,0
NDGRD_51081,0
NDGRD_51082,0
NDGRD_51083,0
NDGRD_51084,0
NDGRD_51085,0
NDGRD_51086,0
NDGRD_51087,0
NDGRD_51088,0
NDGRD_51089,0
NDGRD_51090,0
NDGRD_51091,0
NDGRD_51092,0
NDGRD_51093,0
NDGRD_51094,0
NDGRD_51095,0
NDGRD_51096,0
NDGRD_51097,0
NDGRD_51098,0
NDGRD_51099,0
NDGRD_51100,0
NDGRD_51101,0
NDGRD_51102,0
NDGRD_51103,0
NDGRD_51104,0
NDGRD_51105,0
NDGRD_51106,0
NDGRD_51107,0
NDGRD_51108,0
NDGRD_51109,0
NDGRD_51110,0
NDGRD_51111,0
NDGRD_51112,0
NDGRD_51113,0
NDGRD_51114,0
NDGRD_51115,0
NDGRD_51116,0
NDGRD_51117,0
NDGRD_51118,0
NDGRD_51119,0
NDGRD_51120,0
NDGRD_51121,0
NDGRD_51122,0
NDGRD_51123,0
NDGRD_51124,0
NDGRD_51125,0
NDGRD_51126,0
NDGRD_51127,0
NDGRD_51128,0
NDGRD_51129,0
NDGRD_51130,0
NDGRD_51131,0
NDGRD_51132,0
NDGRD_51133,0
NDGRD_51134,0
NDGRD_51135,0
NDGRD_51136,0
NDGRD_51137,0
NDGRD_51138,0
NDGRD_51139,0
NDGRD_51140,0
NDGRD_51141,0
NDGRD_51142,0
NDGRD_51143,0
NDGRD_51144,0
NDGRD_51145,0
NDGRD_51146,0
NDGRD_51147,0
NDGRD_51148,0
NDGRD_51149,0
NDGRD_51150,0
NDGRD_51151,0
NDGRD_51152,0
NDGRD_51153,0
NDGRD_51154,0
NDGRD_51155,0
NDGRD_51156,0
NDGRD_51157,0
NDGRD_51158,0
NDGRD_51159,0
NDGRD_51160,0
NDGRD_51161,0
NDGRD_51162,0
NDGRD_51163,0
NDGRD_51164,0
NDGRD_51165,0
NDGRD_51166,0
NDGRD_51167,0
NDGRD_51168,0
NDGRD_51169,0
NDGRD_51170,0
NDGRD_51171,0
NDGRD_51172,0
NDGRD_51173,0
NDGRD_51174,0
NDGRD_51175,0
NDGRD_51176,0
NDGRD_51177,0
NDGRD_51178,0
NDGRD_51179,0
NDGRD_51180,0
NDGRD_51181,0
NDGRD_51182,0
NDGRD_51183,0
NDGRD_51184,0
NDGRD_51185,0
NDGRD_51186,0
NDGRD_51187,0
NDGRD_51188,0
NDGRD_51189,0
NDGRD_51190,0
NDGRD_51191,0
NDGRD_51192,0
NDGRD_51193,0
NDGRD_51194,0
NDGRD_51195,0
NDGRD_51196,0
NDGRD_51197,0
NDGRD_51198,0
NDGRD_51199,0
NDGRD_51200,0
NDGRD_51201,0
NDGRD_51202,0
NDGRD_51203,0
NDGRD_51204,0
NDGRD_51205,0
NDGRD_51206,0
NDGRD_51207,0
NDGRD_51208,0
NDGRD_51209,0
NDGRD_51210,0
NDGRD_51211,0
NDGRD_51212,0
NDGRD_51213,0
NDGRD_51214,0
NDGRD_51215,0
NDGRD_51216,0
NDGRD_51217,0
NDGRD_51218,0
NDGRD_51219,0
NDGRD_51220,0
NDGRD_51221,0
NDGRD_51222,0
NDGRD_51223,0
NDGRD_51224,0
NDGRD_51225,0
NDGRD_51226,0
NDGRD_51227,0
NDGRD_51228,0
NDGRD_51229,0
NDGRD_51230,0
NDGRD_51231,0
NDGRD_51232,0
NDGRD_51233,0
NDGRD_51234,0
NDGRD_51235,0
NDGRD_51236,0
NDGRD_51237,0
NDGRD_51238,0
NDGRD_51239,0
NDGRD_51240,0
NDGRD_51241,0
NDGRD_51242,0
NDGRD_51243,0
NDGRD_51244,0
NDGRD_51245,0
NDGRD_51246,0
NDGRD_51247,0
NDGRD_51248,0
NDGRD_51249,0
NDGRD_51250,0
NDGRD_51251,0
NDGRD_51252,0
NDGRD_51253,0
NDGRD_51254,0
NDGRD_51255,0
NDGRD_51256,0
NDGRD_51257,0
NDGRD_51258,0
NDGRD_51259,0
NDGRD_51260,0
NDGRD_51261,0
NDGRD_51262,0
NDGRD_51263,0
NDGRD_51264,0
NDGRD_51265,0
NDGRD_51266,0
NDGRD_51267,0
NDGRD_51268,0
NDGRD_51269,0
NDGRD_51270,0
NDGRD_51271,0
NDGRD_51272,0
NDGRD_51273,0
NDGRD_51274,0
NDGRD_51275,0
NDGRD_51276,0
NDGRD_51277,0
NDGRD_51278,0
NDGRD_51279,0
NDGRD_51280,0
NDGRD_51281,0
NDGRD_51282,0
NDGRD_51283,0
NDGRD_51284,0
NDGRD_51285,0
NDGRD_51286,0
NDGRD_51287,0
NDGRD_51288,0
NDGRD_51289,0
NDGRD_51290,0
NDGRD_51291,0
NDGRD_51292,0
NDGRD_51293,0
NDGRD_51294,0
NDGRD_51295,0
NDGRD_51296,0
NDGRD_51297,0
NDGRD_51298,0
NDGRD_51299,0
NDGRD_51300,0
NDGRD_51301,0
NDGRD_51302,0
NDGRD_51303,0
NDGRD_51304,0
NDGRD_51305,0
NDGRD_51306,0
NDGRD_51307,0
NDGRD_51308,0
NDGRD_51309,0
NDGRD_51310,0
NDGRD_51311,0
NDGRD_51312,0
NDGRD_51313,0
NDGRD_51314,0
NDGRD_51315,0
NDGRD_51316,0
NDGRD_51317,0
NDGRD_51318,0
NDGRD_51319,0
NDGRD_51320,0
NDGRD_51321,0
NDGRD_51322,0
NDGRD_51323,0
NDGRD_51324,0
NDGRD_51325,0
NDGRD_51326,0
NDGRD_51327,0
NDGRD_51328,0
NDGRD_51329,0
NDGRD_51330,0
NDGRD_51331,0
NDGRD_51332,0
NDGRD_51333,0
NDGRD_51334,0
NDGRD_51335,0
NDGRD_51336,0
NDGRD_51337,0
NDGRD_51338,0
NDGRD_51339,0
NDGRD_51340,0
NDGRD_51341,0
NDGRD_51342,0
NDGRD_51343,0
NDGRD_51344,0
NDGRD_51345,0
NDGRD_51346,0
NDGRD_51347,0
NDGRD_51348,0
NDGRD_51349,0
NDGRD_51350,0
NDGRD_51351,0
NDGRD_51352,0
NDGRD_51353,0
NDGRD_51354,0
NDGRD_51355,0
NDGRD_51356,0
NDGRD_51357,0
NDGRD_51358,0
NDGRD_51359,0
NDGRD_51360,0
NDGRD_51361,0
NDGRD_51362,0
NDGRD_51363,0
NDGRD_51364,0
NDGRD_51365,0
NDGRD_51366,0
NDGRD_51367,0
NDGRD_51368,0
NDGRD_51369,0
NDGRD_51370,0
NDGRD_51371,0
NDGRD_51372,0
NDGRD_51373,0
NDGRD_51374,0
NDGRD_51375,0
NDGRD_51376,0
NDGRD_51377,0
NDGRD_51378,0
NDGRD_51379,0
NDGRD_51380,0
NDGRD_51381,0
NDGRD_51382,0
NDGRD_51383,0
NDGRD_51384,0
NDGRD_51385,0
NDGRD_51386,0
NDGRD_51387,0
NDGRD_51388,0
NDGRD_51389,0
NDGRD_51390,0
NDGRD_51391,0
NDGRD_51392,0
NDGRD_51393,0
NDGRD_51394,0
NDGRD_51395,0
NDGRD_51396,0
NDGRD_51397,0
NDGRD_51398,0
NDGRD_51399,0
NDGRD_51400,0
NDGRD_51401,0
NDGRD_51402,0
NDGRD_51403,0
NDGRD_51404,0
NDGRD_51405,0
NDGRD_51406,0
NDGRD_51407,0
NDGRD_51408,0
NDGRD_51409,0
NDGRD_51410,0
NDGRD_51411,0
NDGRD_51412,0
NDGRD_51413,0
NDGRD_51414,0
NDGRD_51415,0
NDGRD_51416,0
NDGRD_51417,0
NDGRD_51418,0
NDGRD_51419,0
NDGRD_51420,0
NDGRD_51421,0
NDGRD_51422,0
NDGRD_51423,0
NDGRD_51424,0
NDGRD_51425,0
NDGRD_51426,0
NDGRD_51427,0
NDGRD_51428,0
NDGRD_51429,0
NDGRD_51430,0
NDGRD_51431,0
NDGRD_51432,0
NDGRD_51433,0
NDGRD_51434,0
NDGRD_51435,0
NDGRD_51436,0
NDGRD_51437,0
NDGRD_51438,0
NDGRD_51439,0
NDGRD_51440,0
NDGRD_51441,0
NDGRD_51442,0
NDGRD_51443,0
NDGRD_51444,0
NDGRD_51445,0
NDGRD_51446,0
NDGRD_51447,0
NDGRD_51448,0
NDGRD_51449,0
NDGRD_51450,0
NDGRD_51451,0
NDGRD_51452,0
NDGRD_51453,0
NDGRD_51454,0
NDGRD_51455,0
NDGRD_51456,0
NDGRD_51457,0
NDGRD_51458,0
NDGRD_51459,0
NDGRD_51460,0
NDGRD_51461,0
NDGRD_51462,0
NDGRD_51463,0
NDGRD_51464,0
NDGRD_51465,0
NDGRD_51466,0
NDGRD_51467,0
NDGRD_51468,0
NDGRD_51469,0
NDGRD_51470,0
NDGRD_51471,0
NDGRD_51472,0
NDGRD_51473,0
NDGRD_51474,0
NDGRD_51475,0
NDGRD_51476,0
NDGRD_51477,0
NDGRD_51478,0
NDGRD_51479,0
NDGRD_51480,0
NDGRD_51481,0
NDGRD_51482,0
NDGRD_51483,0
NDGRD_51484,0
NDGRD_51485,0
NDGRD_51486,0
NDGRD_51487,0
NDGRD_51488,0
NDGRD_51489,0
NDGRD_51490,0
NDGRD_51491,0
NDGRD_51492,0
NDGRD_51493,0
NDGRD_51494,0
NDGRD_51495,0
NDGRD_51496,0
NDGRD_51497,0
NDGRD_51498,0
NDGRD_51499,0
NDGRD_51500,0
NDGRD_51501,0
NDGRD_51502,0
NDGRD_51503,0
NDGRD_51504,0
NDGRD_51505,0
NDGRD_51506,0
NDGRD_51507,0
NDGRD_51508,0
NDGRD_51509,0
NDGRD_51510,0
NDGRD_51511,0
NDGRD_51512,0
NDGRD_51513,0
NDGRD_51514,0
NDGRD_51515,0
NDGRD_51516,0
NDGRD_51517,0
NDGRD_51518,0
NDGRD_51519,0
NDGRD_51520,0
NDGRD_51521,0
NDGRD_51522,0
NDGRD_51523,0
NDGRD_51524,0
NDGRD_51525,0
NDGRD_51526,0
NDGRD_51527,0
NDGRD_51528,0
NDGRD_51529,0
NDGRD_51530,0
NDGRD_51531,0
NDGRD_51532,0
NDGRD_51533,0
NDGRD_51534,0
NDGRD_51535,0
NDGRD_51536,0
NDGRD_51537,0
NDGRD_51538,0
NDGRD_51539,0
NDGRD_51540,0
NDGRD_51541,0
NDGRD_51542,0
NDGRD_51543,0
NDGRD_51544,0
NDGRD_51545,0
NDGRD_51546,0
NDGRD_51547,0
NDGRD_51548,0
NDGRD_51549,0
NDGRD_51550,0
NDGRD_51551,0
NDGRD_51552,0
NDGRD_51553,0
NDGRD_51554,0
NDGRD_51555,0
NDGRD_51556,0
NDGRD_51557,0
NDGRD_51558,0
NDGRD_51559,0
NDGRD_51560,0
NDGRD_51561,0
NDGRD_51562,0
NDGRD_51563,0
NDGRD_51564,0
NDGRD_51565,0
NDGRD_51566,0
NDGRD_51567,0
NDGRD_51568,0
NDGRD_51569,0
NDGRD_51570,0
NDGRD_51571,0
NDGRD_51572,0
NDGRD_51573,0
NDGRD_51574,0
NDGRD_51575,0
NDGRD_51576,0
NDGRD_51577,0
NDGRD_51578,0
NDGRD_51579,0
NDGRD_51580,0
NDGRD_51581,0
NDGRD_51582,0
NDGRD_51583,0
NDGRD_51584,0
NDGRD_51585,0
NDGRD_51586,0
NDGRD_51587,0
NDGRD_51588,0
NDGRD_51589,0
NDGRD_51590,0
NDGRD_51591,0
NDGRD_51592,0
NDGRD_51593,0
NDGRD_51594,0
NDGRD_51595,0
NDGRD_51596,0
NDGRD_51597,0
NDGRD_51598,0
NDGRD_51599,0
NDGRD_51600,0
NDGRD_51601,0
NDGRD_51602,0
NDGRD_51603,0
NDGRD_51604,0
NDGRD_51605,0
NDGRD_51606,0
NDGRD_51607,0
NDGRD_51608,0
NDGRD_51609,0
NDGRD_51610,0
NDGRD_51611,0
NDGRD_51612,0
NDGRD_51613,0
NDGRD_51614,0
NDGRD_51615,0
NDGRD_51616,0
NDGRD_51617,0
NDGRD_51618,0
NDGRD_51619,0
NDGRD_51620,0
NDGRD_51621,0
NDGRD_51622,0
NDGRD_51623,0
NDGRD_51624,0
NDGRD_51625,0
NDGRD_51626,0
NDGRD_51627,0
NDGRD_51628,0
NDGRD_51629,0
NDGRD_51630,0
NDGRD_51631,0
NDGRD_51632,0
NDGRD_51633,0
NDGRD_51634,0
NDGRD_51635,0
NDGRD_51636,0
NDGRD_51637,0
NDGRD_51638,0
NDGRD_51639,0
NDGRD_51640,0
NDGRD_51641,0
NDGRD_51642,0
NDGRD_51643,0
NDGRD_51644,0
NDGRD_51645,0
NDGRD_51646,0
NDGRD_51647,0
NDGRD_51648,0
NDGRD_51649,0
NDGRD_51650,0
NDGRD_51651,0
NDGRD_51652,0
NDGRD_51653,0
NDGRD_51654,0
NDGRD_51655,0
NDGRD_51656,0
NDGRD_51657,0
NDGRD_51658,0
NDGRD_51659,0
NDGRD_51660,0
NDGRD_51661,0
NDGRD_51662,0
NDGRD_51663,0
NDGRD_51664,0
NDGRD_51665,0
NDGRD_51666,0
NDGRD_51667,0
NDGRD_51668,0
NDGRD_51669,0
NDGRD_51670,0
NDGRD_51671,0
NDGRD_51672,0
NDGRD_51673,0
NDGRD_51674,0
NDGRD_51675,0
NDGRD_51676,0
NDGRD_51677,0
NDGRD_51678,0
NDGRD_51679,0
NDGRD_51680,0
NDGRD_51681,0
NDGRD_51682,0
NDGRD_51683,0
NDGRD_51684,0
NDGRD_51685,0
NDGRD_51686,0
NDGRD_51687,0
NDGRD_51688,0
NDGRD_51689,0
NDGRD_51690,0
NDGRD_51691,0
NDGRD_51692,0
NDGRD_51693,0
NDGRD_51694,0
NDGRD_51695,0
NDGRD_51696,0
NDGRD_51697,0
NDGRD_51698,0
NDGRD_51699,0
NDGRD_51700,0
NDGRD_51701,0
NDGRD_51702,0
NDGRD_51703,0
NDGRD_51704,0
NDGRD_51705,0
NDGRD_51706,0
NDGRD_51707,0
NDGRD_51708,0
NDGRD_51709,0
NDGRD_51710,0
NDGRD_51711,0
NDGRD_51712,0
NDGRD_51713,0
NDGRD_51714,0
NDGRD_51715,0
NDGRD_51716,0
NDGRD_51717,0
NDGRD_51718,0
NDGRD_51719,0
NDGRD_51720,0
NDGRD_51721,0
NDGRD_51722,0
NDGRD_51723,0
NDGRD_51724,0
NDGRD_51725,0
NDGRD_51726,0
NDGRD_51727,0
NDGRD_51728,0
NDGRD_51729,0
NDGRD_51730,0
NDGRD_51731,0
NDGRD_51732,0
NDGRD_51733,0
NDGRD_51734,0
NDGRD_51735,0
NDGRD_51736,0
NDGRD_51737,0
NDGRD_51738,0
NDGRD_51739,0
NDGRD_51740,0
NDGRD_51741,0
NDGRD_51742,0
NDGRD_51743,0
NDGRD_51744,0
NDGRD_51745,0
NDGRD_51746,0
NDGRD_51747,0
NDGRD_51748,0
NDGRD_51749,0
NDGRD_51750,0
NDGRD_51751,0
NDGRD_51752,0
NDGRD_51753,0
NDGRD_51754,0
NDGRD_51755,0
NDGRD_51756,0
NDGRD_51757,0
NDGRD_51758,0
NDGRD_51759,0
NDGRD_51760,0
NDGRD_51761,0
NDGRD_51762,0
NDGRD_51763,0
NDGRD_51764,0
NDGRD_51765,0
NDGRD_51766,0
NDGRD_51767,0
NDGRD_51768,0
NDGRD_51769,0
NDGRD_51770,0
NDGRD_51771,0
NDGRD_51772,0
NDGRD_51773,0
NDGRD_51774,0
NDGRD_51775,0
NDGRD_51776,0
NDGRD_51777,0
NDGRD_51778,0
NDGRD_51779,0
NDGRD_51780,0
NDGRD_51781,0
NDGRD_51782,0
NDGRD_51783,0
NDGRD_51784,0
NDGRD_51785,0
NDGRD_51786,0
NDGRD_51787,0
NDGRD_51788,0
NDGRD_51789,0
NDGRD_51790,0
NDGRD_51791,0
NDGRD_51792,0
NDGRD_51793,0
NDGRD_51794,0
NDGRD_51795,0
NDGRD_51796,0
NDGRD_51797,0
NDGRD_51798,0
NDGRD_51799,0
NDGRD_51800,0
NDGRD_51801,0
NDGRD_51802,0
NDGRD_51803,0
NDGRD_51804,0
NDGRD_51805,0
NDGRD_51806,0
NDGRD_51807,0
NDGRD_51808,0
NDGRD_51809,0
NDGRD_51810,0
NDGRD_51811,0
NDGRD_51812,0
NDGRD_51813,0
NDGRD_51814,0
NDGRD_51815,0
NDGRD_51816,0
NDGRD_51817,0
NDGRD_51818,0
NDGRD_51819,0
NDGRD_51820,0
NDGRD_51821,0
NDGRD_51822,0
NDGRD_51823,0
NDGRD_51824,0
NDGRD_51825,0
NDGRD_51826,0
NDGRD_51827,0
NDGRD_51828,0
NDGRD_51829,0
NDGRD_51830,0
NDGRD_51831,0
NDGRD_51832,0
NDGRD_51833,0
NDGRD_51834,0
NDGRD_51835,0
NDGRD_51836,0
NDGRD_51837,0
NDGRD_51838,0
NDGRD_51839,0
NDGRD_51840,0
NDGRD_51841,0
NDGRD_51842,0
NDGRD_51843,0
NDGRD_51844,0
NDGRD_51845,0
NDGRD_51846,0
NDGRD_51847,0
NDGRD_51848,0
NDGRD_51849,0
NDGRD_51850,0
NDGRD_51851,0
NDGRD_51852,0
NDGRD_51853,0
NDGRD_51854,0
NDGRD_51855,0
NDGRD_51856,0
NDGRD_51857,0
NDGRD_51858,0
NDGRD_51859,0
NDGRD_51860,0
NDGRD_51861,0
NDGRD_51862,0
NDGRD_51863,0
NDGRD_51864,0
NDGRD_51865,0
NDGRD_51866,0
NDGRD_51867,0
NDGRD_51868,0
NDGRD_51869,0
NDGRD_51870,0
NDGRD_51871,0
NDGRD_51872,0
NDGRD_51873,0
NDGRD_51874,0
NDGRD_51875,0
NDGRD_51876,0
NDGRD_51877,0
NDGRD_51878,0
NDGRD_51879,0
NDGRD_51880,0
NDGRD_51881,0
NDGRD_51882,0
NDGRD_51883,0
NDGRD_51884,0
NDGRD_51885,0
NDGRD_51886,0
NDGRD_51887,0
NDGRD_51888,0
NDGRD_51889,0
NDGRD_51890,0
NDGRD_51891,0
NDGRD_51892,0
NDGRD_51893,0
NDGRD_51894,0
NDGRD_51895,0
NDGRD_51896,0
NDGRD_51897,0
NDGRD_51898,0
NDGRD_51899,0
NDGRD_51900,0
NDGRD_51901,0
NDGRD_51902,0
NDGRD_51903,0
NDGRD_51904,0
NDGRD_51905,0
NDGRD_51906,0
NDGRD_51907,0
NDGRD_51908,0
NDGRD_51909,0
NDGRD_51910,0
NDGRD_51911,0
NDGRD_51912,0
NDGRD_51913,0
NDGRD_51914,0
NDGRD_51915,0
NDGRD_51916,0
NDGRD_51917,0
NDGRD_51918,0
NDGRD_51919,0
NDGRD_51920,0
NDGRD_51921,0
NDGRD_51922,0
NDGRD_51923,0
NDGRD_51924,0
NDGRD_51925,0
NDGRD_51926,0
NDGRD_51927,0
NDGRD_51928,0
NDGRD_51929,0
NDGRD_51930,0
NDGRD_51931,0
NDGRD_51932,0
NDGRD_51933,0
NDGRD_51934,0
NDGRD_51935,0
NDGRD_51936,0
NDGRD_51937,0
NDGRD_51938,0
NDGRD_51939,0
NDGRD_51940,0
NDGRD_51941,0
NDGRD_51942,0
NDGRD_51943,0
NDGRD_51944,0
NDGRD_51945,0
NDGRD_51946,0
NDGRD_51947,0
NDGRD_51948,0
NDGRD_51949,0
NDGRD_51950,0
NDGRD_51951,0
NDGRD_51952,0
NDGRD_51953,0
NDGRD_51954,0
NDGRD_51955,0
NDGRD_51956,0
NDGRD_51957,0
NDGRD_51958,0
NDGRD_51959,0
NDGRD_51960,0
NDGRD_51961,0
NDGRD_51962,0
NDGRD_51963,0
NDGRD_51964,0
NDGRD_51965,0
NDGRD_51966,0
NDGRD_51967,0
NDGRD_51968,0
NDGRD_51969,0
NDGRD_51970,0
NDGRD_51971,0
NDGRD_51972,0
NDGRD_51973,0
NDGRD_51974,0
NDGRD_51975,0
NDGRD_51976,0
NDGRD_51977,0
NDGRD_51978,0
NDGRD_51979,0
NDGRD_51980,0
NDGRD_51981,0
NDGRD_51982,0
NDGRD_51983,0
NDGRD_51984,0
NDGRD_51985,0
NDGRD_51986,0
NDGRD_51987,0
NDGRD_51988,0
NDGRD_51989,0
NDGRD_51990,0
NDGRD_51991,0
NDGRD_51992,0
NDGRD_51993,0
NDGRD_51994,0
NDGRD_51995,0
NDGRD_51996,0
NDGRD_51997,0
NDGRD_51998,0
NDGRD_51999,0
NDGRD_52000,0
NDGRD_52001,0
NDGRD_52002,0
NDGRD_52003,0
NDGRD_52004,0
NDGRD_52005,0
NDGRD_52006,0
NDGRD_52007,0
NDGRD_52008,0
NDGRD_52009,0
NDGRD_52010,0
NDGRD_52011,0
NDGRD_52012,0
NDGRD_52013,0
NDGRD_52014,0
NDGRD_52015,0
NDGRD_52016,0
NDGRD_52017,0
NDGRD_52018,0
NDGRD_52019,0
NDGRD_52020,0
NDGRD_52021,0
NDGRD_52022,0
NDGRD_52023,0
NDGRD_52024,0
NDGRD_52025,0
NDGRD_52026,0
NDGRD_52027,0
NDGRD_52028,0
NDGRD_52029,0
NDGRD_52030,0
NDGRD_52031,0
NDGRD_52032,0
NDGRD_52033,0
NDGRD_52034,0
NDGRD_52035,0
NDGRD_52036,0
NDGRD_52037,0
NDGRD_52038,0
NDGRD_52039,0
NDGRD_52040,0
NDGRD_52041,0
NDGRD_52042,0
NDGRD_52043,0
NDGRD_52044,0
NDGRD_52045,0
NDGRD_52046,0
NDGRD_52047,0
NDGRD_52048,0
NDGRD_52049,0
NDGRD_52050,0
NDGRD_52051,0
NDGRD_52052,0
NDGRD_52053,0
NDGRD_52054,0
NDGRD_52055,0
NDGRD_52056,0
NDGRD_52057,0
NDGRD_52058,0
NDGRD_52059,0
NDGRD_52060,0
NDGRD_52061,0
NDGRD_52062,0
NDGRD_52063,0
NDGRD_52064,0
NDGRD_52065,0
NDGRD_52066,0
NDGRD_52067,0
NDGRD_52068,0
NDGRD_52069,0
NDGRD_52070,0
NDGRD_52071,0
NDGRD_52072,0
NDGRD_52073,0
NDGRD_52074,0
NDGRD_52075,0
NDGRD_52076,0
NDGRD_52077,0
NDGRD_52078,0
NDGRD_52079,0
NDGRD_52080,0
NDGRD_52081,0
NDGRD_52082,0
NDGRD_52083,0
NDGRD_52084,0
NDGRD_52085,0
NDGRD_52086,0
NDGRD_52087,0
NDGRD_52088,0
NDGRD_52089,0
NDGRD_52090,0
NDGRD_52091,0
NDGRD_52092,0
NDGRD_52093,0
NDGRD_52094,0
NDGRD_52095,0
NDGRD_52096,0
NDGRD_52097,0
NDGRD_52098,0
NDGRD_52099,0
NDGRD_52100,0
NDGRD_52101,0
NDGRD_52102,0
NDGRD_52103,0
NDGRD_52104,0
NDGRD_52105,0
NDGRD_52106,0
NDGRD_52107,0
NDGRD_52108,0
NDGRD_52109,0
NDGRD_52110,0
NDGRD_52111,0
NDGRD_52112,0
NDGRD_52113,0
NDGRD_52114,0
NDGRD_52115,0
NDGRD_52116,0
NDGRD_52117,0
NDGRD_52118,0
NDGRD_52119,0
NDGRD_52120,0
NDGRD_52121,0
NDGRD_52122,0
NDGRD_52123,0
NDGRD_52124,0
NDGRD_52125,0
NDGRD_52126,0
NDGRD_52127,0
NDGRD_52128,0
NDGRD_52129,0
NDGRD_52130,0
NDGRD_52131,0
NDGRD_52132,0
NDGRD_52133,0
NDGRD_52134,0
NDGRD_52135,0
NDGRD_52136,0
NDGRD_52137,0
NDGRD_52138,0
NDGRD_52139,0
NDGRD_52140,0
NDGRD_52141,0
NDGRD_52142,0
NDGRD_52143,0
NDGRD_52144,0
NDGRD_52145,0
NDGRD_52146,0
NDGRD_52147,0
NDGRD_52148,0
NDGRD_52149,0
NDGRD_52150,0
NDGRD_52151,0
NDGRD_52152,0
NDGRD_52153,0
NDGRD_52154,0
NDGRD_52155,0
NDGRD_52156,0
NDGRD_52157,0
NDGRD_52158,0
NDGRD_52159,0
NDGRD_52160,0
NDGRD_52161,0
NDGRD_52162,0
NDGRD_52163,0
NDGRD_52164,0
NDGRD_52165,0
NDGRD_52166,0
NDGRD_52167,0
NDGRD_52168,0
NDGRD_52169,0
NDGRD_52170,0
NDGRD_52171,0
NDGRD_52172,0
NDGRD_52173,0
NDGRD_52174,0
NDGRD_52175,0
NDGRD_52176,0
NDGRD_52177,0
NDGRD_52178,0
NDGRD_52179,0
NDGRD_52180,0
NDGRD_52181,0
NDGRD_52182,0
NDGRD_52183,0
NDGRD_52184,0
NDGRD_52185,0
NDGRD_52186,0
NDGRD_52187,0
NDGRD_52188,0
NDGRD_52189,0
NDGRD_52190,0
NDGRD_52191,0
NDGRD_52192,0
NDGRD_52193,0
NDGRD_52194,0
NDGRD_52195,0
NDGRD_52196,0
NDGRD_52197,0
NDGRD_52198,0
NDGRD_52199,0
NDGRD_52200,0
NDGRD_52201,0
NDGRD_52202,0
NDGRD_52203,0
NDGRD_52204,0
NDGRD_52205,0
NDGRD_52206,0
NDGRD_52207,0
NDGRD_52208,0
NDGRD_52209,0
NDGRD_52210,0
NDGRD_52211,0
NDGRD_52212,0
NDGRD_52213,0
NDGRD_52214,0
NDGRD_52215,0
NDGRD_52216,0
NDGRD_52217,0
NDGRD_52218,0
NDGRD_52219,0
NDGRD_52220,0
NDGRD_52221,0
NDGRD_52222,0
NDGRD_52223,0
NDGRD_52224,0
NDGRD_52225,0
NDGRD_52226,0
NDGRD_52227,0
NDGRD_52228,0
NDGRD_52229,0
NDGRD_52230,0
NDGRD_52231,0
NDGRD_52232,0
NDGRD_52233,0
NDGRD_52234,0
NDGRD_52235,0
NDGRD_52236,0
NDGRD_52237,0
NDGRD_52238,0
NDGRD_52239,0
NDGRD_52240,0
NDGRD_52241,0
NDGRD_52242,0
NDGRD_52243,0
NDGRD_52244,0
NDGRD_52245,0
NDGRD_52246,0
NDGRD_52247,0
NDGRD_52248,0
NDGRD_52249,0
NDGRD_52250,0
NDGRD_52251,0
NDGRD_52252,0
NDGRD_52253,0
NDGRD_52254,0
NDGRD_52255,0
NDGRD_52256,0
NDGRD_52257,0
NDGRD_52258,0
NDGRD_52259,0
NDGRD_52260,0
NDGRD_52261,0
NDGRD_52262,0
NDGRD_52263,0
NDGRD_52264,0
NDGRD_52265,0
NDGRD_52266,0
NDGRD_52267,0
NDGRD_52268,0
NDGRD_52269,0
NDGRD_52270,0
NDGRD_52271,0
NDGRD_52272,0
NDGRD_52273,0
NDGRD_52274,0
NDGRD_52275,0
NDGRD_52276,0
NDGRD_52277,0
NDGRD_52278,0
NDGRD_52279,0
NDGRD_52280,0
NDGRD_52281,0
NDGRD_52282,0
NDGRD_52283,0
NDGRD_52284,0
NDGRD_52285,0
NDGRD_52286,0
NDGRD_52287,0
NDGRD_52288,0
NDGRD_52289,0
NDGRD_52290,0
NDGRD_52291,0
NDGRD_52292,0
NDGRD_52293,0
NDGRD_52294,0
NDGRD_52295,0
NDGRD_52296,0
NDGRD_52297,0
NDGRD_52298,0
NDGRD_52299,0
NDGRD_52300,0
NDGRD_52301,0
NDGRD_52302,0
NDGRD_52303,0
NDGRD_52304,0
NDGRD_52305,0
NDGRD_52306,0
NDGRD_52307,0
NDGRD_52308,0
NDGRD_52309,0
NDGRD_52310,0
NDGRD_52311,0
NDGRD_52312,0
NDGRD_52313,0
NDGRD_52314,0
NDGRD_52315,0
NDGRD_52316,0
NDGRD_52317,0
NDGRD_52318,0
NDGRD_52319,0
NDGRD_52320,0
NDGRD_52321,0
NDGRD_52322,0
NDGRD_52323,0
NDGRD_52324,0
NDGRD_52325,0
NDGRD_52326,0
NDGRD_52327,0
NDGRD_52328,0
NDGRD_52329,0
NDGRD_52330,0
NDGRD_52331,0
NDGRD_52332,0
NDGRD_52333,0
NDGRD_52334,0
NDGRD_52335,0
NDGRD_52336,0
NDGRD_52337,0
NDGRD_52338,0
NDGRD_52339,0
NDGRD_52340,0
NDGRD_52341,0
NDGRD_52342,0
NDGRD_52343,0
NDGRD_52344,0
NDGRD_52345,0
NDGRD_52346,0
NDGRD_52347,0
NDGRD_52348,0
NDGRD_52349,0
NDGRD_52350,0
NDGRD_52351,0
NDGRD_52352,0
NDGRD_52353,0
NDGRD_52354,0
NDGRD_52355,0
NDGRD_52356,0
NDGRD_52357,0
NDGRD_52358,0
NDGRD_52359,0
NDGRD_52360,0
NDGRD_52361,0
NDGRD_52362,0
NDGRD_52363,0
NDGRD_52364,0
NDGRD_52365,0
NDGRD_52366,0
NDGRD_52367,0
NDGRD_52368,0
NDGRD_52369,0
NDGRD_52370,0
NDGRD_52371,0
NDGRD_52372,0
NDGRD_52373,0
NDGRD_52374,0
NDGRD_52375,0
NDGRD_52376,0
NDGRD_52377,0
NDGRD_52378,0
NDGRD_52379,0
NDGRD_52380,0
NDGRD_52381,0
NDGRD_52382,0
NDGRD_52383,0
NDGRD_52384,0
NDGRD_52385,0
NDGRD_52386,0
NDGRD_52387,0
NDGRD_52388,0
NDGRD_52389,0
NDGRD_52390,0
NDGRD_52391,0
NDGRD_52392,0
NDGRD_52393,0
NDGRD_52394,0
NDGRD_52395,0
NDGRD_52396,0
NDGRD_52397,0
NDGRD_52398,0
NDGRD_52399,0
NDGRD_52400,0
NDGRD_52401,0
NDGRD_52402,0
NDGRD_52403,0
NDGRD_52404,0
NDGRD_52405,0
NDGRD_52406,0
NDGRD_52407,0
NDGRD_52408,0
NDGRD_52409,0
NDGRD_52410,0
NDGRD_52411,0
NDGRD_52412,0
NDGRD_52413,0
NDGRD_52414,0
NDGRD_52415,0
NDGRD_52416,0
NDGRD_52417,0
NDGRD_52418,0
NDGRD_52419,0
NDGRD_52420,0
NDGRD_52421,0
NDGRD_52422,0
NDGRD_52423,0
NDGRD_52424,0
NDGRD_52425,0
NDGRD_52426,0
NDGRD_52427,0
NDGRD_52428,0
NDGRD_52429,0
NDGRD_52430,0
NDGRD_52431,0
NDGRD_52432,0
NDGRD_52433,0
NDGRD_52434,0
NDGRD_52435,0
NDGRD_52436,0
NDGRD_52437,0
NDGRD_52438,0
NDGRD_52439,0
NDGRD_52440,0
NDGRD_52441,0
NDGRD_52442,0
NDGRD_52443,0
NDGRD_52444,0
NDGRD_52445,0
NDGRD_52446,0
NDGRD_52447,0
NDGRD_52448,0
NDGRD_52449,0
NDGRD_52450,0
NDGRD_52451,0
NDGRD_52452,0
NDGRD_52453,0
NDGRD_52454,0
NDGRD_52455,0
NDGRD_52456,0
NDGRD_52457,0
NDGRD_52458,0
NDGRD_52459,0
NDGRD_52460,0
NDGRD_52461,0
NDGRD_52462,0
NDGRD_52463,0
NDGRD_52464,0
NDGRD_52465,0
NDGRD_52466,0
NDGRD_52467,0
NDGRD_52468,0
NDGRD_52469,0
NDGRD_52470,0
NDGRD_52471,0
NDGRD_52472,0
NDGRD_52473,0
NDGRD_52474,0
NDGRD_52475,0
NDGRD_52476,0
NDGRD_52477,0
NDGRD_52478,0
NDGRD_52479,0
NDGRD_52480,0
NDGRD_52481,0
NDGRD_52482,0
NDGRD_52483,0
NDGRD_52484,0
NDGRD_52485,0
NDGRD_52486,0
NDGRD_52487,0
NDGRD_52488,0
NDGRD_52489,0
NDGRD_52490,0
NDGRD_52491,0
NDGRD_52492,0
NDGRD_52493,0
NDGRD_52494,0
NDGRD_52495,0
NDGRD_52496,0
NDGRD_52497,0
NDGRD_52498,0
NDGRD_52499,0
NDGRD_52500,0
NDGRD_52501,0
NDGRD_52502,0
NDGRD_52503,0
NDGRD_52504,0
NDGRD_52505,0
NDGRD_52506,0
NDGRD_52507,0
NDGRD_52508,0
NDGRD_52509,0
NDGRD_52510,0
NDGRD_52511,0
NDGRD_52512,0
NDGRD_52513,0
NDGRD_52514,0
NDGRD_52515,0
NDGRD_52516,0
NDGRD_52517,0
NDGRD_52518,0
NDGRD_52519,0
NDGRD_52520,0
NDGRD_52521,0
NDGRD_52522,0
NDGRD_52523,0
NDGRD_52524,0
NDGRD_52525,0
NDGRD_52526,0
NDGRD_52527,0
NDGRD_52528,0
NDGRD_52529,0
NDGRD_52530,0
NDGRD_52531,0
NDGRD_52532,0
NDGRD_52533,0
NDGRD_52534,0
NDGRD_52535,0
NDGRD_52536,0
NDGRD_52537,0
NDGRD_52538,0
NDGRD_52539,0
NDGRD_52540,0
NDGRD_52541,0
NDGRD_52542,0
NDGRD_52543,0
NDGRD_52544,0
NDGRD_52545,0
NDGRD_52546,0
NDGRD_52547,0
NDGRD_52548,0
NDGRD_52549,0
NDGRD_52550,0
NDGRD_52551,0
NDGRD_52552,0
NDGRD_52553,0
NDGRD_52554,0
NDGRD_52555,0
NDGRD_52556,0
NDGRD_52557,0
NDGRD_52558,0
NDGRD_52559,0
NDGRD_52560,0
NDGRD_52561,0
NDGRD_52562,0
NDGRD_52563,0
NDGRD_52564,0
NDGRD_52565,0
NDGRD_52566,0
NDGRD_52567,0
NDGRD_52568,0
NDGRD_52569,0
NDGRD_52570,0
NDGRD_52571,0
NDGRD_52572,0
NDGRD_52573,0
NDGRD_52574,0
NDGRD_52575,0
NDGRD_52576,0
NDGRD_52577,0
NDGRD_52578,0
NDGRD_52579,0
NDGRD_52580,0
NDGRD_52581,0
NDGRD_52582,0
NDGRD_52583,0
NDGRD_52584,0
NDGRD_52585,0
NDGRD_52586,0
NDGRD_52587,0
NDGRD_52588,0
NDGRD_52589,0
NDGRD_52590,0
NDGRD_52591,0
NDGRD_52592,0
NDGRD_52593,0
NDGRD_52594,0
NDGRD_52595,0
NDGRD_52596,0
NDGRD_52597,0
NDGRD_52598,0
NDGRD_52599,0
NDGRD_52600,0
NDGRD_52601,0
NDGRD_52602,0
NDGRD_52603,0
NDGRD_52604,0
NDGRD_52605,0
NDGRD_52606,0
NDGRD_52607,0
NDGRD_52608,0
NDGRD_52609,0
NDGRD_52610,0
NDGRD_52611,0
NDGRD_52612,0
NDGRD_52613,0
NDGRD_52614,0
NDGRD_52615,0
NDGRD_52616,0
NDGRD_52617,0
NDGRD_52618,0
NDGRD_52619,0
NDGRD_52620,0
NDGRD_52621,0
NDGRD_52622,0
NDGRD_52623,0
NDGRD_52624,0
NDGRD_52625,0
NDGRD_52626,0
NDGRD_52627,0
NDGRD_52628,0
NDGRD_52629,0
NDGRD_52630,0
NDGRD_52631,0
NDGRD_52632,0
NDGRD_52633,0
NDGRD_52634,0
NDGRD_52635,0
NDGRD_52636,0
NDGRD_52637,0
NDGRD_52638,0
NDGRD_52639,0
NDGRD_52640,0
NDGRD_52641,0
NDGRD_52642,0
NDGRD_52643,0
NDGRD_52644,0
NDGRD_52645,0
NDGRD_52646,0
NDGRD_52647,0
NDGRD_52648,0
NDGRD_52649,0
NDGRD_52650,0
NDGRD_52651,0
NDGRD_52652,0
NDGRD_52653,0
NDGRD_52654,0
NDGRD_52655,0
NDGRD_52656,0
NDGRD_52657,0
NDGRD_52658,0
NDGRD_52659,0
NDGRD_52660,0
NDGRD_52661,0
NDGRD_52662,0
NDGRD_52663,0
NDGRD_52664,0
NDGRD_52665,0
NDGRD_52666,0
NDGRD_52667,0
NDGRD_52668,0
NDGRD_52669,0
NDGRD_52670,0
NDGRD_52671,0
NDGRD_52672,0
NDGRD_52673,0
NDGRD_52674,0
NDGRD_52675,0
NDGRD_52676,0
NDGRD_52677,0
NDGRD_52678,0
NDGRD_52679,0
NDGRD_52680,0
NDGRD_52681,0
NDGRD_52682,0
NDGRD_52683,0
NDGRD_52684,0
NDGRD_52685,0
NDGRD_52686,0
NDGRD_52687,0
NDGRD_52688,0
NDGRD_52689,0
NDGRD_52690,0
NDGRD_52691,0
NDGRD_52692,0
NDGRD_52693,0
NDGRD_52694,0
NDGRD_52695,0
NDGRD_52696,0
NDGRD_52697,0
NDGRD_52698,0
NDGRD_52699,0
NDGRD_52700,0
NDGRD_52701,0
NDGRD_52702,0
NDGRD_52703,0
NDGRD_52704,0
NDGRD_52705,0
NDGRD_52706,0
NDGRD_52707,0
NDGRD_52708,0
NDGRD_52709,0
NDGRD_52710,0
NDGRD_52711,0
NDGRD_52712,0
NDGRD_52713,0
NDGRD_52714,0
NDGRD_52715,0
NDGRD_52716,0
NDGRD_52717,0
NDGRD_52718,0
NDGRD_52719,0
NDGRD_52720,0
NDGRD_52721,0
NDGRD_52722,0
NDGRD_52723,0
NDGRD_52724,0
NDGRD_52725,0
NDGRD_52726,0
NDGRD_52727,0
NDGRD_52728,0
NDGRD_52729,0
NDGRD_52730,0
NDGRD_52731,0
NDGRD_52732,0
NDGRD_52733,0
NDGRD_52734,0
NDGRD_52735,0
NDGRD_52736,0
NDGRD_52737,0
NDGRD_52738,0
NDGRD_52739,0
NDGRD_52740,0
NDGRD_52741,0
NDGRD_52742,0
NDGRD_52743,0
NDGRD_52744,0
NDGRD_52745,0
NDGRD_52746,0
NDGRD_52747,0
NDGRD_52748,0
NDGRD_52749,0
NDGRD_52750,0
NDGRD_52751,0
NDGRD_52752,0
NDGRD_52753,0
NDGRD_52754,0
NDGRD_52755,0
NDGRD_52756,0
NDGRD_52757,0
NDGRD_52758,0
NDGRD_52759,0
NDGRD_52760,0
NDGRD_52761,0
NDGRD_52762,0
NDGRD_52763,0
NDGRD_52764,0
NDGRD_52765,0
NDGRD_52766,0
NDGRD_52767,0
NDGRD_52768,0
NDGRD_52769,0
NDGRD_52770,0
NDGRD_52771,0
NDGRD_52772,0
NDGRD_52773,0
NDGRD_52774,0
NDGRD_52775,0
NDGRD_52776,0
NDGRD_52777,0
NDGRD_52778,0
NDGRD_52779,0
NDGRD_52780,0
NDGRD_52781,0
NDGRD_52782,0
NDGRD_52783,0
NDGRD_52784,0
NDGRD_52785,0
NDGRD_52786,0
NDGRD_52787,0
NDGRD_52788,0
NDGRD_52789,0
NDGRD_52790,0
NDGRD_52791,0
NDGRD_52792,0
NDGRD_52793,0
NDGRD_52794,0
NDGRD_52795,0
NDGRD_52796,0
NDGRD_52797,0
NDGRD_52798,0
NDGRD_52799,0
NDGRD_52800,0
NDGRD_52801,0
NDGRD_52802,0
NDGRD_52803,0
NDGRD_52804,0
NDGRD_52805,0
NDGRD_52806,0
NDGRD_52807,0
NDGRD_52808,0
NDGRD_52809,0
NDGRD_52810,0
NDGRD_52811,0
NDGRD_52812,0
NDGRD_52813,0
NDGRD_52814,0
NDGRD_52815,0
NDGRD_52816,0
NDGRD_52817,0
NDGRD_52818,0
NDGRD_52819,0
NDGRD_52820,0
NDGRD_52821,0
NDGRD_52822,0
NDGRD_52823,0
NDGRD_52824,0
NDGRD_52825,0
NDGRD_52826,0
NDGRD_52827,0
NDGRD_52828,0
NDGRD_52829,0
NDGRD_52830,0
NDGRD_52831,0
NDGRD_52832,0
NDGRD_52833,0
NDGRD_52834,0
NDGRD_52835,0
NDGRD_52836,0
NDGRD_52837,0
NDGRD_52838,0
NDGRD_52839,0
NDGRD_52840,0
NDGRD_52841,0
NDGRD_52842,0
NDGRD_52843,0
NDGRD_52844,0
NDGRD_52845,0
NDGRD_52846,0
NDGRD_52847,0
NDGRD_52848,0
NDGRD_52849,0
NDGRD_52850,0
NDGRD_52851,0
NDGRD_52852,0
NDGRD_52853,0
NDGRD_52854,0
NDGRD_52855,0
NDGRD_52856,0
NDGRD_52857,0
NDGRD_52858,0
NDGRD_52859,0
NDGRD_52860,0
NDGRD_52861,0
NDGRD_52862,0
NDGRD_52863,0
NDGRD_52864,0
NDGRD_52865,0
NDGRD_52866,0
NDGRD_52867,0
NDGRD_52868,0
NDGRD_52869,0
NDGRD_52870,0
NDGRD_52871,0
NDGRD_52872,0
NDGRD_52873,0
NDGRD_52874,0
NDGRD_52875,0
NDGRD_52876,0
NDGRD_52877,0
NDGRD_52878,0
NDGRD_52879,0
NDGRD_52880,0
NDGRD_52881,0
NDGRD_52882,0
NDGRD_52883,0
NDGRD_52884,0
NDGRD_52885,0
NDGRD_52886,0
NDGRD_52887,0
NDGRD_52888,0
NDGRD_52889,0
NDGRD_52890,0
NDGRD_52891,0
NDGRD_52892,0
NDGRD_52893,0
NDGRD_52894,0
NDGRD_52895,0
NDGRD_52896,0
NDGRD_52897,0
NDGRD_52898,0
NDGRD_52899,0
NDGRD_52900,0
NDGRD_52901,0
NDGRD_52902,0
NDGRD_52903,0
NDGRD_52904,0
NDGRD_52905,0
NDGRD_52906,0
NDGRD_52907,0
NDGRD_52908,0
NDGRD_52909,0
NDGRD_52910,0
NDGRD_52911,0
NDGRD_52912,0
NDGRD_52913,0
NDGRD_52914,0
NDGRD_52915,0
NDGRD_52916,0
NDGRD_52917,0
NDGRD_52918,0
NDGRD_52919,0
NDGRD_52920,0
NDGRD_52921,0
NDGRD_52922,0
NDGRD_52923,0
NDGRD_52924,0
NDGRD_52925,0
NDGRD_52926,0
NDGRD_52927,0
NDGRD_52928,0
NDGRD_52929,0
NDGRD_52930,0
NDGRD_52931,0
NDGRD_52932,0
NDGRD_52933,0
NDGRD_52934,0
NDGRD_52935,0
NDGRD_52936,0
NDGRD_52937,0
NDGRD_52938,0
NDGRD_52939,0
NDGRD_52940,0
NDGRD_52941,0
NDGRD_52942,0
NDGRD_52943,0
NDGRD_52944,0
NDGRD_52945,0
NDGRD_52946,0
NDGRD_52947,0
NDGRD_52948,0
NDGRD_52949,0
NDGRD_52950,0
NDGRD_52951,0
NDGRD_52952,0
NDGRD_52953,0
NDGRD_52954,0
NDGRD_52955,0
NDGRD_52956,0
NDGRD_52957,0
NDGRD_52958,0
NDGRD_52959,0
NDGRD_52960,0
NDGRD_52961,0
NDGRD_52962,0
NDGRD_52963,0
NDGRD_52964,0
NDGRD_52965,0
NDGRD_52966,0
NDGRD_52967,0
NDGRD_52968,0
NDGRD_52969,0
NDGRD_52970,0
NDGRD_52971,0
NDGRD_52972,0
NDGRD_52973,0
NDGRD_52974,0
NDGRD_52975,0
NDGRD_52976,0
NDGRD_52977,0
NDGRD_52978,0
NDGRD_52979,0
NDGRD_52980,0
NDGRD_52981,0
NDGRD_52982,0
NDGRD_52983,0
NDGRD_52984,0
NDGRD_52985,0
NDGRD_52986,0
NDGRD_52987,0
NDGRD_52988,0
NDGRD_52989,0
NDGRD_52990,0
NDGRD_52991,0
NDGRD_52992,0
NDGRD_52993,0
NDGRD_52994,0
NDGRD_52995,0
NDGRD_52996,0
NDGRD_52997,0
NDGRD_52998,0
NDGRD_52999,0
NDGRD_53000,0
NDGRD_53001,0
NDGRD_53002,0
NDGRD_53003,0
NDGRD_53004,0
NDGRD_53005,0
NDGRD_53006,0
NDGRD_53007,0
NDGRD_53008,0
NDGRD_53009,0
NDGRD_53010,0
NDGRD_53011,0
NDGRD_53012,0
NDGRD_53013,0
NDGRD_53014,0
NDGRD_53015,0
NDGRD_53016,0
NDGRD_53017,0
NDGRD_53018,0
NDGRD_53019,0
NDGRD_53020,0
NDGRD_53021,0
NDGRD_53022,0
NDGRD_53023,0
NDGRD_53024,0
NDGRD_53025,0
NDGRD_53026,0
NDGRD_53027,0
NDGRD_53028,0
NDGRD_53029,0
NDGRD_53030,0
NDGRD_53031,0
NDGRD_53032,0
NDGRD_53033,0
NDGRD_53034,0
NDGRD_53035,0
NDGRD_53036,0
NDGRD_53037,0
NDGRD_53038,0
NDGRD_53039,0
NDGRD_53040,0
NDGRD_53041,0
NDGRD_53042,0
NDGRD_53043,0
NDGRD_53044,0
NDGRD_53045,0
NDGRD_53046,0
NDGRD_53047,0
NDGRD_53048,0
NDGRD_53049,0
NDGRD_53050,0
NDGRD_53051,0
NDGRD_53052,0
NDGRD_53053,0
NDGRD_53054,0
NDGRD_53055,0
NDGRD_53056,0
NDGRD_53057,0
NDGRD_53058,0
NDGRD_53059,0
NDGRD_53060,0
NDGRD_53061,0
NDGRD_53062,0
NDGRD_53063,0
NDGRD_53064,0
NDGRD_53065,0
NDGRD_53066,0
NDGRD_53067,0
NDGRD_53068,0
NDGRD_53069,0
NDGRD_53070,0
NDGRD_53071,0
NDGRD_53072,0
NDGRD_53073,0
NDGRD_53074,0
NDGRD_53075,0
NDGRD_53076,0
NDGRD_53077,0
NDGRD_53078,0
NDGRD_53079,0
NDGRD_53080,0
NDGRD_53081,0
NDGRD_53082,0
NDGRD_53083,0
NDGRD_53084,0
NDGRD_53085,0
NDGRD_53086,0
NDGRD_53087,0
NDGRD_53088,0
NDGRD_53089,0
NDGRD_53090,0
NDGRD_53091,0
NDGRD_53092,0
NDGRD_53093,0
NDGRD_53094,0
NDGRD_53095,0
NDGRD_53096,0
NDGRD_53097,0
NDGRD_53098,0
NDGRD_53099,0
NDGRD_53100,0
NDGRD_53101,0
NDGRD_53102,0
NDGRD_53103,0
NDGRD_53104,0
NDGRD_53105,0
NDGRD_53106,0
NDGRD_53107,0
NDGRD_53108,0
NDGRD_53109,0
NDGRD_53110,0
NDGRD_53111,0
NDGRD_53112,0
NDGRD_53113,0
NDGRD_53114,0
NDGRD_53115,0
NDGRD_53116,0
NDGRD_53117,0
NDGRD_53118,0
NDGRD_53119,0
NDGRD_53120,0
NDGRD_53121,0
NDGRD_53122,0
NDGRD_53123,0
NDGRD_53124,0
NDGRD_53125,0
NDGRD_53126,0
NDGRD_53127,0
NDGRD_53128,0
NDGRD_53129,0
NDGRD_53130,0
NDGRD_53131,0
NDGRD_53132,0
NDGRD_53133,0
NDGRD_53134,0
NDGRD_53135,0
NDGRD_53136,0
NDGRD_53137,0
NDGRD_53138,0
NDGRD_53139,0
NDGRD_53140,0
NDGRD_53141,0
NDGRD_53142,0
NDGRD_53143,0
NDGRD_53144,0
NDGRD_53145,0
NDGRD_53146,0
NDGRD_53147,0
NDGRD_53148,0
NDGRD_53149,0
NDGRD_53150,0
NDGRD_53151,0
NDGRD_53152,0
NDGRD_53153,0
NDGRD_53154,0
NDGRD_53155,0
NDGRD_53156,0
NDGRD_53157,0
NDGRD_53158,0
NDGRD_53159,0
NDGRD_53160,0
NDGRD_53161,0
NDGRD_53162,0
NDGRD_53163,0
NDGRD_53164,0
NDGRD_53165,0
NDGRD_53166,0
NDGRD_53167,0
NDGRD_53168,0
NDGRD_53169,0
NDGRD_53170,0
NDGRD_53171,0
NDGRD_53172,0
NDGRD_53173,0
NDGRD_53174,0
NDGRD_53175,0
NDGRD_53176,0
NDGRD_53177,0
NDGRD_53178,0
NDGRD_53179,0
NDGRD_53180,0
NDGRD_53181,0
NDGRD_53182,0
NDGRD_53183,0
NDGRD_53184,0
NDGRD_53185,0
NDGRD_53186,0
NDGRD_53187,0
NDGRD_53188,0
NDGRD_53189,0
NDGRD_53190,0
NDGRD_53191,0
NDGRD_53192,0
NDGRD_53193,0
NDGRD_53194,0
NDGRD_53195,0
NDGRD_53196,0
NDGRD_53197,0
NDGRD_53198,0
NDGRD_53199,0
NDGRD_53200,0
NDGRD_53201,0
NDGRD_53202,0
NDGRD_53203,0
NDGRD_53204,0
NDGRD_53205,0
NDGRD_53206,0
NDGRD_53207,0
NDGRD_53208,0
NDGRD_53209,0
NDGRD_53210,0
NDGRD_53211,0
NDGRD_53212,0
NDGRD_53213,0
NDGRD_53214,0
NDGRD_53215,0
NDGRD_53216,0
NDGRD_53217,0
NDGRD_53218,0
NDGRD_53219,0
NDGRD_53220,0
NDGRD_53221,0
NDGRD_53222,0
NDGRD_53223,0
NDGRD_53224,0
NDGRD_53225,0
NDGRD_53226,0
NDGRD_53227,0
NDGRD_53228,0
NDGRD_53229,0
NDGRD_53230,0
NDGRD_53231,0
NDGRD_53232,0
NDGRD_53233,0
NDGRD_53234,0
NDGRD_53235,0
NDGRD_53236,0
NDGRD_53237,0
NDGRD_53238,0
NDGRD_53239,0
NDGRD_53240,0
NDGRD_53241,0
NDGRD_53242,0
NDGRD_53243,0
NDGRD_53244,0
NDGRD_53245,0
NDGRD_53246,0
NDGRD_53247,0
NDGRD_53248,0
NDGRD_53249,0
NDGRD_53250,0
NDGRD_53251,0
NDGRD_53252,0
NDGRD_53253,0
NDGRD_53254,0
NDGRD_53255,0
NDGRD_53256,0
NDGRD_53257,0
NDGRD_53258,0
NDGRD_53259,0
NDGRD_53260,0
NDGRD_53261,0
NDGRD_53262,0
NDGRD_53263,0
NDGRD_53264,0
NDGRD_53265,0
NDGRD_53266,0
NDGRD_53267,0
NDGRD_53268,0
NDGRD_53269,0
NDGRD_53270,0
NDGRD_53271,0
NDGRD_53272,0
NDGRD_53273,0
NDGRD_53274,0
NDGRD_53275,0
NDGRD_53276,0
NDGRD_53277,0
NDGRD_53278,0
NDGRD_53279,0
NDGRD_53280,0
NDGRD_53281,0
NDGRD_53282,0
NDGRD_53283,0
NDGRD_53284,0
NDGRD_53285,0
NDGRD_53286,0
NDGRD_53287,0
NDGRD_53288,0
NDGRD_53289,0
NDGRD_53290,0
NDGRD_53291,0
NDGRD_53292,0
NDGRD_53293,0
NDGRD_53294,0
NDGRD_53295,0
NDGRD_53296,0
NDGRD_53297,0
NDGRD_53298,0
NDGRD_53299,0
NDGRD_53300,0
NDGRD_53301,0
NDGRD_53302,0
NDGRD_53303,0
NDGRD_53304,0
NDGRD_53305,0
NDGRD_53306,0
NDGRD_53307,0
NDGRD_53308,0
NDGRD_53309,0
NDGRD_53310,0
NDGRD_53311,0
NDGRD_53312,0
NDGRD_53313,0
NDGRD_53314,0
NDGRD_53315,0
NDGRD_53316,0
NDGRD_53317,0
NDGRD_53318,0
NDGRD_53319,0
NDGRD_53320,0
NDGRD_53321,0
NDGRD_53322,0
NDGRD_53323,0
NDGRD_53324,0
NDGRD_53325,0
NDGRD_53326,0
NDGRD_53327,0
NDGRD_53328,0
NDGRD_53329,0
NDGRD_53330,0
NDGRD_53331,0
NDGRD_53332,0
NDGRD_53333,0
NDGRD_53334,0
NDGRD_53335,0
NDGRD_53336,0
NDGRD_53337,0
NDGRD_53338,0
NDGRD_53339,0
NDGRD_53340,0
NDGRD_53341,0
NDGRD_53342,0
NDGRD_53343,0
NDGRD_53344,0
NDGRD_53345,0
NDGRD_53346,0
NDGRD_53347,0
NDGRD_53348,0
NDGRD_53349,0
NDGRD_53350,0
NDGRD_53351,0
NDGRD_53352,0
NDGRD_53353,0
NDGRD_53354,0
NDGRD_53355,0
NDGRD_53356,0
NDGRD_53357,0
NDGRD_53358,0
NDGRD_53359,0
NDGRD_53360,0
NDGRD_53361,0
NDGRD_53362,0
NDGRD_53363,0
NDGRD_53364,0
NDGRD_53365,0
NDGRD_53366,0
NDGRD_53367,0
NDGRD_53368,0
NDGRD_53369,0
NDGRD_53370,0
NDGRD_53371,0
NDGRD_53372,0
NDGRD_53373,0
NDGRD_53374,0
NDGRD_53375,0
NDGRD_53376,0
NDGRD_53377,0
NDGRD_53378,0
NDGRD_53379,0
NDGRD_53380,0
NDGRD_53381,0
NDGRD_53382,0
NDGRD_53383,0
NDGRD_53384,0
NDGRD_53385,0
NDGRD_53386,0
NDGRD_53387,0
NDGRD_53388,0
NDGRD_53389,0
NDGRD_53390,0
NDGRD_53391,0
NDGRD_53392,0
NDGRD_53393,0
NDGRD_53394,0
NDGRD_53395,0
NDGRD_53396,0
NDGRD_53397,0
NDGRD_53398,0
NDGRD_53399,0
NDGRD_53400,0
NDGRD_53401,0
NDGRD_53402,0
NDGRD_53403,0
NDGRD_53404,0
NDGRD_53405,0
NDGRD_53406,0
NDGRD_53407,0
NDGRD_53408,0
NDGRD_53409,0
NDGRD_53410,0
NDGRD_53411,0
NDGRD_53412,0
NDGRD_53413,0
NDGRD_53414,0
NDGRD_53415,0
NDGRD_53416,0
NDGRD_53417,0
NDGRD_53418,0
NDGRD_53419,0
NDGRD_53420,0
NDGRD_53421,0
NDGRD_53422,0
NDGRD_53423,0
NDGRD_53424,0
NDGRD_53425,0
NDGRD_53426,0
NDGRD_53427,0
NDGRD_53428,0
NDGRD_53429,0
NDGRD_53430,0
NDGRD_53431,0
NDGRD_53432,0
NDGRD_53433,0
NDGRD_53434,0
NDGRD_53435,0
NDGRD_53436,0
NDGRD_53437,0
NDGRD_53438,0
NDGRD_53439,0
NDGRD_53440,0
NDGRD_53441,0
NDGRD_53442,0
NDGRD_53443,0
NDGRD_53444,0
NDGRD_53445,0
NDGRD_53446,0
NDGRD_53447,0
NDGRD_53448,0
NDGRD_53449,0
NDGRD_53450,0
NDGRD_53451,0
NDGRD_53452,0
NDGRD_53453,0
NDGRD_53454,0
NDGRD_53455,0
NDGRD_53456,0
NDGRD_53457,0
NDGRD_53458,0
NDGRD_53459,0
NDGRD_53460,0
NDGRD_53461,0
NDGRD_53462,0
NDGRD_53463,0
NDGRD_53464,0
NDGRD_53465,0
NDGRD_53466,0
NDGRD_53467,0
NDGRD_53468,0
NDGRD_53469,0
NDGRD_53470,0
NDGRD_53471,0
NDGRD_53472,0
NDGRD_53473,0
NDGRD_53474,0
NDGRD_53475,0
NDGRD_53476,0
NDGRD_53477,0
NDGRD_53478,0
NDGRD_53479,0
NDGRD_53480,0
NDGRD_53481,0
NDGRD_53482,0
NDGRD_53483,0
NDGRD_53484,0
NDGRD_53485,0
NDGRD_53486,0
NDGRD_53487,0
NDGRD_53488,0
NDGRD_53489,0
NDGRD_53490,0
NDGRD_53491,0
NDGRD_53492,0
NDGRD_53493,0
NDGRD_53494,0
NDGRD_53495,0
NDGRD_53496,0
NDGRD_53497,0
NDGRD_53498,0
NDGRD_53499,0
NDGRD_53500,0
NDGRD_53501,0
NDGRD_53502,0
NDGRD_53503,0
NDGRD_53504,0
NDGRD_53505,0
NDGRD_53506,0
NDGRD_53507,0
NDGRD_53508,0
NDGRD_53509,0
NDGRD_53510,0
NDGRD_53511,0
NDGRD_53512,0
NDGRD_53513,0
NDGRD_53514,0
NDGRD_53515,0
NDGRD_53516,0
NDGRD_53517,0
NDGRD_53518,0
NDGRD_53519,0
NDGRD_53520,0
NDGRD_53521,0
NDGRD_53522,0
NDGRD_53523,0
NDGRD_53524,0
NDGRD_53525,0
NDGRD_53526,0
NDGRD_53527,0
NDGRD_53528,0
NDGRD_53529,0
NDGRD_53530,0
NDGRD_53531,0
NDGRD_53532,0
NDGRD_53533,0
NDGRD_53534,0
NDGRD_53535,0
NDGRD_53536,0
NDGRD_53537,0
NDGRD_53538,0
NDGRD_53539,0
NDGRD_53540,0
NDGRD_53541,0
NDGRD_53542,0
NDGRD_53543,0
NDGRD_53544,0
NDGRD_53545,0
NDGRD_53546,0
NDGRD_53547,0
NDGRD_53548,0
NDGRD_53549,0
NDGRD_53550,0
NDGRD_53551,0
NDGRD_53552,0
NDGRD_53553,0
NDGRD_53554,0
NDGRD_53555,0
NDGRD_53556,0
NDGRD_53557,0
NDGRD_53558,0
NDGRD_53559,0
NDGRD_53560,0
NDGRD_53561,0
NDGRD_53562,0
NDGRD_53563,0
NDGRD_53564,0
NDGRD_53565,0
NDGRD_53566,0
NDGRD_53567,0
NDGRD_53568,0
NDGRD_53569,0
NDGRD_53570,0
NDGRD_53571,0
NDGRD_53572,0
NDGRD_53573,0
NDGRD_53574,0
NDGRD_53575,0
NDGRD_53576,0
NDGRD_53577,0
NDGRD_53578,0
NDGRD_53579,0
NDGRD_53580,0
NDGRD_53581,0
NDGRD_53582,0
NDGRD_53583,0
NDGRD_53584,0
NDGRD_53585,0
NDGRD_53586,0
NDGRD_53587,0
NDGRD_53588,0
NDGRD_53589,0
NDGRD_53590,0
NDGRD_53591,0
NDGRD_53592,0
NDGRD_53593,0
NDGRD_53594,0
NDGRD_53595,0
NDGRD_53596,0
NDGRD_53597,0
NDGRD_53598,0
NDGRD_53599,0
NDGRD_53600,0
NDGRD_53601,0
NDGRD_53602,0
NDGRD_53603,0
NDGRD_53604,0
NDGRD_53605,0
NDGRD_53606,0
NDGRD_53607,0
NDGRD_53608,0
NDGRD_53609,0
NDGRD_53610,0
NDGRD_53611,0
NDGRD_53612,0
NDGRD_53613,0
NDGRD_53614,0
NDGRD_53615,0
NDGRD_53616,0
NDGRD_53617,0
NDGRD_53618,0
NDGRD_53619,0
NDGRD_53620,0
NDGRD_53621,0
NDGRD_53622,0
NDGRD_53623,0
NDGRD_53624,0
NDGRD_53625,0
NDGRD_53626,0
NDGRD_53627,0
NDGRD_53628,0
NDGRD_53629,0
NDGRD_53630,0
NDGRD_53631,0
NDGRD_53632,0
NDGRD_53633,0
NDGRD_53634,0
NDGRD_53635,0
NDGRD_53636,0
NDGRD_53637,0
NDGRD_53638,0
NDGRD_53639,0
NDGRD_53640,0
NDGRD_53641,0
NDGRD_53642,0
NDGRD_53643,0
NDGRD_53644,0
NDGRD_53645,0
NDGRD_53646,0
NDGRD_53647,0
NDGRD_53648,0
NDGRD_53649,0
NDGRD_53650,0
NDGRD_53651,0
NDGRD_53652,0
NDGRD_53653,0
NDGRD_53654,0
NDGRD_53655,0
NDGRD_53656,0
NDGRD_53657,0
NDGRD_53658,0
NDGRD_53659,0
NDGRD_53660,0
NDGRD_53661,0
NDGRD_53662,0
NDGRD_53663,0
NDGRD_53664,0
NDGRD_53665,0
NDGRD_53666,0
NDGRD_53667,0
NDGRD_53668,0
NDGRD_53669,0
NDGRD_53670,0
NDGRD_53671,0
NDGRD_53672,0
NDGRD_53673,0
NDGRD_53674,0
NDGRD_53675,0
NDGRD_53676,0
NDGRD_53677,0
NDGRD_53678,0
NDGRD_53679,0
NDGRD_53680,0
NDGRD_53681,0
NDGRD_53682,0
NDGRD_53683,0
NDGRD_53684,0
NDGRD_53685,0
NDGRD_53686,0
NDGRD_53687,0
NDGRD_53688,0
NDGRD_53689,0
NDGRD_53690,0
NDGRD_53691,0
NDGRD_53692,0
NDGRD_53693,0
NDGRD_53694,0
NDGRD_53695,0
NDGRD_53696,0
NDGRD_53697,0
NDGRD_53698,0
NDGRD_53699,0
NDGRD_53700,0
NDGRD_53701,0
NDGRD_53702,0
NDGRD_53703,0
NDGRD_53704,0
NDGRD_53705,0
NDGRD_53706,0
NDGRD_53707,0
NDGRD_53708,0
NDGRD_53709,0
NDGRD_53710,0
NDGRD_53711,0
NDGRD_53712,0
NDGRD_53713,0
NDGRD_53714,0
NDGRD_53715,0
NDGRD_53716,0
NDGRD_53717,0
NDGRD_53718,0
NDGRD_53719,0
NDGRD_53720,0
NDGRD_53721,0
NDGRD_53722,0
NDGRD_53723,0
NDGRD_53724,0
NDGRD_53725,0
NDGRD_53726,0
NDGRD_53727,0
NDGRD_53728,0
NDGRD_53729,0
NDGRD_53730,0
NDGRD_53731,0
NDGRD_53732,0
NDGRD_53733,0
NDGRD_53734,0
NDGRD_53735,0
NDGRD_53736,0
NDGRD_53737,0
NDGRD_53738,0
NDGRD_53739,0
NDGRD_53740,0
NDGRD_53741,0
NDGRD_53742,0
NDGRD_53743,0
NDGRD_53744,0
NDGRD_53745,0
NDGRD_53746,0
NDGRD_53747,0
NDGRD_53748,0
NDGRD_53749,0
NDGRD_53750,0
NDGRD_53751,0
NDGRD_53752,0
NDGRD_53753,0
NDGRD_53754,0
NDGRD_53755,0
NDGRD_53756,0
NDGRD_53757,0
NDGRD_53758,0
NDGRD_53759,0
NDGRD_53760,0
NDGRD_53761,0
NDGRD_53762,0
NDGRD_53763,0
NDGRD_53764,0
NDGRD_53765,0
NDGRD_53766,0
NDGRD_53767,0
NDGRD_53768,0
NDGRD_53769,0
NDGRD_53770,0
NDGRD_53771,0
NDGRD_53772,0
NDGRD_53773,0
NDGRD_53774,0
NDGRD_53775,0
NDGRD_53776,0
NDGRD_53777,0
NDGRD_53778,0
NDGRD_53779,0
NDGRD_53780,0
NDGRD_53781,0
NDGRD_53782,0
NDGRD_53783,0
NDGRD_53784,0
NDGRD_53785,0
NDGRD_53786,0
NDGRD_53787,0
NDGRD_53788,0
NDGRD_53789,0
NDGRD_53790,0
NDGRD_53791,0
NDGRD_53792,0
NDGRD_53793,0
NDGRD_53794,0
NDGRD_53795,0
NDGRD_53796,0
NDGRD_53797,0
NDGRD_53798,0
NDGRD_53799,0
NDGRD_53800,0
NDGRD_53801,0
NDGRD_53802,0
NDGRD_53803,0
NDGRD_53804,0
NDGRD_53805,0
NDGRD_53806,0
NDGRD_53807,0
NDGRD_53808,0
NDGRD_53809,0
NDGRD_53810,0
NDGRD_53811,0
NDGRD_53812,0
NDGRD_53813,0
NDGRD_53814,0
NDGRD_53815,0
NDGRD_53816,0
NDGRD_53817,0
NDGRD_53818,0
NDGRD_53819,0
NDGRD_53820,0
NDGRD_53821,0
NDGRD_53822,0
NDGRD_53823,0
NDGRD_53824,0
NDGRD_53825,0
NDGRD_53826,0
NDGRD_53827,0
NDGRD_53828,0
NDGRD_53829,0
NDGRD_53830,0
NDGRD_53831,0
NDGRD_53832,0
NDGRD_53833,0
NDGRD_53834,0
NDGRD_53835,0
NDGRD_53836,0
NDGRD_53837,0
NDGRD_53838,0
NDGRD_53839,0
NDGRD_53840,0
NDGRD_53841,0
NDGRD_53842,0
NDGRD_53843,0
NDGRD_53844,0
NDGRD_53845,0
NDGRD_53846,0
NDGRD_53847,0
NDGRD_53848,0
NDGRD_53849,0
NDGRD_53850,0
NDGRD_53851,0
NDGRD_53852,0
NDGRD_53853,0
NDGRD_53854,0
NDGRD_53855,0
NDGRD_53856,0
NDGRD_53857,0
NDGRD_53858,0
NDGRD_53859,0
NDGRD_53860,0
NDGRD_53861,0
NDGRD_53862,0
NDGRD_53863,0
NDGRD_53864,0
NDGRD_53865,0
NDGRD_53866,0
NDGRD_53867,0
NDGRD_53868,0
NDGRD_53869,0
NDGRD_53870,0
NDGRD_53871,0
NDGRD_53872,0
NDGRD_53873,0
NDGRD_53874,0
NDGRD_53875,0
NDGRD_53876,0
NDGRD_53877,0
NDGRD_53878,0
NDGRD_53879,0
NDGRD_53880,0
NDGRD_53881,0
NDGRD_53882,0
NDGRD_53883,0
NDGRD_53884,0
NDGRD_53885,0
NDGRD_53886,0
NDGRD_53887,0
NDGRD_53888,0
NDGRD_53889,0
NDGRD_53890,0
NDGRD_53891,0
NDGRD_53892,0
NDGRD_53893,0
NDGRD_53894,0
NDGRD_53895,0
NDGRD_53896,0
NDGRD_53897,0
NDGRD_53898,0
NDGRD_53899,0
NDGRD_53900,0
NDGRD_53901,0
NDGRD_53902,0
NDGRD_53903,0
NDGRD_53904,0
NDGRD_53905,0
NDGRD_53906,0
NDGRD_53907,0
NDGRD_53908,0
NDGRD_53909,0
NDGRD_53910,0
NDGRD_53911,0
NDGRD_53912,0
NDGRD_53913,0
NDGRD_53914,0
NDGRD_53915,0
NDGRD_53916,0
NDGRD_53917,0
NDGRD_53918,0
NDGRD_53919,0
NDGRD_53920,0
NDGRD_53921,0
NDGRD_53922,0
NDGRD_53923,0
NDGRD_53924,0
NDGRD_53925,0
NDGRD_53926,0
NDGRD_53927,0
NDGRD_53928,0
NDGRD_53929,0
NDGRD_53930,0
NDGRD_53931,0
NDGRD_53932,0
NDGRD_53933,0
NDGRD_53934,0
NDGRD_53935,0
NDGRD_53936,0
NDGRD_53937,0
NDGRD_53938,0
NDGRD_53939,0
NDGRD_53940,0
NDGRD_53941,0
NDGRD_53942,0
NDGRD_53943,0
NDGRD_53944,0
NDGRD_53945,0
NDGRD_53946,0
NDGRD_53947,0
NDGRD_53948,0
NDGRD_53949,0
NDGRD_53950,0
NDGRD_53951,0
NDGRD_53952,0
NDGRD_53953,0
NDGRD_53954,0
NDGRD_53955,0
NDGRD_53956,0
NDGRD_53957,0
NDGRD_53958,0
NDGRD_53959,0
NDGRD_53960,0
NDGRD_53961,0
NDGRD_53962,0
NDGRD_53963,0
NDGRD_53964,0
NDGRD_53965,0
NDGRD_53966,0
NDGRD_53967,0
NDGRD_53968,0
NDGRD_53969,0
NDGRD_53970,0
NDGRD_53971,0
NDGRD_53972,0
NDGRD_53973,0
NDGRD_53974,0
NDGRD_53975,0
NDGRD_53976,0
NDGRD_53977,0
NDGRD_53978,0
NDGRD_53979,0
NDGRD_53980,0
NDGRD_53981,0
NDGRD_53982,0
NDGRD_53983,0
NDGRD_53984,0
NDGRD_53985,0
NDGRD_53986,0
NDGRD_53987,0
NDGRD_53988,0
NDGRD_53989,0
NDGRD_53990,0
NDGRD_53991,0
NDGRD_53992,0
NDGRD_53993,0
NDGRD_53994,0
NDGRD_53995,0
NDGRD_53996,0
NDGRD_53997,0
NDGRD_53998,0
NDGRD_53999,0
NDGRD_54000,0
NDGRD_54001,0
NDGRD_54002,0
NDGRD_54003,0
NDGRD_54004,0
NDGRD_54005,0
NDGRD_54006,0
NDGRD_54007,0
NDGRD_54008,0
NDGRD_54009,0
NDGRD_54010,0
NDGRD_54011,0
NDGRD_54012,0
NDGRD_54013,0
NDGRD_54014,0
NDGRD_54015,0
NDGRD_54016,0
NDGRD_54017,0
NDGRD_54018,0
NDGRD_54019,0
NDGRD_54020,0
NDGRD_54021,0
NDGRD_54022,0
NDGRD_54023,0
NDGRD_54024,0
NDGRD_54025,0
NDGRD_54026,0
NDGRD_54027,0
NDGRD_54028,0
NDGRD_54029,0
NDGRD_54030,0
NDGRD_54031,0
NDGRD_54032,0
NDGRD_54033,0
NDGRD_54034,0
NDGRD_54035,0
NDGRD_54036,0
NDGRD_54037,0
NDGRD_54038,0
NDGRD_54039,0
NDGRD_54040,0
NDGRD_54041,0
NDGRD_54042,0
NDGRD_54043,0
NDGRD_54044,0
NDGRD_54045,0
NDGRD_54046,0
NDGRD_54047,0
NDGRD_54048,0
NDGRD_54049,0
NDGRD_54050,0
NDGRD_54051,0
NDGRD_54052,0
NDGRD_54053,0
NDGRD_54054,0
NDGRD_54055,0
NDGRD_54056,0
NDGRD_54057,0
NDGRD_54058,0
NDGRD_54059,0
NDGRD_54060,0
NDGRD_54061,0
NDGRD_54062,0
NDGRD_54063,0
NDGRD_54064,0
NDGRD_54065,0
NDGRD_54066,0
NDGRD_54067,0
NDGRD_54068,0
NDGRD_54069,0
NDGRD_54070,0
NDGRD_54071,0
NDGRD_54072,0
NDGRD_54073,0
NDGRD_54074,0
NDGRD_54075,0
NDGRD_54076,0
NDGRD_54077,0
NDGRD_54078,0
NDGRD_54079,0
NDGRD_54080,0
NDGRD_54081,0
NDGRD_54082,0
NDGRD_54083,0
NDGRD_54084,0
NDGRD_54085,0
NDGRD_54086,0
NDGRD_54087,0
NDGRD_54088,0
NDGRD_54089,0
NDGRD_54090,0
NDGRD_54091,0
NDGRD_54092,0
NDGRD_54093,0
NDGRD_54094,0
NDGRD_54095,0
NDGRD_54096,0
NDGRD_54097,0
NDGRD_54098,0
NDGRD_54099,0
NDGRD_54100,0
NDGRD_54101,0
NDGRD_54102,0
NDGRD_54103,0
NDGRD_54104,0
NDGRD_54105,0
NDGRD_54106,0
NDGRD_54107,0
NDGRD_54108,0
NDGRD_54109,0
NDGRD_54110,0
NDGRD_54111,0
NDGRD_54112,0
NDGRD_54113,0
NDGRD_54114,0
NDGRD_54115,0
NDGRD_54116,0
NDGRD_54117,0
NDGRD_54118,0
NDGRD_54119,0
NDGRD_54120,0
NDGRD_54121,0
NDGRD_54122,0
NDGRD_54123,0
NDGRD_54124,0
NDGRD_54125,0
NDGRD_54126,0
NDGRD_54127,0
NDGRD_54128,0
NDGRD_54129,0
NDGRD_54130,0
NDGRD_54131,0
NDGRD_54132,0
NDGRD_54133,0
NDGRD_54134,0
NDGRD_54135,0
NDGRD_54136,0
NDGRD_54137,0
NDGRD_54138,0
NDGRD_54139,0
NDGRD_54140,0
NDGRD_54141,0
NDGRD_54142,0
NDGRD_54143,0
NDGRD_54144,0
NDGRD_54145,0
NDGRD_54146,0
NDGRD_54147,0
NDGRD_54148,0
NDGRD_54149,0
NDGRD_54150,0
NDGRD_54151,0
NDGRD_54152,0
NDGRD_54153,0
NDGRD_54154,0
NDGRD_54155,0
NDGRD_54156,0
NDGRD_54157,0
NDGRD_54158,0
NDGRD_54159,0
NDGRD_54160,0
NDGRD_54161,0
NDGRD_54162,0
NDGRD_54163,0
NDGRD_54164,0
NDGRD_54165,0
NDGRD_54166,0
NDGRD_54167,0
NDGRD_54168,0
NDGRD_54169,0
NDGRD_54170,0
NDGRD_54171,0
NDGRD_54172,0
NDGRD_54173,0
NDGRD_54174,0
NDGRD_54175,0
NDGRD_54176,0
NDGRD_54177,0
NDGRD_54178,0
NDGRD_54179,0
NDGRD_54180,0
NDGRD_54181,0
NDGRD_54182,0
NDGRD_54183,0
NDGRD_54184,0
NDGRD_54185,0
NDGRD_54186,0
NDGRD_54187,0
NDGRD_54188,0
NDGRD_54189,0
NDGRD_54190,0
NDGRD_54191,0
NDGRD_54192,0
NDGRD_54193,0
NDGRD_54194,0
NDGRD_54195,0
NDGRD_54196,0
NDGRD_54197,0
NDGRD_54198,0
NDGRD_54199,0
NDGRD_54200,0
NDGRD_54201,0
NDGRD_54202,0
NDGRD_54203,0
NDGRD_54204,0
NDGRD_54205,0
NDGRD_54206,0
NDGRD_54207,0
NDGRD_54208,0
NDGRD_54209,0
NDGRD_54210,0
NDGRD_54211,0
NDGRD_54212,0
NDGRD_54213,0
NDGRD_54214,0
NDGRD_54215,0
NDGRD_54216,0
NDGRD_54217,0
NDGRD_54218,0
NDGRD_54219,0
NDGRD_54220,0
NDGRD_54221,0
NDGRD_54222,0
NDGRD_54223,0
NDGRD_54224,0
NDGRD_54225,0
NDGRD_54226,0
NDGRD_54227,0
NDGRD_54228,0
NDGRD_54229,0
NDGRD_54230,0
NDGRD_54231,0
NDGRD_54232,0
NDGRD_54233,0
NDGRD_54234,0
NDGRD_54235,0
NDGRD_54236,0
NDGRD_54237,0
NDGRD_54238,0
NDGRD_54239,0
NDGRD_54240,0
NDGRD_54241,0
NDGRD_54242,0
NDGRD_54243,0
NDGRD_54244,0
NDGRD_54245,0
NDGRD_54246,0
NDGRD_54247,0
NDGRD_54248,0
NDGRD_54249,0
NDGRD_54250,0
NDGRD_54251,0
NDGRD_54252,0
NDGRD_54253,0
NDGRD_54254,0
NDGRD_54255,0
NDGRD_54256,0
NDGRD_54257,0
NDGRD_54258,0
NDGRD_54259,0
NDGRD_54260,0
NDGRD_54261,0
NDGRD_54262,0
NDGRD_54263,0
NDGRD_54264,0
NDGRD_54265,0
NDGRD_54266,0
NDGRD_54267,0
NDGRD_54268,0
NDGRD_54269,0
NDGRD_54270,0
NDGRD_54271,0
NDGRD_54272,0
NDGRD_54273,0
NDGRD_54274,0
NDGRD_54275,0
NDGRD_54276,0
NDGRD_54277,0
NDGRD_54278,0
NDGRD_54279,0
NDGRD_54280,0
NDGRD_54281,0
NDGRD_54282,0
NDGRD_54283,0
NDGRD_54284,0
NDGRD_54285,0
NDGRD_54286,0
NDGRD_54287,0
NDGRD_54288,0
NDGRD_54289,0
NDGRD_54290,0
NDGRD_54291,0
NDGRD_54292,0
NDGRD_54293,0
NDGRD_54294,0
NDGRD_54295,0
NDGRD_54296,0
NDGRD_54297,0
NDGRD_54298,0
NDGRD_54299,0
NDGRD_54300,0
NDGRD_54301,0
NDGRD_54302,0
NDGRD_54303,0
NDGRD_54304,0
NDGRD_54305,0
NDGRD_54306,0
NDGRD_54307,0
NDGRD_54308,0
NDGRD_54309,0
NDGRD_54310,0
NDGRD_54311,0
NDGRD_54312,0
NDGRD_54313,0
NDGRD_54314,0
NDGRD_54315,0
NDGRD_54316,0
NDGRD_54317,0
NDGRD_54318,0
NDGRD_54319,0
NDGRD_54320,0
NDGRD_54321,0
NDGRD_54322,0
NDGRD_54323,0
NDGRD_54324,0
NDGRD_54325,0
NDGRD_54326,0
NDGRD_54327,0
NDGRD_54328,0
NDGRD_54329,0
NDGRD_54330,0
NDGRD_54331,0
NDGRD_54332,0
NDGRD_54333,0
NDGRD_54334,0
NDGRD_54335,0
NDGRD_54336,0
NDGRD_54337,0
NDGRD_54338,0
NDGRD_54339,0
NDGRD_54340,0
NDGRD_54341,0
NDGRD_54342,0
NDGRD_54343,0
NDGRD_54344,0
NDGRD_54345,0
NDGRD_54346,0
NDGRD_54347,0
NDGRD_54348,0
NDGRD_54349,0
NDGRD_54350,0
NDGRD_54351,0
NDGRD_54352,0
NDGRD_54353,0
NDGRD_54354,0
NDGRD_54355,0
NDGRD_54356,0
NDGRD_54357,0
NDGRD_54358,0
NDGRD_54359,0
NDGRD_54360,0
NDGRD_54361,0
NDGRD_54362,0
NDGRD_54363,0
NDGRD_54364,0
NDGRD_54365,0
NDGRD_54366,0
NDGRD_54367,0
NDGRD_54368,0
NDGRD_54369,0
NDGRD_54370,0
NDGRD_54371,0
NDGRD_54372,0
NDGRD_54373,0
NDGRD_54374,0
NDGRD_54375,0
NDGRD_54376,0
NDGRD_54377,0
NDGRD_54378,0
NDGRD_54379,0
NDGRD_54380,0
NDGRD_54381,0
NDGRD_54382,0
NDGRD_54383,0
NDGRD_54384,0
NDGRD_54385,0
NDGRD_54386,0
NDGRD_54387,0
NDGRD_54388,0
NDGRD_54389,0
NDGRD_54390,0
NDGRD_54391,0
NDGRD_54392,0
NDGRD_54393,0
NDGRD_54394,0
NDGRD_54395,0
NDGRD_54396,0
NDGRD_54397,0
NDGRD_54398,0
NDGRD_54399,0
NDGRD_54400,0
NDGRD_54401,0
NDGRD_54402,0
NDGRD_54403,0
NDGRD_54404,0
NDGRD_54405,0
NDGRD_54406,0
NDGRD_54407,0
NDGRD_54408,0
NDGRD_54409,0
NDGRD_54410,0
NDGRD_54411,0
NDGRD_54412,0
NDGRD_54413,0
NDGRD_54414,0
NDGRD_54415,0
NDGRD_54416,0
NDGRD_54417,0
NDGRD_54418,0
NDGRD_54419,0
NDGRD_54420,0
NDGRD_54421,0
NDGRD_54422,0
NDGRD_54423,0
NDGRD_54424,0
NDGRD_54425,0
NDGRD_54426,0
NDGRD_54427,0
NDGRD_54428,0
NDGRD_54429,0
NDGRD_54430,0
NDGRD_54431,0
NDGRD_54432,0
NDGRD_54433,0
NDGRD_54434,0
NDGRD_54435,0
NDGRD_54436,0
NDGRD_54437,0
NDGRD_54438,0
NDGRD_54439,0
NDGRD_54440,0
NDGRD_54441,0
NDGRD_54442,0
NDGRD_54443,0
NDGRD_54444,0
NDGRD_54445,0
NDGRD_54446,0
NDGRD_54447,0
NDGRD_54448,0
NDGRD_54449,0
NDGRD_54450,0
NDGRD_54451,0
NDGRD_54452,0
NDGRD_54453,0
NDGRD_54454,0
NDGRD_54455,0
NDGRD_54456,0
NDGRD_54457,0
NDGRD_54458,0
NDGRD_54459,0
NDGRD_54460,0
NDGRD_54461,0
NDGRD_54462,0
NDGRD_54463,0
NDGRD_54464,0
NDGRD_54465,0
NDGRD_54466,0
NDGRD_54467,0
NDGRD_54468,0
NDGRD_54469,0
NDGRD_54470,0
NDGRD_54471,0
NDGRD_54472,0
NDGRD_54473,0
NDGRD_54474,0
NDGRD_54475,0
NDGRD_54476,0
NDGRD_54477,0
NDGRD_54478,0
NDGRD_54479,0
NDGRD_54480,0
NDGRD_54481,0
NDGRD_54482,0
NDGRD_54483,0
NDGRD_54484,0
NDGRD_54485,0
NDGRD_54486,0
NDGRD_54487,0
NDGRD_54488,0
NDGRD_54489,0
NDGRD_54490,0
NDGRD_54491,0
NDGRD_54492,0
NDGRD_54493,0
NDGRD_54494,0
NDGRD_54495,0
NDGRD_54496,0
NDGRD_54497,0
NDGRD_54498,0
NDGRD_54499,0
NDGRD_54500,0
NDGRD_54501,0
NDGRD_54502,0
NDGRD_54503,0
NDGRD_54504,0
NDGRD_54505,0
NDGRD_54506,0
NDGRD_54507,0
NDGRD_54508,0
NDGRD_54509,0
NDGRD_54510,0
NDGRD_54511,0
NDGRD_54512,0
NDGRD_54513,0
NDGRD_54514,0
NDGRD_54515,0
NDGRD_54516,0
NDGRD_54517,0
NDGRD_54518,0
NDGRD_54519,0
NDGRD_54520,0
NDGRD_54521,0
NDGRD_54522,0
NDGRD_54523,0
NDGRD_54524,0
NDGRD_54525,0
NDGRD_54526,0
NDGRD_54527,0
NDGRD_54528,0
NDGRD_54529,0
NDGRD_54530,0
NDGRD_54531,0
NDGRD_54532,0
NDGRD_54533,0
NDGRD_54534,0
NDGRD_54535,0
NDGRD_54536,0
NDGRD_54537,0
NDGRD_54538,0
NDGRD_54539,0
NDGRD_54540,0
NDGRD_54541,0
NDGRD_54542,0
NDGRD_54543,0
NDGRD_54544,0
NDGRD_54545,0
NDGRD_54546,0
NDGRD_54547,0
NDGRD_54548,0
NDGRD_54549,0
NDGRD_54550,0
NDGRD_54551,0
NDGRD_54552,0
NDGRD_54553,0
NDGRD_54554,0
NDGRD_54555,0
NDGRD_54556,0
NDGRD_54557,0
NDGRD_54558,0
NDGRD_54559,0
NDGRD_54560,0
NDGRD_54561,0
NDGRD_54562,0
NDGRD_54563,0
NDGRD_54564,0
NDGRD_54565,0
NDGRD_54566,0
NDGRD_54567,0
NDGRD_54568,0
NDGRD_54569,0
NDGRD_54570,0
NDGRD_54571,0
NDGRD_54572,0
NDGRD_54573,0
NDGRD_54574,0
NDGRD_54575,0
NDGRD_54576,0
NDGRD_54577,0
NDGRD_54578,0
NDGRD_54579,0
NDGRD_54580,0
NDGRD_54581,0
NDGRD_54582,0
NDGRD_54583,0
NDGRD_54584,0
NDGRD_54585,0
NDGRD_54586,0
NDGRD_54587,0
NDGRD_54588,0
NDGRD_54589,0
NDGRD_54590,0
NDGRD_54591,0
NDGRD_54592,0
NDGRD_54593,0
NDGRD_54594,0
NDGRD_54595,0
NDGRD_54596,0
NDGRD_54597,0
NDGRD_54598,0
NDGRD_54599,0
NDGRD_54600,0
NDGRD_54601,0
NDGRD_54602,0
NDGRD_54603,0
NDGRD_54604,0
NDGRD_54605,0
NDGRD_54606,0
NDGRD_54607,0
NDGRD_54608,0
NDGRD_54609,0
NDGRD_54610,0
NDGRD_54611,0
NDGRD_54612,0
NDGRD_54613,0
NDGRD_54614,0
NDGRD_54615,0
NDGRD_54616,0
NDGRD_54617,0
NDGRD_54618,0
NDGRD_54619,0
NDGRD_54620,0
NDGRD_54621,0
NDGRD_54622,0
NDGRD_54623,0
NDGRD_54624,0
NDGRD_54625,0
NDGRD_54626,0
NDGRD_54627,0
NDGRD_54628,0
NDGRD_54629,0
NDGRD_54630,0
NDGRD_54631,0
NDGRD_54632,0
NDGRD_54633,0
NDGRD_54634,0
NDGRD_54635,0
NDGRD_54636,0
NDGRD_54637,0
NDGRD_54638,0
NDGRD_54639,0
NDGRD_54640,0
NDGRD_54641,0
NDGRD_54642,0
NDGRD_54643,0
NDGRD_54644,0
NDGRD_54645,0
NDGRD_54646,0
NDGRD_54647,0
NDGRD_54648,0
NDGRD_54649,0
NDGRD_54650,0
NDGRD_54651,0
NDGRD_54652,0
NDGRD_54653,0
NDGRD_54654,0
NDGRD_54655,0
NDGRD_54656,0
NDGRD_54657,0
NDGRD_54658,0
NDGRD_54659,0
NDGRD_54660,0
NDGRD_54661,0
NDGRD_54662,0
NDGRD_54663,0
NDGRD_54664,0
NDGRD_54665,0
NDGRD_54666,0
NDGRD_54667,0
NDGRD_54668,0
NDGRD_54669,0
NDGRD_54670,0
NDGRD_54671,0
NDGRD_54672,0
NDGRD_54673,0
NDGRD_54674,0
NDGRD_54675,0
NDGRD_54676,0
NDGRD_54677,0
NDGRD_54678,0
NDGRD_54679,0
NDGRD_54680,0
NDGRD_54681,0
NDGRD_54682,0
NDGRD_54683,0
NDGRD_54684,0
NDGRD_54685,0
NDGRD_54686,0
NDGRD_54687,0
NDGRD_54688,0
NDGRD_54689,0
NDGRD_54690,0
NDGRD_54691,0
NDGRD_54692,0
NDGRD_54693,0
NDGRD_54694,0
NDGRD_54695,0
NDGRD_54696,0
NDGRD_54697,0
NDGRD_54698,0
NDGRD_54699,0
NDGRD_54700,0
NDGRD_54701,0
NDGRD_54702,0
NDGRD_54703,0
NDGRD_54704,0
NDGRD_54705,0
NDGRD_54706,0
NDGRD_54707,0
NDGRD_54708,0
NDGRD_54709,0
NDGRD_54710,0
NDGRD_54711,0
NDGRD_54712,0
NDGRD_54713,0
NDGRD_54714,0
NDGRD_54715,0
NDGRD_54716,0
NDGRD_54717,0
NDGRD_54718,0
NDGRD_54719,0
NDGRD_54720,0
NDGRD_54721,0
NDGRD_54722,0
NDGRD_54723,0
NDGRD_54724,0
NDGRD_54725,0
NDGRD_54726,0
NDGRD_54727,0
NDGRD_54728,0
NDGRD_54729,0
NDGRD_54730,0
NDGRD_54731,0
NDGRD_54732,0
NDGRD_54733,0
NDGRD_54734,0
NDGRD_54735,0
NDGRD_54736,0
NDGRD_54737,0
NDGRD_54738,0
NDGRD_54739,0
NDGRD_54740,0
NDGRD_54741,0
NDGRD_54742,0
NDGRD_54743,0
NDGRD_54744,0
NDGRD_54745,0
NDGRD_54746,0
NDGRD_54747,0
NDGRD_54748,0
NDGRD_54749,0
NDGRD_54750,0
NDGRD_54751,0
NDGRD_54752,0
NDGRD_54753,0
NDGRD_54754,0
NDGRD_54755,0
NDGRD_54756,0
NDGRD_54757,0
NDGRD_54758,0
NDGRD_54759,0
NDGRD_54760,0
NDGRD_54761,0
NDGRD_54762,0
NDGRD_54763,0
NDGRD_54764,0
NDGRD_54765,0
NDGRD_54766,0
NDGRD_54767,0
NDGRD_54768,0
NDGRD_54769,0
NDGRD_54770,0
NDGRD_54771,0
NDGRD_54772,0
NDGRD_54773,0
NDGRD_54774,0
NDGRD_54775,0
NDGRD_54776,0
NDGRD_54777,0
NDGRD_54778,0
NDGRD_54779,0
NDGRD_54780,0
NDGRD_54781,0
NDGRD_54782,0
NDGRD_54783,0
NDGRD_54784,0
NDGRD_54785,0
NDGRD_54786,0
NDGRD_54787,0
NDGRD_54788,0
NDGRD_54789,0
NDGRD_54790,0
NDGRD_54791,0
NDGRD_54792,0
NDGRD_54793,0
NDGRD_54794,0
NDGRD_54795,0
NDGRD_54796,0
NDGRD_54797,0
NDGRD_54798,0
NDGRD_54799,0
NDGRD_54800,0
NDGRD_54801,0
NDGRD_54802,0
NDGRD_54803,0
NDGRD_54804,0
NDGRD_54805,0
NDGRD_54806,0
NDGRD_54807,0
NDGRD_54808,0
NDGRD_54809,0
NDGRD_54810,0
NDGRD_54811,0
NDGRD_54812,0
NDGRD_54813,0
NDGRD_54814,0
NDGRD_54815,0
NDGRD_54816,0
NDGRD_54817,0
NDGRD_54818,0
NDGRD_54819,0
NDGRD_54820,0
NDGRD_54821,0
NDGRD_54822,0
NDGRD_54823,0
NDGRD_54824,0
NDGRD_54825,0
NDGRD_54826,0
NDGRD_54827,0
NDGRD_54828,0
NDGRD_54829,0
NDGRD_54830,0
NDGRD_54831,0
NDGRD_54832,0
NDGRD_54833,0
NDGRD_54834,0
NDGRD_54835,0
NDGRD_54836,0
NDGRD_54837,0
NDGRD_54838,0
NDGRD_54839,0
NDGRD_54840,0
NDGRD_54841,0
NDGRD_54842,0
NDGRD_54843,0
NDGRD_54844,0
NDGRD_54845,0
NDGRD_54846,0
NDGRD_54847,0
NDGRD_54848,0
NDGRD_54849,0
NDGRD_54850,0
NDGRD_54851,0
NDGRD_54852,0
NDGRD_54853,0
NDGRD_54854,0
NDGRD_54855,0
NDGRD_54856,0
NDGRD_54857,0
NDGRD_54858,0
NDGRD_54859,0
NDGRD_54860,0
NDGRD_54861,0
NDGRD_54862,0
NDGRD_54863,0
NDGRD_54864,0
NDGRD_54865,0
NDGRD_54866,0
NDGRD_54867,0
NDGRD_54868,0
NDGRD_54869,0
NDGRD_54870,0
NDGRD_54871,0
NDGRD_54872,0
NDGRD_54873,0
NDGRD_54874,0
NDGRD_54875,0
NDGRD_54876,0
NDGRD_54877,0
NDGRD_54878,0
NDGRD_54879,0
NDGRD_54880,0
NDGRD_54881,0
NDGRD_54882,0
NDGRD_54883,0
NDGRD_54884,0
NDGRD_54885,0
NDGRD_54886,0
NDGRD_54887,0
NDGRD_54888,0
NDGRD_54889,0
NDGRD_54890,0
NDGRD_54891,0
NDGRD_54892,0
NDGRD_54893,0
NDGRD_54894,0
NDGRD_54895,0
NDGRD_54896,0
NDGRD_54897,0
NDGRD_54898,0
NDGRD_54899,0
NDGRD_54900,0
NDGRD_54901,0
NDGRD_54902,0
NDGRD_54903,0
NDGRD_54904,0
NDGRD_54905,0
NDGRD_54906,0
NDGRD_54907,0
NDGRD_54908,0
NDGRD_54909,0
NDGRD_54910,0
NDGRD_54911,0
NDGRD_54912,0
NDGRD_54913,0
NDGRD_54914,0
NDGRD_54915,0
NDGRD_54916,0
NDGRD_54917,0
NDGRD_54918,0
NDGRD_54919,0
NDGRD_54920,0
NDGRD_54921,0
NDGRD_54922,0
NDGRD_54923,0
NDGRD_54924,0
NDGRD_54925,0
NDGRD_54926,0
NDGRD_54927,0
NDGRD_54928,0
NDGRD_54929,0
NDGRD_54930,0
NDGRD_54931,0
NDGRD_54932,0
NDGRD_54933,0
NDGRD_54934,0
NDGRD_54935,0
NDGRD_54936,0
NDGRD_54937,0
NDGRD_54938,0
NDGRD_54939,0
NDGRD_54940,0
NDGRD_54941,0
NDGRD_54942,0
NDGRD_54943,0
NDGRD_54944,0
NDGRD_54945,0
NDGRD_54946,0
NDGRD_54947,0
NDGRD_54948,0
NDGRD_54949,0
NDGRD_54950,0
NDGRD_54951,0
NDGRD_54952,0
NDGRD_54953,0
NDGRD_54954,0
NDGRD_54955,0
NDGRD_54956,0
NDGRD_54957,0
NDGRD_54958,0
NDGRD_54959,0
NDGRD_54960,0
NDGRD_54961,0
NDGRD_54962,0
NDGRD_54963,0
NDGRD_54964,0
NDGRD_54965,0
NDGRD_54966,0
NDGRD_54967,0
NDGRD_54968,0
NDGRD_54969,0
NDGRD_54970,0
NDGRD_54971,0
NDGRD_54972,0
NDGRD_54973,0
NDGRD_54974,0
NDGRD_54975,0
NDGRD_54976,0
NDGRD_54977,0
NDGRD_54978,0
NDGRD_54979,0
NDGRD_54980,0
NDGRD_54981,0
NDGRD_54982,0
NDGRD_54983,0
NDGRD_54984,0
NDGRD_54985,0
NDGRD_54986,0
NDGRD_54987,0
NDGRD_54988,0
NDGRD_54989,0
NDGRD_54990,0
NDGRD_54991,0
NDGRD_54992,0
NDGRD_54993,0
NDGRD_54994,0
NDGRD_54995,0
NDGRD_54996,0
NDGRD_54997,0
NDGRD_54998,0
NDGRD_54999,0
NDGRD_55000,0
NDGRD_55001,0
NDGRD_55002,0
NDGRD_55003,0
NDGRD_55004,0
NDGRD_55005,0
NDGRD_55006,0
NDGRD_55007,0
NDGRD_55008,0
NDGRD_55009,0
NDGRD_55010,0
NDGRD_55011,0
NDGRD_55012,0
NDGRD_55013,0
NDGRD_55014,0
NDGRD_55015,0
NDGRD_55016,0
NDGRD_55017,0
NDGRD_55018,0
NDGRD_55019,0
NDGRD_55020,0
NDGRD_55021,0
NDGRD_55022,0
NDGRD_55023,0
NDGRD_55024,0
NDGRD_55025,0
NDGRD_55026,0
NDGRD_55027,0
NDGRD_55028,0
NDGRD_55029,0
NDGRD_55030,0
NDGRD_55031,0
NDGRD_55032,0
NDGRD_55033,0
NDGRD_55034,0
NDGRD_55035,0
NDGRD_55036,0
NDGRD_55037,0
NDGRD_55038,0
NDGRD_55039,0
NDGRD_55040,0
NDGRD_55041,0
NDGRD_55042,0
NDGRD_55043,0
NDGRD_55044,0
NDGRD_55045,0
NDGRD_55046,0
NDGRD_55047,0
NDGRD_55048,0
NDGRD_55049,0
NDGRD_55050,0
NDGRD_55051,0
NDGRD_55052,0
NDGRD_55053,0
NDGRD_55054,0
NDGRD_55055,0
NDGRD_55056,0
NDGRD_55057,0
NDGRD_55058,0
NDGRD_55059,0
NDGRD_55060,0
NDGRD_55061,0
NDGRD_55062,0
NDGRD_55063,0
NDGRD_55064,0
NDGRD_55065,0
NDGRD_55066,0
NDGRD_55067,0
NDGRD_55068,0
NDGRD_55069,0
NDGRD_55070,0
NDGRD_55071,0
NDGRD_55072,0
NDGRD_55073,0
NDGRD_55074,0
NDGRD_55075,0
NDGRD_55076,0
NDGRD_55077,0
NDGRD_55078,0
NDGRD_55079,0
NDGRD_55080,0
NDGRD_55081,0
NDGRD_55082,0
NDGRD_55083,0
NDGRD_55084,0
NDGRD_55085,0
NDGRD_55086,0
NDGRD_55087,0
NDGRD_55088,0
NDGRD_55089,0
NDGRD_55090,0
NDGRD_55091,0
NDGRD_55092,0
NDGRD_55093,0
NDGRD_55094,0
NDGRD_55095,0
NDGRD_55096,0
NDGRD_55097,0
NDGRD_55098,0
NDGRD_55099,0
NDGRD_55100,0
NDGRD_55101,0
NDGRD_55102,0
NDGRD_55103,0
NDGRD_55104,0
NDGRD_55105,0
NDGRD_55106,0
NDGRD_55107,0
NDGRD_55108,0
NDGRD_55109,0
NDGRD_55110,0
NDGRD_55111,0
NDGRD_55112,0
NDGRD_55113,0
NDGRD_55114,0
NDGRD_55115,0
NDGRD_55116,0
NDGRD_55117,0
NDGRD_55118,0
NDGRD_55119,0
NDGRD_55120,0
NDGRD_55121,0
NDGRD_55122,0
NDGRD_55123,0
NDGRD_55124,0
NDGRD_55125,0
NDGRD_55126,0
NDGRD_55127,0
NDGRD_55128,0
NDGRD_55129,0
NDGRD_55130,0
NDGRD_55131,0
NDGRD_55132,0
NDGRD_55133,0
NDGRD_55134,0
NDGRD_55135,0
NDGRD_55136,0
NDGRD_55137,0
NDGRD_55138,0
NDGRD_55139,0
NDGRD_55140,0
NDGRD_55141,0
NDGRD_55142,0
NDGRD_55143,0
NDGRD_55144,0
NDGRD_55145,0
NDGRD_55146,0
NDGRD_55147,0
NDGRD_55148,0
NDGRD_55149,0
NDGRD_55150,0
NDGRD_55151,0
NDGRD_55152,0
NDGRD_55153,0
NDGRD_55154,0
NDGRD_55155,0
NDGRD_55156,0
NDGRD_55157,0
NDGRD_55158,0
NDGRD_55159,0
NDGRD_55160,0
NDGRD_55161,0
NDGRD_55162,0
NDGRD_55163,0
NDGRD_55164,0
NDGRD_55165,0
NDGRD_55166,0
NDGRD_55167,0
NDGRD_55168,0
NDGRD_55169,0
NDGRD_55170,0
NDGRD_55171,0
NDGRD_55172,0
NDGRD_55173,0
NDGRD_55174,0
NDGRD_55175,0
NDGRD_55176,0
NDGRD_55177,0
NDGRD_55178,0
NDGRD_55179,0
NDGRD_55180,0
NDGRD_55181,0
NDGRD_55182,0
NDGRD_55183,0
NDGRD_55184,0
NDGRD_55185,0
NDGRD_55186,0
NDGRD_55187,0
NDGRD_55188,0
NDGRD_55189,0
NDGRD_55190,0
NDGRD_55191,0
NDGRD_55192,0
NDGRD_55193,0
NDGRD_55194,0
NDGRD_55195,0
NDGRD_55196,0
NDGRD_55197,0
NDGRD_55198,0
NDGRD_55199,0
NDGRD_55200,0
NDGRD_55201,0
NDGRD_55202,0
NDGRD_55203,0
NDGRD_55204,0
NDGRD_55205,0
NDGRD_55206,0
NDGRD_55207,0
NDGRD_55208,0
NDGRD_55209,0
NDGRD_55210,0
NDGRD_55211,0
NDGRD_55212,0
NDGRD_55213,0
NDGRD_55214,0
NDGRD_55215,0
NDGRD_55216,0
NDGRD_55217,0
NDGRD_55218,0
NDGRD_55219,0
NDGRD_55220,0
NDGRD_55221,0
NDGRD_55222,0
NDGRD_55223,0
NDGRD_55224,0
NDGRD_55225,0
NDGRD_55226,0
NDGRD_55227,0
NDGRD_55228,0
NDGRD_55229,0
NDGRD_55230,0
NDGRD_55231,0
NDGRD_55232,0
NDGRD_55233,0
NDGRD_55234,0
NDGRD_55235,0
NDGRD_55236,0
NDGRD_55237,0
NDGRD_55238,0
NDGRD_55239,0
NDGRD_55240,0
NDGRD_55241,0
NDGRD_55242,0
NDGRD_55243,0
NDGRD_55244,0
NDGRD_55245,0
NDGRD_55246,0
NDGRD_55247,0
NDGRD_55248,0
NDGRD_55249,0
NDGRD_55250,0
NDGRD_55251,0
NDGRD_55252,0
NDGRD_55253,0
NDGRD_55254,0
NDGRD_55255,0
NDGRD_55256,0
NDGRD_55257,0
NDGRD_55258,0
NDGRD_55259,0
NDGRD_55260,0
NDGRD_55261,0
NDGRD_55262,0
NDGRD_55263,0
NDGRD_55264,0
NDGRD_55265,0
NDGRD_55266,0
NDGRD_55267,0
NDGRD_55268,0
NDGRD_55269,0
NDGRD_55270,0
NDGRD_55271,0
NDGRD_55272,0
NDGRD_55273,0
NDGRD_55274,0
NDGRD_55275,0
NDGRD_55276,0
NDGRD_55277,0
NDGRD_55278,0
NDGRD_55279,0
NDGRD_55280,0
NDGRD_55281,0
NDGRD_55282,0
NDGRD_55283,0
NDGRD_55284,0
NDGRD_55285,0
NDGRD_55286,0
NDGRD_55287,0
NDGRD_55288,0
NDGRD_55289,0
NDGRD_55290,0
NDGRD_55291,0
NDGRD_55292,0
NDGRD_55293,0
NDGRD_55294,0
NDGRD_55295,0
NDGRD_55296,0
NDGRD_55297,0
NDGRD_55298,0
NDGRD_55299,0
NDGRD_55300,0
NDGRD_55301,0
NDGRD_55302,0
NDGRD_55303,0
NDGRD_55304,0
NDGRD_55305,0
NDGRD_55306,0
NDGRD_55307,0
NDGRD_55308,0
NDGRD_55309,0
NDGRD_55310,0
NDGRD_55311,0
NDGRD_55312,0
NDGRD_55313,0
NDGRD_55314,0
NDGRD_55315,0
NDGRD_55316,0
NDGRD_55317,0
NDGRD_55318,0
NDGRD_55319,0
NDGRD_55320,0
NDGRD_55321,0
NDGRD_55322,0
NDGRD_55323,0
NDGRD_55324,0
NDGRD_55325,0
NDGRD_55326,0
NDGRD_55327,0
NDGRD_55328,0
NDGRD_55329,0
NDGRD_55330,0
NDGRD_55331,0
NDGRD_55332,0
NDGRD_55333,0
NDGRD_55334,0
NDGRD_55335,0
NDGRD_55336,0
NDGRD_55337,0
NDGRD_55338,0
NDGRD_55339,0
NDGRD_55340,0
NDGRD_55341,0
NDGRD_55342,0
NDGRD_55343,0
NDGRD_55344,0
NDGRD_55345,0
NDGRD_55346,0
NDGRD_55347,0
NDGRD_55348,0
NDGRD_55349,0
NDGRD_55350,0
NDGRD_55351,0
NDGRD_55352,0
NDGRD_55353,0
NDGRD_55354,0
NDGRD_55355,0
NDGRD_55356,0
NDGRD_55357,0
NDGRD_55358,0
NDGRD_55359,0
NDGRD_55360,0
NDGRD_55361,0
NDGRD_55362,0
NDGRD_55363,0
NDGRD_55364,0
NDGRD_55365,0
NDGRD_55366,0
NDGRD_55367,0
NDGRD_55368,0
NDGRD_55369,0
NDGRD_55370,0
NDGRD_55371,0
NDGRD_55372,0
NDGRD_55373,0
NDGRD_55374,0
NDGRD_55375,0
NDGRD_55376,0
NDGRD_55377,0
NDGRD_55378,0
NDGRD_55379,0
NDGRD_55380,0
NDGRD_55381,0
NDGRD_55382,0
NDGRD_55383,0
NDGRD_55384,0
NDGRD_55385,0
NDGRD_55386,0
NDGRD_55387,0
NDGRD_55388,0
NDGRD_55389,0
NDGRD_55390,0
NDGRD_55391,0
NDGRD_55392,0
NDGRD_55393,0
NDGRD_55394,0
NDGRD_55395,0
NDGRD_55396,0
NDGRD_55397,0
NDGRD_55398,0
NDGRD_55399,0
NDGRD_55400,0
NDGRD_55401,0
NDGRD_55402,0
NDGRD_55403,0
NDGRD_55404,0
NDGRD_55405,0
NDGRD_55406,0
NDGRD_55407,0
NDGRD_55408,0
NDGRD_55409,0
NDGRD_55410,0
NDGRD_55411,0
NDGRD_55412,0
NDGRD_55413,0
NDGRD_55414,0
NDGRD_55415,0
NDGRD_55416,0
NDGRD_55417,0
NDGRD_55418,0
NDGRD_55419,0
NDGRD_55420,0
NDGRD_55421,0
NDGRD_55422,0
NDGRD_55423,0
NDGRD_55424,0
NDGRD_55425,0
NDGRD_55426,0
NDGRD_55427,0
NDGRD_55428,0
NDGRD_55429,0
NDGRD_55430,0
NDGRD_55431,0
NDGRD_55432,0
NDGRD_55433,0
NDGRD_55434,0
NDGRD_55435,0
NDGRD_55436,0
NDGRD_55437,0
NDGRD_55438,0
NDGRD_55439,0
NDGRD_55440,0
NDGRD_55441,0
NDGRD_55442,0
NDGRD_55443,0
NDGRD_55444,0
NDGRD_55445,0
NDGRD_55446,0
NDGRD_55447,0
NDGRD_55448,0
NDGRD_55449,0
NDGRD_55450,0
NDGRD_55451,0
NDGRD_55452,0
NDGRD_55453,0
NDGRD_55454,0
NDGRD_55455,0
NDGRD_55456,0
NDGRD_55457,0
NDGRD_55458,0
NDGRD_55459,0
NDGRD_55460,0
NDGRD_55461,0
NDGRD_55462,0
NDGRD_55463,0
NDGRD_55464,0
NDGRD_55465,0
NDGRD_55466,0
NDGRD_55467,0
NDGRD_55468,0
NDGRD_55469,0
NDGRD_55470,0
NDGRD_55471,0
NDGRD_55472,0
NDGRD_55473,0
NDGRD_55474,0
NDGRD_55475,0
NDGRD_55476,0
NDGRD_55477,0
NDGRD_55478,0
NDGRD_55479,0
NDGRD_55480,0
NDGRD_55481,0
NDGRD_55482,0
NDGRD_55483,0
NDGRD_55484,0
NDGRD_55485,0
NDGRD_55486,0
NDGRD_55487,0
NDGRD_55488,0
NDGRD_55489,0
NDGRD_55490,0
NDGRD_55491,0
NDGRD_55492,0
NDGRD_55493,0
NDGRD_55494,0
NDGRD_55495,0
NDGRD_55496,0
NDGRD_55497,0
NDGRD_55498,0
NDGRD_55499,0
NDGRD_55500,0
NDGRD_55501,0
NDGRD_55502,0
NDGRD_55503,0
NDGRD_55504,0
NDGRD_55505,0
NDGRD_55506,0
NDGRD_55507,0
NDGRD_55508,0
NDGRD_55509,0
NDGRD_55510,0
NDGRD_55511,0
NDGRD_55512,0
NDGRD_55513,0
NDGRD_55514,0
NDGRD_55515,0
NDGRD_55516,0
NDGRD_55517,0
NDGRD_55518,0
NDGRD_55519,0
NDGRD_55520,0
NDGRD_55521,0
NDGRD_55522,0
NDGRD_55523,0
NDGRD_55524,0
NDGRD_55525,0
NDGRD_55526,0
NDGRD_55527,0
NDGRD_55528,0
NDGRD_55529,0
NDGRD_55530,0
NDGRD_55531,0
NDGRD_55532,0
NDGRD_55533,0
NDGRD_55534,0
NDGRD_55535,0
NDGRD_55536,0
NDGRD_55537,0
NDGRD_55538,0
NDGRD_55539,0
NDGRD_55540,0
NDGRD_55541,0
NDGRD_55542,0
NDGRD_55543,0
NDGRD_55544,0
NDGRD_55545,0
NDGRD_55546,0
NDGRD_55547,0
NDGRD_55548,0
NDGRD_55549,0
NDGRD_55550,0
NDGRD_55551,0
NDGRD_55552,0
NDGRD_55553,0
NDGRD_55554,0
NDGRD_55555,0
NDGRD_55556,0
NDGRD_55557,0
NDGRD_55558,0
NDGRD_55559,0
NDGRD_55560,0
NDGRD_55561,0
NDGRD_55562,0
NDGRD_55563,0
NDGRD_55564,0
NDGRD_55565,0
NDGRD_55566,0
NDGRD_55567,0
NDGRD_55568,0
NDGRD_55569,0
NDGRD_55570,0
NDGRD_55571,0
NDGRD_55572,0
NDGRD_55573,0
NDGRD_55574,0
NDGRD_55575,0
NDGRD_55576,0
NDGRD_55577,0
NDGRD_55578,0
NDGRD_55579,0
NDGRD_55580,0
NDGRD_55581,0
NDGRD_55582,0
NDGRD_55583,0
NDGRD_55584,0
NDGRD_55585,0
NDGRD_55586,0
NDGRD_55587,0
NDGRD_55588,0
NDGRD_55589,0
NDGRD_55590,0
NDGRD_55591,0
NDGRD_55592,0
NDGRD_55593,0
NDGRD_55594,0
NDGRD_55595,0
NDGRD_55596,0
NDGRD_55597,0
NDGRD_55598,0
NDGRD_55599,0
NDGRD_55600,0
NDGRD_55601,0
NDGRD_55602,0
NDGRD_55603,0
NDGRD_55604,0
NDGRD_55605,0
NDGRD_55606,0
NDGRD_55607,0
NDGRD_55608,0
NDGRD_55609,0
NDGRD_55610,0
NDGRD_55611,0
NDGRD_55612,0
NDGRD_55613,0
NDGRD_55614,0
NDGRD_55615,0
NDGRD_55616,0
NDGRD_55617,0
NDGRD_55618,0
NDGRD_55619,0
NDGRD_55620,0
NDGRD_55621,0
NDGRD_55622,0
NDGRD_55623,0
NDGRD_55624,0
NDGRD_55625,0
NDGRD_55626,0
NDGRD_55627,0
NDGRD_55628,0
NDGRD_55629,0
NDGRD_55630,0
NDGRD_55631,0
NDGRD_55632,0
NDGRD_55633,0
NDGRD_55634,0
NDGRD_55635,0
NDGRD_55636,0
NDGRD_55637,0
NDGRD_55638,0
NDGRD_55639,0
NDGRD_55640,0
NDGRD_55641,0
NDGRD_55642,0
NDGRD_55643,0
NDGRD_55644,0
NDGRD_55645,0
NDGRD_55646,0
NDGRD_55647,0
NDGRD_55648,0
NDGRD_55649,0
NDGRD_55650,0
NDGRD_55651,0
NDGRD_55652,0
NDGRD_55653,0
NDGRD_55654,0
NDGRD_55655,0
NDGRD_55656,0
NDGRD_55657,0
NDGRD_55658,0
NDGRD_55659,0
NDGRD_55660,0
NDGRD_55661,0
NDGRD_55662,0
NDGRD_55663,0
NDGRD_55664,0
NDGRD_55665,0
NDGRD_55666,0
NDGRD_55667,0
NDGRD_55668,0
NDGRD_55669,0
NDGRD_55670,0
NDGRD_55671,0
NDGRD_55672,0
NDGRD_55673,0
NDGRD_55674,0
NDGRD_55675,0
NDGRD_55676,0
NDGRD_55677,0
NDGRD_55678,0
NDGRD_55679,0
NDGRD_55680,0
NDGRD_55681,0
NDGRD_55682,0
NDGRD_55683,0
NDGRD_55684,0
NDGRD_55685,0
NDGRD_55686,0
NDGRD_55687,0
NDGRD_55688,0
NDGRD_55689,0
NDGRD_55690,0
NDGRD_55691,0
NDGRD_55692,0
NDGRD_55693,0
NDGRD_55694,0
NDGRD_55695,0
NDGRD_55696,0
NDGRD_55697,0
NDGRD_55698,0
NDGRD_55699,0
NDGRD_55700,0
NDGRD_55701,0
NDGRD_55702,0
NDGRD_55703,0
NDGRD_55704,0
NDGRD_55705,0
NDGRD_55706,0
NDGRD_55707,0
NDGRD_55708,0
NDGRD_55709,0
NDGRD_55710,0
NDGRD_55711,0
NDGRD_55712,0
NDGRD_55713,0
NDGRD_55714,0
NDGRD_55715,0
NDGRD_55716,0
NDGRD_55717,0
NDGRD_55718,0
NDGRD_55719,0
NDGRD_55720,0
NDGRD_55721,0
NDGRD_55722,0
NDGRD_55723,0
NDGRD_55724,0
NDGRD_55725,0
NDGRD_55726,0
NDGRD_55727,0
NDGRD_55728,0
NDGRD_55729,0
NDGRD_55730,0
NDGRD_55731,0
NDGRD_55732,0
NDGRD_55733,0
NDGRD_55734,0
NDGRD_55735,0
NDGRD_55736,0
NDGRD_55737,0
NDGRD_55738,0
NDGRD_55739,0
NDGRD_55740,0
NDGRD_55741,0
NDGRD_55742,0
NDGRD_55743,0
NDGRD_55744,0
NDGRD_55745,0
NDGRD_55746,0
NDGRD_55747,0
NDGRD_55748,0
NDGRD_55749,0
NDGRD_55750,0
NDGRD_55751,0
NDGRD_55752,0
NDGRD_55753,0
NDGRD_55754,0
NDGRD_55755,0
NDGRD_55756,0
NDGRD_55757,0
NDGRD_55758,0
NDGRD_55759,0
NDGRD_55760,0
NDGRD_55761,0
NDGRD_55762,0
NDGRD_55763,0
NDGRD_55764,0
NDGRD_55765,0
NDGRD_55766,0
NDGRD_55767,0
NDGRD_55768,0
NDGRD_55769,0
NDGRD_55770,0
NDGRD_55771,0
NDGRD_55772,0
NDGRD_55773,0
NDGRD_55774,0
NDGRD_55775,0
NDGRD_55776,0
NDGRD_55777,0
NDGRD_55778,0
NDGRD_55779,0
NDGRD_55780,0
NDGRD_55781,0
NDGRD_55782,0
NDGRD_55783,0
NDGRD_55784,0
NDGRD_55785,0
NDGRD_55786,0
NDGRD_55787,0
NDGRD_55788,0
NDGRD_55789,0
NDGRD_55790,0
NDGRD_55791,0
NDGRD_55792,0
NDGRD_55793,0
NDGRD_55794,0
NDGRD_55795,0
NDGRD_55796,0
NDGRD_55797,0
NDGRD_55798,0
NDGRD_55799,0
NDGRD_55800,0
NDGRD_55801,0
NDGRD_55802,0
NDGRD_55803,0
NDGRD_55804,0
NDGRD_55805,0
NDGRD_55806,0
NDGRD_55807,0
NDGRD_55808,0
NDGRD_55809,0
NDGRD_55810,0
NDGRD_55811,0
NDGRD_55812,0
NDGRD_55813,0
NDGRD_55814,0
NDGRD_55815,0
NDGRD_55816,0
NDGRD_55817,0
NDGRD_55818,0
NDGRD_55819,0
NDGRD_55820,0
NDGRD_55821,0
NDGRD_55822,0
NDGRD_55823,0
NDGRD_55824,0
NDGRD_55825,0
NDGRD_55826,0
NDGRD_55827,0
NDGRD_55828,0
NDGRD_55829,0
NDGRD_55830,0
NDGRD_55831,0
NDGRD_55832,0
NDGRD_55833,0
NDGRD_55834,0
NDGRD_55835,0
NDGRD_55836,0
NDGRD_55837,0
NDGRD_55838,0
NDGRD_55839,0
NDGRD_55840,0
NDGRD_55841,0
NDGRD_55842,0
NDGRD_55843,0
NDGRD_55844,0
NDGRD_55845,0
NDGRD_55846,0
NDGRD_55847,0
NDGRD_55848,0
NDGRD_55849,0
NDGRD_55850,0
NDGRD_55851,0
NDGRD_55852,0
NDGRD_55853,0
NDGRD_55854,0
NDGRD_55855,0
NDGRD_55856,0
NDGRD_55857,0
NDGRD_55858,0
NDGRD_55859,0
NDGRD_55860,0
NDGRD_55861,0
NDGRD_55862,0
NDGRD_55863,0
NDGRD_55864,0
NDGRD_55865,0
NDGRD_55866,0
NDGRD_55867,0
NDGRD_55868,0
NDGRD_55869,0
NDGRD_55870,0
NDGRD_55871,0
NDGRD_55872,0
NDGRD_55873,0
NDGRD_55874,0
NDGRD_55875,0
NDGRD_55876,0
NDGRD_55877,0
NDGRD_55878,0
NDGRD_55879,0
NDGRD_55880,0
NDGRD_55881,0
NDGRD_55882,0
NDGRD_55883,0
NDGRD_55884,0
NDGRD_55885,0
NDGRD_55886,0
NDGRD_55887,0
NDGRD_55888,0
NDGRD_55889,0
NDGRD_55890,0
NDGRD_55891,0
NDGRD_55892,0
NDGRD_55893,0
NDGRD_55894,0
NDGRD_55895,0
NDGRD_55896,0
NDGRD_55897,0
NDGRD_55898,0
NDGRD_55899,0
NDGRD_55900,0
NDGRD_55901,0
NDGRD_55902,0
NDGRD_55903,0
NDGRD_55904,0
NDGRD_55905,0
NDGRD_55906,0
NDGRD_55907,0
NDGRD_55908,0
NDGRD_55909,0
NDGRD_55910,0
NDGRD_55911,0
NDGRD_55912,0
NDGRD_55913,0
NDGRD_55914,0
NDGRD_55915,0
NDGRD_55916,0
NDGRD_55917,0
NDGRD_55918,0
NDGRD_55919,0
NDGRD_55920,0
NDGRD_55921,0
NDGRD_55922,0
NDGRD_55923,0
NDGRD_55924,0
NDGRD_55925,0
NDGRD_55926,0
NDGRD_55927,0
NDGRD_55928,0
NDGRD_55929,0
NDGRD_55930,0
NDGRD_55931,0
NDGRD_55932,0
NDGRD_55933,0
NDGRD_55934,0
NDGRD_55935,0
NDGRD_55936,0
NDGRD_55937,0
NDGRD_55938,0
NDGRD_55939,0
NDGRD_55940,0
NDGRD_55941,0
NDGRD_55942,0
NDGRD_55943,0
NDGRD_55944,0
NDGRD_55945,0
NDGRD_55946,0
NDGRD_55947,0
NDGRD_55948,0
NDGRD_55949,0
NDGRD_55950,0
NDGRD_55951,0
NDGRD_55952,0
NDGRD_55953,0
NDGRD_55954,0
NDGRD_55955,0
NDGRD_55956,0
NDGRD_55957,0
NDGRD_55958,0
NDGRD_55959,0
NDGRD_55960,0
NDGRD_55961,0
NDGRD_55962,0
NDGRD_55963,0
NDGRD_55964,0
NDGRD_55965,0
NDGRD_55966,0
NDGRD_55967,0
NDGRD_55968,0
NDGRD_55969,0
NDGRD_55970,0
NDGRD_55971,0
NDGRD_55972,0
NDGRD_55973,0
NDGRD_55974,0
NDGRD_55975,0
NDGRD_55976,0
NDGRD_55977,0
NDGRD_55978,0
NDGRD_55979,0
NDGRD_55980,0
NDGRD_55981,0
NDGRD_55982,0
NDGRD_55983,0
NDGRD_55984,0
NDGRD_55985,0
NDGRD_55986,0
NDGRD_55987,0
NDGRD_55988,0
NDGRD_55989,0
NDGRD_55990,0
NDGRD_55991,0
NDGRD_55992,0
NDGRD_55993,0
NDGRD_55994,0
NDGRD_55995,0
NDGRD_55996,0
NDGRD_55997,0
NDGRD_55998,0
NDGRD_55999,0
NDGRD_56000,0
NDGRD_56001,0
NDGRD_56002,0
NDGRD_56003,0
NDGRD_56004,0
NDGRD_56005,0
NDGRD_56006,0
NDGRD_56007,0
NDGRD_56008,0
NDGRD_56009,0
NDGRD_56010,0
NDGRD_56011,0
NDGRD_56012,0
NDGRD_56013,0
NDGRD_56014,0
NDGRD_56015,0
NDGRD_56016,0
NDGRD_56017,0
NDGRD_56018,0
NDGRD_56019,0
NDGRD_56020,0
NDGRD_56021,0
NDGRD_56022,0
NDGRD_56023,0
NDGRD_56024,0
NDGRD_56025,0
NDGRD_56026,0
NDGRD_56027,0
NDGRD_56028,0
NDGRD_56029,0
NDGRD_56030,0
NDGRD_56031,0
NDGRD_56032,0
NDGRD_56033,0
NDGRD_56034,0
NDGRD_56035,0
NDGRD_56036,0
NDGRD_56037,0
NDGRD_56038,0
NDGRD_56039,0
NDGRD_56040,0
NDGRD_56041,0
NDGRD_56042,0
NDGRD_56043,0
NDGRD_56044,0
NDGRD_56045,0
NDGRD_56046,0
NDGRD_56047,0
NDGRD_56048,0
NDGRD_56049,0
NDGRD_56050,0
NDGRD_56051,0
NDGRD_56052,0
NDGRD_56053,0
NDGRD_56054,0
NDGRD_56055,0
NDGRD_56056,0
NDGRD_56057,0
NDGRD_56058,0
NDGRD_56059,0
NDGRD_56060,0
NDGRD_56061,0
NDGRD_56062,0
NDGRD_56063,0
NDGRD_56064,0
NDGRD_56065,0
NDGRD_56066,0
NDGRD_56067,0
NDGRD_56068,0
NDGRD_56069,0
NDGRD_56070,0
NDGRD_56071,0
NDGRD_56072,0
NDGRD_56073,0
NDGRD_56074,0
NDGRD_56075,0
NDGRD_56076,0
NDGRD_56077,0
NDGRD_56078,0
NDGRD_56079,0
NDGRD_56080,0
NDGRD_56081,0
NDGRD_56082,0
NDGRD_56083,0
NDGRD_56084,0
NDGRD_56085,0
NDGRD_56086,0
NDGRD_56087,0
NDGRD_56088,0
NDGRD_56089,0
NDGRD_56090,0
NDGRD_56091,0
NDGRD_56092,0
NDGRD_56093,0
NDGRD_56094,0
NDGRD_56095,0
NDGRD_56096,0
NDGRD_56097,0
NDGRD_56098,0
NDGRD_56099,0
NDGRD_56100,0
NDGRD_56101,0
NDGRD_56102,0
NDGRD_56103,0
NDGRD_56104,0
NDGRD_56105,0
NDGRD_56106,0
NDGRD_56107,0
NDGRD_56108,0
NDGRD_56109,0
NDGRD_56110,0
NDGRD_56111,0
NDGRD_56112,0
NDGRD_56113,0
NDGRD_56114,0
NDGRD_56115,0
NDGRD_56116,0
NDGRD_56117,0
NDGRD_56118,0
NDGRD_56119,0
NDGRD_56120,0
NDGRD_56121,0
NDGRD_56122,0
NDGRD_56123,0
NDGRD_56124,0
NDGRD_56125,0
NDGRD_56126,0
NDGRD_56127,0
NDGRD_56128,0
NDGRD_56129,0
NDGRD_56130,0
NDGRD_56131,0
NDGRD_56132,0
NDGRD_56133,0
NDGRD_56134,0
NDGRD_56135,0
NDGRD_56136,0
NDGRD_56137,0
NDGRD_56138,0
NDGRD_56139,0
NDGRD_56140,0
NDGRD_56141,0
NDGRD_56142,0
NDGRD_56143,0
NDGRD_56144,0
NDGRD_56145,0
NDGRD_56146,0
NDGRD_56147,0
NDGRD_56148,0
NDGRD_56149,0
NDGRD_56150,0
NDGRD_56151,0
NDGRD_56152,0
NDGRD_56153,0
NDGRD_56154,0
NDGRD_56155,0
NDGRD_56156,0
NDGRD_56157,0
NDGRD_56158,0
NDGRD_56159,0
NDGRD_56160,0
NDGRD_56161,0
NDGRD_56162,0
NDGRD_56163,0
NDGRD_56164,0
NDGRD_56165,0
NDGRD_56166,0
NDGRD_56167,0
NDGRD_56168,0
NDGRD_56169,0
NDGRD_56170,0
NDGRD_56171,0
NDGRD_56172,0
NDGRD_56173,0
NDGRD_56174,0
NDGRD_56175,0
NDGRD_56176,0
NDGRD_56177,0
NDGRD_56178,0
NDGRD_56179,0
NDGRD_56180,0
NDGRD_56181,0
NDGRD_56182,0
NDGRD_56183,0
NDGRD_56184,0
NDGRD_56185,0
NDGRD_56186,0
NDGRD_56187,0
NDGRD_56188,0
NDGRD_56189,0
NDGRD_56190,0
NDGRD_56191,0
NDGRD_56192,0
NDGRD_56193,0
NDGRD_56194,0
NDGRD_56195,0
NDGRD_56196,0
NDGRD_56197,0
NDGRD_56198,0
NDGRD_56199,0
NDGRD_56200,0
NDGRD_56201,0
NDGRD_56202,0
NDGRD_56203,0
NDGRD_56204,0
NDGRD_56205,0
NDGRD_56206,0
NDGRD_56207,0
NDGRD_56208,0
NDGRD_56209,0
NDGRD_56210,0
NDGRD_56211,0
NDGRD_56212,0
NDGRD_56213,0
NDGRD_56214,0
NDGRD_56215,0
NDGRD_56216,0
NDGRD_56217,0
NDGRD_56218,0
NDGRD_56219,0
NDGRD_56220,0
NDGRD_56221,0
NDGRD_56222,0
NDGRD_56223,0
NDGRD_56224,0
NDGRD_56225,0
NDGRD_56226,0
NDGRD_56227,0
NDGRD_56228,0
NDGRD_56229,0
NDGRD_56230,0
NDGRD_56231,0
NDGRD_56232,0
NDGRD_56233,0
NDGRD_56234,0
NDGRD_56235,0
NDGRD_56236,0
NDGRD_56237,0
NDGRD_56238,0
NDGRD_56239,0
NDGRD_56240,0
NDGRD_56241,0
NDGRD_56242,0
NDGRD_56243,0
NDGRD_56244,0
NDGRD_56245,0
NDGRD_56246,0
NDGRD_56247,0
NDGRD_56248,0
NDGRD_56249,0
NDGRD_56250,0
NDGRD_56251,0
NDGRD_56252,0
NDGRD_56253,0
NDGRD_56254,0
NDGRD_56255,0
NDGRD_56256,0
NDGRD_56257,0
NDGRD_56258,0
NDGRD_56259,0
NDGRD_56260,0
NDGRD_56261,0
NDGRD_56262,0
NDGRD_56263,0
NDGRD_56264,0
NDGRD_56265,0
NDGRD_56266,0
NDGRD_56267,0
NDGRD_56268,0
NDGRD_56269,0
NDGRD_56270,0
NDGRD_56271,0
NDGRD_56272,0
NDGRD_56273,0
NDGRD_56274,0
NDGRD_56275,0
NDGRD_56276,0
NDGRD_56277,0
NDGRD_56278,0
NDGRD_56279,0
NDGRD_56280,0
NDGRD_56281,0
NDGRD_56282,0
NDGRD_56283,0
NDGRD_56284,0
NDGRD_56285,0
NDGRD_56286,0
NDGRD_56287,0
